bedrijf,domein,domein_bron,functie,is_cs,datum,plaats,aantal_vacatures,al_in_pool,vacature_url,zoekterm
123inkt.nl,123inkt.nl,geraden en bevestigd,Klantenservice Medewerker,ja,2026-09-16,Veenendaal,11,nee,https://nl.linkedin.com/jobs/view/klantenservice-medewerker-at-123inkt-nl-4459198463,klantenservice medewerker
123schoon.nl,123schoon.nl,geraden en bevestigd,Klantenservice Medewerker,ja,2026-09-22,Almere,2,nee,https://nl.linkedin.com/jobs/view/klantenservice-medewerker-at-123schoon-nl-4470437712,e-commerce medewerker
3Shape,3shape.com,geraden en bevestigd,Customer Success Manager BeNeLux,ja,2026-09-22,Amsterdam,2,nee,https://nl.linkedin.com/jobs/view/customer-success-manager-benelux-at-3shape-4470298062,customer happiness
4shipping,4shipping.com,geraden en bevestigd,Customer Success Specialist,ja,2026-08-25,Zwijndrecht,1,nee,https://nl.linkedin.com/jobs/view/customer-success-specialist-at-4shipping-4458745711,customer happiness
Aarnink Vleeswaren,aarninkvleeswaren.nl,geraden en bevestigd,COMMERCIEEL MEDEWERKER BINNENDIENST (LOCHEM),,2026-08-05,Lochem,1,nee,https://nl.linkedin.com/jobs/view/commercieel-medewerker-binnendienst-lochem-at-aarnink-vleeswaren-4448900769,orderverwerking medewerker
Abbott,abbott.nl,geraden en bevestigd,Emerging Markets Junior Customer Service Representative,ja,2026-09-15,"Machelen, Vlaanderen, België",1,nee,https://be.linkedin.com/jobs/view/emerging-markets-junior-customer-service-representative-at-abbott-4465585006,klantenservice medewerker
ABD,abd.nl,geraden en bevestigd,Verkoopadviseur,,2026-08-11,Heerenveen,1,nee,https://nl.linkedin.com/jobs/view/verkoopadviseur-at-abd-renault-nissan-dacia-4452447964,klantadviseur
ABENA,abena.nl,geraden en bevestigd,Order Entry &amp; Sales Support Medewerker,ja,2026-09-03,Haps,1,nee,https://nl.linkedin.com/jobs/view/order-entry-sales-support-medewerker-at-abena-4462837755,orderverwerking medewerker
Abiom,abiom.nl,geraden en bevestigd,Servicedesk Medewerker,ja,2026-09-17,Houten,1,nee,https://nl.linkedin.com/jobs/view/servicedesk-medewerker-at-abiom-4468622719,webcare medewerker
Ace & Tate,acetate.com,geraden en bevestigd,E-Commerce Intern,,2026-09-21,Amsterdam,1,nee,https://nl.linkedin.com/jobs/view/e-commerce-intern-at-ace-tate-4469857309,webshop beheerder
Adwise - Your Digital Brain,adwise.nl,geraden en bevestigd,Merchandising &amp; Search Specialist,,2026-08-28,Enschede,6,nee,https://nl.linkedin.com/jobs/view/merchandising-search-specialist-at-adwise-your-digital-brain-4470443044,e-commerce medewerker
AEO DIRECT,aeodirect.com,geraden en bevestigd,Content &amp; AEO Specialist,,2026-08-04,Amsterdam Area,1,nee,https://nl.linkedin.com/jobs/view/content-aeo-specialist-at-aeo-direct-4448559070,content specialist webshop
AEP International B.V.,aep.com,geraden en bevestigd,Commercieel Medewerker Binnendienst,,2026-09-10,Alblasserdam,1,nee,https://nl.linkedin.com/jobs/view/commercieel-medewerker-binnendienst-at-aep-international-b-v-4463481660,orderverwerking medewerker
Agrifirm,agrifirm.nl,geraden en bevestigd,Customer Service Officer Order Entry,,2026-09-14,"Gent, Vlaanderen, België",1,nee,https://be.linkedin.com/jobs/view/customer-service-officer-order-entry-at-royal-agrifirm-group-4465227767,klantenservice medewerker
AIMMS,aimms.nl,geraden en bevestigd,sr. Customer Success Manager Supply Chain,ja,2026-07-02,Haarlem,1,nee,https://nl.linkedin.com/jobs/view/sr-customer-success-manager-supply-chain-at-aimms-4435569864,customer happiness
Air Products,airproducts.nl,geraden en bevestigd,Customer Service Medewerker,ja,2026-09-09,"Meise, Vlaanderen, België",1,nee,https://be.linkedin.com/jobs/view/customer-service-medewerker-at-air-products-4465012371,klantenservice medewerker
AkzoNobel,akzonobel.com,geraden en bevestigd,Customer Service Representative,ja,2026-09-18,Sassenheim,1,nee,https://nl.linkedin.com/jobs/view/customer-service-representative-at-akzonobel-4469125291,klantenservice medewerker
Alan,alan.com,geraden en bevestigd,Care Expert - Belgium (NL+EN) 🇧🇪,,2026-09-11,België,1,nee,https://be.linkedin.com/jobs/view/care-expert-belgium-nl%2Ben-%F0%9F%87%A7%F0%9F%87%AA-at-alan-4466333384,klantenservice medewerker
ALKU,alku.nl,geraden en bevestigd,Verkoopadviseur,,2026-09-04,Tilburg,2,nee,https://nl.linkedin.com/jobs/view/verkoopadviseur-at-alku-4461984846,klantadviseur
All About Work,allaboutwork.com,geraden en bevestigd,Communicatiemedewerker,,2026-09-11,Stadskanaal,1,nee,https://nl.linkedin.com/jobs/view/communicatiemedewerker-at-all-about-work-4466099513,webcare medewerker
Allegion,allegion.com,geraden en bevestigd,Customer Experience Manager,ja,2026-07-01,Veenendaal,1,nee,https://nl.linkedin.com/jobs/view/customer-experience-manager-at-allegion-4434639725,customer happiness
Allianz Direct,allianzdirect.nl,geraden en bevestigd,Client Success Medewerker,,2025-06-02,Rotterdam,1,nee,https://nl.linkedin.com/jobs/view/client-success-medewerker-at-allianz-direct-4242804934,klantadviseur
Allianz Partners,allianzworldwidepartners.com,geraden en bevestigd,Care Advisor - French/German IGO,ja,2026-05-13,"Brussel, Brussels Hoofdstedelijk Gewest, België",1,nee,https://be.linkedin.com/jobs/view/care-advisor-french-german-igo-at-allianz-partners-4414232687,klantenservice medewerker
Alloga,alloga.com,geraden en bevestigd,Employee customer service X 5,,2026-05-27,Veghel,1,nee,https://nl.linkedin.com/jobs/view/employee-customer-service-x-5-at-alloga-4417214824,orderverwerking medewerker
Almotion B.V.,almotion.nl,geraden en bevestigd,Medewerker commerciële binnendienst,,2026-09-22,Elst,1,nee,https://nl.linkedin.com/jobs/view/medewerker-commerci%C3%ABle-binnendienst-at-almotion-b-v-4470287628,orderverwerking medewerker
Alphenix Bouwgroep B.V.,alphenixbouwgroep.nl,geraden en bevestigd,Representante de atendimento ao cliente,,2026-09-11,Amsterdam,1,nee,,klantenservice medewerker
Alpina Group,alpina.com,geraden en bevestigd,Klantcontact medewerker,ja,2026-09-01,Arnhem,2,nee,https://nl.linkedin.com/jobs/view/klantcontact-medewerker-at-alpina-group-4460258610,klantenservice medewerker
Amacx Sports Nutrition,amacx.com,geraden en bevestigd,AI-Driven Email &amp; Marketplace Specialist,,2026-08-21,Noordwijk-Binnen,1,nee,https://nl.linkedin.com/jobs/view/ai-driven-email-marketplace-specialist-at-amacx-sports-nutrition-4457346846,e-commerce medewerker
Amcor,amcor.com,geraden en bevestigd,Customer Service,,2026-08-11,"Gent, Vlaanderen, België",1,nee,https://be.linkedin.com/jobs/view/customer-service-at-amcor-4435429758,klantenservice medewerker
Amdax,amdax.com,geraden en bevestigd,Customer Success Coordinator,ja,2026-09-09,Amsterdam,1,nee,https://nl.linkedin.com/jobs/view/customer-success-coordinator-at-amdax-4465011695,customer happiness
Amega,amega.nl,geraden en bevestigd,Service &amp; support medewerker Inbound,ja,2026-09-21,Dordrecht,1,nee,https://nl.linkedin.com/jobs/view/service-support-medewerker-inbound-at-amega-4468720965,klantenservice medewerker
America Today,americatoday.com,geraden en bevestigd,E-Commerce stagiaire,,2026-05-16,Diemen,1,ja,https://nl.linkedin.com/jobs/view/e-commerce-stagiaire-at-america-today-4427022033,webshop beheerder
American Express,americanexpress.com,geraden en bevestigd,American Express - Centurion Lounge Ambassador,,2026-09-08,Amsterdam,1,nee,https://nl.linkedin.com/jobs/view/american-express-centurion-lounge-ambassador-at-american-express-4463531151,customer happiness
Ames Autobedrijf,ames.nl,geraden en bevestigd,Medewerker Sales Support - Ames,ja,2026-09-21,Dordrecht,1,nee,https://nl.linkedin.com/jobs/view/medewerker-sales-support-ames-at-ames-autobedrijf-4468727578,orderverwerking medewerker
Amoria Bond,amoriabond.com,geraden en bevestigd,Customer Order Specialist,ja,2026-09-22,"Noord-Holland, Nederland",1,nee,https://nl.linkedin.com/jobs/view/customer-order-specialist-at-amoria-bond-4470439619,orderverwerking
Amsterdam Warehouse Company,amsterdamwarehouse.com,geraden en bevestigd,Customer Operations Specialist – Logistiek &amp; Warehousing,ja,2026-09-11,Amsterdam,1,nee,https://nl.linkedin.com/jobs/view/customer-operations-specialist-%E2%80%93-logistiek-warehousing-at-amsterdam-warehouse-company-4465688510,orderverwerking
Anna van Toor,annavantoor.nl,geraden en bevestigd,Teamleider,,2026-04-15,Vianen,1,nee,https://nl.linkedin.com/jobs/view/teamleider-at-anna-van-toor-4402284348,webshop beheerder
Anteryon B.V.,anteryon.com,geraden en bevestigd,Inside Sales Specialist,,2026-09-16,Eindhoven,1,nee,https://nl.linkedin.com/jobs/view/inside-sales-specialist-at-anteryon-b-v-4454182530,orderverwerking medewerker
Aon,aon.com,geraden en bevestigd,Junior Website Specialist,,2026-09-19,Rotterdam,3,nee,https://nl.linkedin.com/jobs/view/junior-website-specialist-at-aon-4458595737,webcare medewerker
APL Logistics,apllogistics.com,geraden en bevestigd,Allround Logistiek Medewerker – Amsterdam,,2026-06-12,Amsterdam,1,nee,https://nl.linkedin.com/jobs/view/allround-logistiek-medewerker-%E2%80%93-amsterdam-at-apl-logistics-4428144141,logistiek medewerker webshop
Applied Medical,appliedmedical.com,geraden en bevestigd,Associate Customer Relations Representative - Italian and German speaking,ja,2026-09-08,Amersfoort,2,nee,https://nl.linkedin.com/jobs/view/associate-customer-relations-representative-italian-and-german-speaking-at-applied-medical-4462526342,customer service
Ardagh Group,ardagh.com,geraden en bevestigd,Supply &amp; Demand Employee,,2026-06-22,Oss,1,nee,https://nl.linkedin.com/jobs/view/supply-demand-employee-at-ardagh-group-4422369204,orderverwerking medewerker
Arie Bouman Green Outdoor B.V.,ariebouman.nl,geraden en bevestigd,Backoffice Medewerker Inkoop,,2026-09-08,Wijk en Aalburg,1,nee,https://nl.linkedin.com/jobs/view/backoffice-medewerker-inkoop-at-arie-bouman-green-outdoor-b-v-4464492064,orderverwerking medewerker
ARP Nederland B.V.,arp.nl,geraden en bevestigd,Sales Support Medewerker,ja,2026-09-22,Maastricht,2,nee,https://nl.linkedin.com/jobs/view/sales-support-medewerker-at-arp-nederland-b-v-4468589525,orderverwerking medewerker
Art of People,artofpeople.nl,geraden en bevestigd,Klantenservicemedewerker,ja,2026-09-14,"Vlaanderen, België",1,nee,https://be.linkedin.com/jobs/view/klantenservicemedewerker-at-art-of-people-4467097356,klantenservice medewerker
Arvesta,arvesta.eu,geraden en bevestigd,Customer Service Officer,,2026-09-10,"Wervik, Vlaanderen, België",1,nee,https://be.linkedin.com/jobs/view/customer-service-officer-at-arvesta-4464193147,klantenservice medewerker
ASAPCLOUD,asapcloud.com,geraden en bevestigd,Customer Success Manager,ja,2026-09-21,Houten,1,nee,https://nl.linkedin.com/jobs/view/customer-success-manager-at-asapcloud-4467603330,customer happiness
Ascom,ascom.com,geraden en bevestigd,First Line Support Engineer,,2026-08-18,Utrecht,1,nee,https://nl.linkedin.com/jobs/view/first-line-support-engineer-at-ascom-4454455600,webcare medewerker
Asendia,asendiabenelux.com,geraden en bevestigd,Customer Success Manager,ja,2026-08-25,Eindhoven,1,nee,https://nl.linkedin.com/jobs/view/customer-success-manager-at-asendia-4457491307,customer happiness
Asgro,asgro.nl,geraden en bevestigd,Logistiek medewerker,,2026-09-22,Vianen,1,nee,https://nl.linkedin.com/jobs/view/logistiek-medewerker-at-asgro-4470419985,logistiek medewerker webshop
Athlon Nederland,athlon.com:443,geraden en bevestigd,Klantadviseur,ja,2026-09-16,Nieuwegein,1,nee,https://nl.linkedin.com/jobs/view/klantadviseur-at-athlon-nederland-4456467591,klantadviseur
Athora Netherlands,athora.nl,geraden en bevestigd,Copywriter,,2026-09-22,Amsterdam,1,nee,https://nl.linkedin.com/jobs/view/copywriter-at-athora-netherlands-4442093198,content specialist webshop
Atlassian,atlassian.com,geraden en bevestigd,"Principal Customer Success Manager, Strategic DACH",ja,2026-09-22,Amsterdam,2,nee,https://nl.linkedin.com/jobs/view/principal-customer-success-manager-strategic-dach-at-atlassian-4451509548,customer happiness
Atolls,atolls.com,geraden en bevestigd,Junior Editor (m/f/x) - Dutch Speaking,,2026-09-11,Amsterdam,1,nee,https://nl.linkedin.com/jobs/view/junior-editor-m-f-x-dutch-speaking-at-atolls-4456723608,content specialist webshop
Atos Medical,atosmedical.nl,geraden en bevestigd,Consumer Care Specialist,ja,2026-09-19,Amersfoort,1,nee,https://nl.linkedin.com/jobs/view/consumer-care-specialist-at-atos-medical-4440770846,customer happiness
Atvise | Next Level E-commerce 🔥🚀,atvise.nl,geraden en bevestigd,Magento developer,,2026-04-10,Noordwijk-Binnen,1,nee,https://nl.linkedin.com/jobs/view/magento-developer-at-atvise-next-level-e-commerce-%F0%9F%94%A5%F0%9F%9A%80-4398189730,webshop beheerder
Audax Nederland,audax.nl,geraden en bevestigd,Medewerker klantenservice,ja,2026-09-08,Almere,1,nee,https://nl.linkedin.com/jobs/view/medewerker-klantenservice-at-audax-netherlands-4440551063,klantenservice medewerker
Autodistribution Nederland,autodistribution.nl,geraden en bevestigd,Customer Support Medewerker,ja,2026-08-31,'s-Hertogenbosch,1,nee,https://nl.linkedin.com/jobs/view/customer-support-medewerker-at-autodistribution-nederland-4450612001,klantenservice medewerker
Autoflex Automotive Software,autoflex.nl,geraden en bevestigd,Medewerker Klantenservice &amp; Support,ja,2026-09-14,Putten,1,nee,https://nl.linkedin.com/jobs/view/medewerker-klantenservice-support-at-autoflex-4467070838,klantenservice medewerker
Automatic Systems,automaticsystems.nl,geraden en bevestigd,Customer Service Representative DE/FR/EN,ja,2026-09-17,"Waver, Wallonië, België",3,nee,https://be.linkedin.com/jobs/view/customer-service-representative-de-fr-en-at-automatic-systems-4466279272,klantenservice medewerker
Avenir Collective,avenircollective.com,geraden en bevestigd,Account Manager (Bol.com),,2026-09-15,"Utrecht, Nederland",1,nee,https://nl.linkedin.com/jobs/view/account-manager-bol-com-at-avenir-collective-4465599184,e-commerce medewerker
AVR,avr.nl,geraden en bevestigd,Sales Support Medewerker,ja,2026-08-17,Rozenburg,1,nee,https://nl.linkedin.com/jobs/view/sales-support-medewerker-at-avr-4466064506,orderverwerking medewerker
Axians NL,axians.nl,geraden en bevestigd,Customer Care Specialist,ja,2026-09-10,Eindhoven,2,nee,https://nl.linkedin.com/jobs/view/customer-care-specialist-at-axians-nl-4456487800,klantenservice medewerker
AxionContinu,axioncontinu.nl,geraden en bevestigd,Medewerker ICT-Servicedesk,ja,2026-08-25,Utrecht,1,nee,https://nl.linkedin.com/jobs/view/medewerker-ict-servicedesk-at-axioncontinu-4466945841,webcare medewerker
Axivate Horeca Group,axivatehoreca.nl,geraden en bevestigd,Medewerker Bediening (Nieuw concept),,2026-09-18,Utrecht,1,nee,https://nl.linkedin.com/jobs/view/medewerker-bediening-nieuw-concept-at-axivate-horeca-group-4469115573,webcare medewerker
Ayvens,ayvens.com:443,geraden en bevestigd,Specialist Ordering &amp; Fleetdesk I,ja,2026-07-16,Amsterdam,5,nee,https://nl.linkedin.com/jobs/view/specialist-ordering-fleetdesk-i-at-ayvens-4437693035,orderverwerking medewerker
Azerty,essendant.com,geraden en bevestigd,Logistiek medewerker allround,,2026-07-24,Raalte,1,nee,https://nl.linkedin.com/jobs/view/logistiek-medewerker-allround-at-azerty-4444960361,logistiek medewerker webshop
B&S Media Internetmarketing,bsmedia.nl,geraden en bevestigd,» Vacature Contentspecialist in Kampen,,2025-02-18,Kampen,1,nee,https://nl.linkedin.com/jobs/view/%C2%BB-vacature-contentspecialist-in-kampen-at-b-s-media-internetmarketing-4157800318,content specialist webshop
BAIYILED EUROPE B.V.,baiyiled.nl,geraden en bevestigd,Technisch Commercieel Medewerker Binnendienst &amp; Operations.,,2026-08-21,Almere,1,nee,https://nl.linkedin.com/jobs/view/technisch-commercieel-medewerker-binnendienst-operations-at-baiyiled-europe-b-v-4457078701,orderverwerking medewerker
Baktotaal,baktotaal.nl,geraden en bevestigd,Online marketeer Duits,,2026-09-11,Goor,1,nee,https://nl.linkedin.com/jobs/view/online-marketeer-duits-at-baktotaal-4466072603,online marketeer webshop
BAM Nederland,bam.com,geraden en bevestigd,Klantadviseur,ja,2026-09-11,Bunnik,1,nee,,klantadviseur
BAS,bas.com,geraden en bevestigd,Meewerkstage E-Commerce,,2026-09-22,Veghel,2,nee,https://nl.linkedin.com/jobs/view/meewerkstage-e-commerce-at-bas-4470410953,webshop beheerder
Bauder Nederland,bauder.nl,geraden en bevestigd,Medewerker Verkoop Binnendienst / Sales Coördinator,,2026-09-22,Houten,1,nee,https://nl.linkedin.com/jobs/view/medewerker-verkoop-binnendienst-sales-co%C3%B6rdinator-at-bauder-nederland-4470282621,orderverwerking medewerker
Bax Music,bax-shop.com,geraden en bevestigd,Marketplace-marketeer,,2026-08-28,Goes,8,nee,https://nl.linkedin.com/jobs/view/marketplace-marketeer-at-bax-music-4458091991,e-commerce medewerker
Bear Optima Wood B.V.,bearoptimawood.nl,geraden en bevestigd,Commercieel medewerker binnendienst,,2026-08-28,Nijverdal,1,nee,https://nl.linkedin.com/jobs/view/commercieel-medewerker-binnendienst-at-bear-optima-wood-b-v-4460325998,orderverwerking medewerker
Bechtle NV,bechtle.com,geraden en bevestigd,Sales Support Medewerker,ja,2026-09-15,Nederland,1,nee,https://nl.linkedin.com/jobs/view/sales-support-medewerker-at-bechtle-nv-4465538475,orderverwerking medewerker
Bedrijfsfitness Nederland,bedrijfsfitness.nl,geraden en bevestigd,Customer Support Specialist,ja,2026-09-11,Heerenveen,1,nee,https://nl.linkedin.com/jobs/view/customer-support-specialist-at-bedrijfsfitness-nederland-by-epassi-4457324263,klantenservice medewerker
Beetronics BV,beetronics.nl,geraden en bevestigd,Country Manager Netherlands &amp; Belgium (E-Commerce &amp; Electronics),,2026-09-09,Amsterdam,1,nee,https://nl.linkedin.com/jobs/view/country-manager-netherlands-belgium-e-commerce-electronics-at-beetronics-4465035070,webshop beheerder
Bejo,bejo.nl,geraden en bevestigd,Sales Support Employee,,2026-09-17,Schagen,1,nee,https://nl.linkedin.com/jobs/view/sales-support-employee-at-bejo-4466958651,orderverwerking medewerker
Beko Europe,bekoeurope.com,geraden en bevestigd,Team Lead Order Desk,,2026-09-14,Breda,1,nee,https://nl.linkedin.com/jobs/view/team-lead-order-desk-at-beko-europe-4467059037,orderverwerking
Belsimpel,belsimpel.nl,geraden en bevestigd,Commercieel Data Analist voor Gomibo.de,,2026-09-02,Groningen,1,nee,https://nl.linkedin.com/jobs/view/commercieel-data-analist-voor-gomibo-de-at-gomibo-l-belsimpel-4442750204,e-commerce medewerker
Bergman Clinics,bergmanclinics.nl,geraden en bevestigd,CSA Medewerker,,2026-09-07,Capelle aan den IJssel,1,nee,https://nl.linkedin.com/jobs/view/csa-medewerker-at-bergman-clinics-4464325862,webcare medewerker
Beter Horen,beterhoren.nl,geraden en bevestigd,Verkoopadviseur bij Beter Horen Rotterdam,,2026-09-09,Rotterdam,4,nee,https://nl.linkedin.com/jobs/view/verkoopadviseur-bij-beter-horen-rotterdam-at-beter-horen-4465019621,klantadviseur
Bever,bever.nl,geraden en bevestigd,E-commerce Specialist Germany,,2026-09-15,Pijnacker,1,nee,https://nl.linkedin.com/jobs/view/e-commerce-specialist-germany-at-bever-4466505111,e-commerce medewerker
BFG Trading B.V.,bfgtrading.com,geraden en bevestigd,ALLROUND LOGISTIEK MEDEWERKER,,2026-05-15,Dordrecht,1,nee,https://nl.linkedin.com/jobs/view/allround-logistiek-medewerker-at-bfg-trading-4411566889,logistiek medewerker webshop
Big Bazar,bigbazar.com,geraden en bevestigd,Vulploegmedewerker in Eindhoven,,2026-08-25,Eindhoven,18,nee,https://nl.linkedin.com/jobs/view/vulploegmedewerker-in-eindhoven-at-big-bazar-4456967386,support medewerker webshop
Big Thinkers Online Marketing,bigthinkers.nl,geraden en bevestigd,Senior Online Marketing Consultant,,2026-08-05,Barendrecht,1,nee,https://nl.linkedin.com/jobs/view/senior-online-marketing-consultant-at-big-thinkers-online-marketing-4447308616,online marketeer webshop
Billink,billink.nl,geraden en bevestigd,Customer Success Manager,ja,2026-08-18,Gouda,1,nee,https://nl.linkedin.com/jobs/view/customer-success-manager-at-billink-4455757456,customer happiness
Biscuit International Netherlands,jeurgens.nl,geraden en bevestigd,Customer Service Medewerker,ja,2026-09-09,Dordrecht,1,nee,https://nl.linkedin.com/jobs/view/customer-service-medewerker-at-biscuit-international-netherlands-4449830753,orderverwerking medewerker
Bizzdesign,bizzdesign.com,geraden en bevestigd,Senior Customer Success Manager,ja,2026-09-09,Utrecht,1,nee,https://nl.linkedin.com/jobs/view/senior-customer-success-manager-at-bizzdesign-4463808925,customer happiness
Blauwe Monsters (part of Conclusion),blauwemonsters.nl,geraden en bevestigd,Online Marketeer,,2026-06-23,Haarlem,2,nee,https://nl.linkedin.com/jobs/view/online-marketeer-at-blauwe-monsters-part-of-conclusion-4432425079,online marketeer webshop
Bloom & Wild,bloomwild.com,geraden en bevestigd,Customer Delight Talent Pool,,2026-09-13,Amsterdam,2,nee,https://nl.linkedin.com/jobs/view/customer-delight-talent-pool-at-bloom-wild-4466735976,klantenservice medewerker
Bloom & Wolf,bloomwolf.nl,geraden en bevestigd,🌸 VACATURE: House-of-Rituals medewerker bij Bloom &amp; Wolf,,2026-07-06,Randstad,1,nee,https://nl.linkedin.com/jobs/view/%F0%9F%8C%B8-vacature-house-of-rituals-medewerker-bij-bloom-wolf-at-bloom-wolf-4437410088,webshop medewerker
blooming people,bloomingpeople.nl,geraden en bevestigd,Junior Functioneel Beheerder,,2026-09-10,"Zuid-Holland, Nederland",1,nee,https://nl.linkedin.com/jobs/view/junior-functioneel-beheerder-at-blooming-people-4463475428,webshop beheerder
bloomon,bloomon.nl,geraden en bevestigd,Customer Support Senior Associate (Dutch or German Speaking),,2026-09-15,Amsterdam Area,1,ja,https://nl.linkedin.com/jobs/view/customer-support-senior-associate-dutch-or-german-speaking-at-bloomon-4467727735,klantenservice medewerker
Boermarke,boermarke.eu,geraden en bevestigd,Magazijnmedewerker / Orderpicker,ja,2026-04-24,Enschede,1,nee,https://nl.linkedin.com/jobs/view/magazijnmedewerker-orderpicker-at-boermarke-b-v-4403760996,orderverwerking
BONO,bono.nl,geraden en bevestigd,Media Buyer (META) | Paid Social Specialist,,2026-08-31,Amsterdam Area,1,nee,https://nl.linkedin.com/jobs/view/media-buyer-meta-paid-social-specialist-at-bono-4461051671,online marketeer webshop
Booking Boosters,bookingexperts.com,geraden en bevestigd,Customer Support Specialist DACH,ja,2026-09-16,Enschede,2,nee,https://nl.linkedin.com/jobs/view/customer-support-specialist-dach-at-booking-boosters-4468318072,customer happiness
Booking Experts,bookingexperts.com,geraden en bevestigd,Customer Support Specialist DACH,ja,2026-09-17,Enschede,8,nee,https://nl.linkedin.com/jobs/view/customer-support-specialist-dach-at-booking-experts-b-v-4467141096,customer happiness
BOSKA Food Tools,boska.com,geraden en bevestigd,Medewerker klantenservice,ja,2026-09-14,Bodegraven,1,nee,https://nl.linkedin.com/jobs/view/medewerker-klantenservice-at-boska-food-tools-4467034939,e-commerce medewerker
Bouwmaat,bouwmaat.nl,geraden en bevestigd,Medewerker Logistiek,,2026-07-07,Hilversum,1,nee,https://nl.linkedin.com/jobs/view/medewerker-logistiek-at-bouwmaat-4436581659,logistiek medewerker webshop
Brandfirm,brandfirm.nl,geraden en bevestigd,Medior Contentspecialist,,2026-09-21,Amsterdam,1,nee,https://nl.linkedin.com/jobs/view/medior-contentspecialist-at-brandfirm-4468165889,content specialist webshop
BrandPit,brandpit.nl,geraden en bevestigd,"*vervuld* vacature website &amp; performance marketeer. theater, amsterdam.",,2026-04-16,Loenen,1,nee,https://nl.linkedin.com/jobs/view/vervuld-vacature-website-performance-marketeer-theater-amsterdam-at-brandpit-4402677114,webshop beheerder
brandwebbing,brandwebbing.nl,geraden en bevestigd,Performance Marketeer (32-40 uur),,2026-09-09,"Utrecht, Nederland",1,nee,https://nl.linkedin.com/jobs/view/performance-marketeer-32-40-uur-at-brandwebbing-4464980866,online marketeer webshop
Brandweer,brandweer.nl,geraden en bevestigd,Contentspecialist,,2026-09-20,Eindhoven,1,nee,https://nl.linkedin.com/jobs/view/contentspecialist-at-brandweer-4470251378,content specialist webshop
BridgeFund,bridgefund.nl,geraden en bevestigd,Customer Service Representative,ja,2026-09-09,Amsterdam,1,nee,https://nl.linkedin.com/jobs/view/customer-service-representative-at-bridgefund-4445916609,klantenservice medewerker
Bright Plus,brightplus.com,geraden en bevestigd,Customer Service Medewerker (3 dagen home office),ja,2026-09-14,"Temse, Vlaanderen, België",1,nee,https://be.linkedin.com/jobs/view/customer-service-medewerker-3-dagen-home-office-at-bright-plus-4465712711,klantenservice medewerker
Brighteq,brighteq.nl,geraden en bevestigd,Medior frontend developer,,2026-08-01,Utrecht Area,2,nee,https://nl.linkedin.com/jobs/view/medior-frontend-developer-at-brighteq-4447616074,webshop medewerker
Brightways - Marketplace Accelerators,brightways.nl,geraden en bevestigd,Marketplace Manager Amazon &amp; Bol Focused - Client Facing,,2026-09-15,Rotterdam,1,nee,https://nl.linkedin.com/jobs/view/marketplace-manager-amazon-bol-focused-client-facing-at-brightways-marketplace-accelerators-4464543208,e-commerce medewerker
Brivo,brivo.com,geraden en bevestigd,Customer Care Receptionist,,2026-09-18,Amsterdam,1,nee,https://nl.linkedin.com/jobs/view/customer-care-receptionist-at-brivo-4466671816,customer service
Brocacef,brocacef.nl,geraden en bevestigd,Medewerker contact en support,ja,2026-09-14,Maarssen,3,nee,https://nl.linkedin.com/jobs/view/medewerker-contact-en-support-at-brocacef-4376576436,klantenservice medewerker
Broekhuis,broekhuis.nl,geraden en bevestigd,Online Marketeer,,2026-07-15,Putten,1,nee,https://nl.linkedin.com/jobs/view/online-marketeer-at-broekhuis-groep-4439267068,online marketeer webshop
Brother International (Nederland) BV,brother.nl,geraden en bevestigd,Medewerker Sales Support,ja,2026-09-10,Amstelveen,1,nee,https://nl.linkedin.com/jobs/view/medewerker-sales-support-at-brother-international-nederland-bv-4465818043,orderverwerking medewerker
Brunswick Corporation,brunswick.com,geraden en bevestigd,Customer Service Representative,ja,2026-09-04,"Petit-Rechain, Wallonië, België",1,nee,https://be.linkedin.com/jobs/view/customer-service-representative-at-brunswick-corporation-4461155085,klantenservice medewerker
Bruynzeel Keukens,bruynzeelkeukens.nl,geraden en bevestigd,Klantbegeleider Retail,,2026-09-15,Bergen op Zoom,3,nee,https://nl.linkedin.com/jobs/view/klantbegeleider-retail-at-bruynzeel-keukens-4458070511,customer happiness
BTE Nederland B.V.,bte.nl,geraden en bevestigd,Medewerker Verkoop Binnendienst,,2026-09-01,Heumen,1,nee,https://nl.linkedin.com/jobs/view/medewerker-verkoop-binnendienst-at-bte-nederland-b-v-4460632832,orderverwerking medewerker
Bugaboo Group,bugaboo.com,geraden en bevestigd,Growth Content &amp; Product Data Specialist,,2026-09-18,Amsterdam,1,nee,https://nl.linkedin.com/jobs/view/growth-content-product-data-specialist-at-bugaboo-group-4466683442,webcare medewerker
Burger Support BV,burgersupport.nl,geraden en bevestigd,Customer Service Medewerker,ja,2026-09-17,Lelystad,5,nee,https://nl.linkedin.com/jobs/view/customer-service-medewerker-at-burger-support-bv-4468602778,klantenservice medewerker
BUX,bux.nl,geraden en bevestigd,Customer Support Representative (deutschsprachig),ja,2026-09-08,Amsterdam,2,nee,https://nl.linkedin.com/jobs/view/customer-support-representative-deutschsprachig-at-bux-4463286894,klantenservice medewerker
BYZZ,byzz.nl,geraden en bevestigd,Commercieel Medewerker binnendienst (jr),,2026-08-31,Leusden,1,nee,https://nl.linkedin.com/jobs/view/commercieel-medewerker-binnendienst-jr-at-byzz-4461066818,orderverwerking medewerker
C Teleport,cteleport.nl,geraden en bevestigd,Marketing Content Specialist,,2026-09-03,Rotterdam,1,nee,https://nl.linkedin.com/jobs/view/marketing-content-specialist-at-c-teleport-4461373339,content specialist webshop
Cabau Lifestyle,cabaulifestyle.com,geraden en bevestigd,Social Advertising Specialist,,2026-08-25,Arnhem,2,ja,https://nl.linkedin.com/jobs/view/social-advertising-specialist-at-cabau-lifestyle-4458739034,online marketeer webshop
Cable Partners B.V.,cablepartners.nl,geraden en bevestigd,Ervaren medewerker verkoop binnendienst,,2026-08-04,Roosendaal,1,nee,https://nl.linkedin.com/jobs/view/ervaren-medewerker-verkoop-binnendienst-at-cable-partners-b-v-4448300405,orderverwerking medewerker
Cadmes,cadmes.com,geraden en bevestigd,Senior Customer Care medewerker,ja,2026-09-21,'s-Hertogenbosch,1,nee,https://nl.linkedin.com/jobs/view/senior-customer-care-medewerker-at-cadmes-4366756757,klantadviseur
Camfil Nederland,camfil.com,geraden en bevestigd,E-Commerce &amp; Digital Operations Specialist,,2026-09-22,Ede,1,nee,https://nl.linkedin.com/jobs/view/e-commerce-digital-operations-specialist-at-camfil-nederland-4468577637,e-commerce medewerker
Capgemini,capgemini.com,geraden en bevestigd,Frontend Developer - NL,,2026-06-03,Utrecht,2,nee,https://nl.linkedin.com/jobs/view/frontend-developer-nl-at-capgemini-4418513610,webcare medewerker
Capisoft,capisoft.nl,geraden en bevestigd,Performance &amp; Growth Marketing Trainee,,2026-08-26,Amsterdam,1,nee,https://nl.linkedin.com/jobs/view/performance-growth-marketing-trainee-at-capisoft-4459310025,online marketeer webshop
Cardano,cardano.nl,geraden en bevestigd,Digital Marketing Coordinator,,2026-09-04,Rotterdam,1,nee,https://nl.linkedin.com/jobs/view/digital-marketing-coordinator-at-cardano-4463379096,webcare medewerker
Cartouche Fashion,cartouchefashion.com,geraden en bevestigd,E-commerce &amp; Social Media Specialist Cartouche Fashion,,2026-09-09,Bodegraven,1,nee,,e-commerce medewerker
CAVALLARO NAPOLI,cavallaronapoli.com,geraden en bevestigd,Online Merchandiser,,2026-09-08,Haarlem,1,nee,https://nl.linkedin.com/jobs/view/online-merchandiser-at-cavallaro-napoli-4452705820,e-commerce medewerker
CDA,cda.nl,geraden en bevestigd,Digital marketeer,,2026-09-18,Den Haag,1,nee,https://nl.linkedin.com/jobs/view/digital-marketeer-at-cda-4251674255,webcare medewerker
Cedrah,cedrah.nl,geraden en bevestigd,Senior medewerker ICT,,2026-08-04,Barendrecht,1,nee,https://nl.linkedin.com/jobs/view/senior-medewerker-ict-at-cedrah-4447372315,webcare medewerker
Cegeka,cegeka.com,geraden en bevestigd,Onsite Support,,2026-09-15,"Utrecht, Nederland",1,nee,https://nl.linkedin.com/jobs/view/onsite-support-at-cegeka-4465913004,webcare medewerker
Cemex B.V.,cemex.com,geraden en bevestigd,Commercieel medewerker,,2026-09-19,Bleiswijk,1,nee,https://nl.linkedin.com/jobs/view/commercieel-medewerker-at-cemex-b-v-4464548001,orderverwerking medewerker
CGI Nederland,cgi.com,geraden en bevestigd,On Site Support Specialist - Global Technology Operations,ja,2026-09-05,Schaijk,1,nee,https://nl.linkedin.com/jobs/view/on-site-support-specialist-global-technology-operations-at-cgi-nederland-4445232652,webcare medewerker
Chane,shopswellophonic.com,geraden en bevestigd,IT Service Desk Medewerker,ja,2026-09-04,Rotterdam,1,nee,https://nl.linkedin.com/jobs/view/it-service-desk-medewerker-at-chane-4429332633,webcare medewerker
Change,change.nl,geraden en bevestigd,Klantenservice medewerker E-commerce Frans/Vlaams - Change,ja,2026-09-10,Rotterdam,2,nee,https://nl.linkedin.com/jobs/view/klantenservice-medewerker-e-commerce-frans-vlaams-change-at-change-4462959103,e-commerce medewerker
ChannelEngine,channelengine.com,geraden en bevestigd,Implementation Specialist,,2026-08-24,Leiden,1,nee,https://nl.linkedin.com/jobs/view/implementation-specialist-at-channelengine-4455857973,e-commerce medewerker
ChannelMojo,channelmojo.com,geraden en bevestigd,Marketplaces Specialist,,2026-07-27,Amsterdam,3,nee,https://nl.linkedin.com/jobs/view/marketplaces-specialist-at-channelmojo-4442829773,e-commerce medewerker
Check Point Software,checkpoint.com,geraden en bevestigd,Customer Success Manager,ja,2026-09-21,Utrecht,1,nee,https://nl.linkedin.com/jobs/view/customer-success-manager-at-check-point-software-4442515867,customer happiness
Chefs in het Bos,chefsinhetbos.nl,geraden en bevestigd,Grafisch ontwerper / Creative designer,,2026-09-07,Amsterdam,1,nee,https://nl.linkedin.com/jobs/view/grafisch-ontwerper-creative-designer-at-chefs-in-het-bos-4464349543,content specialist webshop
ChipSoft Nederland,chipsoft.com,geraden en bevestigd,Growth Marketeer,,2026-09-15,Amsterdam,1,nee,https://nl.linkedin.com/jobs/view/growth-marketeer-at-chipsoft-nederland-4448895867,webcare medewerker
CIMSOLUTIONS,cimsolutions.nl,geraden en bevestigd,Front-end Developer,,2026-09-22,Utrecht Area,1,nee,https://nl.linkedin.com/jobs/view/front-end-developer-at-cimsolutions-4468540428,webcare medewerker
Cleopatra Enterprise,cleopatraenterprise.com,geraden en bevestigd,Content Specialist,,2026-08-25,Zwijndrecht,1,nee,https://nl.linkedin.com/jobs/view/content-specialist-at-cleopatra-enterprise-4444103101,content specialist webshop
Cleve & Zonen,cleve.nl,geraden en bevestigd,Customer Service Medewerker,ja,2026-08-21,Rotterdam,3,nee,https://nl.linkedin.com/jobs/view/customer-service-medewerker-at-cleve-zonen-4457524926,klantenservice medewerker
Cleverbase,cleverbase.com,geraden en bevestigd,Front Desk Employee,,2026-07-23,Den Haag,3,nee,https://nl.linkedin.com/jobs/view/front-desk-employee-at-cleverbase-4444435854,webcare medewerker
Cloudpillo,cloudpillo.com,geraden en bevestigd,Klantenservice Medewerker - Duits / Engels,ja,2026-09-14,'s-Hertogenbosch,1,nee,https://nl.linkedin.com/jobs/view/klantenservice-medewerker-duits-engels-at-cloudpillo-4446056309,klantenservice medewerker
ClubCollect,clubcollect.com,geraden en bevestigd,Customer Support Representative,ja,2025-10-26,Assen,1,nee,https://nl.linkedin.com/jobs/view/customer-support-representative-at-clubcollect-4317637159,klantenservice medewerker
Colosseum Dental Benelux,colosseumdental.nl,geraden en bevestigd,Baliemedewerker,,2026-02-24,Den Haag,1,nee,https://nl.linkedin.com/jobs/view/baliemedewerker-at-colosseum-dental-benelux-4376438027,webcare medewerker
Commaxx Group,commaxxgroup.com,geraden en bevestigd,LOGISTIEKE MEDEWERKERS / ORDER PICKERS TWEEPLOEGENDIENST (FULLTIME),ja,2026-08-05,Kerkrade,4,nee,https://nl.linkedin.com/jobs/view/logistieke-medewerkers-order-pickers-tweeploegendienst-fulltime-at-commaxx-group-4449472617,logistiek medewerker webshop
CompuGroup Medical SE & Co. KGaA,cgm.com,geraden en bevestigd,L1 Support Professional,ja,2026-09-02,Echt,1,nee,https://nl.linkedin.com/jobs/view/l1-support-professional-at-compugroup-medical-se-co-kgaa-4415662858,webcare medewerker
Concentrix,concentrix.com,geraden en bevestigd,Klantenservicemedewerker BMW Customer Service - Rijswijk,ja,2026-09-07,Rijswijk,2,nee,https://nl.linkedin.com/jobs/view/klantenservicemedewerker-bmw-customer-service-rijswijk-at-concentrix-4462215965,klantenservice medewerker
Cosmetique Totale BV,cosmetique-totale.com,geraden en bevestigd,Paid Marketeer (Meta &amp; Google Ads),,2026-09-21,Alphen aan den Rijn,1,nee,https://nl.linkedin.com/jobs/view/paid-marketeer-meta-google-ads-at-cosmetique-totale-bv-4469843865,online marketeer webshop
CowManager,cowmanager.nl,geraden en bevestigd,Full stack-ontwikkelaar,,2026-09-18,Harmelen,1,nee,https://nl.linkedin.com/jobs/view/full-stack-ontwikkelaar-at-cowmanager-4467829869,webcare medewerker
CowNect Media B.V.,cownectmedia.com,geraden en bevestigd,CONTENT CREATOR,,2026-08-05,Alkmaar,1,nee,https://nl.linkedin.com/jobs/view/content-creator-at-cownect-media-b-v-4448996366,content specialist webshop
Cqure,cqure.nl,geraden en bevestigd,Junior SOC Analist,,2026-09-18,"Flevoland, Nederland",1,nee,https://nl.linkedin.com/jobs/view/junior-soc-analist-at-cqure-4466689593,webcare medewerker
CRH,crh.com,geraden en bevestigd,Customer Service Representative- Leviat,ja,2026-09-05,"Ternat, Vlaanderen, België",1,nee,https://be.linkedin.com/jobs/view/customer-service-representative-leviat-at-crh-4376801143,klantenservice medewerker
crossphase,crossphase-presenter.nl,geraden en bevestigd,AI-contentspecialist,,2026-09-14,Randstad,1,nee,https://nl.linkedin.com/jobs/view/ai-contentspecialist-at-crossphase-4455572943,content specialist webshop
CroudX,croudx.com,geraden en bevestigd,Head of Growth,,2026-08-05,Amsterdam Area,4,nee,https://nl.linkedin.com/jobs/view/head-of-growth-at-croudx-4448985895,online marketeer webshop
Culinor Food Group nv,culinor.com,geraden en bevestigd,CUSTOMER SERVICE MEDEWERKER Home Cuisine,ja,2026-08-31,"Destelbergen, Vlaanderen, België",1,nee,https://be.linkedin.com/jobs/view/customer-service-medewerker-home-cuisine-at-culinor-food-group-nv-4459779600,klantenservice medewerker
Currentt,currentt.nl,geraden en bevestigd,Technical Support &amp; Customer Success Manager,ja,2026-07-20,Amsterdam,1,nee,https://nl.linkedin.com/jobs/view/technical-support-customer-success-manager-at-currentt-4442781365,customer happiness
CWS Hygiene Nederland,cws.com,geraden en bevestigd,Medewerker customer care | 32-40 uur,ja,2026-08-28,Den Bosch,2,nee,https://nl.linkedin.com/jobs/view/medewerker-customer-care-32-40-uur-at-cws-hygiene-nederland-4460301689,klantenservice medewerker
CycleSoftware,cyclesoftware.nl,geraden en bevestigd,Servicemedewerker,ja,2026-07-29,Nistelrode,1,nee,https://nl.linkedin.com/jobs/view/servicemedewerker-at-cyclesoftware-4446816034,support medewerker webshop
D2-PC,d2-pc.nl,geraden en bevestigd,Servicedesk medewerker,ja,2026-07-21,Utrecht Area,1,nee,https://nl.linkedin.com/jobs/view/servicedesk-medewerker-at-d2-pc-4443524720,support medewerker webshop
DAB Pumps,dabpumps.nl,geraden en bevestigd,Product Owner E-Commerce,,2026-09-14,'s-Hertogenbosch,1,nee,https://nl.linkedin.com/jobs/view/product-owner-e-commerce-at-dab-pumps-4467274563,webshop beheerder
DataSnipper,datasnipper.com,geraden en bevestigd,Strategic Customer Success Manager,ja,2026-09-16,Amsterdam,2,nee,https://nl.linkedin.com/jobs/view/strategic-customer-success-manager-at-datasnipper-4467963733,customer happiness
DB Keukens,dbkeukens.nl,geraden en bevestigd,Online marketing specialist,,2026-05-05,Nunspeet,1,nee,https://nl.linkedin.com/jobs/view/online-marketing-specialist-at-db-keukengroep-4408453635,webshop beheerder
de Bijenkorf,de-bijenkorf.nl,geraden en bevestigd,Senior Medewerker Klantenservice,ja,2026-09-21,Amsterdam,5,nee,https://nl.linkedin.com/jobs/view/senior-medewerker-klantenservice-at-de-bijenkorf-4433891476,klantenservice medewerker
De Haan IT,dehaanit.com,geraden en bevestigd,Servicedeskmedewerker / Klantenservice medewerker ICT / Application Service Engineer,ja,2026-09-14,Almere,1,nee,https://nl.linkedin.com/jobs/view/servicedeskmedewerker-klantenservice-medewerker-ict-application-service-engineer-at-de-haan-it-4467062948,webcare medewerker
De Heer Medicom,deheermedicom.nl,geraden en bevestigd,Helpdeskmedewerker,ja,2026-09-10,"Limburg, Nederland",1,nee,https://nl.linkedin.com/jobs/view/helpdeskmedewerker-at-de-heer-medicom-4464505220,webcare medewerker
De Klok Banden B.V.,deklokbanden.com,geraden en bevestigd,Meewerkend Voorman E-commerce,,2026-09-14,Oud-Beijerland,1,nee,https://nl.linkedin.com/jobs/view/meewerkend-voorman-e-commerce-at-de-klok-banden-b-v-4467059030,e-commerce medewerker
De L'Europe,deleurope.com,geraden en bevestigd,Guest Service Agent,ja,2026-09-09,Amsterdam,2,nee,https://nl.linkedin.com/jobs/view/guest-service-agent-at-de-l-europe-amsterdam-4455732694,customer service
De Monnik Dranken,monnik-dranken.nl,geraden en bevestigd,Magazijnmedewerker fulltime,,2026-05-20,Oldenzaal,1,nee,https://nl.linkedin.com/jobs/view/magazijnmedewerker-fulltime-at-de-monnik-dranken-4417098209,logistiek medewerker webshop
De Verfzaak,deverfzaak.nl,geraden en bevestigd,Meewerkend voorman￼,,2026-08-05,Blerick,2,nee,https://nl.linkedin.com/jobs/view/meewerkend-voorman%EF%BF%BC-at-de-verfzaak-4447325212,orderverwerking
De Wit B.V.,dewit.nl,geraden en bevestigd,Administratief commercieel medewerker,,2026-09-22,Helmond,1,nee,https://nl.linkedin.com/jobs/view/administratief-commercieel-medewerker-at-de-wit-b-v-4468707838,orderverwerking medewerker
Decent,decent.nl,geraden en bevestigd,Campaign Manager,,2026-09-08,Rotterdam,3,nee,https://nl.linkedin.com/jobs/view/campaign-manager-at-decent-4463289084,online marketeer webshop
DeJong Cheese - Alphenaer,dejongcheese.nl,geraden en bevestigd,Medewerker Customer Service met een focus op planning en/of inkoop (40 uur),ja,2026-07-21,Alphen,2,nee,https://nl.linkedin.com/jobs/view/medewerker-customer-service-met-een-focus-op-planning-en-of-inkoop-40-uur-at-dejong-cheese-alphenaer-4440454450,orderverwerking medewerker
Del Monte Corporation,delmontecorporation.com,geraden en bevestigd,Back office medewerker,,2026-08-11,Rotterdam,1,nee,https://nl.linkedin.com/jobs/view/back-office-medewerker-at-del-monte-corporation-4429641720,orderverwerking medewerker
Deloox,deloox.nl,geraden en bevestigd,Customer Care Medewerker,ja,2026-06-04,Eindhoven,1,nee,https://nl.linkedin.com/jobs/view/customer-care-medewerker-at-deloox-4420161438,klantenservice medewerker
DeMarktwijzer,demarktwijzer.nl,geraden en bevestigd,Junior Accountmanager Online Marketing,,2026-09-09,Roermond,1,nee,https://nl.linkedin.com/jobs/view/junior-accountmanager-online-marketing-at-demarktwijzer-4465071039,online marketeer webshop
Den Ouden,ww16.denouden.com,geraden en bevestigd,Medewerker Customer Service,ja,2026-09-07,Schijndel,1,nee,https://nl.linkedin.com/jobs/view/medewerker-customer-service-at-den-ouden-groep-4464314677,klantenservice medewerker
Dentalair,dentalair.nl,geraden en bevestigd,MEDEWERKER WEBSHOP &amp; SUPPORT,ja,2026-09-04,Dordrecht,1,nee,https://nl.linkedin.com/jobs/view/medewerker-webshop-support-at-dentalair-4461970298,webcare medewerker
DentalZorg Tandheelkunde,dentalzorg.nl,geraden en bevestigd,Medewerker Online Marketing,,2025-12-01,Amsterdam,1,nee,https://nl.linkedin.com/jobs/view/medewerker-online-marketing-at-dentalzorg-tandheelkunde-4324997576,webcare medewerker
Deployteq,deployteq.com,geraden en bevestigd,ICT-servicedeskmedewerker,ja,2026-09-01,Ter Heijde,1,nee,https://nl.linkedin.com/jobs/view/ict-servicedeskmedewerker-at-deployteq-4449849329,webcare medewerker
Deponti,deponti.com,geraden en bevestigd,Customer Service Medewerker – 32-40 uur | Oss,ja,2026-07-03,Oss,1,nee,https://nl.linkedin.com/jobs/view/customer-service-medewerker-%E2%80%93-32-40-uur-oss-at-deponti-4433144047,klantenservice medewerker
deSter,dester.com,geraden en bevestigd,Customer Service Representative,ja,2026-08-24,"Hoogstraten, Vlaanderen, België",1,nee,https://be.linkedin.com/jobs/view/customer-service-representative-at-dester-4455885281,klantenservice medewerker
Detailrs,detailrs.nl,geraden en bevestigd,E-commerce &amp; UX Lead,,2026-08-31,Oss,1,nee,https://nl.linkedin.com/jobs/view/e-commerce-ux-lead-at-detailrs-4434440735,online marketeer webshop
DETEC Beveiliging,detec.nl,geraden en bevestigd,Klantenservice medewerker,ja,2025-12-12,Purmerend,1,nee,https://nl.linkedin.com/jobs/view/klantenservice-medewerker-at-detec-beveiliging-4330525254,klantenservice medewerker
DeWarmte,dewarmte.nl,geraden en bevestigd,Customer Experience Manager,ja,2026-09-09,'s-Gravenhage,1,nee,https://nl.linkedin.com/jobs/view/customer-experience-manager-at-dewarmte-4465075329,customer happiness
DFDS,dfds.com,geraden en bevestigd,Logistiek Medewerker,,2026-09-20,Europoort,1,nee,https://nl.linkedin.com/jobs/view/logistiek-medewerker-at-dfds-4441622146,logistiek medewerker webshop
DHL eCommerce Nederland,dhlecommerce.nl,geraden en bevestigd,Sales Support Medewerker,ja,2026-08-12,Utrecht,4,nee,https://nl.linkedin.com/jobs/view/sales-support-medewerker-at-dhl-ecommerce-nederland-4453344942,e-commerce medewerker
DigiSwift,digiswift.nl,geraden en bevestigd,WEBSITEBOUWER,,2026-08-05,Arnhem,1,nee,https://nl.linkedin.com/jobs/view/websitebouwer-at-digiswift-4448945847,content specialist webshop
Digital Newsgroup (DNG),digitalnewsgroup.com,geraden en bevestigd,Linkbuildingspecialist,,2026-08-26,Tilburg,1,nee,https://nl.linkedin.com/jobs/view/linkbuildingspecialist-at-digital-newsgroup-bv-4459177785,webcare medewerker
DNA Services B.V.,dnaservices.nl,geraden en bevestigd,ServiceDesk medewerker,ja,2026-08-21,Hendrik-Ido-Ambacht,1,nee,https://nl.linkedin.com/jobs/view/servicedesk-medewerker-at-dna-services-b-v-4456744810,webcare medewerker
DocMorris,docmorris.de,geraden en bevestigd,Logistics Employee (M/F/D),,2026-09-03,Heerlen,1,nee,https://nl.linkedin.com/jobs/view/logistics-employee-m-f-d-at-docmorris-4300875347,logistiek medewerker webshop
DogSuppy,dogsuppy.com,geraden en bevestigd,Growth Associate,,2026-08-21,Amsterdam,1,ja,https://nl.linkedin.com/jobs/view/growth-associate-at-dogsuppy-4457343940,e-commerce medewerker
DRIIVN,driivn.nl,geraden en bevestigd,Online Marketeer (FT),,2025-08-28,Amsterdam,1,nee,https://nl.linkedin.com/jobs/view/online-marketeer-ft-at-driivn-4302306511,online marketeer webshop
DroneShield,droneshield.com,geraden en bevestigd,Customer Success Manager - EMEA,ja,2026-09-14,Amsterdam,1,nee,https://nl.linkedin.com/jobs/view/customer-success-manager-emea-at-droneshield-4465784581,customer happiness
Drukwerkdeal,drukwerkdeal.nl,geraden en bevestigd,Customer Care Specialist/ Klantenservice medewerker,ja,2026-09-05,Deventer,2,nee,https://nl.linkedin.com/jobs/view/customer-care-specialist-klantenservice-medewerker-at-drukwerkdeal-4435854127,support medewerker webshop
Dutch Jerky,dutchjerky.com,geraden en bevestigd,Customer &amp; Content Guru,,2026-09-18,Mierlo,1,nee,https://nl.linkedin.com/jobs/view/customer-content-guru-at-dutch-jerky-4467862824,content specialist webshop
Dutchwebdesign,dutchwebdesign.nl,geraden en bevestigd,Projectmanager e-commerce,,2026-09-22,Breda,2,nee,https://nl.linkedin.com/jobs/view/projectmanager-e-commerce-at-dutchwebdesign-4470299147,webshop medewerker
Duyvenvoorde,duyvenvoorde.nl,geraden en bevestigd,Logistiek Medewerker VDV Import,,2026-09-02,Naaldwijk,3,nee,https://nl.linkedin.com/jobs/view/logistiek-medewerker-vdv-import-at-duyvenvoorde-4462180866,logistiek medewerker webshop
DYKA Group,dyka.nl,geraden en bevestigd,Baliemedewerker / Magazijnmedewerker | DYKA Eindhoven,,2026-05-22,Eindhoven,2,nee,https://nl.linkedin.com/jobs/view/baliemedewerker-magazijnmedewerker-dyka-eindhoven-at-dyka-group-4414311547,orderverwerking medewerker
Dynamic People B.V. | Amsterdam | The Netherlands,dynamicpeople.nl,geraden en bevestigd,Customer Success Manager,ja,2026-09-14,Amsterdam Area,1,nee,https://nl.linkedin.com/jobs/view/customer-success-manager-at-dynamic-people-4463877500,customer happiness
e-Quest,equest.com,geraden en bevestigd,Servicedeskmedewerker Breedband Helmond,ja,2026-08-04,Helmond,1,nee,https://nl.linkedin.com/jobs/view/servicedeskmedewerker-breedband-helmond-at-e-quest-4449071697,webcare medewerker
Eastman,eastman.com,geraden en bevestigd,Customer Service Representative - Chemical Intermediates - German speaker,ja,2026-09-19,Rotterdam,1,nee,https://nl.linkedin.com/jobs/view/customer-service-representative-chemical-intermediates-german-speaker-at-eastman-4440254476,customer service
ECCO Products,ecco-products.com,geraden en bevestigd,Customer Hero,,2026-08-28,"Oost-Vlaanderen, Vlaanderen, België",2,nee,https://be.linkedin.com/jobs/view/customer-hero-at-ecco-products-4458075324,klantenservice medewerker
Economy,economy.nl,geraden en bevestigd,Online marketeer in Delft,,2026-06-06,Delft,2,nee,https://nl.linkedin.com/jobs/view/online-marketeer-in-delft-at-economy-4432302999,e-commerce medewerker
Eddy Grid,eddygrid.com,geraden en bevestigd,Customer Success Manager - Customer Relations,ja,2026-09-22,"Utrecht, Nederland",2,nee,https://nl.linkedin.com/jobs/view/customer-success-manager-customer-relations-at-eddy-grid-4470261983,customer happiness
EerstelijnsZorg Zoetermeer,eerstelijnszorgzoetermeer.nl,geraden en bevestigd,Servicedeskmedewerker ICT &amp; Facilitaire Dienstverlening (fulltime),ja,2026-08-24,Zoetermeer,1,nee,https://nl.linkedin.com/jobs/view/servicedeskmedewerker-ict-facilitaire-dienstverlening-fulltime-at-eerstelijnszorg-zoetermeer-4455842587,webcare medewerker
Effectory,effectory.com,geraden en bevestigd,Customer Success Manager - Public sector,ja,2026-09-15,Amsterdam,2,nee,https://nl.linkedin.com/jobs/view/customer-success-manager-public-sector-at-effectory-4467761203,customer happiness
Electronic Logistics BV,electronic-logistics.nl,geraden en bevestigd,Magazijnmedewerker middag/avond,,2026-09-01,Zeewolde,1,nee,https://nl.linkedin.com/jobs/view/magazijnmedewerker-middag-avond-at-electronic-logistics-bv-4461738565,logistiek medewerker webshop
Elektramat B.V.,elektramat.nl,geraden en bevestigd,Klantenservice Medewerker,ja,2026-01-22,Almelo,4,nee,https://nl.linkedin.com/jobs/view/klantenservice-medewerker-at-elektramat-b-v-4365287273,e-commerce medewerker
Elektrobode B.V.,elektrobode.nl,geraden en bevestigd,Medewerker klantenservice,ja,2026-09-08,Assen,1,nee,https://nl.linkedin.com/jobs/view/medewerker-klantenservice-at-elektrobode-b-v-4464322167,klantenservice medewerker
Elektrototaalmarkt,elektrototaalmarkt.nl,geraden en bevestigd,Klantenservicemedewerker,ja,2026-09-09,Nistelrode,1,nee,https://nl.linkedin.com/jobs/view/klantenservicemedewerker-at-elektrototaalmarkt-nl-4464498258,support medewerker webshop
Element Logic®,elementlogic.net,geraden en bevestigd,Global Head of Customer Programs,,2026-09-03,Bemmel,1,nee,https://nl.linkedin.com/jobs/view/global-head-of-customer-programs-at-element-logic%C2%AE-4463270811,customer happiness
Elevation Group,elevation.nl,geraden en bevestigd,Administratief Medewerker Inkoop,,2026-09-08,'s-Gravenhage,1,nee,https://nl.linkedin.com/jobs/view/administratief-medewerker-inkoop-at-elevation-group-4464623531,orderverwerking medewerker
Elevation Partners,elevationpartners.nl,geraden en bevestigd,Manager klantsuccessen,ja,2026-08-27,Amersfoort,1,nee,https://nl.linkedin.com/jobs/view/manager-klantsuccessen-at-elevation-partners-4459828399,customer happiness
ELIS,nl.elis.com,geraden en bevestigd,Customer Relations Medewerker,ja,2026-09-17,Schiedam,1,nee,https://nl.linkedin.com/jobs/view/customer-relations-medewerker-at-elis-4465088471,klantenservice medewerker
Endeavour,endeavour.nl,geraden en bevestigd,Medior Allround Online Marketeer,,2026-07-30,Haarlem,1,nee,https://nl.linkedin.com/jobs/view/medior-allround-online-marketeer-at-endeavour-4446747400,webcare medewerker
Energie VanOns,energie.vanons.org,geraden en bevestigd,Medewerker klantenservice,ja,2026-09-17,"Groningen, Nederland",1,nee,https://nl.linkedin.com/jobs/view/medewerker-klantenservice-at-energie-vanons-4468636614,klantenservice medewerker
Entra,entra.nl,geraden en bevestigd,Employé service clients,,2026-09-08,Charleroi en omgeving,1,nee,https://be.linkedin.com/jobs/view/employ%C3%A9-service-clients-at-entra-4451118711,klantenservice medewerker
Equalture,equalture.com,geraden en bevestigd,Customer Success Manager,ja,2026-09-15,Rotterdam,1,nee,https://nl.linkedin.com/jobs/view/customer-success-manager-at-equalture-4467736231,customer happiness
Equinix,equinix.com,geraden en bevestigd,Regional Customer Success Management - Enterprise,,2026-09-21,Amsterdam,1,nee,https://nl.linkedin.com/jobs/view/regional-customer-success-management-enterprise-at-equinix-4467605803,customer happiness
ERIKS Netherlands,eriks.com,geraden en bevestigd,Medewerker Order Service Team,ja,2026-09-22,Alkmaar,1,nee,https://nl.linkedin.com/jobs/view/medewerker-order-service-team-at-eriks-netherlands-4470402866,orderverwerking medewerker
Essity,essity.com,geraden en bevestigd,Customer Facing &amp; Order Management Representative,ja,2026-08-28,Zeist,1,nee,https://nl.linkedin.com/jobs/view/customer-facing-order-management-representative-at-essity-4458075797,klantenservice medewerker
Euro Pizza Products,europizzaproducts.com,geraden en bevestigd,Business Support Medewerker,ja,2026-09-03,Amstelveen,1,nee,https://nl.linkedin.com/jobs/view/business-support-medewerker-at-euro-pizza-products-4462780476,support medewerker webshop
Eurofins,eurofins.com,geraden en bevestigd,Customer Support Medewerker,ja,2026-07-09,Amersfoort,2,nee,https://nl.linkedin.com/jobs/view/customer-support-medewerker-at-eurofins-4438595647,customer service
Europe Cycle Company,europecycle.com,geraden en bevestigd,Klantenservice/Aftersales,,2025-12-03,Aalsmeer,1,nee,https://nl.linkedin.com/jobs/view/klantenservice-aftersales-at-europe-cycle-company-4341551459,klantenservice medewerker
Euroports,euroports.com,geraden en bevestigd,Customer Service Executive,,2026-09-12,"Kallo, Vlaanderen, België",1,nee,https://be.linkedin.com/jobs/view/customer-service-executive-at-euroports-4428044046,klantenservice medewerker
Eve Curls,evecurls.nl,geraden en bevestigd,COO Fast Growing DTC/CPG Brand,,2026-09-21,Nederland,1,nee,https://nl.linkedin.com/jobs/view/coo-fast-growing-dtc-cpg-brand-at-eve-curls-4469911975,webshop beheerder
Evers Kassasystemen bv,evers-kassasystemen.nl,geraden en bevestigd,Junior Support Medewerker,ja,2026-08-27,'s-Hertogenbosch,1,nee,https://nl.linkedin.com/jobs/view/junior-support-medewerker-at-evers-kassasystemen-bv-4457744746,webcare medewerker
Eye Security,eye.security,geraden en bevestigd,Customer Success Manager Netherlands (m/f/x),ja,2026-09-01,Rotterdam and The Hague,2,nee,https://nl.linkedin.com/jobs/view/customer-success-manager-netherlands-m-f-x-at-eye-security-4442097035,customer happiness
Facilicom Groep,facilicom.nl,geraden en bevestigd,Senior Digital Marketeer,,2026-09-18,Schiedam,1,nee,https://nl.linkedin.com/jobs/view/senior-digital-marketeer-at-facilicom-groep-4469172168,webcare medewerker
Farm Frites,farmfrites.com,geraden en bevestigd,Customer Service Medewerker,ja,2026-09-19,"Zuid-Holland, Nederland",1,nee,https://nl.linkedin.com/jobs/view/customer-service-medewerker-at-farm-frites-4441375026,klantenservice medewerker
Fashion Cloud,fashion.cloud,geraden en bevestigd,Product Success Manager - EDI,,2026-08-10,Amsterdam,1,nee,https://nl.linkedin.com/jobs/view/product-success-manager-edi-at-fashion-cloud-4451568032,support medewerker webshop
Felix NL,felix.nl,geraden en bevestigd,Customer Service Representative Belgium &amp; Luxemburg,ja,2026-09-20,Helmond,1,nee,https://nl.linkedin.com/jobs/view/customer-service-representative-belgium-luxemburg-at-felix-nl-4468447647,klantenservice medewerker
Ferdinand Zandbergen B.V.,fzandbergen.nl,geraden en bevestigd,Sales Support Medewerker,ja,2026-09-09,Woudenberg,1,nee,https://nl.linkedin.com/jobs/view/sales-support-medewerker-at-ferdinand-zandbergen-b-v-4465051599,orderverwerking medewerker
Fidus,fidus.nl,geraden en bevestigd,Adviseur Particuliere Verzekeringen,,2026-09-03,Huizen,1,nee,https://nl.linkedin.com/jobs/view/adviseur-particuliere-verzekeringen-at-fidus-4450704441,klantadviseur
finc,finc.com,geraden en bevestigd,Customer Service medewerker,ja,2026-09-10,"Brussel, Brussels Hoofdstedelijk Gewest, België",1,nee,https://be.linkedin.com/jobs/view/customer-service-medewerker-at-finc-4440685861,klantenservice medewerker
Findwhere,findwhere.com,geraden en bevestigd,Growth Marketeer,,2026-09-14,Noordwijk aan Zee,1,nee,https://nl.linkedin.com/jobs/view/growth-marketeer-at-findwhere-4467089736,webcare medewerker
Fine Dining & Living,finediningandliving.eu,geraden en bevestigd,Customer Service Medewerker,ja,2026-09-11,"Geel, Vlaanderen, België",1,nee,https://be.linkedin.com/jobs/view/customer-service-medewerker-at-fine-dining-living-4464847888,klantenservice medewerker
Firma Reinders B.V.,firmareinders.nl,geraden en bevestigd,Coördinator Online Veilingen Hardenberg | Fulltime |,,2026-07-22,Hardenberg,1,nee,https://nl.linkedin.com/jobs/view/co%C3%B6rdinator-online-veilingen-hardenberg-fulltime-at-firma-reinders-b-v-4443197710,webshop beheerder
FITZ,fitz.nl,geraden en bevestigd,Digital Marketing Specialist | Uitstekend Nederlands vereist,,2026-08-31,"Utrecht, Nederland",1,nee,https://nl.linkedin.com/jobs/view/digital-marketing-specialist-uitstekend-nederlands-vereist-at-fitz-4438616024,content specialist webshop
Fixami,fixami.com,geraden en bevestigd,Franse Customer Service Medewerker,ja,2026-07-28,Tilburg,2,nee,https://nl.linkedin.com/jobs/view/franse-customer-service-medewerker-at-fixami-4445449934,support medewerker webshop
Flatline Agency ™️,flatlineagency.com,geraden en bevestigd,Shopify Consultant,,2026-07-28,Amsterdam,5,nee,https://nl.linkedin.com/jobs/view/shopify-consultant-at-flatline-agency-%E2%84%A2%EF%B8%8F-4445412861,support medewerker webshop
Flatpay,flatpay.com,geraden en bevestigd,Customer Support Agent,ja,2026-09-05,Amsterdam,1,nee,https://nl.linkedin.com/jobs/view/customer-support-agent-at-flatpay-4454509382,customer service
Flitsmeister,flitsmeister.nl,geraden en bevestigd,Customer Support Specialist,ja,2026-09-09,Veenendaal,1,nee,https://nl.linkedin.com/jobs/view/customer-support-specialist-at-flitsmeister-4445733076,customer service
Flokk Nederland,flokk.com,geraden en bevestigd,Customer service medewerker Benelux,ja,2026-07-27,Rotterdam,1,nee,https://nl.linkedin.com/jobs/view/customer-service-medewerker-benelux-at-flokk-nederland-4445900924,klantenservice medewerker
FLÂNEUR,flneur.com,geraden en bevestigd,Operations Lead,,2026-07-06,Amsterdam,1,nee,https://nl.linkedin.com/jobs/view/operations-lead-at-fl%C3%A2neur-4437472534,webshop beheerder
Foot Locker,footlocker.nl,geraden en bevestigd,"Associate Manager, Copy",,2026-09-18,Utrecht,1,nee,https://nl.linkedin.com/jobs/view/associate-manager-copy-at-foot-locker-4466689697,content specialist webshop
Forbo Flooring Systems,forbo.com,geraden en bevestigd,Website Specialist,,2026-09-09,Assendelft,1,nee,https://nl.linkedin.com/jobs/view/website-specialist-at-forbo-flooring-systems-4465015139,webshop beheerder
Forbo Group,forbo.nl,geraden en bevestigd,Website Specialist,,2026-09-09,Assendelft,1,nee,https://nl.linkedin.com/jobs/view/website-specialist-at-forbo-group-4465066016,webcare medewerker
Fortezza Groep,fortezza.com,geraden en bevestigd,Servicedesk Medewerker,ja,2026-08-26,Zoetermeer,1,nee,https://nl.linkedin.com/jobs/view/servicedesk-medewerker-at-fortezza-4459307317,webcare medewerker
Foxelli Group,foxelli.com,geraden en bevestigd,Email Marketing Specialist| DTC E-commerce | 100% Remote EU,,2026-07-31,Amsterdam Area,1,nee,https://nl.linkedin.com/jobs/view/email-marketing-specialist-dtc-e-commerce-100%25-remote-eu-at-foxelli-group-4447525692,e-commerce medewerker
Fresh 'n Rebel,freshnrebel.com,geraden en bevestigd,Medewerker Commercial Backoffice Rotterdam HQ 32h-40h,,2026-08-05,Rotterdam,1,ja,https://nl.linkedin.com/jobs/view/medewerker-commercial-backoffice%0Arotterdam-hq%0A32h-40h-at-fresh-n-rebel-4447308836,orderverwerking medewerker
Fresh People,freshpeople.nl,geraden en bevestigd,online merchandiser,,2026-08-31,Zaandam,1,nee,https://nl.linkedin.com/jobs/view/online-merchandiser-at-fresh-people-4461205780,e-commerce medewerker
Funda,funda.nl,geraden en bevestigd,Frontend Developer,,2026-09-17,Amsterdam Area,1,nee,https://nl.linkedin.com/jobs/view/frontend-developer-at-funda-4458164601,webcare medewerker
FuturumShop,futurumshop.nl,geraden en bevestigd,Magazijnmedewerker,,2026-09-11,Apeldoorn,1,nee,https://nl.linkedin.com/jobs/view/magazijnmedewerker-at-futurumshop-4466066163,logistiek medewerker webshop
Fyffes,fyffes.com,geraden en bevestigd,OTC Analyst,,2026-09-03,Rotterdam,1,nee,https://nl.linkedin.com/jobs/view/otc-analyst-at-fyffes-4434988333,orderverwerking medewerker
GANNI,ganni.com,geraden en bevestigd,"Full-time Client Advisor - Runstraat, Amsterdam",,2026-09-18,Amsterdam,2,nee,https://nl.linkedin.com/jobs/view/full-time-client-advisor-runstraat-amsterdam-at-ganni-4440901648,klantadviseur
Garanti BBVA International,garantibbva.com.tr,geraden en bevestigd,Klantcontactadviseur Sparen,ja,2026-05-18,Amsterdam,1,nee,https://nl.linkedin.com/jobs/view/klantcontactadviseur-sparen-at-garanti-bbva-international-4403973280,klantenservice medewerker
GDB Logistics,gdblogistics.com,geraden en bevestigd,Customer Support Specialist,ja,2026-08-10,Alkmaar,1,nee,https://nl.linkedin.com/jobs/view/customer-support-specialist-at-gdb-logistics-4451529684,customer service
Gebeco,gebeco.com,geraden en bevestigd,Mitarbeiter/in (m/w/d) Gebeco Service - Team / auch als Quereinsteiger/in,,2026-07-29,"Kiel, Vlaanderen, België",1,nee,https://be.linkedin.com/jobs/view/mitarbeiter-in-m-w-d-gebeco-service-team-auch-als-quereinsteiger-in-at-gebeco-4446038916,klantenservice medewerker
Gemeente Ede,gemeenteede.nl,geraden en bevestigd,Contentspecialist,,2026-09-22,Ede,1,nee,https://nl.linkedin.com/jobs/view/contentspecialist-at-gemeente-ede-4468591530,content specialist webshop
Gemeente Krimpenerwaard,gemeentekrimpenerwaard.nl,geraden en bevestigd,Medewerker Klantcontact,ja,2026-09-17,Bergambacht,1,nee,https://nl.linkedin.com/jobs/view/medewerker-klantcontact-at-gemeente-krimpenerwaard-4468643620,klantenservice medewerker
Genesys,genesys.nl,geraden en bevestigd,Customer Success Director,,2026-07-16,Amsterdam Area,1,nee,https://nl.linkedin.com/jobs/view/customer-success-director-at-genesys-4436073958,customer happiness
GENUINE,genuine.com,geraden en bevestigd,Growth Manager TikTok Shop - Netherlands (m/f/d),,2026-09-04,Arnhem,1,nee,https://nl.linkedin.com/jobs/view/growth-manager-tiktok-shop-netherlands-m-f-d-at-genuine-4461147732,online marketeer webshop
Geotab,geotab.com,geraden en bevestigd,SMB Senior Customer Success Manager (CSM) Netherlands,ja,2026-09-18,Amsterdam,1,nee,https://nl.linkedin.com/jobs/view/smb-senior-customer-success-manager-csm-netherlands-at-geotab-4467845183,customer happiness
Get-e,gete.nl,geraden en bevestigd,Client Relationship Manager,,2026-09-10,Hoofddorp,1,nee,https://nl.linkedin.com/jobs/view/client-relationship-manager-at-get-e-4465648005,customer happiness
Giga Meubel,gigameubel.nl,geraden en bevestigd,Klantenservice medewerker 32-40 uur,ja,2026-09-08,Barneveld,2,nee,https://nl.linkedin.com/jobs/view/klantenservice-medewerker-32-40-uur-at-giga-meubel-4462523800,klantenservice medewerker
Glanbia,glanbia.com,geraden en bevestigd,eCommerce Manager,,2026-09-01,Amsterdam,1,nee,https://nl.linkedin.com/jobs/view/ecommerce-manager-at-glanbia-4461710019,webshop beheerder
Globus Medical,globusmedical.com,geraden en bevestigd,Sr Customer Service Representative,ja,2025-06-10,Brunssum,2,nee,https://nl.linkedin.com/jobs/view/sr-customer-service-representative-at-globus-medical-4245482430,klantenservice medewerker
Go Dutch Label,go-dutch-label.nl,geraden en bevestigd,Buying &amp; Product Coordinator,,2026-09-22,'s-Hertogenbosch,1,nee,https://nl.linkedin.com/jobs/view/buying-product-coordinator-at-go-dutch-label-4470287757,webshop beheerder
GO! Express & Logistics,goexpresslogistics.com,geraden en bevestigd,Customer Service Agent (40 uur),ja,2026-09-08,Veenendaal,1,nee,https://nl.linkedin.com/jobs/view/customer-service-agent-40-uur-at-go%21-express-logistics-4462293610,klantenservice medewerker
GoDutch,godutch.com,geraden en bevestigd,Customer Operations Agent,ja,2026-01-13,Amsterdam,1,nee,https://nl.linkedin.com/jobs/view/customer-operations-agent-at-godutch-4354448067,klantenservice medewerker
GoedGepickt Webwinkel Magazijnsoftware,goedgepickt.nl,geraden en bevestigd,Customer Success &amp; Support Specialist,ja,2026-07-02,Etten-Leur,1,nee,https://nl.linkedin.com/jobs/view/customer-success-support-specialist-at-goedgepickt-webwinkel-magazijnsoftware-4435018603,customer happiness
Golazo Events NL,golazo.com,geraden en bevestigd,Medewerker Marketing &amp; Communicatie,,2026-09-15,Rotterdam,1,nee,https://nl.linkedin.com/jobs/view/medewerker-marketing-communicatie-at-golazo-events-nl-4467716463,content specialist webshop
Goldbergh,goldbergh.com,geraden en bevestigd,Email &amp; CRM Marketeer,,2026-08-27,Amsterdam,1,nee,https://nl.linkedin.com/jobs/view/email-crm-marketeer-at-goldbergh-4459803918,e-commerce medewerker
GoodHabitz,goodhabitz.com,geraden en bevestigd,Content and Campaigns Specialist,,2026-09-14,'s-Hertogenbosch,4,nee,https://nl.linkedin.com/jobs/view/content-and-campaigns-specialist-at-goodhabitz-4467499135,content specialist webshop
GoSpooky,gospooky.com,geraden en bevestigd,Social Commerce Account Lead,,2026-09-15,Amsterdam,3,nee,https://nl.linkedin.com/jobs/view/social-commerce-account-lead-at-gospooky-4465599038,online marketeer webshop
Green Qube Services,greenqubeservices.com,geraden en bevestigd,Warehouse Associate,,2026-09-21,Drunen,1,nee,https://nl.linkedin.com/jobs/view/warehouse-associate-at-green-qube-services-4469910481,logistiek medewerker webshop
Greenchoice,greenchoice.nl,geraden en bevestigd,Medewerker Klantenservice Zakelijk,ja,2026-09-07,Nijmegen,3,nee,https://nl.linkedin.com/jobs/view/medewerker-klantenservice-zakelijk-at-greenchoice-4464371525,klantenservice medewerker
Greener Power Solutions,greenerpowersolutions.com,geraden en bevestigd,Content Specialist,,2026-08-31,Amsterdam Area,2,nee,https://nl.linkedin.com/jobs/view/content-specialist-at-greener-power-solutions-4461084883,content specialist webshop
GreenV,greenv.com,geraden en bevestigd,Logistiek / Magazijn Medewerker | Fulltime | Wateringen,,2026-05-07,Wateringen,1,nee,https://nl.linkedin.com/jobs/view/logistiek-magazijn-medewerker-fulltime-wateringen-at-greenv-4420932423,logistiek medewerker webshop
Greyt,greyt.nl,geraden en bevestigd,Digital (Content) Marketeer,,2026-09-02,Rotterdam,1,nee,https://nl.linkedin.com/jobs/view/digital-content-marketeer-at-greyt-4462180528,content specialist webshop
Growth Team,growth-team.nl,geraden en bevestigd,Growth Marketeer Medior (32-40 uur),,2026-08-18,Lelystad,1,nee,https://nl.linkedin.com/jobs/view/growth-marketeer-medior-32-40-uur-at-growth-team-4455920796,content specialist webshop
Grozette BV,grozette.com,geraden en bevestigd,Medewerker Binnendienst,,2026-07-30,Woerden,1,nee,https://nl.linkedin.com/jobs/view/medewerker-binnendienst-at-grozette-bv-4446568559,orderverwerking medewerker
GTE,gte-shop.com,geraden en bevestigd,Senior AI-Native Shopify Developer,,2026-09-10,Nieuwegein,14,nee,https://nl.linkedin.com/jobs/view/senior-ai-native-shopify-developer-at-gte-4464587173,webshop beheerder
HabitasConnects,habitasconnects.nl,geraden en bevestigd,Senior E-commerce &amp; Marketplace Medewerker | 24-32 uur | Oud-Beijerland,,2026-09-14,Oud-Beijerland,1,nee,https://nl.linkedin.com/jobs/view/senior-e-commerce-marketplace-medewerker-24-32-uur-oud-beijerland-at-habitasconnects-4465220223,e-commerce medewerker
Hager Nederland,hager.com,geraden en bevestigd,Medewerker Ordermanagement,ja,2026-09-11,'s-Hertogenbosch,1,nee,https://nl.linkedin.com/jobs/view/medewerker-ordermanagement-at-hager-netherlands-4466042094,orderverwerking medewerker
Hammer IT Services B.V.,hammerit.nl,geraden en bevestigd,Allround Medewerker IT &amp; Klantenservice,ja,2026-08-26,Zevenaar,1,nee,https://nl.linkedin.com/jobs/view/allround-medewerker-it-klantenservice-at-hammer-it-services-b-v-4459328254,webcare medewerker
Handpicked,handpicked.com,geraden en bevestigd,Open sollicitatie - Handpicked,,2024-11-26,Eindhoven,2,nee,https://nl.linkedin.com/jobs/view/open-sollicitatie-handpicked-at-handpicked-4085645237,online marketeer webshop
Happy Hair Service,happyhairservice.nl,geraden en bevestigd,E-commerce &amp; Content Specialist,,2026-09-15,Berkel en Rodenrijs,1,nee,https://nl.linkedin.com/jobs/view/e-commerce-content-specialist-at-happy-hair-service-4467753157,webcare medewerker
Happy Horizon,happyhorizon.com,geraden en bevestigd,Digital Project Manager,,2026-07-24,Eindhoven,1,nee,https://nl.linkedin.com/jobs/view/digital-project-manager-at-happy-horizon-4455749464,webshop beheerder
Happy On Web B.V.,happyonweb.nl,geraden en bevestigd,Fulltime Klantenservice &amp; Webshop medewerker Eindhoven,ja,2026-08-05,Eindhoven Area,1,nee,https://nl.linkedin.com/jobs/view/fulltime-klantenservice-webshop-medewerker-eindhoven-at-happy-on-web-b-v-4449629126,e-commerce medewerker
Harmony Auto Netherlands,harmonyauto.com,geraden en bevestigd,Sales Consultant,,2026-09-11,Rotterdam,1,nee,https://nl.linkedin.com/jobs/view/sales-consultant-at-harmony-auto-netherlands-4466090723,klantadviseur
Hart Beach,hartbeach.nl,geraden en bevestigd,Website &amp; Webshop Beheerder,,2026-09-19,'s-Gravenhage,1,nee,https://nl.linkedin.com/jobs/view/website-webshop-beheerder-at-hart-beach-4469525581,webcare medewerker
Haselhoff Groep,haselhoff.nl,geraden en bevestigd,ICT Supportdesk Medewerker 1e en 2e lijns,ja,2026-07-27,Utrecht,1,nee,https://nl.linkedin.com/jobs/view/ict-supportdesk-medewerker-1e-en-2e-lijns-at-haselhoff-groep-4428635483,webcare medewerker
HAVI,havi.com,geraden en bevestigd,Customer Service medewerker,ja,2026-09-10,Amersfoort,1,nee,https://nl.linkedin.com/jobs/view/customer-service-medewerker-at-havi-4428890417,klantenservice medewerker
Haystack People,haystackpeople.nl,geraden en bevestigd,Customer Support Specialist,ja,2026-09-18,Haarlem,3,nee,https://nl.linkedin.com/jobs/view/customer-support-specialist-at-haystack-people-4467860501,customer service
HB17 Werkt,hb17.nl,geraden en bevestigd,Online marketeer,,2026-09-03,Goes,1,nee,https://nl.linkedin.com/jobs/view/online-marketeer-at-hb17-werkt-4434817800,online marketeer webshop
HealthConnected (NL),healthconnected.nl,geraden en bevestigd,Customer Succes Specialist,ja,2026-09-11,Alkmaar,1,nee,https://nl.linkedin.com/jobs/view/customer-succes-specialist-at-healthconnected-nl-4466090452,customer happiness
HeatTransformers,heattransformers.com,geraden en bevestigd,Sales Agent (Commercieel Adviseur),,2026-07-09,Woerden,1,nee,https://nl.linkedin.com/jobs/view/sales-agent-commercieel-adviseur-at-heattransformers-4438607247,klantadviseur
Hedin Automotive NL,hedinautomotive.nl,geraden en bevestigd,Service Support Medewerker BMW en MINI,ja,2026-09-21,Breda,8,nee,https://nl.linkedin.com/jobs/view/service-support-medewerker-bmw-en-mini-at-hedin-automotive-nl-4468761964,klantadviseur
HelloFresh,hellofresh.nl,geraden en bevestigd,Junior Content Marketing specialist (f/m/x),,2026-09-16,Amsterdam,1,nee,https://nl.linkedin.com/jobs/view/junior-content-marketing-specialist-f-m-x-at-hellofresh-4468251961,content specialist webshop
Hems B.V.,hems.nl,geraden en bevestigd,Meewerkend voorman/Orderpicker Expeditie nacht,,2026-07-20,Doetinchem,1,nee,https://nl.linkedin.com/jobs/view/meewerkend-voorman-orderpicker-expeditie-nacht-at-hems-b-v-4442557709,orderverwerking
Hemubo,hemubo.nl,geraden en bevestigd,Support medewerker ICT,ja,2026-09-17,Almere,1,nee,https://nl.linkedin.com/jobs/view/support-medewerker-ict-at-hemubo-4457974171,webcare medewerker
Herbalife,herbalife.com,geraden en bevestigd,Customer Service Representative with English and Dutch - Netherlands and Belgium,ja,2026-09-04,Utrecht,1,nee,https://nl.linkedin.com/jobs/view/customer-service-representative-with-english-and-dutch-netherlands-and-belgium-at-herbalife-4434132710,klantenservice medewerker
Hermès,hermsbv.nl,geraden en bevestigd,"Client Relations Agent (Fluent in Dutch, French and English)",,2026-09-05,"Cimetière de Bruxelles, België",5,nee,https://be.linkedin.com/jobs/view/client-relations-agent-fluent-in-dutch-french-and-english-at-herm%C3%A8s-4434640210,klantenservice medewerker
Het Notarieel,hetnotarieel.nl,geraden en bevestigd,Frontoffice medewerker,,2026-08-31,Zwolle,1,nee,https://nl.linkedin.com/jobs/view/frontoffice-medewerker-at-het-notarieel-4461094787,webcare medewerker
HiBob,hibob.com,geraden en bevestigd,Dutch speaking Enterprise Customer Success Manager,ja,2026-09-22,Amsterdam,1,nee,https://nl.linkedin.com/jobs/view/dutch-speaking-enterprise-customer-success-manager-at-hibob-4470298188,customer happiness
Hilti Nederland BV,hilti.nl,geraden en bevestigd,Customer Service Agent,ja,2026-07-07,Berkel en Rodenrijs,1,nee,https://nl.linkedin.com/jobs/view/customer-service-agent-at-hilti-nederland-bv-4432261574,customer service
Hofweb,hofweb.nl,geraden en bevestigd,Coördinator Orderpick,ja,2026-09-11,Biddinghuizen,1,nee,https://nl.linkedin.com/jobs/view/co%C3%B6rdinator-orderpick-at-hofweb-4466048349,orderverwerking
Holmen,holmen.com,geraden en bevestigd,Customer Service employee DACH,,2026-09-21,Amsterdam,1,nee,https://nl.linkedin.com/jobs/view/customer-service-employee-dach-at-holmen-4458134943,klantenservice medewerker
Hoppenbrouwers,hoppenbrouwers.nl,geraden en bevestigd,Functioneel Beheerder SharePoint en Teams,,2026-05-04,Udenhout,1,nee,https://nl.linkedin.com/jobs/view/functioneel-beheerder-sharepoint-en-teams-at-hoppenbrouwers-4410035669,webshop beheerder
Hostnet,hostnet.nl,geraden en bevestigd,Customer Success Representative,ja,2026-09-17,Amsterdam,2,nee,https://nl.linkedin.com/jobs/view/customer-success-representative-at-hostnet-bv-4456027234,customer happiness
Hotelprofessionals,hotelprofessionals.nl,geraden en bevestigd,Guest Service Agent,ja,2026-09-21,Amsterdam,19,nee,https://nl.linkedin.com/jobs/view/guest-service-agent-at-hotelprofessionals-4468781335,customer service
HousApp,housapp.com,geraden en bevestigd,Customer Success Manager,ja,2026-06-01,Amsterdam,1,nee,https://nl.linkedin.com/jobs/view/customer-success-manager-at-housapp-4421803765,customer happiness
Houthoff,houthoff.com,geraden en bevestigd,Marketing- &amp; Communicatiemedewerker,,2026-09-01,Amsterdam,1,nee,https://nl.linkedin.com/jobs/view/marketing-communicatiemedewerker-at-houthoff-4461708868,webcare medewerker
Hubo,hubo.nl,geraden en bevestigd,Campagne &amp; Content Marketeer,,2026-07-10,Amersfoort,1,nee,https://nl.linkedin.com/jobs/view/campagne-content-marketeer-at-hubo-4438329167,online marketeer webshop
HUGO BOSS,hugoboss.com,geraden en bevestigd,Service &amp; Process Assistant - Commercial Operations (m/f) I Fulltime (40h),,2026-09-04,Amsterdam Area,1,nee,https://nl.linkedin.com/jobs/view/service-process-assistant-commercial-operations-m-f-i-fulltime-40h-at-hugo-boss-4461195761,e-commerce medewerker
HumanTotalCare,humantotalcare.nl,geraden en bevestigd,Content specialist,,2026-09-08,Utrecht,1,nee,https://nl.linkedin.com/jobs/view/content-specialist-at-humantotalcare-4463295757,content specialist webshop
"Hunter Douglas, Inc.",hunterdouglasarchitectural.eu,geraden en bevestigd,Customer Service Representative,ja,2026-09-17,Boxtel,1,nee,https://nl.linkedin.com/jobs/view/customer-service-representative-at-hunter-douglas-inc-4439193599,klantenservice medewerker
Huren.nl,huren.nl,geraden en bevestigd,Customer Success Manager,ja,2023-07-20,Utrecht,1,nee,https://nl.linkedin.com/jobs/view/customer-success-manager-at-huren-nl-3668383586,webshop beheerder
Icetubs,icetubs.com,geraden en bevestigd,Webflow &amp; Shopify Developer,,2026-07-13,Amsterdam-West,1,nee,https://nl.linkedin.com/jobs/view/webflow-shopify-developer-at-icetubs-4440044522,webcare medewerker
ID-ware,id-ware.com,geraden en bevestigd,Logistiek Medewerker,,2026-09-14,Den Haag,1,nee,https://nl.linkedin.com/jobs/view/logistiek-medewerker-at-id-ware-4464773907,orderverwerking medewerker
IFF,iff-shop.com,geraden en bevestigd,Logistiek Medewerker Shipping,,2026-09-17,Tilburg,1,nee,https://nl.linkedin.com/jobs/view/logistiek-medewerker-shipping-at-iff-4459666630,logistiek medewerker webshop
IGM,igm.nl,geraden en bevestigd,Contentcoördinator,,2026-09-08,Geldermalsen,1,nee,https://nl.linkedin.com/jobs/view/contentco%C3%B6rdinator-at-igm-4439418323,content specialist webshop
Ignite,ignite.nl,geraden en bevestigd,Czech &amp; Polish Speaking Customer Support Representative (Hybrid),ja,2026-09-21,"Gent, Vlaanderen, België",2,nee,https://be.linkedin.com/jobs/view/czech-polish-speaking-customer-support-representative-hybrid-at-ignite-4468477939,klantenservice medewerker
IGO Promo NL,igopromo.nl,geraden en bevestigd,Customer Service Medewerker,ja,2026-06-04,Helmond,1,nee,https://nl.linkedin.com/jobs/view/customer-service-medewerker-at-igo-promo-4393526741,klantenservice medewerker
Impact Group,impact.nl,geraden en bevestigd,Customer Service Medewerker,ja,2026-06-17,Oss,1,nee,https://nl.linkedin.com/jobs/view/customer-service-medewerker-at-impact-group-4428767212,orderverwerking medewerker
Impermo,impermo.nl,geraden en bevestigd,Customer Care Professional,ja,2026-09-10,"Sint-Truiden, Vlaanderen, België",1,nee,https://be.linkedin.com/jobs/view/customer-care-professional-at-impermo-4465809198,klantenservice medewerker
Incision,incision.nl,geraden en bevestigd,Customer Success Manager – Benelux,ja,2026-09-14,Amsterdam,1,nee,https://nl.linkedin.com/jobs/view/customer-success-manager-%E2%80%93-benelux-at-incision-4438340131,customer happiness
Infento,infento.com,geraden en bevestigd,❤️✨ Online Marketeer / Growth Hacker for World's Coolest Toy Company! 🛴🚀,,2026-04-10,Amsterdam,1,nee,https://nl.linkedin.com/jobs/view/%E2%9D%A4%EF%B8%8F%E2%9C%A8-online-marketeer-growth-hacker-for-world-s-coolest-toy-company%21-%F0%9F%9B%B4%F0%9F%9A%80-at-infento-4399005602,online marketeer webshop
Inizio Engage,inizioengage.com,geraden en bevestigd,Customer Service Representative (Hybrid),ja,2026-08-26,"Vlaanderen, België",1,nee,https://be.linkedin.com/jobs/view/customer-service-representative-hybrid-at-inizio-engage-4435846179,klantenservice medewerker
Inktweb.nl,inktweb.nl,geraden en bevestigd,Customer Support,,2026-08-07,Alkmaar,7,nee,https://nl.linkedin.com/jobs/view/customer-support-at-inktweb-nl-4450703072,klantenservice medewerker
Innomotion,innomotion.eu,geraden en bevestigd,Coördinator binnendienst,,2026-08-28,Varsseveld,1,nee,https://nl.linkedin.com/jobs/view/co%C3%B6rdinator-binnendienst-at-innomotion-4460347043,orderverwerking medewerker
InShared,inshared.nl,geraden en bevestigd,Web Analytics Specialist,,2026-07-27,Leusden,1,nee,https://nl.linkedin.com/jobs/view/web-analytics-specialist-at-inshared-4445943002,webcare medewerker
Insify,insify.nl,geraden en bevestigd,Customer Support Specialist,ja,2026-09-14,Amsterdam,1,nee,https://nl.linkedin.com/jobs/view/customer-support-specialist-at-insify-4371506602,klantenservice medewerker
Insight,insight.nl,geraden en bevestigd,Client Operations Specialist,,2026-09-16,Apeldoorn,1,nee,https://nl.linkedin.com/jobs/view/client-operations-specialist-at-insight-4450141051,orderverwerking medewerker
Instabee,instabee.com,geraden en bevestigd,Partner Success Associate,,2026-09-04,Amsterdam,1,nee,https://nl.linkedin.com/jobs/view/partner-success-associate-at-instabee-4462320033,e-commerce medewerker
Intergamma,intergamma.nl,geraden en bevestigd,Frontend ontwikkelaar,,2026-08-24,Leusden,1,nee,https://nl.linkedin.com/jobs/view/frontend-ontwikkelaar-at-intergamma-4419813509,webcare medewerker
Interieurwereld van de Belt,interieurwereld.nl,geraden en bevestigd,Verkoopmedewerker diverse afdelingen,,2026-09-21,Meppel,1,nee,https://nl.linkedin.com/jobs/view/verkoopmedewerker-diverse-afdelingen-at-interieurwereld-van-de-belt-4468770119,webshop medewerker
Intermontage,intermontage.nl,geraden en bevestigd,Marketingspecialist,,2026-06-20,Terwolde,1,nee,https://nl.linkedin.com/jobs/view/marketingspecialist-at-intermontage-bv-wanden-maatwerk-plafonds-4440980249,content specialist webshop
INTERSPORT Group,intersport.nl,geraden en bevestigd,E-COM Content Activation Manager,,2026-09-22,Amsterdam Area,1,nee,https://nl.linkedin.com/jobs/view/e-com-content-activation-manager-at-intersport-group-4463863265,content specialist webshop
Intralox,intralox.com,geraden en bevestigd,Customer Service Account Representative - Danish speaking,ja,2026-09-21,Hoofddorp,3,nee,https://nl.linkedin.com/jobs/view/customer-service-account-representative-danish-speaking-at-intralox-4463385139,customer happiness
Inventus,inventus.nl,geraden en bevestigd,Online Marketeer Medior – Senior,,2025-05-14,Hengelo,1,nee,https://nl.linkedin.com/jobs/view/online-marketeer-medior-%E2%80%93-senior-at-inventus-4229800696,online marketeer webshop
Invorderingsbedrijf,invorderingsbedrijf.nl,geraden en bevestigd,Klantenservice Medewerker,ja,2026-07-13,Den Haag,1,nee,https://nl.linkedin.com/jobs/view/klantenservice-medewerker-at-invorderingsbedrijf-4440044391,klantenservice medewerker
InVue,invue.com,geraden en bevestigd,Customer Support Specialist - German Speaking,ja,2026-09-04,Hoofddorp,1,nee,https://nl.linkedin.com/jobs/view/customer-support-specialist-german-speaking-at-invue-4453255708,customer service
iSpeedToLead,ispeedtolead.com,geraden en bevestigd,Customer Success Manager,ja,2026-09-01,Amsterdam,1,nee,https://nl.linkedin.com/jobs/view/customer-success-manager-at-ispeedtolead-4462031875,customer happiness
ista Nederland,ista.com,geraden en bevestigd,Klantenservicemedewerker,ja,2026-09-16,Schiedam,1,nee,https://nl.linkedin.com/jobs/view/klantenservicemedewerker-at-ista-nederland-b-v-4468276179,klantenservice medewerker
IT-Wizzard,itwizzard.com,geraden en bevestigd,Eerstelijns support medewerker ICT,ja,2026-09-15,Harlingen,1,nee,https://nl.linkedin.com/jobs/view/eerstelijns-support-medewerker-ict-at-it-wizzard-4467471105,webcare medewerker
Itility,itility.nl,geraden en bevestigd,Technical Content Specialist,,2026-09-16,Eindhoven,1,nee,https://nl.linkedin.com/jobs/view/technical-content-specialist-at-itility-4449007948,content specialist webshop
Jan Zandbergen Group,janzandbergen.nl,geraden en bevestigd,Online Marketeer The Meatlovers,,2026-09-06,Veenendaal,1,nee,https://nl.linkedin.com/jobs/view/online-marketeer-the-meatlovers-at-jan-zandbergen-group-4408501017,online marketeer webshop
Jansen Totaal Wonen,jansentotaalwonen.nl,geraden en bevestigd,Orderverwerker keukens,,2026-06-02,Huissen,1,nee,https://nl.linkedin.com/jobs/view/orderverwerker-keukens-at-jansen-totaal-wonen-b-v-4422362748,orderverwerking medewerker
JBT Marel,jbtmarel.com,geraden en bevestigd,"Coordinator, Customer Support",ja,2026-09-10,Boxmeer,1,nee,https://nl.linkedin.com/jobs/view/coordinator-customer-support-at-jbt-marel-4444144373,customer service
JD.COM,global.jd.com,geraden en bevestigd,Customer Service Specialist,ja,2026-09-22,Rotterdam and The Hague,2,nee,https://nl.linkedin.com/jobs/view/customer-service-specialist-at-jd-com-4414673937,klantenservice medewerker
Jobgether,jobgether.com,geraden en bevestigd,Customer Care Poker Specialist,ja,2026-09-22,Nederland,5,nee,https://nl.linkedin.com/jobs/view/customer-care-poker-specialist-at-jobgether-4468543207,customer happiness
Jobloom,jobloom.com,geraden en bevestigd,Customer care,,2026-06-26,"Waver, Wallonië, België",1,nee,https://be.linkedin.com/jobs/view/customer-care-at-jobloom-4433818529,klantenservice medewerker
JOBR.,jobr.nl,geraden en bevestigd,Commercieel medewerker,,2026-09-14,Nijmegen,1,nee,https://nl.linkedin.com/jobs/view/commercieel-medewerker-at-jobr-4467034776,orderverwerking medewerker
Joerns Healthcare bv,joerns.nl,geraden en bevestigd,Klantadviseur Zorghulpmiddelen,ja,2026-09-14,Houten,3,nee,https://nl.linkedin.com/jobs/view/klantadviseur-zorghulpmiddelen-at-joerns-healthcare-bv-4467060921,klantadviseur
Johnson Controls,johnsoncontrols.nl,geraden en bevestigd,Customer Service Employee,,2026-09-12,Enschede,1,nee,https://nl.linkedin.com/jobs/view/customer-service-employee-at-johnson-controls-4464268348,klantenservice medewerker
JouwWeb,jouwweb.nl,geraden en bevestigd,Customer Support Employee - Evening Shifts,,2026-09-18,Eindhoven,2,nee,https://nl.linkedin.com/jobs/view/customer-support-employee-evening-shifts-at-jouwweb-4469189594,webcare medewerker
Joybuy,joybuy.nl,geraden en bevestigd,Category Manager-3C,,2026-08-31,Rotterdam,1,nee,https://nl.linkedin.com/jobs/view/category-manager-3c-at-joybuy-4459217559,webshop beheerder
JR286,jr286.com,geraden en bevestigd,Customer Service Representative (International Sales),ja,2026-09-08,Hilversum,1,nee,https://nl.linkedin.com/jobs/view/customer-service-representative-international-sales-at-jr286-4458671910,klantenservice medewerker
Just Russel,justrussel.nl,geraden en bevestigd,Customer support hero FR,,2026-08-07,"Deinze, Vlaanderen, België",1,nee,https://be.linkedin.com/jobs/view/customer-support-hero-fr-at-just-russel-4461723905,klantenservice medewerker
Justus People,justuspeople.nl,geraden en bevestigd,Customer Care Representative,ja,2026-09-14,Badhoevedorp,1,nee,https://nl.linkedin.com/jobs/view/customer-care-representative-at-justus-people-4466129270,klantenservice medewerker
Kaliber,kaliber.nl,geraden en bevestigd,Conversion &amp; Growth Specialist,,2026-09-22,Utrecht,2,nee,https://nl.linkedin.com/jobs/view/conversion-growth-specialist-at-kaliber-4470404906,webcare medewerker
Kelvion,kelvion.com,geraden en bevestigd,Manager Order Management,ja,2026-09-17,Doetinchem,2,nee,https://nl.linkedin.com/jobs/view/manager-order-management-at-kelvion-4455758980,orderverwerking
Kemkens,kemkens.nl,geraden en bevestigd,Klantadviseur,ja,2026-07-02,Oss,1,nee,https://nl.linkedin.com/jobs/view/klantadviseur-at-kemkens-4436159337,klantadviseur
KernGezond,kerngezond.nl,geraden en bevestigd,Vacature: Front Office Medewerk(st)er Lelystad – 16u (waarneming),,2026-09-03,Lelystad,1,nee,https://nl.linkedin.com/jobs/view/vacature-front-office-medewerk-st-er-lelystad-%E2%80%93-16u-waarneming-at-kerngezond-4460749394,webcare medewerker
Keter,keter.com,geraden en bevestigd,Specialist eCommerce,,2026-08-24,Rijen,2,nee,https://nl.linkedin.com/jobs/view/specialist-ecommerce-at-keter-4456862711,webcare medewerker
Keywords Studios,keywordsstudios.com,geraden en bevestigd,Customer Success Manager - Video Games - Remote,ja,2026-07-31,Nederland,1,nee,https://nl.linkedin.com/jobs/view/customer-success-manager-video-games-remote-at-keywords-studios-4447524776,customer happiness
"Kibidango, Inc.",kibidango.com,geraden en bevestigd,ECマネージャー,,2026-08-05,Eindhoven,1,nee,https://nl.linkedin.com/jobs/view/ec%E3%83%9E%E3%83%8D%E3%83%BC%E3%82%B8%E3%83%A3%E3%83%BC-at-kibidango-inc-4447370247,e-commerce medewerker
KickSo,kickso.nl,geraden en bevestigd,SENIOR E-COMMERCE STRATEEG,,2026-05-18,Breda,2,nee,https://nl.linkedin.com/jobs/view/senior-e-commerce-strateeg-at-kickso-4416271656,online marketeer webshop
Kidde Global Solutions,kiddeglobalsolutions.com,geraden en bevestigd,Commercieel Medewerker Binnendienst,,2026-09-17,Weert,2,nee,https://nl.linkedin.com/jobs/view/commercieel-medewerker-binnendienst-at-kidde-global-solutions-4429855462,orderverwerking medewerker
Klap verzekeringsmakelaar,klap.com,geraden en bevestigd,Verzekeringsadviseur,,2026-09-08,Amstelveen,1,nee,https://nl.linkedin.com/jobs/view/verzekeringsadviseur-at-klap-insurance-brokers-4462299442,klantadviseur
KLG Europe,klgeurope.com,geraden en bevestigd,Key Account Representative,,2026-09-18,Venlo,3,nee,https://nl.linkedin.com/jobs/view/key-account-representative-at-klg-europe-4469147865,klantadviseur
Knivesandtools,knivesandtools.nl,geraden en bevestigd,Klantenservice medewerker e-commerce Apeldoorn (32-40 uur),ja,2026-07-17,Apeldoorn,3,nee,https://nl.linkedin.com/jobs/view/klantenservice-medewerker-e-commerce-apeldoorn-32-40-uur-at-knivesandtools-4441984192,klantenservice medewerker
KONE,kone.nl,geraden en bevestigd,Customer Service Agent (KDB),ja,2026-09-02,Arnhem,7,nee,https://nl.linkedin.com/jobs/view/customer-service-agent-kdb-at-kone-4434478590,klantenservice medewerker
Koopman International B.V.,koopman.nl,geraden en bevestigd,Magazijnmedewerker Amsterdam,,2026-07-09,Amsterdam,2,nee,https://nl.linkedin.com/jobs/view/magazijnmedewerker-amsterdam-at-koopman-international-b-v-4438626771,logistiek medewerker webshop
KSB Company,ksb.com:443,geraden en bevestigd,Customer Service Representative,ja,2026-05-14,"Waver, Wallonië, België",1,nee,https://be.linkedin.com/jobs/view/customer-service-representative-at-ksb-company-4411515928,klantenservice medewerker
Kwantum,kwantum.nl,geraden en bevestigd,Klantenservice medewerker (Chat),ja,2026-08-25,Tilburg,4,nee,https://nl.linkedin.com/jobs/view/klantenservice-medewerker-chat-at-kwantum-4445969347,support medewerker webshop
La Souris,lasouris.com,geraden en bevestigd,Customer Succes Medewerker Antwerpen,ja,2026-09-04,"Antwerpen, Vlaanderen, België",3,nee,https://be.linkedin.com/jobs/view/customer-succes-medewerker-antwerpen-at-la-souris-4463371588,klantenservice medewerker
Lamb Weston EMEA,lambweston.eu,geraden en bevestigd,Logistiek Medewerker,,2026-07-21,Kruiningen,1,nee,https://nl.linkedin.com/jobs/view/logistiek-medewerker-at-lamb-weston-emea-4402937978,logistiek medewerker webshop
Landal,landal.nl,geraden en bevestigd,Content Specialist,,2026-07-30,Amsterdam,1,nee,https://nl.linkedin.com/jobs/view/content-specialist-at-landal-4447061366,content specialist webshop
Lead Today,leadtoday.nl,geraden en bevestigd,Content Marketeer,,2026-07-10,Rotterdam,1,nee,https://nl.linkedin.com/jobs/view/content-marketeer-at-lead-today-4438335013,content specialist webshop
Ledhandel24.nl,ledhandel24.nl,geraden en bevestigd,Klantenservice medewerker (24 uur),ja,2026-08-05,Ter Apel,1,nee,https://nl.linkedin.com/jobs/view/klantenservice-medewerker-24-uur-at-ledhandel24-nl-4449477460,support medewerker webshop
Leen Bakker,leenbakker.nl,geraden en bevestigd,Meewerkstage E-commerce bij Kwantum,,2026-09-15,Tilburg,3,nee,https://nl.linkedin.com/jobs/view/meewerkstage-e-commerce-bij-kwantum-at-leen-bakker-4466954750,webshop beheerder
Lekkerland Nederland B.V.,lekkerland.nl,geraden en bevestigd,Webanalist,,2026-09-18,Son en Breugel,1,nee,https://nl.linkedin.com/jobs/view/webanalist-at-lekkerland-nederland-b-v-4469128135,webcare medewerker
Lely,lely.com,geraden en bevestigd,Manager Lely Store,,2026-09-03,Maassluis,1,nee,https://nl.linkedin.com/jobs/view/manager-lely-store-at-lely-4462897549,webshop beheerder
LG Electronics Benelux - Life's Good,lgelectronics.nl,geraden en bevestigd,Medewerker Salesondersteuning,,2026-08-26,Amstelveen,1,nee,https://nl.linkedin.com/jobs/view/medewerker-salesondersteuning-at-lg-electronics-benelux-4457265943,orderverwerking medewerker
Lidl Nederland,lidl.nl,geraden en bevestigd,Orderpicker distributioncenter Almere.,,2026-09-17,Almere,11,nee,https://nl.linkedin.com/jobs/view/orderpicker-distributioncenter-almere-at-lidl-nederland-4467186332,logistiek medewerker webshop
LifeGoods Group,lifegoods.nl,geraden en bevestigd,Marketplace Manager Bol,,2026-09-08,Almere,1,nee,https://nl.linkedin.com/jobs/view/marketplace-manager-bol-at-lifegoods-group-4464466402,e-commerce medewerker
Little Dutch,little-dutch.com,geraden en bevestigd,Digitaal ontwerper,,2026-09-08,Berkel en Rodenrijs,1,nee,https://nl.linkedin.com/jobs/view/digitaal-ontwerper-at-little-dutch-4463258174,support medewerker webshop
LIZY,lizy.nl,geraden en bevestigd,Customer Care Associate,,2026-08-12,"Brussel, Brussels Hoofdstedelijk Gewest, België",1,nee,https://be.linkedin.com/jobs/view/customer-care-associate-at-lizy-4448018613,klantenservice medewerker
Longchamp,longchamp.com,geraden en bevestigd,Sales Advisor,,2026-09-03,Amsterdam,1,nee,https://nl.linkedin.com/jobs/view/sales-advisor-at-longchamp-4462784881,klantadviseur
Loodgieters Veenstra,loodgieters-veenstra.nl,geraden en bevestigd,Vacature: SEO Specialist Tiel,,2026-09-02,Tiel,1,nee,https://nl.linkedin.com/jobs/view/vacature-seo-specialist-tiel-at-loodgieters-veenstra-4460976113,content specialist webshop
Loods 5,loods5.nl,geraden en bevestigd,Magazijnmedewerker / Logistiek medewerker - Loods 5 Halfweg,,2026-07-21,Halfweg,1,nee,https://nl.linkedin.com/jobs/view/magazijnmedewerker-logistiek-medewerker-loods-5-halfweg-at-loods-5-4440412118,logistiek medewerker webshop
Lucid Motors,lucidmotors.com:443,geraden en bevestigd,Customer Care Representative – German Speaking,ja,2026-07-13,Amsterdam,1,nee,https://nl.linkedin.com/jobs/view/customer-care-representative-%E2%80%93-german-speaking-at-lucid-motors-4439415412,klantenservice medewerker
Lucid Software,lucid-software.com,geraden en bevestigd,"EMEA Customer Success Manager, Nordic Speaker",ja,2026-09-14,Amsterdam,2,nee,https://nl.linkedin.com/jobs/view/emea-customer-success-manager-nordic-speaker-at-lucid-software-4467251933,customer happiness
LUMZ,lumz.nl,geraden en bevestigd,Commercieel medewerker binnendienst,,2026-07-10,IJsselstein,1,nee,https://nl.linkedin.com/jobs/view/commercieel-medewerker-binnendienst-at-lumz-4439023555,orderverwerking medewerker
Maas-De Koning,maasdekoning.nl,geraden en bevestigd,Medewerker KCC – Telefonie,,2026-09-14,Moordrecht,1,nee,https://nl.linkedin.com/jobs/view/medewerker-kcc-%E2%80%93-telefonie-at-maas-de-koning-4467091310,klantenservice medewerker
MADA Connect,madaconnect.nl,geraden en bevestigd,Medewerker verkoopondersteuning,,2026-09-10,Voorhout,1,nee,https://nl.linkedin.com/jobs/view/medewerker-verkoopondersteuning-at-mada-connect-4465805056,orderverwerking medewerker
Magnet.me,magnet.me,geraden en bevestigd,Customer Success Manager,ja,2026-09-08,Rotterdam,1,nee,https://nl.linkedin.com/jobs/view/customer-success-manager-at-magnet-me-4464481159,customer happiness
Maiburg,maiburg.nl,geraden en bevestigd,Online Performance Marketeer,,2026-08-26,Waalwijk,1,nee,https://nl.linkedin.com/jobs/view/online-performance-marketeer-at-maiburg-4459308136,e-commerce medewerker
Mainfreight,mainfreight.com,geraden en bevestigd,Logistiek Team Member Warehousing - Mainfreight 's-Heerenberg,,2026-09-13,'s-Heerenberg,2,nee,https://nl.linkedin.com/jobs/view/logistiek-team-member-warehousing-mainfreight-s-heerenberg-at-mainfreight-europe-4465486363,logistiek medewerker webshop
MANN+HUMMEL,mann-hummel.com,geraden en bevestigd,S&amp;M IAM Customer Service,,2026-06-23,Nieuwegein,1,nee,https://nl.linkedin.com/jobs/view/s-m-iam-customer-service-at-mann%2Bhummel-4430433324,klantenservice medewerker
MARC INBANE® Official,marcinbane.com,geraden en bevestigd,E-commerce Manager,,2026-08-24,Tilburg,1,nee,https://nl.linkedin.com/jobs/view/e-commerce-manager-at-marc-inbane-b-v-4456893823,webshop beheerder
Marente,marente.nl,geraden en bevestigd,Helpende (plus) + verzorgende IG flexpool in Sassenheim,,2026-06-26,Sassenheim,1,nee,https://nl.linkedin.com/jobs/view/helpende-plus-%2B-verzorgende-ig-flexpool-in-sassenheim-at-marente-4433894426,webcare medewerker
Marie-Stella-Maris (B Corp),mariestellamaris.nl,geraden en bevestigd,Care Advisor Amsterdam (oproepkracht),ja,2026-09-09,Amsterdam,3,nee,https://nl.linkedin.com/jobs/view/care-advisor-amsterdam-oproepkracht-at-marie-stella-maris-b-corp-4465086367,klantadviseur
Mastermate,mastermate.nl,geraden en bevestigd,E-commerce Manager,,2026-07-29,Apeldoorn,1,nee,https://nl.linkedin.com/jobs/view/e-commerce-manager-at-mastermate-4446581501,webshop beheerder
Matt Sleeps,mattsleeps.com,geraden en bevestigd,Senior Customer Support Agent,ja,2026-07-23,Amsterdam,4,ja,https://nl.linkedin.com/jobs/view/senior-customer-support-agent-at-matt-sleeps-4444459103,e-commerce medewerker
MCI,mci.com,geraden en bevestigd,Remote Customer Service Agent,ja,2025-10-31,Middelburg,5,nee,https://nl.linkedin.com/jobs/view/remote-customer-service-agent-at-mci-4331761143,klantenservice medewerker
MediaMarkt Benelux,mediamarkt.nl,geraden en bevestigd,Customer Care Specialist Marketplace,ja,2026-09-17,Rotterdam,5,nee,https://nl.linkedin.com/jobs/view/customer-care-specialist-marketplace-at-mediamarkt-benelux-4448057233,klantenservice medewerker
MediaMarkt Nederland,mediamarkt.nl,geraden en bevestigd,Winkelmedewerker Kassa &amp; Service Zoetermeer,ja,2026-09-14,Zoetermeer,14,nee,https://nl.linkedin.com/jobs/view/winkelmedewerker-kassa-service-zoetermeer-at-mediamarkt-nederland-4465229706,webshop medewerker
Mediaworx,mai.mediaworx.com,geraden en bevestigd,Digitaal Account Strateeg,,2026-07-23,'s-Hertogenbosch,1,nee,https://nl.linkedin.com/jobs/view/digitaal-account-strateeg-at-mediaworx-4443468442,online marketeer webshop
Medipoint,medipoint.nl,geraden en bevestigd,Logistiek medewerker,,2026-08-31,Amsterdam,5,nee,https://nl.linkedin.com/jobs/view/logistiek-medewerker-at-medipoint-4461208529,logistiek medewerker webshop
Medista NV,ww16.medista.com,geraden en bevestigd,Customer Service Coordinator,ja,2026-08-05,"Zaventem, Vlaanderen, België",1,nee,https://be.linkedin.com/jobs/view/customer-service-coordinator-at-medista-nv-4449423641,klantenservice medewerker
Medtronic,medtronic.com,geraden en bevestigd,Customer Care Representative – Service &amp; Repair - English Speaker,ja,2026-09-09,Heerlen,4,nee,https://nl.linkedin.com/jobs/view/customer-care-representative-%E2%80%93-service-repair-english-speaker-at-medtronic-4464665528,klantenservice medewerker
Mega,mega.nl,geraden en bevestigd,Customer Care Advisor,ja,2026-07-26,"Leuven, Vlaanderen, België",1,nee,https://be.linkedin.com/jobs/view/customer-care-advisor-at-mega-4456743356,klantenservice medewerker
Meltwater,meltwater.com,geraden en bevestigd,Customer Success Manager,ja,2026-09-01,Amsterdam Area,1,nee,https://nl.linkedin.com/jobs/view/customer-success-manager-at-meltwater-4460672135,customer happiness
Mendix,mendix.com,geraden en bevestigd,Junior Front-end Developer,,2026-09-16,Rotterdam,1,nee,https://nl.linkedin.com/jobs/view/junior-front-end-developer-at-mendix-4456943543,webcare medewerker
Mercantum Medical Care / Westender Pharmaceuticals,mercantummedical.com,geraden en bevestigd,Sales Support and Logistics Specialist,ja,2026-08-27,Amsterdam,1,nee,https://nl.linkedin.com/jobs/view/sales-support-and-logistics-specialist-at-mercantum-medical-care-westender-pharmaceuticals-4459682904,orderverwerking medewerker
Mercell,info.mercell.com,geraden en bevestigd,Join our Customer Service teams!,,2026-07-04,Utrecht,1,nee,https://nl.linkedin.com/jobs/view/join-our-customer-service-teams%21-at-mercell-4435706727,klantenservice medewerker
Merz Therapeutics,merztherapeutics.com,geraden en bevestigd,Junior Brand &amp; Digital Manager,,2026-09-04,Terheijden,1,nee,https://nl.linkedin.com/jobs/view/junior-brand-digital-manager-at-merz-therapeutics-4440753053,webcare medewerker
Miele Nederland,miele.com,geraden en bevestigd,Sales Advisor / Sales Adviseur,,2026-08-22,Amsterdam,1,nee,https://nl.linkedin.com/jobs/view/sales-advisor-sales-adviseur-at-miele-nederland-4456657123,klantadviseur
Mijndomein,mijndomein.nl,geraden en bevestigd,Customer Success Specialist,ja,2026-08-31,Almere,1,nee,https://nl.linkedin.com/jobs/view/customer-success-specialist-at-mijndomein-4461083661,webcare medewerker
Mila Health,milahealth.com,geraden en bevestigd,Customer success lead,,2026-07-21,Amsterdam,1,nee,https://nl.linkedin.com/jobs/view/customer-success-lead-at-mila-health-4441009278,customer happiness
Mindray,mindray.com,geraden en bevestigd,"Order Processor, Northwest EU",,2026-09-17,Hoevelaken,1,nee,https://nl.linkedin.com/jobs/view/order-processor-northwest-eu-at-mindray-4468372991,orderverwerking medewerker
MK Digital,mk-digital.com,geraden en bevestigd,Commercieel Medewerker Binnendienst,,2026-09-17,Amsterdam Area,1,nee,https://nl.linkedin.com/jobs/view/commercieel-medewerker-binnendienst-at-mk-digital-4466631254,orderverwerking medewerker
Mobile Vikings,mobilevikings.be,geraden en bevestigd,Customer Care Agent,ja,2026-09-14,"Hasselt, Vlaanderen, België",1,nee,https://be.linkedin.com/jobs/view/customer-care-agent-at-mobile-vikings-4467055130,klantenservice medewerker
Modexpress,modexpress.com,geraden en bevestigd,Assistant Team Leader in Training (40 hours),,2026-08-05,Helmond,1,nee,https://nl.linkedin.com/jobs/view/assistant-team-leader-in-training-40-hours-at-modexpress-4449427325,e-commerce medewerker
Modulaire Group,ww16.modulaire.com,geraden en bevestigd,Customer Service Officer/Belgium,,2026-09-01,"Beringen, Vlaanderen, België",1,nee,https://be.linkedin.com/jobs/view/customer-service-officer-belgium-at-modulaire-group-4461711763,klantenservice medewerker
MOLANO,molano.nl,geraden en bevestigd,Magazijnmedewerker,,2026-09-21,Haarlem,1,nee,https://nl.linkedin.com/jobs/view/magazijnmedewerker-at-molano-4469906009,logistiek medewerker webshop
Mollie,mollie.com,geraden en bevestigd,Customer Success Manager - Benelux,ja,2026-09-21,Amsterdam,3,nee,https://nl.linkedin.com/jobs/view/customer-success-manager-benelux-at-mollie-4469895606,customer happiness
Moma Beauty,momabeauty.nl,geraden en bevestigd,WEBSHOPMANAGER – DERMAROLLING,,2026-08-26,Groenlo,2,nee,https://nl.linkedin.com/jobs/view/webshopmanager-%E2%80%93-dermarolling-at-moma-beauty-4457292097,webshop medewerker
Momo Medical,momomedical.nl,geraden en bevestigd,Customer Support Specialist,ja,2026-09-11,Delft,1,nee,https://nl.linkedin.com/jobs/view/customer-support-specialist-at-momo-medical-4464862454,klantenservice medewerker
Mondi Group,mondi.com,geraden en bevestigd,Orderbegeleider,,2026-09-12,Breda,1,nee,https://nl.linkedin.com/jobs/view/orderbegeleider-at-mondi-group-4456286153,orderverwerking medewerker
Monta,gomonta.com,geraden en bevestigd,Inside Sales Medewerker,,2026-09-09,Breda,2,nee,https://nl.linkedin.com/jobs/view/inside-sales-medewerker-at-monta-4465019812,orderverwerking medewerker
Moolenaar,moolenaar.nl,geraden en bevestigd,Medewerker Verkoop Binnendienst,,2026-09-10,Voorhout,2,nee,https://nl.linkedin.com/jobs/view/medewerker-verkoop-binnendienst-at-moolenaar-4465033387,orderverwerking medewerker
Moonpig,moonpig.com,geraden en bevestigd,Brand &amp; Campaign Marketer (Dutch &amp; English Speaking),,2026-08-19,Amsterdam,1,nee,https://nl.linkedin.com/jobs/view/brand-campaign-marketer-dutch-english-speaking-at-moonpig-4453468060,online marketeer webshop
MoreCareClinics,morecareclinics.nl,geraden en bevestigd,SEO &amp; AI Search Marketeer,,2026-09-10,Randstad,1,nee,https://nl.linkedin.com/jobs/view/seo-ai-search-marketeer-at-morecareclinics-4463875820,webcare medewerker
Morgan Stanley,morganstanley.com,geraden en bevestigd,Investment Management - EMEA Client Relationship Management - Vice President,,2026-09-09,Amsterdam,1,nee,https://nl.linkedin.com/jobs/view/investment-management-emea-client-relationship-management-vice-president-at-morgan-stanley-4463832383,customer happiness
MostWare | Inspireren met IT,mostware.nl,geraden en bevestigd,IT Servicedesk Medewerker,ja,2026-08-26,Leiden,1,nee,https://nl.linkedin.com/jobs/view/it-servicedesk-medewerker-at-mostware-4459179252,webcare medewerker
MoVea,movea.nl,geraden en bevestigd,Adviseur Zakelijke Garageverzekeringen,,2026-09-09,Rotterdam,1,nee,https://nl.linkedin.com/jobs/view/adviseur-zakelijke-garageverzekeringen-at-movea-4464103485,klantadviseur
MPM International Oil Company B.V.,mpmoil.nl,geraden en bevestigd,Customer Service Representative,ja,2026-08-31,Delft,1,nee,https://nl.linkedin.com/jobs/view/customer-service-representative-at-mpm-international-oil-company-b-v-4461052787,klantenservice medewerker
MR MARVIS,forsale.dynadot.com,geraden en bevestigd,CRM Specialist,,2026-09-22,Amsterdam,3,nee,https://nl.linkedin.com/jobs/view/crm-specialist-at-mr-marvis-4468552827,e-commerce medewerker
MultiTankcard,mtc.nl,geraden en bevestigd,Customer Service Specialist,ja,2026-06-18,Schiphol-Rijk,1,nee,https://nl.linkedin.com/jobs/view/customer-service-specialist-at-multitankcard-4439777523,klantenservice medewerker
MV Kantoor,mvkantoor.com,geraden en bevestigd,Medewerker Sales Support / Verkoop binnendienst,ja,2026-09-14,Zeist,1,nee,https://nl.linkedin.com/jobs/view/medewerker-sales-support-verkoop-binnendienst-at-mv-kantoor-4467064418,orderverwerking medewerker
My Jewellery,my-jewellery.com,geraden en bevestigd,Verkoopmedewerker Bijenkorf Eindhoven,,2026-09-22,Eindhoven,8,nee,https://nl.linkedin.com/jobs/view/verkoopmedewerker-bijenkorf-eindhoven-at-my-jewellery-4470253492,webshop medewerker
myTomorrows,mytomorrows.com,geraden en bevestigd,Full Stack Engineer,,2026-09-22,Amsterdam,1,nee,https://nl.linkedin.com/jobs/view/full-stack-engineer-at-mytomorrows-4469909379,webcare medewerker
Nature's Pride,naturespride.eu,geraden en bevestigd,Logistiek Medewerker Inbound,,2026-08-17,Maasdijk,1,nee,https://nl.linkedin.com/jobs/view/logistiek-medewerker-inbound-at-nature-s-pride-4454029034,logistiek medewerker webshop
NCR Voyix,ncrvoyix.com,geraden en bevestigd,Customer Success Manager - Amsterdam,ja,2026-09-18,Amsterdam,1,nee,https://nl.linkedin.com/jobs/view/customer-success-manager-amsterdam-at-ncr-voyix-4401623072,customer happiness
Nedap,nedap.com,geraden en bevestigd,Junior/Medior Full-Stack Ruby Developer .,,2026-08-17,Groenlo,2,nee,https://nl.linkedin.com/jobs/view/junior-medior-full-stack-ruby-developer-at-nedap-4452413236,webcare medewerker
Nedelko,nedelko.nl,geraden en bevestigd,Performance Marketeer (B2B),,2026-09-04,Barendrecht,1,nee,https://nl.linkedin.com/jobs/view/performance-marketeer-b2b-at-nedelko-4463318935,online marketeer webshop
Netpoint group,netpoint.nl,geraden en bevestigd,(Ervaren) Web Developer - Waalwijk,,2026-07-17,Waalwijk,1,nee,https://nl.linkedin.com/jobs/view/ervaren-web-developer-waalwijk-at-netpoint-group-4442179400,webcare medewerker
New Black,newblack.com,geraden en bevestigd,Support Engineer,,2026-08-27,Almere,1,nee,https://nl.linkedin.com/jobs/view/support-engineer-at-new-black-4459684644,support medewerker webshop
New Story,newstory.nl,geraden en bevestigd,Ervaren Online Marketeer,,2026-07-13,Noordwijk,1,nee,https://nl.linkedin.com/jobs/view/ervaren-online-marketeer-at-new-story-4450720658,online marketeer webshop
Neways Electronics International NV,newayselectronics.com,geraden en bevestigd,Enterprise Planner Support,,2026-07-02,Son,1,nee,https://nl.linkedin.com/jobs/view/enterprise-planner-support-at-neways-electronics-international-nv-4436330906,orderverwerking medewerker
Nieuwenhuijse Groep,nieuwenhuijse.nl,geraden en bevestigd,Medewerker Verkoopadministratie bij Nieuwenhuijse (M/V),,2026-07-17,Apeldoorn,1,nee,https://nl.linkedin.com/jobs/view/medewerker-verkoopadministratie-bij-nieuwenhuijse-m-v-at-nieuwenhuijse-bv-4441977615,orderverwerking medewerker
NieuweStroom,nieuwestroom.nl,geraden en bevestigd,Medewerker Customer Operations,ja,2026-09-17,Maastricht,1,nee,https://nl.linkedin.com/jobs/view/medewerker-customer-operations-at-nieuwestroom-4468605295,klantenservice medewerker
Nilfisk,nilfisk-shop.nl,geraden en bevestigd,Customer Service Employee,,2026-09-05,Almere,1,nee,https://nl.linkedin.com/jobs/view/customer-service-employee-at-nilfisk-4463724526,klantenservice medewerker
Nodalview,nodalview.com,geraden en bevestigd,Customer Care &amp; Logistic Expert - French speaking,,2026-09-14,"Brussels Hoofdstedelijk Gewest, België",1,nee,https://be.linkedin.com/jobs/view/customer-care-logistic-expert-french-speaking-at-nodalview-4465204200,klantenservice medewerker
Nodefy,nodefy.nl,geraden en bevestigd,E-commerce Marketeer,,2026-04-24,Amsterdam,1,nee,https://nl.linkedin.com/jobs/view/e-commerce-marketeer-at-nodefy-4406617891,online marketeer webshop
NORNORM,nornorm.com,geraden en bevestigd,Customer Success Coordinator,ja,2026-08-28,Amsterdam Area,1,nee,https://nl.linkedin.com/jobs/view/customer-success-coordinator-at-nornorm-4460356148,customer happiness
Notuly.,notuly.nl,geraden en bevestigd,Customer succes &amp; support medewerker,ja,2026-08-26,Deventer,1,nee,https://nl.linkedin.com/jobs/view/customer-succes-support-medewerker-at-notuly-4459189122,customer happiness
Nutanix,nutanix.com,geraden en bevestigd,"Senior Staff Customer Experience Manager, Dutch speaker",ja,2026-09-09,Amsterdam,2,nee,https://nl.linkedin.com/jobs/view/senior-staff-customer-experience-manager-dutch-speaker-at-nutanix-4461295968,customer happiness
O My Bag Amsterdam,omybagamsterdam.com,geraden en bevestigd,Operations Lead,,2026-09-09,Amsterdam,1,nee,https://nl.linkedin.com/jobs/view/operations-lead-at-o-my-bag-amsterdam-4464991556,webshop beheerder
Octiva,octiva.tech,geraden en bevestigd,Head of Customer Success,,2026-05-04,Breda,2,nee,https://nl.linkedin.com/jobs/view/head-of-customer-success-at-octiva-4420942347,customer happiness
Oerlemans Plastics,oerlemansplastics.nl,geraden en bevestigd,Commercieel Medewerker Binnendienst,,2026-09-15,Giessen,1,nee,https://nl.linkedin.com/jobs/view/commercieel-medewerker-binnendienst-at-oerlemans-plastics-4465915916,orderverwerking medewerker
OH Solutions,oh-solutions.nl,geraden en bevestigd,Customer Experience Specialist,ja,2026-09-11,Almere,2,nee,https://nl.linkedin.com/jobs/view/customer-experience-specialist-at-oh-solutions-4440950989,customer happiness
OKTOBER,oktober.nl,geraden en bevestigd,Email Copywriter &amp; Account Coordinator | Dutch-speaking | gn | Remote,,2026-08-24,Nederland,6,nee,https://nl.linkedin.com/jobs/view/email-copywriter-account-coordinator-dutch-speaking-gn-remote-at-oktober-4458288496,online marketeer webshop
Olsam.,olsam.com,geraden en bevestigd,Avenir Collective - Account Manager (Bol.com),,2026-09-15,Utrecht,1,nee,https://nl.linkedin.com/jobs/view/avenir-collective-account-manager-bol-com-at-olsam-4467781920,e-commerce medewerker
Olyslager,olyslager.nl,geraden en bevestigd,Customer Success Manager,ja,2026-09-18,Bunschoten-Spakenburg,1,nee,https://nl.linkedin.com/jobs/view/customer-success-manager-at-olyslager-4430926312,customer happiness
ON THAT ASS,onthatass.com,geraden en bevestigd,Junior Affiliate Marketeer,,2026-09-15,Rosmalen,2,nee,https://nl.linkedin.com/jobs/view/junior-affiliate-marketeer-at-on-that-ass-4467499479,e-commerce medewerker
one2track B.V.,one2track.nl,geraden en bevestigd,Digital Marketeer Duitsland,,2026-09-22,Noordwijkerhout,1,nee,https://nl.linkedin.com/jobs/view/digital-marketeer-duitsland-at-one2track-b-v-4470416560,online marketeer webshop
Online Payment Platform,onlinepaymentplatform.com,geraden en bevestigd,Customer Support Medewerker,ja,2026-09-14,Delft,1,nee,https://nl.linkedin.com/jobs/view/customer-support-medewerker-at-online-payment-platform-4466106901,support medewerker webshop
Onlineverf.nl,onlineverf.nl,geraden en bevestigd,Medewerker klantenservice,ja,2026-09-11,Hengelo,1,nee,https://nl.linkedin.com/jobs/view/medewerker-klantenservice-at-onlineverf-nl-4466058358,klantenservice medewerker
OPENRED,openred.nl,geraden en bevestigd,Customer Succes Lead,,2026-08-13,Rotterdam,1,nee,https://nl.linkedin.com/jobs/view/customer-succes-lead-at-openred-4453604681,customer happiness
Operai,operai.eu,geraden en bevestigd,Marketplace Seller Account Manager (English),,2026-07-12,Eindhoven Area,2,nee,https://nl.linkedin.com/jobs/view/marketplace-seller-account-manager-english-at-operai-4438950843,e-commerce medewerker
Orange Juice,orangejuice.nl,geraden en bevestigd,Online marketeer,,2026-09-09,Arnhem,1,nee,https://nl.linkedin.com/jobs/view/online-marketeer-at-orange-juice-4463873160,online marketeer webshop
OrbusNeich Medical Company Ltd.,orbusneich.com,geraden en bevestigd,Customer Relations Coordinator,ja,2026-09-22,Hoevelaken,1,nee,https://nl.linkedin.com/jobs/view/customer-relations-coordinator-at-orbusneich-medical-company-ltd-4470286316,customer happiness
Organic Assistance,organicassistance.com,geraden en bevestigd,Customer Service en Sales Assistant,,2026-08-19,Barneveld,2,nee,https://nl.linkedin.com/jobs/view/customer-service-en-sales-assistant-at-organic-assistance-4455414024,orderverwerking medewerker
ORTEC,ortec.com,geraden en bevestigd,"Digital Brand, Communications &amp; Performance Lead",,2026-09-08,Zoetermeer,1,nee,https://nl.linkedin.com/jobs/view/digital-brand-communications-performance-lead-at-ortec-4463294597,content specialist webshop
OT design BV,otdesign.com,geraden en bevestigd,Junior accountmanager,,2026-09-10,Nieuwegein,1,nee,https://nl.linkedin.com/jobs/view/junior-accountmanager-at-ot-design-bv-4465682951,e-commerce medewerker
Outdoor Gigant,outdoorgigant.nl,geraden en bevestigd,SEO &amp; Performance Marketeer (fulltime),,2026-09-01,Nijverdal,1,nee,https://nl.linkedin.com/jobs/view/seo-performance-marketeer-fulltime-at-outdoor-gigant-4459541838,online marketeer webshop
OVAL,oval.nl,geraden en bevestigd,Loyalty and Customer Support Officer,,2026-08-14,"Antwerpen, Vlaanderen, België",1,nee,https://be.linkedin.com/jobs/view/loyalty-and-customer-support-officer-at-oval-4451206920,klantenservice medewerker
Oxford Global Resources,oxfordglobal.com,geraden en bevestigd,"Klantenservice Medewerker - Frans, Nederlands, Engels",ja,2026-08-31,Amsterdam,1,nee,https://nl.linkedin.com/jobs/view/klantenservice-medewerker-frans-nederlands-engels-at-oxford-global-resources-4459792285,klantenservice medewerker
OZ-Hami,oz-hami.nl,geraden en bevestigd,Medewerker logistiek Verdeling,,2026-09-15,Uithoorn,6,nee,https://nl.linkedin.com/jobs/view/medewerker-logistiek-verdeling-at-oz-hami-4466332498,logistiek medewerker webshop
Palo Alto Networks,paloaltonetworks.com,geraden en bevestigd,Staff Customer Success Engineer,,2026-09-18,Amsterdam,2,nee,https://nl.linkedin.com/jobs/view/staff-customer-success-engineer-at-palo-alto-networks-4466683134,customer happiness
Paperclicks,paperclicks.nl,geraden en bevestigd,Full time Online Marketeer,,2026-08-04,Best,1,nee,https://nl.linkedin.com/jobs/view/full-time-online-marketeer-at-paperclicks-4448556728,online marketeer webshop
ParfumWebshop,parfumwebshop.nl,geraden en bevestigd,CRM &amp; Campagne Specialist (26–30 uur),,2026-09-01,Nieuw-Vennep,1,nee,https://nl.linkedin.com/jobs/view/crm-campagne-specialist-26%E2%80%9330-uur-at-parfumwebshop-4462001872,webshop beheerder
Paul Roescher,paulroescher.nl,geraden en bevestigd,Medewerker Service Desk,ja,2026-08-05,Rijssen,3,nee,https://nl.linkedin.com/jobs/view/medewerker-service-desk-at-paul-roescher-4448995292,support medewerker webshop
Paynovate,paynovate.com,geraden en bevestigd,Customer Support Officer,,2026-09-03,"Brussel, Brussels Hoofdstedelijk Gewest, België",1,nee,https://be.linkedin.com/jobs/view/customer-support-officer-at-paynovate-4462897429,klantenservice medewerker
Payt Nederland,paytsoftware.nl:443,geraden en bevestigd,Growth Marketeer,,2026-09-17,Groningen,1,nee,https://nl.linkedin.com/jobs/view/growth-marketeer-at-payt-nederland-4468628299,online marketeer webshop
Pensify,pensify.com,geraden en bevestigd,Customer Success Manager,ja,2026-09-10,Amsterdam,1,nee,https://nl.linkedin.com/jobs/view/customer-success-manager-at-pensify-4465684096,customer happiness
Peple B.V.,peple.nl,geraden en bevestigd,Product Marketeer,,2026-08-27,Amersfoort,1,nee,https://nl.linkedin.com/jobs/view/product-marketeer-at-peple-b-v-4446032982,content specialist webshop
PepperMill Casino,peppermill-casinos1.com,geraden en bevestigd,Medewerker klantenondersteuning,ja,2026-09-01,"Oudsbergen, Vlaanderen, België",1,nee,https://be.linkedin.com/jobs/view/medewerker-klantenondersteuning-at-peppermill-casino-4460344534,klantenservice medewerker
Permobil,permobil.com,geraden en bevestigd,Customer Support Representative,ja,2026-09-06,Oisterwijk,1,nee,https://nl.linkedin.com/jobs/view/customer-support-representative-at-permobil-4400388875,klantenservice medewerker
Personato,personato.nl,geraden en bevestigd,Logistiek medewerker,,2026-09-14,Oostrum,1,nee,https://nl.linkedin.com/jobs/view/logistiek-medewerker-at-personato-4467088156,logistiek medewerker webshop
PGGM,pggm.nl,geraden en bevestigd,Klantcontact medewerker klantcontact BPF Schilders,ja,2026-09-17,Zeist,1,nee,https://nl.linkedin.com/jobs/view/klantcontact-medewerker-klantcontact-bpf-schilders-at-pggm-4468602316,klantenservice medewerker
PharmaPartners,pharmapartners.nl,geraden en bevestigd,Customer Care Specialist,ja,2026-09-19,Oosterhout,1,nee,https://nl.linkedin.com/jobs/view/customer-care-specialist-at-pharmapartners-4455856177,klantenservice medewerker
Pijper Media,pijpermedia.nl,geraden en bevestigd,Redacteur / marketeer koopkompas.nl en voordeelpas.nl,,2026-06-01,Groningen,2,nee,https://nl.linkedin.com/jobs/view/redacteur-marketeer-koopkompas-nl-en-voordeelpas-nl-at-pijper-media-4418783831,content specialist webshop
PINK,pinkelephant.nl,geraden en bevestigd,SEO Specialist,,2026-08-23,Groningen,1,nee,https://nl.linkedin.com/jobs/view/seo-specialist-at-pink-4468391905,content specialist webshop
PinkRoccade Local Government,pinkroccadelocalgovernment.nl,geraden en bevestigd,Manager Customer Care Samenlevingszaken (lid MT),ja,2026-09-21,s-Hertogenbosch Area,1,nee,https://nl.linkedin.com/jobs/view/manager-customer-care-samenlevingszaken-lid-mt-at-pinkroccade-local-government-4468750854,customer happiness
Platform Control,platformcontrol.com,geraden en bevestigd,Brand manager / Marketplace specialist | bol &amp; Amazon - Full Time,,2026-09-17,Dordrecht,2,nee,https://nl.linkedin.com/jobs/view/brand-manager-marketplace-specialist-bol-amazon-full-time-at-platform-control-4468354731,e-commerce medewerker
Plato Group,plato.nl,geraden en bevestigd,CRO Specialist,,2026-08-31,Helmond,1,nee,https://nl.linkedin.com/jobs/view/cro-specialist-at-plato-group-4461064152,online marketeer webshop
Play Media,robbertelshout.me,geraden en bevestigd,Customer Care Medewerker,ja,2026-09-10,"Vilvoorde, Vlaanderen, België",1,nee,https://be.linkedin.com/jobs/view/customer-care-medewerker-at-play-media-4456354266,klantenservice medewerker
Plieger,plieger.nl,geraden en bevestigd,IT Support Medewerker,ja,2026-06-17,Zaltbommel,1,nee,https://nl.linkedin.com/jobs/view/it-support-medewerker-at-plieger-4426882717,webcare medewerker
Pluripharm Groep,pluripharm.com,geraden en bevestigd,Medewerker Customer Services,ja,2026-09-13,Alkmaar,1,nee,https://nl.linkedin.com/jobs/view/medewerker-customer-services-at-pluripharm-groep-4439035928,klantenservice medewerker
Pluvo,pluvo.com,geraden en bevestigd,Customer Success Manager,ja,2026-09-11,Amsterdam Area,1,nee,https://nl.linkedin.com/jobs/view/customer-success-manager-at-pluvo-4466060567,customer happiness
PositiveDigits,positivedigits.com,geraden en bevestigd,Online marketeer,,2026-07-28,Waalwijk,1,nee,https://nl.linkedin.com/jobs/view/online-marketeer-at-positivedigits-4446165779,online marketeer webshop
Pouw,pouw.nl,geraden en bevestigd,Service Adviseur Volkswagen,ja,2026-09-04,Apeldoorn,1,nee,https://nl.linkedin.com/jobs/view/service-adviseur-volkswagen-at-pouw-automotive-4463365255,klantadviseur
PowerKraut,powerkraut.nl,geraden en bevestigd,Marketeer PowerKraut &amp; PowerLabs,,2026-09-08,Doetinchem,1,nee,https://nl.linkedin.com/jobs/view/marketeer-powerkraut-powerlabs-at-powerkraut-4464602600,content specialist webshop
Prada,prada.com,geraden en bevestigd,"PRADA Client Advisor MRTW (m/f/d), De Bijenkorf",,2026-09-18,Amsterdam,4,nee,https://nl.linkedin.com/jobs/view/prada-client-advisor-mrtw-m-f-d-de-bijenkorf-at-prada-4467886289,customer happiness
Praxis,praxis.nl,geraden en bevestigd,Marketplace Platform Specialist,,2026-08-25,Amsterdam,1,nee,https://nl.linkedin.com/jobs/view/marketplace-platform-specialist-at-praxis-4458743287,webshop beheerder
Prijsvrij Vakanties,prijsvrij.nl,geraden en bevestigd,SEO Content Specialist,,2026-09-02,'s-Hertogenbosch,1,nee,https://nl.linkedin.com/jobs/view/seo-content-specialist-at-prijsvrij-vakanties-4462177419,content specialist webshop
Print.com,print.com,geraden en bevestigd,After Sales Specialist - Klantrelatie &amp; Complaints,ja,2026-09-10,Deventer,5,nee,https://nl.linkedin.com/jobs/view/after-sales-specialist-klantrelatie-complaints-at-print-com-4465607153,customer happiness
Proforto®,proforto.nl,geraden en bevestigd,Logistiek Medewerker bij Proforto,,2026-06-23,Oosterhout,1,nee,https://nl.linkedin.com/jobs/view/logistiek-medewerker-bij-proforto-at-proforto%C2%AE-4431235377,logistiek medewerker webshop
project44,project44.com,geraden en bevestigd,Customer Success Manager,ja,2026-09-15,Amsterdam,1,nee,https://nl.linkedin.com/jobs/view/customer-success-manager-at-project44-4465266062,customer happiness
Property Plan,propertyplan.com,geraden en bevestigd,Front-end Developer,,2026-09-10,'s-Hertogenbosch,1,nee,https://nl.linkedin.com/jobs/view/front-end-developer-at-property-plan-4463437958,webcare medewerker
Proprli,proprli.com,geraden en bevestigd,Customer Support Professional at team Proprli (NL),ja,2026-07-17,Heerde,1,nee,https://nl.linkedin.com/jobs/view/customer-support-professional%0Aat-team-proprli-nl-at-proprli-4441325540,customer happiness
Proximus Group,proximus.com,geraden en bevestigd,Customer Service Specialist,ja,2026-08-26,"Antwerpen, Vlaanderen, België",2,nee,https://be.linkedin.com/jobs/view/customer-service-specialist-at-proximus-group-4457931025,klantenservice medewerker
Proxsys,proxsys.nl,geraden en bevestigd,Skilled Servicedesk Medewerker,ja,2026-06-18,Rotterdam,1,nee,https://nl.linkedin.com/jobs/view/skilled-servicedesk-medewerker-at-proxsys-4439773635,webcare medewerker
PS Calamiteiten,pscalamiteiten.nl,geraden en bevestigd,Medewerker Calamiteiten,,2026-06-03,Almere,1,nee,https://nl.linkedin.com/jobs/view/medewerker-calamiteiten-at-ps-calamiteiten-4422942508,webcare medewerker
PSI CRO,psi-cro.com,geraden en bevestigd,Site Management Associate,,2026-09-15,Amsterdam,1,nee,https://nl.linkedin.com/jobs/view/site-management-associate-at-psi-cro-4465542548,webcare medewerker
QLS,qls.com,geraden en bevestigd,Fashion Medewerker,,2026-06-19,Dordrecht,2,nee,https://nl.linkedin.com/jobs/view/fashion-medewerker-at-qls-4412024459,orderverwerking medewerker
Qogita,qogita.com,geraden en bevestigd,Paid Social &amp; Creative Manager,,2026-09-21,Amsterdam,3,nee,https://nl.linkedin.com/jobs/view/paid-social-creative-manager-at-qogita-4458717142,online marketeer webshop
Qover,qover.com,geraden en bevestigd,Customer Care Professional (Dutch + English speaking),ja,2026-09-16,Brussel en omgeving,3,nee,https://be.linkedin.com/jobs/view/customer-care-professional-dutch-%2B-english-speaking-at-qover-4468249178,klantenservice medewerker
Quanterix,quanterix.com,geraden en bevestigd,Customer Care Specialist,ja,2026-09-04,Nederland,1,nee,https://nl.linkedin.com/jobs/view/customer-care-specialist-at-quanterix-4463629859,orderverwerking medewerker
Quatt,quatt.io,geraden en bevestigd,Customer Success Manager - Installations,ja,2026-09-08,Amsterdam,1,nee,https://nl.linkedin.com/jobs/view/customer-success-manager-installations-at-quatt-4462418926,customer happiness
Quooker,quooker.nl,geraden en bevestigd,Information Technology Support Specialist,ja,2026-09-16,Ridderkerk,4,nee,https://nl.linkedin.com/jobs/view/information-technology-support-specialist-at-quooker-4455729021,webcare medewerker
Qwello,qwello.nl,geraden en bevestigd,Marketing Manager,,2026-08-11,Amersfoort,1,nee,https://nl.linkedin.com/jobs/view/marketing-manager-at-qwello-4451652358,online marketeer webshop
Reach Digital,reachdigital.nl,geraden en bevestigd,Digital Marketing &amp; Communicatie Specialist,,2026-08-04,Alphen aan den Rijn,1,nee,https://nl.linkedin.com/jobs/view/digital-marketing-communicatie-specialist-at-reach-digital-4449043024,online marketeer webshop
Redcare Pharmacy,redcarepharmacy.com,geraden en bevestigd,Magazijnmedewerker (m/v/x) Fulltime in Sevenum,,2026-09-18,Sevenum,2,nee,https://nl.linkedin.com/jobs/view/magazijnmedewerker-m-v-x-fulltime-in-sevenum-at-redcare-pharmacy-4466672636,webcare medewerker
RedCarpet®,redcarpet.com,geraden en bevestigd,Klantenservicemedewerker met ervaring,ja,2026-09-22,Amsterdam,1,nee,https://nl.linkedin.com/jobs/view/klantenservicemedewerker-met-ervaring-at-redcarpet%C2%AE-4470290922,klantenservice medewerker
REMONDIS Nederland,remondis-shop.nl,geraden en bevestigd,Medewerker Weegbrug- en Order administratie – Veldhoven,ja,2026-07-14,Veldhoven,1,nee,https://nl.linkedin.com/jobs/view/medewerker-weegbrug-en-order-administratie-%E2%80%93-veldhoven-at-remondis-nederland-4440541356,orderverwerking medewerker
Reno Energy,reno-energy.com,geraden en bevestigd,Collaborateur Service clientèle NL/FR,,2026-02-24,"Luik, Wallonië, België",1,nee,https://be.linkedin.com/jobs/view/collaborateur-service-client%C3%A8le-nl-fr-at-reno-energy-4377129837,klantenservice medewerker
Richemont,richemont.com,geraden en bevestigd,E-Boutique Client Advisor French Speaking,,2026-09-18,Amsterdam,1,nee,https://nl.linkedin.com/jobs/view/e-boutique-client-advisor-french-speaking-at-richemont-4467886933,customer happiness
Ricoh Nederland,ricoh.nl,geraden en bevestigd,Key Account Customer Service Agent | Den Bosch | Hybrid,ja,2026-07-29,'s-Hertogenbosch,1,nee,https://nl.linkedin.com/jobs/view/key-account-customer-service-agent-den-bosch-hybrid-at-ricoh-nederland-4444962081,klantenservice medewerker
Ridge,ridge.nl,geraden en bevestigd,Senior Paid Media Buyer,,2026-06-05,Nederland,1,nee,https://nl.linkedin.com/jobs/view/senior-paid-media-buyer-at-ridge-4424755248,online marketeer webshop
Roadsoft,roadsoft.com,geraden en bevestigd,Customer Success Specialist (Onboarding &amp; Support),ja,2026-09-17,Amsterdam,1,nee,https://nl.linkedin.com/jobs/view/customer-success-specialist-onboarding-support-at-roadsoft-4468663286,customer happiness
ROCKWOOL Group,rockwool.com,geraden en bevestigd,Customer Service Representative,ja,2026-09-10,Roermond,2,nee,https://nl.linkedin.com/jobs/view/customer-service-representative-at-rockwool-group-4465686734,klantenservice medewerker
Rotero groep,rotero.nl,geraden en bevestigd,SEO / SEA Specialist,,2026-06-29,Heerenveen,1,nee,https://nl.linkedin.com/jobs/view/seo-sea-specialist-at-rotero-groep-4434155639,content specialist webshop
Rotom Nederland B.V.,rotom.nl,geraden en bevestigd,Customer Service Medewerker Webshop,ja,2026-04-07,Eerbeek,1,nee,https://nl.linkedin.com/jobs/view/customer-service-medewerker-webshop-at-rotom-nederland-b-v-4395476141,orderverwerking medewerker
Royal A-ware,royal-aware.com,geraden en bevestigd,Customer Care Medewerker Logistics,ja,2026-09-15,Deventer,4,nee,https://nl.linkedin.com/jobs/view/customer-care-medewerker-logistics-at-royal-a-ware-4467715563,orderverwerking
Royal Brinkman,royalbrinkman.nl,geraden en bevestigd,Traineeship E-commerce,,2026-06-30,'s-Gravenzande,1,nee,https://nl.linkedin.com/jobs/view/traineeship-e-commerce-at-royal-brinkman-4431924589,e-commerce medewerker
Royal Van Zanten,royalvanzanten.com,geraden en bevestigd,Commercieel Medewerker Customer Service,ja,2026-09-09,Rijsenhout,1,nee,https://nl.linkedin.com/jobs/view/commercieel-medewerker-customer-service-at-royal-van-zanten-4463877729,orderverwerking medewerker
RVS Clean,rvs-clean.nl,geraden en bevestigd,Cleanroom medewerker,,2026-05-23,Bergeyk,1,nee,https://nl.linkedin.com/jobs/view/cleanroom-medewerker-at-rvs-clean-4429783675,webcare medewerker
s360,s360digital.com,geraden en bevestigd,"Manager, Digital Growth",,2026-08-27,Amsterdam,1,nee,https://nl.linkedin.com/jobs/view/manager-digital-growth-at-s360-4457768463,online marketeer webshop
Sabert Corporation Europe,sabertcorporation.com,geraden en bevestigd,Customer Care Representative,ja,2026-08-26,"Nijvel, Wallonië, België",1,nee,https://be.linkedin.com/jobs/view/customer-care-representative-at-sabert-corporation-europe-4447290488,klantenservice medewerker
Salta Group,salta.nl,geraden en bevestigd,Klantenservice Medewerker,ja,2026-09-09,Hilversum,1,nee,https://nl.linkedin.com/jobs/view/klantenservice-medewerker-at-salta-group-4445700000,klantadviseur
Salute,salute.nl,geraden en bevestigd,Data Centre NOC Operator,,2026-08-07,Amsterdam,1,nee,https://nl.linkedin.com/jobs/view/data-centre-noc-operator-at-salute-4460250542,webcare medewerker
Sanbio B.V.,sanbio.nl,geraden en bevestigd,Medewerker Binnendienst,,2026-09-10,Uden,1,nee,https://nl.linkedin.com/jobs/view/medewerker-binnendienst-at-sanbio-b-v-4465609918,orderverwerking medewerker
SanLucar Company,sanlucar.com,geraden en bevestigd,MEDEWERKER COMMERCIËLE ADMINISTRATIE,,2026-09-11,Ridderkerk,1,nee,https://nl.linkedin.com/jobs/view/medewerker-commerci%C3%ABle-administratie-at-sanlucar-company-4464881539,orderverwerking medewerker
Satechi,satechi.com,geraden en bevestigd,Order Fulfillment Specialist,ja,2026-08-24,Nederland,1,nee,https://nl.linkedin.com/jobs/view/order-fulfillment-specialist-at-satechi-4458531021,orderverwerking medewerker
Sawiday,nl.sawiday.com,geraden en bevestigd,Senior online marketeer,,2026-09-17,Rosmalen,1,nee,https://nl.linkedin.com/jobs/view/senior-online-marketeer-at-sawiday-4468642022,online marketeer webshop
Saxo Bank,home.saxo,geraden en bevestigd,Client Service Associate (French + Dutch Speaking),,2026-09-12,Amsterdam,3,nee,https://nl.linkedin.com/jobs/view/client-service-associate-french-%2B-dutch-speaking-at-saxo-bank-4036618828,customer happiness
Schavemaker Logistics & Transport,schavemaker.com,geraden en bevestigd,Logistiek Medewerker,,2024-09-20,Moerdijk,1,nee,https://nl.linkedin.com/jobs/view/logistiek-medewerker-at-schavemaker-logistics-transport-4030894997,logistiek medewerker webshop
Schoonderwoerd Vlees,schoonderwoerdvlees.nl,geraden en bevestigd,Magazijnmedewerker,,2024-12-05,De Bilt,1,nee,https://nl.linkedin.com/jobs/view/magazijnmedewerker-at-schoonderwoerd-vlees-4091409238,orderverwerking
Schoot verhuur & events bv,schootverhuur.nl,geraden en bevestigd,fulltime magazijnmedewerker,,2026-07-21,Budel-Schoot,1,nee,https://nl.linkedin.com/jobs/view/fulltime-magazijnmedewerker-at-schoot-verhuur-events-bv-4442601612,orderverwerking
Schuit Totaal Wonen,schuittotaalwonen.nl,geraden en bevestigd,Backofficemedewerker,,2026-09-22,Putten,1,nee,https://nl.linkedin.com/jobs/view/backofficemedewerker-at-schuit-totaal-wonen-1708382084,orderverwerking medewerker
Schuitemaker,schuitemaker.nl,geraden en bevestigd,Stage/afstuderen: E-commerce &amp; Digital Commerce (MBO/HBO),,2026-08-11,Rijssen,1,nee,https://nl.linkedin.com/jobs/view/stage-afstuderen-e-commerce-digital-commerce-mbo-hbo-at-schuitemaker-4452106308,webshop medewerker
Schuurman Groothandel in Elektrotechniek,schuurman.nl,geraden en bevestigd,Commercieel medewerker,,2026-08-28,Raamsdonksveer,1,nee,https://nl.linkedin.com/jobs/view/commercieel-medewerker-at-schuurman-groothandel-in-elektrotechniek-4458947514,orderverwerking medewerker
Sea Fresh B.V.,seafresh.nl,geraden en bevestigd,Orderpicker,,2026-03-31,Urk,1,nee,https://nl.linkedin.com/jobs/view/orderpicker-at-sea-fresh-b-v-4395867834,logistiek medewerker webshop
SEA-invest,sea-invest.com,geraden en bevestigd,Customer Service Medewerker,ja,2026-09-14,"Gent, Vlaanderen, België",1,nee,https://be.linkedin.com/jobs/view/customer-service-medewerker-at-sea-invest-4465750755,klantenservice medewerker
SECRID,secrid.com,geraden en bevestigd,Logistiek Allrounder,,2026-09-16,Randstad,2,nee,https://nl.linkedin.com/jobs/view/logistiek-allrounder-at-secrid-4468218180,orderverwerking medewerker
Secure Design Webdevelopment,securedesign.nl,geraden en bevestigd,"Vacature front-end developer (mbo / hbo, Leiden, 32-40 uur)",,2026-07-09,Leiden,3,nee,https://nl.linkedin.com/jobs/view/vacature-front-end-developer-mbo-hbo-leiden-32-40-uur-at-secure-design-webdevelopment-4448391541,webcare medewerker
Securex,securex.nl,geraden en bevestigd,Customer Service Advisor District 29,ja,2026-09-14,"Gent, Vlaanderen, België",1,nee,https://be.linkedin.com/jobs/view/customer-service-advisor-district-29-at-securex-4456887404,klantenservice medewerker
Sedgwick,sedgwick.com,geraden en bevestigd,Administratief Medewerker,,2026-09-03,Amstelveen,1,nee,https://nl.linkedin.com/jobs/view/administratief-medewerker-at-sedgwick-4256918853,webcare medewerker
Seed Valley,seedvalley.nl,geraden en bevestigd,Customer Service Medewerker,ja,2026-09-17,Enkhuizen,2,nee,https://nl.linkedin.com/jobs/view/customer-service-medewerker-at-seed-valley-4467149651,orderverwerking
Select Courier International B.V.,selectcourier.com,geraden en bevestigd,CUSTOMER SERVICE,,2026-07-21,Rotterdam,1,nee,https://nl.linkedin.com/jobs/view/customer-service-at-select-courier-international-b-v-4442661805,klantenservice medewerker
Sendcloud,sendcloud.com,geraden en bevestigd,Customer Support Consultant - Benelux,ja,2026-08-31,Eindhoven,1,nee,https://nl.linkedin.com/jobs/view/customer-support-consultant-benelux-at-sendcloud-4460023105,klantenservice medewerker
Sennheiser,sennheiser.com,geraden en bevestigd,Customer Support Specialist,ja,2026-09-17,"Brussel, Brussels Hoofdstedelijk Gewest, België",1,nee,https://be.linkedin.com/jobs/view/customer-support-specialist-at-sennheiser-4463526083,klantenservice medewerker
Sense Company,sense-company.com,geraden en bevestigd,Customer Care Specialist,ja,2026-09-16,Tilburg,1,nee,https://nl.linkedin.com/jobs/view/customer-care-specialist-at-sense-company-4467079261,customer happiness
Share Logistics,sharelogistics.com,geraden en bevestigd,Logistiek Medewerker (3208 LA Rotterdam),,2026-07-31,Rotterdam,1,nee,https://nl.linkedin.com/jobs/view/logistiek-medewerker-3208-la-rotterdam-at-share-logistics-4447194112,logistiek medewerker webshop
SharkNinja,sharkninja.nl,geraden en bevestigd,Ecommerce &amp; Merchandising Executive – Benelux,,2026-09-18,Amsterdam,1,nee,https://nl.linkedin.com/jobs/view/ecommerce-merchandising-executive-%E2%80%93-benelux-at-sharkninja-4450230207,e-commerce medewerker
Shoeby,shoeby.nl,geraden en bevestigd,Technisch functioneel beheerder,,2026-09-10,Rosmalen,1,nee,https://nl.linkedin.com/jobs/view/technisch-functioneel-beheerder-at-shoeby-4465689661,webshop beheerder
Shop4trac,shop4trac.com,geraden en bevestigd,Stage Marketing / Content / Social Media,,2026-09-01,Amsterdam,1,nee,https://nl.linkedin.com/jobs/view/stage-marketing-content-social-media-at-shop4trac-4462066724,content specialist webshop
ShopForward,shopforward.nl,geraden en bevestigd,Senior Campaign Manager,,2026-06-18,Boxtel,4,nee,https://nl.linkedin.com/jobs/view/senior-campaign-manager-at-shopforward-4429035003,online marketeer webshop
Shoppartners B.V.,shoppartners.nl,geraden en bevestigd,Klantenservice medewerker - parttime/fulltime,ja,2026-08-20,Heerhugowaard,5,nee,https://nl.linkedin.com/jobs/view/klantenservice-medewerker-parttime-fulltime-at-shoppartners-b-v-4455642292,e-commerce medewerker
ShoreTension,shoretension.com,geraden en bevestigd,Logistiek Medewerker,,2026-06-05,Rotterdam,1,nee,https://nl.linkedin.com/jobs/view/logistiek-medewerker-at-shoretension-4424705930,logistiek medewerker webshop
Sidekix,sidekix.nl,geraden en bevestigd,ORDERPICKER E-FULFILMENT,,2026-09-11,Uden,1,nee,https://nl.linkedin.com/jobs/view/orderpicker-e-fulfilment-at-sidekix-4463996411,orderverwerking medewerker
Siebert & Wassink,siebertwassink.nl,geraden en bevestigd,Performance Marketeer,,2026-09-10,Venlo,1,nee,https://nl.linkedin.com/jobs/view/performance-marketeer-at-siebert-wassink-4464508197,online marketeer webshop
Signify,signify.com,geraden en bevestigd,Key Account Manager eCommerce,,2026-09-15,Eindhoven,1,nee,https://nl.linkedin.com/jobs/view/key-account-manager-ecommerce-at-signify-4466524130,e-commerce medewerker
Simac,simac.com,geraden en bevestigd,Customer Experience Manager Healthcare (regio Den Haag/Rotterdam),ja,2026-02-27,Utrecht,2,nee,https://nl.linkedin.com/jobs/view/customer-experience-manager-healthcare-regio-den-haag-rotterdam-at-simac-4377933710,customer happiness
Simply Green,simply-green.nl,geraden en bevestigd,Operations Manager,,2026-09-18,Almere,1,nee,https://nl.linkedin.com/jobs/view/operations-manager-at-simply-green-4466686903,support medewerker webshop
Simvia,simvia.com,geraden en bevestigd,Customer Success Manager - Benelux - Growing Impact Scale Up,ja,2026-09-21,Amsterdam,3,nee,https://nl.linkedin.com/jobs/view/customer-success-manager-benelux-growing-impact-scale-up-at-simvia-4469842764,customer happiness
Skil B.V.,skil.com,geraden en bevestigd,E-Commerce Specialist (EMEA),,2026-09-04,Breda-Tilburg Area,2,nee,https://nl.linkedin.com/jobs/view/e-commerce-specialist-emea-at-skil-b-v-4461166211,e-commerce medewerker
Slaapwereld B.V.,slaapwereld.nl,geraden en bevestigd,Stagiair online marketing,,2026-07-23,Woerden,1,nee,https://nl.linkedin.com/jobs/view/stagiair-online-marketing-at-slaapwereld-b-v-4444025168,online marketeer webshop
Sligro Food Group,sligrofood.com,geraden en bevestigd,Medewerker Customer Care,ja,2026-09-22,Breda,1,nee,https://nl.linkedin.com/jobs/view/medewerker-customer-care-at-sligro-food-group-4470293178,klantenservice medewerker
Smart Health,smarthealth.live,geraden en bevestigd,Online marketeer,,2026-04-07,Rotterdam,1,nee,https://nl.linkedin.com/jobs/view/online-marketeer-at-smart-health-4398376296,webcare medewerker
Smartwares Group,smartwares.eu,geraden en bevestigd,Customer Contact Specialist (E-commerce),ja,2026-09-08,Tilburg,3,nee,https://nl.linkedin.com/jobs/view/customer-contact-specialist-e-commerce-at-smartwares-group-4462505766,customer happiness
Smollan Netherlands,smollan.com,geraden en bevestigd,Customer Success Medewerker,ja,2026-08-21,Amsterdam,1,nee,https://nl.linkedin.com/jobs/view/customer-success-medewerker-at-smollan-netherlands-4447520039,customer happiness
SMS Intermediair,sms-intermediair.nl,geraden en bevestigd,Senior Order Manager Textiel (Order Processing &amp; Supply Chain),ja,2026-09-07,Haarlem,1,nee,https://nl.linkedin.com/jobs/view/senior-order-manager-textiel-order-processing-supply-chain-at-sms-intermediair-recruitment-specialist-4451504496,orderverwerking
Snelstart,snelstart.nl,geraden en bevestigd,Klantenservice Medewerker Amersfoort,ja,2026-08-25,Amersfoort,2,nee,https://nl.linkedin.com/jobs/view/klantenservice-medewerker-amersfoort-at-snelstart-4447533157,klantenservice medewerker
Snowcountry,snowcountry.nl,geraden en bevestigd,Logistiek Medewerker - Fulltime in Amersfoort,,2026-07-24,Amersfoort,1,nee,https://nl.linkedin.com/jobs/view/logistiek-medewerker-fulltime-in-amersfoort-at-snowcountry-4444924601,logistiek medewerker webshop
Social Deal,socialdeal.nl,geraden en bevestigd,Franstalige Klantenservice Medewerker (Flexibel),ja,2026-05-28,'s-Hertogenbosch,2,nee,https://nl.linkedin.com/jobs/view/franstalige-klantenservice-medewerker-flexibel-at-social-deal-4420412173,support medewerker webshop
Sockshouse,sockshouse.nl,geraden en bevestigd,Inkoopmedewerker,,2026-09-08,'s-Hertogenbosch,1,nee,https://nl.linkedin.com/jobs/view/inkoopmedewerker-at-sockshouse-4464456614,support medewerker webshop
Solid Partners ICT Groep,solidpartners.nl,geraden en bevestigd,ServiceDesk Medewerker (IT Support Engineer),ja,2026-07-23,Raalte,1,nee,https://nl.linkedin.com/jobs/view/servicedesk-medewerker-it-support-engineer-at-solid-partners-ict-groep-4441553368,webcare medewerker
Sonova Group,sonova.com,geraden en bevestigd,Customer Service employee,,2026-09-18,Vianen,1,nee,https://nl.linkedin.com/jobs/view/customer-service-employee-at-sonova-group-4383396850,klantenservice medewerker
Spacewell,spacewell.com,geraden en bevestigd,Customer Success Manager,ja,2026-04-30,Arnhem,2,nee,https://nl.linkedin.com/jobs/view/customer-success-manager-at-spacewell-4408796947,customer happiness
Spectrum Equity,spectrumequity.com,geraden en bevestigd,"EMEA Customer Success Manager, Nordic Speaker",ja,2026-09-15,Amsterdam,1,nee,https://nl.linkedin.com/jobs/view/emea-customer-success-manager-nordic-speaker-at-spectrum-equity-4465563415,customer happiness
SPRNT,sprnt.nl,geraden en bevestigd,Marketing Content Specialist,,2026-09-03,Genemuiden,1,nee,https://nl.linkedin.com/jobs/view/marketing-content-specialist-at-sprnt-4460482919,content specialist webshop
SPS Commerce,spscommerce.com,geraden en bevestigd,Customer Success Manager III,ja,2026-09-03,Breukelen,1,nee,https://nl.linkedin.com/jobs/view/customer-success-manager-iii-at-sps-commerce-4461695365,customer happiness
SRS,srs.nl,geraden en bevestigd,Retail Support Agent,ja,2025-09-29,Almere,1,nee,https://nl.linkedin.com/jobs/view/retail-support-agent-at-srs-4305383527,support medewerker webshop
stichd,stichd.com,geraden en bevestigd,Customer Service Representative (Formula 1 &amp; Football),ja,2026-09-17,'s-Hertogenbosch,1,nee,https://nl.linkedin.com/jobs/view/customer-service-representative-formula-1-football-at-stichd-4468608843,klantenservice medewerker
STOX Energy Socks,stoxenergy.com,geraden en bevestigd,Customer Service Specialist,ja,2026-09-04,Amsterdam,2,nee,https://nl.linkedin.com/jobs/view/customer-service-specialist-at-stox-energy-socks-4463382019,klantenservice medewerker
Studenten.net,studentennet.com,geraden en bevestigd,Klantadviseur Key Account Amersfoort,ja,2026-09-17,Hilversum,24,nee,https://nl.linkedin.com/jobs/view/klantadviseur-key-account-amersfoort-at-studenten-net-4468824591,klantadviseur
Studio Noos,studionoos.com,geraden en bevestigd,Performance Marketeer,,2026-09-17,Amsterdam,1,nee,https://nl.linkedin.com/jobs/view/performance-marketeer-at-studio-noos-4468611419,online marketeer webshop
STUDIOVEGTER,studiovegter.com,geraden en bevestigd,Wholesale Operations &amp; Customer Support Coördinator,ja,2026-07-05,Utrecht Area,2,nee,https://nl.linkedin.com/jobs/view/wholesale-operations-customer-support-co%C3%B6rdinator-at-studiovegter-4436991174,orderverwerking medewerker
Suitsupply,suitsupply.com,geraden en bevestigd,Customer Service Specialist,ja,2026-09-22,Amsterdam,2,nee,https://nl.linkedin.com/jobs/view/customer-service-specialist-at-suitsupply-4326536412,klantenservice medewerker
SumUp,sumup.com,geraden en bevestigd,Customer Support Agent,ja,2026-09-02,Amsterdam,1,nee,https://nl.linkedin.com/jobs/view/customer-support-agent-at-sumup-4421965211,klantenservice medewerker
Sunny Cars,sunnycars.nl,geraden en bevestigd,Customer Service Expert (24-40 uur),,2026-09-09,Haarlem,1,nee,https://nl.linkedin.com/jobs/view/customer-service-expert-24-40-uur-at-sunny-cars-4465026977,klantenservice medewerker
Sunware,sunware.com,geraden en bevestigd,Marketplace Specialist (32 - 40 uur),,2026-09-14,Tilburg,1,nee,https://nl.linkedin.com/jobs/view/marketplace-specialist-32-40-uur-at-sunware-4467048859,e-commerce medewerker
Superyoga,superyoga.nl,geraden en bevestigd,Social Media &amp; Performance Marketeer,,2026-09-01,Amstelveen,1,nee,https://nl.linkedin.com/jobs/view/social-media-performance-marketeer-at-superyoga-4461705564,online marketeer webshop
SV.CO,svco.nl,geraden en bevestigd,Medewerker Logistiek,,2026-08-23,De Lier,1,nee,https://nl.linkedin.com/jobs/view/medewerker-logistiek-at-sv-co-4466272331,logistiek medewerker webshop
swapwork,swapwork.nl,geraden en bevestigd,Logistiek medewerker / orderpicker dagdienst Alkmaar,ja,2026-09-16,Alkmaar,2,nee,https://nl.linkedin.com/jobs/view/logistiek-medewerker-orderpicker-dagdienst-alkmaar-at-swapwork-4465989167,orderverwerking
Swiss Sense,swisssense.nl,geraden en bevestigd,Web Analist Digital Commerce,,2026-09-14,Uden,1,nee,https://nl.linkedin.com/jobs/view/web-analist-digital-commerce-at-swiss-sense-4467094489,webcare medewerker
Table du Sud,tabledusud.nl,geraden en bevestigd,Logistiek Medewerker,,2026-05-06,Heeze,1,nee,https://nl.linkedin.com/jobs/view/logistiek-medewerker-at-table-du-sud-4410970419,logistiek medewerker webshop
Tangent,tangent.com,geraden en bevestigd,Entry level Customer Success Manager (€30-€60k salary + commission),ja,2026-09-04,Amsterdam Area,1,nee,https://nl.linkedin.com/jobs/view/entry-level-customer-success-manager-%E2%82%AC30-%E2%82%AC60k-salary-%2B-commission-at-tangent-4463361874,customer happiness
Tarkett,tarkett.nl,geraden en bevestigd,Customer Service Representative,ja,2026-06-26,Waalwijk,4,nee,https://nl.linkedin.com/jobs/view/customer-service-representative-at-tarkett-4431709604,klantenservice medewerker
team.blue,domaincontactservice.com,geraden en bevestigd,Agent - Customer Support,ja,2026-09-18,Leiden,1,nee,https://nl.linkedin.com/jobs/view/agent-customer-support-at-team-blue-4469171885,customer service
Tech Rise,techrise.nl,geraden en bevestigd,Head of Customer Success,,2026-09-22,Amsterdam,1,nee,https://nl.linkedin.com/jobs/view/head-of-customer-success-at-tech-rise-4456583876,customer happiness
Technische Unie,technischeunie.nl,geraden en bevestigd,Customer Service Medewerker,ja,2026-09-17,Zwolle,12,nee,https://nl.linkedin.com/jobs/view/customer-service-medewerker-at-technische-unie-4466956665,klantenservice medewerker
Tegeltje.nl,tegeltje.nl,geraden en bevestigd,Sales medewerker B2B (24-40 uur),,2026-09-18,Bodegraven,1,nee,https://nl.linkedin.com/jobs/view/sales-medewerker-b2b-24-40-uur-at-tegeltje-nl-4469197217,e-commerce medewerker
Tellent,tellent.com,geraden en bevestigd,Digital Customer Success Manager - Benelux,ja,2026-09-21,Amsterdam,2,nee,https://nl.linkedin.com/jobs/view/digital-customer-success-manager-benelux-at-tellent-4467383612,customer happiness
Temu,sites.google.com,geraden en bevestigd,Business Development Manager,,2026-09-06,Nederland,2,nee,https://nl.linkedin.com/jobs/view/business-development-manager-at-temu-4462685492,e-commerce medewerker
Termeer Groep,termeer.com,geraden en bevestigd,Webshopmedewerker (maandag),,2026-09-16,Tilburg,3,nee,https://nl.linkedin.com/jobs/view/webshopmedewerker-maandag-at-termeer-groep-4371879320,webcare medewerker
terStal,terstal.nl,geraden en bevestigd,E-Commerce Manager,,2026-07-30,Almelo,1,nee,https://nl.linkedin.com/jobs/view/e-commerce-manager-at-terstal-4447081089,webshop beheerder
The Brink Agency,thebrinkagency.com,geraden en bevestigd,Marketing Content Specialist,,2026-09-07,Amsterdam,1,nee,https://nl.linkedin.com/jobs/view/marketing-content-specialist-at-the-brink-agency-4464347395,content specialist webshop
The Dare Company,thedarecompany.com,geraden en bevestigd,Vacature Front end developer,,2026-07-10,Rotterdam,3,nee,https://nl.linkedin.com/jobs/view/vacature-front-end-developer-at-the-dare-company-4449069211,webcare medewerker
The Flex,theflex.nl,geraden en bevestigd,French-Speaking Customer Experience Specialist,ja,2026-06-18,"Brussel, Brussels Hoofdstedelijk Gewest, België",1,nee,https://be.linkedin.com/jobs/view/french-speaking-customer-experience-specialist-at-the-flex-4430765534,klantenservice medewerker
The Photo Company,thephotocompany.com,geraden en bevestigd,Winkelmedewerker (8-38 uur),,2026-09-13,Amersfoort,1,nee,https://nl.linkedin.com/jobs/view/winkelmedewerker-8-38-uur-at-the-photo-company-4466771175,webshop medewerker
The Pollinators,thepollinators.org,geraden en bevestigd,Social media strateeg &amp; Content creator,,2026-09-22,Amsterdam,1,nee,https://nl.linkedin.com/jobs/view/social-media-strateeg-content-creator-at-the-pollinators-4470414045,content specialist webshop
Think Online,think-online.nl,geraden en bevestigd,VACATURE: ONLINE MARKETEER,,2026-06-27,Breda-Tilburg Area,1,nee,https://nl.linkedin.com/jobs/view/vacature-%0Aonline-marketeer-at-think-online-4434214925,online marketeer webshop
Thule Group,thule.com,geraden en bevestigd,Customer Service Medewerker,ja,2026-09-09,"Menen, Vlaanderen, België",1,nee,https://be.linkedin.com/jobs/view/customer-service-medewerker-at-thule-group-4463877712,klantenservice medewerker
Tibber,tibber.com:443,geraden en bevestigd,Customer Support Specialist,ja,2026-09-08,Amsterdam,1,nee,https://nl.linkedin.com/jobs/view/customer-support-specialist-at-tibber-4414816920,klantenservice medewerker
TOPdesk,topdesk.com,geraden en bevestigd,Customer Succes Manager (NL),ja,2026-09-14,Delft,1,nee,https://nl.linkedin.com/jobs/view/customer-succes-manager-nl-at-topdesk-4465762335,customer happiness
Toppy,toppy.nl,geraden en bevestigd,E-commerce meewerkstage,,2026-04-07,Veghel,1,nee,https://nl.linkedin.com/jobs/view/e-commerce-meewerkstage-at-toppy-4398365727,webshop medewerker
Travyk - Online Marketing Bureau,travyk.nl,geraden en bevestigd,Medior online marketeer - T shaped SEA specialist,,2026-09-07,Heerenveen,1,nee,https://nl.linkedin.com/jobs/view/medior-online-marketeer-t-shaped-sea-specialist-at-travyk-online-marketing-specialisten-4464323368,online marketeer webshop
Treatwell,treatwell.nl,geraden en bevestigd,Customer Success Manager NL,ja,2026-09-18,Amsterdam,2,nee,https://nl.linkedin.com/jobs/view/customer-success-manager-nl-at-treatwell-4469133608,webcare medewerker
Trend People,trend.nl,geraden en bevestigd,Commercieel administratief medewerker,,2026-09-09,Oudewater,1,nee,https://nl.linkedin.com/jobs/view/commercieel-administratief-medewerker-at-trend-people-4439906546,orderverwerking medewerker
Trigon Food BV,trigon-food.nl,geraden en bevestigd,Vacature loods medewerker,,2026-07-13,Leeuwarden,1,nee,,logistiek medewerker webshop
Triodos Bank,triodos.nl,geraden en bevestigd,Head of Customer Services TBNL,,2026-09-02,Driebergen-Rijsenburg,1,nee,https://nl.linkedin.com/jobs/view/head-of-customer-services-tbnl-at-triodos-bank-4462440160,customer happiness
TriplePro Online Marketing,triplepro.nl,geraden en bevestigd,SEO specialist,,2026-08-07,Groningen,1,nee,https://nl.linkedin.com/jobs/view/seo-specialist-at-triplepro-online-marketing-bv-4450353503,content specialist webshop
Troostwijk Auctions,troostwijkauctions.com,geraden en bevestigd,Klantenservice medewerker,ja,2026-09-02,Amsterdam,3,nee,https://nl.linkedin.com/jobs/view/klantenservice-medewerker-at-troostwijk-auctions-4457342326,klantenservice medewerker
Trouw Nutrition,trouwnutrition-benelux.com,geraden en bevestigd,Customer Service Representative,ja,2026-09-04,"Gent, Vlaanderen, België",1,nee,https://be.linkedin.com/jobs/view/customer-service-representative-at-trouw-nutrition-4462317320,klantenservice medewerker
Trusted Shops,trustedshops.nl,geraden en bevestigd,Customer Success Manager Benelux (f/m/d),ja,2026-09-07,Amsterdam,1,nee,https://nl.linkedin.com/jobs/view/customer-success-manager-benelux-f-m-d-at-trusted-shops-4461893682,customer happiness
Trustoo.nl,trustoo.nl,geraden en bevestigd,Customer Success Manager,ja,2026-09-03,Amsterdam,2,nee,https://nl.linkedin.com/jobs/view/customer-success-manager-at-trustoo-nl-4460735308,customer happiness
TSC Life,tsc-life.com,geraden en bevestigd,Customer Service Agent,ja,2026-09-18,Amsterdam,1,nee,https://nl.linkedin.com/jobs/view/customer-service-agent-at-tsc-life-4469160348,orderverwerking medewerker
TVH,tvh.com,geraden en bevestigd,Customer Care Advisor France,ja,2026-09-03,"Waregem, Vlaanderen, België",1,nee,https://be.linkedin.com/jobs/view/customer-care-advisor-france-at-tvh-4462782516,klantenservice medewerker
Twentyseven,hoteltwentyseven.com,geraden en bevestigd,Open sollicitatie - Twentyseven,,2024-11-26,Eindhoven,1,nee,https://nl.linkedin.com/jobs/view/open-sollicitatie-twentyseven-at-twentyseven-4085642446,webcare medewerker
TwoBirds Company,twobirdscompany.com,geraden en bevestigd,Head of Operations bij OKTOBER,,2026-09-17,Amsterdam,1,nee,https://nl.linkedin.com/jobs/view/head-of-operations-bij-oktober-at-twobirds-company-4467565394,webshop beheerder
Udea BV,udea.nl,geraden en bevestigd,Magazijnmedewerker fulltime,,2026-02-23,Veghel,1,nee,https://nl.linkedin.com/jobs/view/magazijnmedewerker-fulltime-at-udea-bv-4376590091,orderverwerking
Ultimesh,ultimesh.nl,geraden en bevestigd,E-commerce Medewerker,,2026-09-11,Hellevoetsluis,1,nee,https://nl.linkedin.com/jobs/view/e-commerce-medewerker-at-ultimesh-4466068170,webcare medewerker
UMC Utrecht,umcutrecht.nl,geraden en bevestigd,Medewerker schoonmaak &amp; services,ja,2026-04-14,Utrecht,1,nee,https://nl.linkedin.com/jobs/view/medewerker-schoonmaak-services-at-umc-utrecht-4392436330,webcare medewerker
Under Armour,underarmour.nl,geraden en bevestigd,"Sr. Professional, Digital Marketplace Sales",,2026-09-03,Amsterdam,1,nee,https://nl.linkedin.com/jobs/view/sr-professional-digital-marketplace-sales-at-under-armour-4453152174,e-commerce medewerker
United Petfood,unitedpetfood.eu,geraden en bevestigd,Commercieel Medewerker Binnendienst,,2026-08-14,Waalwijk,2,nee,https://nl.linkedin.com/jobs/view/commercieel-medewerker-binnendienst-at-united-petfood-4454526510,orderverwerking medewerker
VAB,vab.nl,geraden en bevestigd,Customer Support Medewerker,ja,2026-09-08,"Zwijndrecht, Vlaanderen, België",1,nee,https://be.linkedin.com/jobs/view/customer-support-medewerker-at-vab-4463500108,klantenservice medewerker
Vakgarage,vakgarage.nl,geraden en bevestigd,Service Adviseur in Mijdrecht,ja,2026-07-10,Mijdrecht,1,nee,https://nl.linkedin.com/jobs/view/service-adviseur-in-mijdrecht-at-vakgarage-4438893621,klantadviseur
Valicare,valicare.nl,geraden en bevestigd,PHP Developer,,2026-08-01,Den Haag,2,nee,https://nl.linkedin.com/jobs/view/php-developer-at-valicare-4445558465,webcare medewerker
Valk Design,valkdesign.nl,geraden en bevestigd,Customer Service &amp; Operations Medewerker | Valk at Home,ja,2026-09-08,Eemnes,1,nee,https://nl.linkedin.com/jobs/view/customer-service-operations-medewerker-valk-at-home-at-valk-design-4464472421,orderverwerking medewerker
VAMAT,vamat.nl,geraden en bevestigd,Medewerker Customer Service,ja,2026-09-08,"Utrecht, Nederland",1,nee,https://nl.linkedin.com/jobs/view/medewerker-customer-service-at-vamat-4464449514,klantenservice medewerker
Van Cranenbroek,vancranenbroek.com,geraden en bevestigd,SEO Specialist – GEO &amp; AI Search (32–40 uur) | Budel,,2026-08-13,Budel,1,nee,https://nl.linkedin.com/jobs/view/seo-specialist-%E2%80%93-geo-ai-search-32%E2%80%9340-uur-budel-at-van-cranenbroek-4454081977,content specialist webshop
Van den Bosch,vandenbosch.nl,geraden en bevestigd,Klantenservicemedewerker,ja,2026-09-03,Erp,1,nee,https://nl.linkedin.com/jobs/view/klantenservicemedewerker-at-van-den-bosch-4462788081,klantenservice medewerker
Van der Heide,vanderheide.nl,geraden en bevestigd,Accountmanager binnendienst,,2026-06-07,Drachten,1,nee,https://nl.linkedin.com/jobs/view/accountmanager-binnendienst-at-van-der-heide-4436317544,klantadviseur
Van der Hoeven Kliniek,hoevenkliniek.nl,geraden en bevestigd,Medewerker beveiliging en receptie,,2026-09-16,Utrecht,1,nee,https://nl.linkedin.com/jobs/view/medewerker-beveiliging-en-receptie-at-van-der-hoeven-kliniek-4459146998,webcare medewerker
Van der Knaap,vanderknaap.nl,geraden en bevestigd,"Medewerker marketing, communicatie en events",,2026-09-14,Kwintsheul,1,nee,https://nl.linkedin.com/jobs/view/medewerker-marketing-communicatie-en-events-at-van-der-knaap-4467073432,webcare medewerker
Van der Wal,vanderwal.nl,geraden en bevestigd,Customer Service Specialist,ja,2026-09-11,Utrecht,2,nee,https://nl.linkedin.com/jobs/view/customer-service-specialist-at-van-der-wal-4464869166,customer service
Van Dorp,vandorp.nl,geraden en bevestigd,Helpdeskmedewerker ICT | Nieuwegein,ja,2026-07-10,Nieuwegein,1,nee,https://nl.linkedin.com/jobs/view/helpdeskmedewerker-ict-nieuwegein-at-van-dorp-4435990557,support medewerker webshop
Van Gooi,vangooi.com,geraden en bevestigd,Front-end Developer (Energy Systems),,2026-08-18,Utrecht,1,nee,https://nl.linkedin.com/jobs/view/front-end-developer-energy-systems-at-van-gooi-4452846493,webcare medewerker
Van Happen Containers,vanhappencontainers.nl,geraden en bevestigd,Orderinvoer,,2026-08-25,Eindhoven,1,nee,https://nl.linkedin.com/jobs/view/orderinvoer-at-van-happen-containers-4458717105,orderverwerking medewerker
Van Herk Kaas,vanherkkaas.nl,geraden en bevestigd,"Vacature: Backoffice medewerker – klantcontact, inkoop &amp; verkoop (Fulltime)",ja,2026-08-26,Bodegraven,1,nee,https://nl.linkedin.com/jobs/view/vacature-backoffice-medewerker-%E2%80%93-klantcontact-inkoop-verkoop-fulltime-at-van-herk-kaas-4459316365,orderverwerking medewerker
Van Leeuwen Stainless,vanleeuwen.com,geraden en bevestigd,Inside Sales Medewerker,,2026-06-12,Beesd,1,nee,https://nl.linkedin.com/jobs/view/inside-sales-medewerker-at-van-leeuwen-stainless-4425967935,orderverwerking medewerker
Van Moer Logistics,vanmoer.com,geraden en bevestigd,Customer Service Officer,,2026-09-01,"Beringen, Vlaanderen, België",1,nee,https://be.linkedin.com/jobs/view/customer-service-officer-at-van-moer-logistics-4459504625,klantenservice medewerker
Van Mossel Automotive Group,vanmossel.nl,geraden en bevestigd,Medewerker Klantenservice,ja,2026-08-11,Tilburg,6,nee,https://nl.linkedin.com/jobs/view/medewerker-klantenservice-at-van-mossel-automotive-group-4455292954,klantenservice medewerker
Van Nieuwpoort Groep,vannieuwpoort.com,geraden en bevestigd,Medewerker marketingcommunicatie,,2026-09-04,Gouda,1,nee,https://nl.linkedin.com/jobs/view/medewerker-marketingcommunicatie-at-van-nieuwpoort-groep-4461171249,webcare medewerker
van Spreuwel Transport B.V.,vanspreuweltransport.nl,geraden en bevestigd,Magazijnmedewerker nacht,,2026-09-11,Eindhoven,1,nee,https://nl.linkedin.com/jobs/view/magazijnmedewerker-nacht-at-van-spreuwel-transport-b-v-4466301084,logistiek medewerker webshop
Van Tol Retail,vantolversunie.com,geraden en bevestigd,Orderpicker Diepvries,,2026-06-16,Heerhugowaard,1,nee,https://nl.linkedin.com/jobs/view/orderpicker-diepvries-at-van-tol-versunie-4429508941,orderverwerking
Vandebron,vandebron.nl,geraden en bevestigd,Customer Service Medewerker,ja,2026-05-28,Amsterdam,1,nee,https://nl.linkedin.com/jobs/view/customer-service-medewerker-at-vandebron-4431658020,klantenservice medewerker
Vandersterre,vandersterre.com,geraden en bevestigd,Verkoopondersteuning,,2026-09-21,Bodegraven,1,nee,https://nl.linkedin.com/jobs/view/verkoopondersteuning-at-vandersterre-4469874021,orderverwerking medewerker
VAST.,vast.nl,geraden en bevestigd,E‑commerce Specialist,,2026-07-14,'s-Heerenberg,1,nee,https://nl.linkedin.com/jobs/view/e%E2%80%91commerce-specialist-at-vast-4440568385,webcare medewerker
VDL Agrotech,vdlagrotech.nl,geraden en bevestigd,Commercieel Medewerker Binnendienst,,2026-09-07,Eindhoven,1,nee,https://nl.linkedin.com/jobs/view/commercieel-medewerker-binnendienst-at-vdl-agrotech-4464370174,orderverwerking medewerker
Vecht en IJssel,vechtenijssel.nl,geraden en bevestigd,Open sollicitatie,,2025-03-26,IJsselstein,1,nee,https://nl.linkedin.com/jobs/view/open-sollicitatie-at-vecht-en-ijssel-4190977851,webcare medewerker
Vedder & Vedder,vedder-vedder.nl,geraden en bevestigd,E-Commerce Merchandiser,,2026-09-20,Amsterdam,2,nee,https://nl.linkedin.com/jobs/view/e-commerce-merchandiser-at-vedder-vedder-4467318309,webshop beheerder
Veiligheidsregio Brabant-Zuidoost (VRBZO),vrbzo.nl,geraden en bevestigd,Contentspecialist,,2026-09-21,Eindhoven,1,nee,https://nl.linkedin.com/jobs/view/contentspecialist-at-veiligheidsregio-brabant-zuidoost-vrbzo-4469876096,content specialist webshop
Veldsink Advies,veldsink.nl,geraden en bevestigd,Adviseur Binnendienst Particulier,,2026-09-10,Valkenswaard,7,nee,https://nl.linkedin.com/jobs/view/adviseur-binnendienst-particulier-at-veldsink-advies-4465631007,klantadviseur
VELORETTI,veloretti.com,geraden en bevestigd,Product Owner Core Systems,,2026-07-22,Amsterdam,3,ja,https://nl.linkedin.com/jobs/view/product-owner-core-systems-at-veloretti-4443115017,orderverwerking
VELUX,velux.nl,geraden en bevestigd,Customer Service Advisor – VELUX Belgium,ja,2026-09-17,"Waver, Wallonië, België",5,nee,https://be.linkedin.com/jobs/view/customer-service-advisor-%E2%80%93-velux-belgium-at-velux-4468604708,klantenservice medewerker
Verano®,verano.nl,geraden en bevestigd,Commercieel medewerker binnendienst export,,2026-06-27,Best,1,nee,https://nl.linkedin.com/jobs/view/commercieel-medewerker-binnendienst-export-at-verano-b-v-4434223397,orderverwerking medewerker
Verathon,verathon.com,geraden en bevestigd,Customer Service Specialist,ja,2026-08-31,Amsterdam,1,nee,https://nl.linkedin.com/jobs/view/customer-service-specialist-at-verathon-4460070748,klantenservice medewerker
Verisure,verisure.nl,geraden en bevestigd,Klantenservice medewerker Inbound,ja,2026-09-17,Amsterdam,3,nee,https://nl.linkedin.com/jobs/view/klantenservice-medewerker-inbound-at-verisure-4466254242,klantenservice medewerker
Vermaat,linkedin.com,geraden en bevestigd,Horecamedewerker Antoni van Leeuwenhoek,,2026-08-26,Amsterdam,1,nee,https://nl.linkedin.com/jobs/view/horecamedewerker-antoni-van-leeuwenhoek-at-vermaat-4461442279,webcare medewerker
VERO MODA,veromoda.com,geraden en bevestigd,Verkoopmedewerker VERO MODA Zwolle,,2026-06-17,Zwolle,2,nee,https://nl.linkedin.com/jobs/view/verkoopmedewerker-vero-moda-zwolle-at-vero-moda-4429939849,support medewerker webshop
versAlert B.V.,versalert.nl,geraden en bevestigd,Klantsupport medewerker,ja,2026-09-10,Utrecht,2,nee,https://nl.linkedin.com/jobs/view/klantsupport-medewerker-at-versalert-b-v-4463455293,klantenservice medewerker
Verzuimdata,verzuimdata.nl,geraden en bevestigd,Medewerker Service &amp; Support,ja,2026-09-14,Ridderkerk,1,nee,https://nl.linkedin.com/jobs/view/medewerker-service-support-at-verzuimdata-b-v-4440557380,webcare medewerker
Veynex Embedded Software,veynex.com,geraden en bevestigd,ICT Support Medewerker,ja,2026-07-03,Maastricht,3,nee,https://nl.linkedin.com/jobs/view/ict-support-medewerker-at-veynex-embedded-software-4446509258,webcare medewerker
VHC Jongens BV,vhcjongensbv.nl,geraden en bevestigd,"Medewerker Expeditie, nacht",,2025-03-04,Oostzaan,3,nee,https://nl.linkedin.com/jobs/view/medewerker-expeditie-nacht-at-vhc-jongens-bv-4173615367,orderverwerking
Viamanta,viamanta.com,geraden en bevestigd,Partner Success Specialist (m/f/x),,2026-06-02,Amsterdam,1,nee,https://nl.linkedin.com/jobs/view/partner-success-specialist-m-f-x-at-viamanta-4423923357,customer happiness
Videojet Technologies,videojet.com,geraden en bevestigd,Orderpicker / Logistiek Medewerker (m/f/d),ja,2026-09-02,De Meern,1,nee,https://nl.linkedin.com/jobs/view/orderpicker-logistiek-medewerker-m-f-d-at-videojet-technologies-4434785939,logistiek medewerker webshop
ViewSonic,viewsonic.com,geraden en bevestigd,Customer Success Coordinator German,ja,2026-09-04,Weesp,1,nee,https://nl.linkedin.com/jobs/view/customer-success-coordinator-german-at-viewsonic-4461974451,customer happiness
Viking Europe,viking-europe.com,geraden en bevestigd,Local Commercial Web Manager NLD,,2026-09-16,Venlo,1,nee,https://nl.linkedin.com/jobs/view/local-commercial-web-manager-nld-at-viking-europe-4468262157,webcare medewerker
Viking Nederland,viking.nl,geraden en bevestigd,Local Commercial Web Manager NLD,,2026-09-16,Venlo,1,nee,https://nl.linkedin.com/jobs/view/local-commercial-web-manager-nld-at-viking-nederland-4468261625,webcare medewerker
VIKTOR,viktor.com,geraden en bevestigd,Customer Success Manager,ja,2026-09-15,Rotterdam,1,nee,https://nl.linkedin.com/jobs/view/customer-success-manager-at-viktor-4467494832,customer happiness
VILA,vila.nl,geraden en bevestigd,Verkoopmedewerker fulltime VILA Rotterdam Alexandrium (New Store),,2026-08-13,Rotterdam,1,nee,https://nl.linkedin.com/jobs/view/verkoopmedewerker-fulltime-vila-rotterdam-alexandrium-new-store-at-vila-4453674488,support medewerker webshop
Vintage.com,vintage.com,geraden en bevestigd,French Customer Experience Agent,ja,2026-09-15,Duiven,8,nee,https://nl.linkedin.com/jobs/view/french-customer-experience-agent-at-vintage-com-4464134036,klantenservice medewerker
Vinted,vinted.nl,geraden en bevestigd,"Partner Success Coordinator (Dutch Speaking), VintedGo Member Support",ja,2026-09-21,Amsterdam,1,nee,https://nl.linkedin.com/jobs/view/partner-success-coordinator-dutch-speaking-vintedgo-member-support-at-vinted-4461082335,support medewerker webshop
VINVIN Wines,vinvinwines.nl,geraden en bevestigd,Commercieel medewerker binnendienst,,2026-09-17,Rotterdam,1,nee,https://nl.linkedin.com/jobs/view/commercieel-medewerker-binnendienst-at-vinvin-wines-4468693688,orderverwerking medewerker
Vion Food Group,vionfoodgroup.com,geraden en bevestigd,Medewerker Backoffice Verkoop,,2026-09-22,Enschede,2,nee,https://nl.linkedin.com/jobs/view/medewerker-backoffice-verkoop-at-vion-food-group-4463509690,orderverwerking medewerker
VIPS PMS,vipspms.com,geraden en bevestigd,Customer Success &amp; Accountmanager VIPS PMS,ja,2026-08-27,Nieuwegein,1,nee,https://nl.linkedin.com/jobs/view/customer-success-accountmanager-vips-pms-at-vips-pms-4458962293,customer happiness
Virtual Assistant Team,virtualassistantteam.com.au,geraden en bevestigd,Digital Marketer with Click Funnels,,2025-04-03,Est,1,nee,https://nl.linkedin.com/jobs/view/digital-marketer-with-click-funnels-at-virtual-assistant-team-4197787540,webcare medewerker
Vlaaibaar,vlaaibaar.nl,geraden en bevestigd,Vacature Shopify developer.,,2026-08-02,Panningen,1,nee,https://nl.linkedin.com/jobs/view/vacature-shopify-developer-at-vlaaibaar-4447651357,webshop beheerder
Voetencentrum Wender,voetencentrumnoordwijk.nl,geraden en bevestigd,Medewerker Servicedesk,ja,2026-09-09,Hengelo,1,nee,https://nl.linkedin.com/jobs/view/medewerker-servicedesk-at-voetencentrum-wender-4465058771,webcare medewerker
VolkerWessels Infra Digital,volkerwessels.com,geraden en bevestigd,Servicedeskmedewerker,ja,2026-07-08,Vianen,1,nee,https://nl.linkedin.com/jobs/view/servicedeskmedewerker-at-volkerwessels-infra-digital-4437066756,webcare medewerker
Volvo Trucks,volvotrucks.nl,geraden en bevestigd,Customer Service Coordinator - Dutch + German,ja,2026-09-06,"Gent, Vlaanderen, België",2,nee,https://be.linkedin.com/jobs/view/customer-service-coordinator-dutch-%2B-german-at-volvo-trucks-4436752885,klantenservice medewerker
Vondel Hotels,vondelhotels.com,geraden en bevestigd,Medewerker Bediening,,2026-06-04,Amsterdam,1,nee,https://nl.linkedin.com/jobs/view/medewerker-bediening-at-vondel-hotels-4423376761,webcare medewerker
Voomy,voomy.com,geraden en bevestigd,E-commerce manager,,2026-07-30,Capelle aan den IJssel,1,nee,https://nl.linkedin.com/jobs/view/e-commerce-manager-at-voomy-4447036033,webshop beheerder
Voordeeluitjes,voordeeluitjes.nl,geraden en bevestigd,Klantenservicemedewerker Voordeeluitjes.nl,ja,2026-07-21,Deventer,1,nee,https://nl.linkedin.com/jobs/view/klantenservicemedewerker-voordeeluitjes-nl-at-voordeeluitjes-nl-4442996961,klantenservice medewerker
Vos Logistics,voslogistics.com,geraden en bevestigd,Allround Warehouse Medewerker,,2026-09-15,Kerkrade,3,nee,https://nl.linkedin.com/jobs/view/allround-warehouse-medewerker-at-vos-logistics-4465515544,logistiek medewerker webshop
Vos Marketing,vosmarketing.nl,geraden en bevestigd,Senior Performance Marketeer,,2026-09-07,Nederland,1,nee,https://nl.linkedin.com/jobs/view/senior-performance-marketeer-at-vos-marketing-4464359173,online marketeer webshop
Vulpes Goods,vulpesgoods.com,geraden en bevestigd,Customer Experience Specialist,ja,2026-08-25,Bunnik,1,ja,https://nl.linkedin.com/jobs/view/customer-experience-specialist-at-vulpes-goods-4458599796,customer happiness
Waldom,waldom.com,geraden en bevestigd,Customer Experience Specialist - German Speaking,ja,2026-09-21,Amsterdam Area,2,nee,https://nl.linkedin.com/jobs/view/customer-experience-specialist-german-speaking-at-waldom-4467556585,customer happiness
Walraven Nederland,walraven.com,geraden en bevestigd,Medewerker Internal Sales,,2026-09-01,Mijdrecht,1,nee,https://nl.linkedin.com/jobs/view/medewerker-internal-sales-at-walraven-nederland-4461743440,orderverwerking medewerker
Wasco B.V.,wasco.nl,geraden en bevestigd,Medewerker Productmanagement,,2026-09-08,Apeldoorn,1,nee,https://nl.linkedin.com/jobs/view/medewerker-productmanagement-at-wasco-4459837543,orderverwerking
waterdrop®,waterdrop.nl,geraden en bevestigd,Sales Assistant - Hydrista (w/m/d),,2026-08-28,Roermond,1,nee,https://nl.linkedin.com/jobs/view/sales-assistant-hydrista-w-m-d-at-waterdrop%C2%AE-4455346916,webshop medewerker
WebElephant,webelephant.nl,geraden en bevestigd,SEO / AIO specialist,,2026-06-29,Breda,3,nee,https://nl.linkedin.com/jobs/view/seo-aio-specialist-at-webelephant-4434132837,content specialist webshop
Webgrade,webgrade.nl,geraden en bevestigd,WordPress Developer,,2026-08-12,Den Haag,1,nee,https://nl.linkedin.com/jobs/view/wordpress-developer-at-webgrade-4450196396,webcare medewerker
Webstijl B.V.,webstijl.nl,geraden en bevestigd,Traineeship/junior medewerker online marketing bij Webstijl,,2026-07-03,Alphen aan den Rijn,2,nee,https://nl.linkedin.com/jobs/view/traineeship-junior-medewerker-online-marketing-bij-webstijl-at-webstijl-b-v-4436904592,webcare medewerker
Weeztix,weeztix.com,geraden en bevestigd,Customer Succes Manager Cashless,ja,2026-08-19,Amsterdam,1,nee,https://nl.linkedin.com/jobs/view/customer-succes-manager-cashless-at-weeztix-4456157968,customer happiness
Weight Doctors,weight-doctors.nl,geraden en bevestigd,Patiënten Coördinator / Receptioniste / Medisch Assistent(e),,2026-09-18,Waalre,1,nee,https://nl.linkedin.com/jobs/view/pati%C3%ABnten-co%C3%B6rdinator-receptioniste-medisch-assistent-e-at-weight-doctors-4466633992,webcare medewerker
Welcom Noordwijk,welcombij.nl,geraden en bevestigd,Verkoopadviseur Welcom bij Kivits Venray,,2026-08-05,Venray,1,nee,https://nl.linkedin.com/jobs/view/verkoopadviseur-welcom-bij-kivits-venray-at-welcom-noordwijk-4449436068,klantadviseur
Werken in Gelderland,werkeningelderland.nl,geraden en bevestigd,Medewerker Servicedesk ICT,ja,2026-09-03,Nijmegen,2,nee,https://nl.linkedin.com/jobs/view/medewerker-servicedesk-ict-at-werken-in-gelderland-4461663040,webcare medewerker
WestCord Hotels,westcordhotels.nl,geraden en bevestigd,Medewerker Bediening Fulltime,,2026-09-14,Groningen,6,nee,https://nl.linkedin.com/jobs/view/medewerker-bediening-fulltime-at-westcord-hotels-4464799747,webcare medewerker
Whitevision,whitevision.com,geraden en bevestigd,"Service Medewerker, €3.000 - €3.500 | Rotterdam/Zoetermeer",ja,2026-08-06,Rotterdam,1,nee,https://nl.linkedin.com/jobs/view/service-medewerker-%E2%82%AC3-000-%E2%82%AC3-500-rotterdam-zoetermeer-at-whitevision-4448820634,webcare medewerker
wienerberger Nederland,wienerberger.nl,geraden en bevestigd,Medewerker Binnendienst | Customer Service | 32 tot 40 uur | Elst,ja,2026-09-10,Elst,1,nee,https://nl.linkedin.com/jobs/view/medewerker-binnendienst-customer-service-32-tot-40-uur-elst-at-wienerberger-nederland-4463477410,orderverwerking medewerker
WilroffReitsma,wilroffreitsma.nl,geraden en bevestigd,Commercieel Medewerker Binnendienst,,2026-09-10,Halfweg,1,nee,https://nl.linkedin.com/jobs/view/commercieel-medewerker-binnendienst-at-wilroffreitsma-4464520981,orderverwerking medewerker
WINSEARCH Netherlands,winsearch.nl,geraden en bevestigd,Magazijnmedewerker,,2026-09-21,Rilland,2,nee,https://nl.linkedin.com/jobs/view/magazijnmedewerker-at-winsearch-netherlands-4467391920,orderverwerking
Woertman Nederland B.V.,woertman.nl,geraden en bevestigd,Backoffice &amp; Operations Coördinator,,2026-09-10,Nieuwegein,2,nee,https://nl.linkedin.com/jobs/view/backoffice-operations-co%C3%B6rdinator-at-woertman-nederland-b-v-4464095561,orderverwerking medewerker
Woonstad Rotterdam,woonstadrotterdam.nl,geraden en bevestigd,Klantadviseur,ja,2026-09-21,Rotterdam,1,nee,https://nl.linkedin.com/jobs/view/klantadviseur-at-woonstad-rotterdam-4372858831,klantadviseur
Workiva,workiva.com,geraden en bevestigd,Customer Success Manager - German Speaking,ja,2026-09-14,Amsterdam,1,nee,https://nl.linkedin.com/jobs/view/customer-success-manager-german-speaking-at-workiva-4465763814,customer happiness
Workodo,workodo.com,geraden en bevestigd,Support medewerker,ja,2026-07-22,Amsterdam,2,nee,https://nl.linkedin.com/jobs/view/support-medewerker-at-workodo-4443413393,support medewerker webshop
WorkplaceBuddy,workplacebuddy.com,geraden en bevestigd,Customer Success Manager (Dutch speaking),ja,2026-09-21,Amsterdam,1,nee,https://nl.linkedin.com/jobs/view/customer-success-manager-dutch-speaking-at-workplacebuddy-4469867784,customer happiness
WP Masters,wpmasters.nl,geraden en bevestigd,SEO Specialist (junior),,2026-08-05,Amsterdam,2,nee,https://nl.linkedin.com/jobs/view/seo-specialist-junior-at-wp-masters-4448906732,webcare medewerker
WP SEO AI,wpseoai.com,geraden en bevestigd,Wordpress Developer (German/Dutch Speaking),,2026-08-31,Amsterdam,1,nee,https://nl.linkedin.com/jobs/view/wordpress-developer-german-dutch-speaking-at-wp-seo-ai-4461201969,webcare medewerker
X2O Badkamers Nederland,x2o.nl,geraden en bevestigd,Showroom Adviseur (Zaandam),,2026-07-23,Zaandam,1,nee,https://nl.linkedin.com/jobs/view/showroom-adviseur-zaandam-at-x2o-badkamers-nederland-4444403974,klantadviseur
Xeltis,xeltis.com,geraden en bevestigd,Customer Service Specialist,ja,2026-08-18,Eindhoven,1,nee,https://nl.linkedin.com/jobs/view/customer-service-specialist-at-xeltis-4454901454,customer service
Yex B.V.,yex.nl,geraden en bevestigd,Commercial Support Medewerker,ja,2025-08-14,Naaldwijk,1,nee,https://nl.linkedin.com/jobs/view/commercial-support-medewerker-at-yex-b-v-4282866294,orderverwerking medewerker
You Sure,yousure.nl,geraden en bevestigd,Customer Support Medewerker,ja,2026-09-20,Hoofddorp,2,nee,https://nl.linkedin.com/jobs/view/customer-support-medewerker-at-you-sure-4372512433,klantenservice medewerker
Zelesta,zelesta.nl,geraden en bevestigd,E-commerce Specialist,,2026-09-21,Soesterberg,3,nee,https://nl.linkedin.com/jobs/view/e-commerce-specialist-at-zelesta-4469874193,webcare medewerker
ZENGGI,zenggi.com,geraden en bevestigd,Digital Marketing Growth Specialist,,2026-08-29,Amsterdam,1,ja,https://nl.linkedin.com/jobs/view/digital-marketing-growth-specialist-at-zenggi-4460856187,e-commerce medewerker
Zero Friction,zerofriction.com,geraden en bevestigd,Customer Service and Operations Agent NL &amp; FR,ja,2026-07-23,"Gent, Vlaanderen, België",1,nee,https://be.linkedin.com/jobs/view/customer-service-and-operations-agent-nl-fr-at-zero-friction-4444438889,klantenservice medewerker
Zimmer Biomet,zimmerbiomet.com,geraden en bevestigd,Customer Experience - Local Strategic Partner,,2026-09-10,Breda,1,nee,https://nl.linkedin.com/jobs/view/customer-experience-local-strategic-partner-at-zimmer-biomet-4454995782,customer happiness
Zimmermann,zimmermann.nl,geraden en bevestigd,Client Advisor - Opening in Amsterdam - December 2026,,2026-09-08,Amsterdam,1,nee,https://nl.linkedin.com/jobs/view/client-advisor-opening-in-amsterdam-december-2026-at-zimmermann-4452396516,klantadviseur
Zitmaxx Wonen,zitmaxx.nl,geraden en bevestigd,Klantenservice Medewerker,ja,2026-07-09,Ter Aar,8,nee,https://nl.linkedin.com/jobs/view/klantenservice-medewerker-at-zitmaxx-wonen-4438588826,support medewerker webshop
Zonneplan,zonneplan.nl,geraden en bevestigd,Customer Support Specialist,ja,2026-09-15,Zwolle,2,nee,https://nl.linkedin.com/jobs/view/customer-support-specialist-at-zonneplan-4324809529,klantenservice medewerker
Zorg en Zekerheid,zorgenzekerheid.nl,geraden en bevestigd,Senior (Lead) Front-end Developer,,2026-08-31,Leiden,1,nee,https://nl.linkedin.com/jobs/view/senior-lead-front-end-developer-at-zorg-en-zekerheid-4460030095,webcare medewerker
Zorg+Welzijn,zorgwelzijn.nl,geraden en bevestigd,Huiskamer medewerker | PG,,2026-07-24,Hilversum,1,nee,https://nl.linkedin.com/jobs/view/huiskamer-medewerker-pg-at-zorg%2Bwelzijn-4444975815,webcare medewerker
ZwolleDoet!,zwolledoet.nl,geraden en bevestigd,Webredacteur voor IVN Zwolle,,2026-09-13,Zwolle,2,nee,https://nl.linkedin.com/jobs/view/webredacteur-voor-ivn-zwolle-at-zwolledoet%21-4466765993,webcare medewerker
&MOSS | Luxury Outdoor Furniture,,domein niet gevonden,Senior Online Marketeer,,2026-09-21,Nunspeet,1,nee,https://nl.linkedin.com/jobs/view/senior-online-marketeer-at-moss-luxury-outdoor-furniture-4469849630,online marketeer webshop
A.A.S. Schadeherstel,,domein niet gevonden,Content marketeer,,2026-09-16,Breda,1,nee,https://nl.linkedin.com/jobs/view/content-marketeer-at-aas-schadeherstel-4285387132,content specialist webshop
A.P. Moller - Maersk,,domein niet gevonden,Service Delivery Manager,ja,2026-09-10,Rotterdam,2,nee,https://nl.linkedin.com/jobs/view/service-delivery-manager-at-a-p-moller-maersk-4465629892,customer happiness
aalbers|indeko,,domein niet gevonden,Magazijnmedewerker,,2026-04-16,Renswoude,1,nee,https://nl.linkedin.com/jobs/view/magazijnmedewerker-at-aalbers-indeko-4402130767,logistiek medewerker webshop
Aareon NL,,domein niet gevonden,Klantencoach,,2026-08-31,Oosterhout,1,nee,https://nl.linkedin.com/jobs/view/klantencoach-at-aareon-nl-4461233108,customer happiness
"Access Bright, Inc.",,domein niet gevonden,越境EC事業責任者,,2026-07-23,Scherpenzeel,1,nee,https://nl.linkedin.com/jobs/view/%E8%B6%8A%E5%A2%83ec%E4%BA%8B%E6%A5%AD%E8%B2%AC%E4%BB%BB%E8%80%85-at-access-bright-inc-4443467535,webshop beheerder
adidas,,domein niet gevonden,Senior UX Copywriter,,2026-09-07,Amsterdam,2,nee,https://nl.linkedin.com/jobs/view/senior-ux-copywriter-at-adidas-4462203402,content specialist webshop
AgruniekRijnvallei,,domein niet gevonden,Vacature: Medewerker Verkoopadministratie en Masterdatabeheer - Wageningen,,2026-07-09,Wageningen,1,nee,https://nl.linkedin.com/jobs/view/vacature-medewerker-verkoopadministratie-en-masterdatabeheer-wageningen-at-agruniekrijnvallei-4438629880,orderverwerking medewerker
Alex Staff,,domein niet gevonden,Marketing Content Specialist,,2026-09-10,Rotterdam,1,nee,https://nl.linkedin.com/jobs/view/marketing-content-specialist-at-alex-staff-4465626393,content specialist webshop
Alfabet,,domein niet gevonden,First Line Contact &amp; Reception Advisor (Telefonie &amp; Onthaal),,2026-09-18,"Gent, Vlaanderen, België",1,nee,https://be.linkedin.com/jobs/view/first-line-contact-reception-advisor-telefonie-onthaal-at-alfabet-4469167696,klantenservice medewerker
Allianz Trade in Nederland,,domein niet gevonden,CUSTOMER LINE OFFICER,,2026-09-17,'s-Hertogenbosch,1,nee,https://nl.linkedin.com/jobs/view/customer-line-officer-at-allianz-trade-in-the-netherlands-4468675649,klantenservice medewerker
Amazon,,domein niet gevonden,"Selling Partner Support Associate — Korean Speaker, Selling Partner Support",,2026-09-18,Middelburg,1,nee,https://nl.linkedin.com/jobs/view/selling-partner-support-associate-%E2%80%94-korean-speaker-selling-partner-support-at-amazon-4469141601,customer happiness
Ambachtelijke slager Van der Zee,,domein niet gevonden,LEIDINGGEVENDE ORDERPICKER (38 UUR) – VENLO,,2026-09-02,Venlo,2,nee,https://nl.linkedin.com/jobs/view/leidinggevende-orderpicker-38-uur-%E2%80%93-venlo-at-ambachtelijke-slager-van-der-zee-4462493109,orderverwerking
Aquaculture Stewardship Council (ASC),,domein niet gevonden,Traceability Coordinator,,2026-08-27,Nederland,1,nee,https://nl.linkedin.com/jobs/view/traceability-coordinator-at-aquaculture-stewardship-council-asc-4458652020,webcare medewerker
Areti Group | B Corp™,,domein niet gevonden,"🌳 Delivery Director – Shopify Plus &amp; eCommerce 🌳 Netherlands | Remote-first | €80,000–€90,000 + Bonus + Car Allowance Enterprise Shopify | eCommerce | Digital Experience",,2026-09-04,Nederland,1,nee,https://nl.linkedin.com/jobs/view/%F0%9F%8C%B3-delivery-director-%E2%80%93-shopify-plus-ecommerce-%F0%9F%8C%B3-netherlands-remote-first-%E2%82%AC80-000%E2%80%93%E2%82%AC90-000-%2B-bonus-%2B-car-allowance-enterprise-shopify-ecommerce-digital-experience-at-areti-group-b-corp%E2%84%A2-4463396229,webshop beheerder
Argenta,,domein niet gevonden,Customer Care Expert Beleggen (dagshift),,2026-09-15,"Antwerpen, Vlaanderen, België",4,nee,https://be.linkedin.com/jobs/view/customer-care-expert-beleggen-dagshift-at-argenta-4465538943,klantenservice medewerker
Arlon Graphics,,domein niet gevonden,Customer Support Specialist EMEA,ja,2026-09-03,Den Haag,1,nee,https://nl.linkedin.com/jobs/view/customer-support-specialist-emea-at-arlon-graphics-4461654441,klantenservice medewerker
Artewalls,,domein niet gevonden,Customer service medewerker retail,ja,2026-09-02,"Zonhoven, Vlaanderen, België",1,nee,https://be.linkedin.com/jobs/view/customer-service-medewerker-retail-at-artewalls-4449556505,klantenservice medewerker
Arthrex Belgium,,domein niet gevonden,Commerciële Medewerker Klantendienst,ja,2026-09-18,"Kontich, Vlaanderen, België",1,nee,https://be.linkedin.com/jobs/view/commerci%C3%ABle-medewerker-klantendienst-at-arthrex-belgium-4469110942,klantenservice medewerker
Arval BNP Paribas Group,,domein niet gevonden,Accountmanager B2B,,2026-09-08,Houten,2,nee,https://nl.linkedin.com/jobs/view/accountmanager-b2b-at-arval-bnp-paribas-group-4463508168,klantadviseur
AS Watson Benelux,,domein niet gevonden,Logistiek Medewerker,,2026-09-16,Ede,4,nee,https://nl.linkedin.com/jobs/view/logistiek-medewerker-at-as-watson-benelux-4466860594,logistiek medewerker webshop
Ashby,,domein niet gevonden,Mid-Market Customer Success Manager - EMEA,ja,2026-09-18,Amsterdam,1,nee,https://nl.linkedin.com/jobs/view/mid-market-customer-success-manager-emea-at-ashby-4468016415,customer happiness
Autobedrijf Bochane,,domein niet gevonden,Junior Service Adviseur,ja,2026-09-12,Harderwijk,1,nee,https://nl.linkedin.com/jobs/view/junior-service-adviseur-at-autobedrijf-bochane-4438306474,klantadviseur
AVH Outdoor Tuinmeubelen,,domein niet gevonden,Fulltime klantenservice medewerker,ja,2026-02-24,Numansdorp,3,nee,https://nl.linkedin.com/jobs/view/fulltime-klantenservice-medewerker-at-avh-outdoor-tuinmeubelen-4377141843,klantenservice medewerker
Axians NL | Data Analytics,,domein niet gevonden,Customer Care Specialist,ja,2026-08-20,Eindhoven,2,nee,https://nl.linkedin.com/jobs/view/customer-care-specialist-at-axians-data-ai-4453869579,klantenservice medewerker
Bank . Banque Van Breda,,domein niet gevonden,Client advisor - Brussel-Oost,,2026-09-08,"Brussel, Brussels Hoofdstedelijk Gewest, België",1,nee,https://be.linkedin.com/jobs/view/client-advisor-brussel-oost-at-bank-banque-van-breda-4464468912,klantenservice medewerker
Barista-Essentials,,domein niet gevonden,Klantenservice manager I Chef blije thuisbarista's,ja,2026-08-07,Utrecht,1,nee,https://nl.linkedin.com/jobs/view/klantenservice-manager-i-chef-blije-thuisbarista-s-at-barista-essentials-4450737905,customer happiness
BCS HR Software,,domein niet gevonden,Customer Success Manager,ja,2026-07-29,'s-Hertogenbosch,1,nee,https://nl.linkedin.com/jobs/view/customer-success-manager-at-bcs-hr-software-4446743358,customer happiness
Berner Belgien NV/SA,,domein niet gevonden,Employé Service Clientèle,,2026-08-25,"Lanaken, Vlaanderen, België",1,nee,https://be.linkedin.com/jobs/view/employ%C3%A9-service-client%C3%A8le-at-berner-belgien-nv-sa-4435547594,klantenservice medewerker
Bezos.AI,,domein niet gevonden,Graduate Business Operations Associate,,2026-07-05,Amsterdam,2,nee,https://nl.linkedin.com/jobs/view/graduate-business-operations-associate-at-gonini-formerly-bezos-ai-4437127111,e-commerce medewerker
BI Amazed,,domein niet gevonden,Senior Marketplace Manager,,2026-09-11,Zwolle,1,nee,https://nl.linkedin.com/jobs/view/senior-marketplace-manager-at-bi-amazed-4466087627,webshop beheerder
Bingoal,,domein niet gevonden,Customer Service Agent NL,ja,2026-09-02,"Brussels Hoofdstedelijk Gewest, België",1,nee,https://be.linkedin.com/jobs/view/customer-service-agent-nl-at-bingoal-4462123190,klantenservice medewerker
Bluebird Day. | B Corp,,domein niet gevonden,Product Owner,,2026-09-08,Breda,2,nee,https://nl.linkedin.com/jobs/view/product-owner-at-bluebird-day-4462147233,webshop beheerder
Bode Scholten (opslag) B.V.,,domein niet gevonden,Logistiek Medewerker / Magazijnmedewerker (3-Ploegendienst),,2026-06-13,Zoetermeer,1,nee,https://nl.linkedin.com/jobs/view/logistiek-medewerker-magazijnmedewerker-3-ploegendienst-at-bode-scholten-bv-4428341742,logistiek medewerker webshop
BodyConstruct,,domein niet gevonden,Customer Service Medewerker,ja,2026-09-14,"Antwerpen, Vlaanderen, België",1,nee,https://be.linkedin.com/jobs/view/customer-service-medewerker-at-bodyconstruct-4465715532,klantenservice medewerker
Boels Rental,,domein niet gevonden,Manager Customer Service,ja,2026-09-08,Sittard,1,nee,https://nl.linkedin.com/jobs/view/manager-customer-service-at-boels-rental-4464469303,customer happiness
BoF Careers,,domein niet gevonden,"PRADA Client Advisor, Roermond",,2026-09-11,Roermond,2,nee,https://nl.linkedin.com/jobs/view/prada-client-advisor-roermond-at-bof-careers-4464851884,klantadviseur
Bolsius | B Corp™,,domein niet gevonden,Customer Service Specialist (B2B),ja,2026-08-20,Schijndel,1,nee,https://nl.linkedin.com/jobs/view/customer-service-specialist-b2b-at-bolsius-b-corp%E2%84%A2-4454107329,customer service
Booston.io,,domein niet gevonden,Cleanroom Medewerker 2-ploegen (Bergeijk) | NL or ENG,,2026-09-21,Bergeyk,4,nee,https://nl.linkedin.com/jobs/view/cleanroom-medewerker-2-ploegen-bergeijk-nl-or-eng-at-booston-io-4468736436,webcare medewerker
Breville | Sage,,domein niet gevonden,Beanz EU Co-ordinator,,2026-08-26,Amsterdam,1,nee,https://nl.linkedin.com/jobs/view/beanz-eu-co-ordinator-at-breville-sage-4459164905,e-commerce medewerker
Brewery St.Bernardus,,domein niet gevonden,Customer Service Officer - Voltijds,,2026-08-07,"Watou, Vlaanderen, België",1,nee,https://be.linkedin.com/jobs/view/customer-service-officer-voltijds-at-brewery-st-bernardus-4450375009,klantenservice medewerker
Brink's Solutions Nederland,,domein niet gevonden,Customer Success Agent (32-40 uur),ja,2026-09-08,"Utrecht, Nederland",1,nee,https://nl.linkedin.com/jobs/view/customer-success-agent-32-40-uur-at-brink-s-solutions-nederland-4462295963,customer happiness
Brooks Running,,domein niet gevonden,eCommerce EMEA Intern (Starting January 2027),,2026-09-15,Amsterdam,1,nee,https://nl.linkedin.com/jobs/view/ecommerce-emea-intern-starting-january-2027-at-brooks-running-4458755662,webshop beheerder
BRUSSELS TRUCK CENTER,,domein niet gevonden,Customer service advisor IVECO,ja,2026-09-21,"Dilbeek, Vlaanderen, België",1,nee,https://be.linkedin.com/jobs/view/customer-service-advisor-iveco-at-brussels-truck-center-4469935328,klantenservice medewerker
BSH Home Appliances Group - Belgium - FR,,domein niet gevonden,"Contact Center Agent, Careline - bilingue FR/NL- FR",ja,2026-09-17,"Brussel, Brussels Hoofdstedelijk Gewest, België",1,nee,,klantenservice medewerker
BSH Home Appliances Group - Belgium - NL,,domein niet gevonden,"Contact Center Agent, Careline - tweetalig NL/FR",ja,2026-09-17,"Brussel, Brussels Hoofdstedelijk Gewest, België",1,nee,,klantenservice medewerker
Build in Amsterdam | Powered by Front Row,,domein niet gevonden,Digital Project Manager,,2026-09-01,Amsterdam,1,nee,https://nl.linkedin.com/jobs/view/digital-project-manager-at-build-in-amsterdam-powered-by-front-row-4459274000,webshop beheerder
Carhartt EMEA/PAC,,domein niet gevonden,Ecommerce Manager,,2026-09-10,Amsterdam,2,nee,https://nl.linkedin.com/jobs/view/ecommerce-manager-at-carhartt-emea-pac-4463477019,webshop beheerder
Cartier,,domein niet gevonden,Client Advisor - Greek and Italian,,2026-09-18,Amsterdam,1,nee,https://nl.linkedin.com/jobs/view/client-advisor-greek-and-italian-at-cartier-4449738381,customer happiness
Catawiki,,domein niet gevonden,Frontend Engineer,,2026-09-21,Randstad,1,nee,https://nl.linkedin.com/jobs/view/frontend-engineer-at-catawiki-4467372028,webcare medewerker
Cato Networks,,domein niet gevonden,Customer Success Manager,ja,2026-08-31,Amsterdam,1,nee,https://nl.linkedin.com/jobs/view/customer-success-manager-at-cato-networks-4440136307,customer happiness
CCL Solar Benelux,,domein niet gevonden,Logistics Coordinator,,2026-09-07,Houten,1,nee,https://nl.linkedin.com/jobs/view/logistics-coordinator-at-ccl-solar-benelux-4464385834,orderverwerking medewerker
CEVA Logistics,,domein niet gevonden,Sales Support Executive,,2026-09-22,Nijmegen,2,nee,https://nl.linkedin.com/jobs/view/sales-support-executive-at-ceva-logistics-4468572747,e-commerce medewerker
Channable,,domein niet gevonden,Technical Customer Support Benelux - Dutch speaking,,2026-09-18,Utrecht,3,nee,https://nl.linkedin.com/jobs/view/technical-customer-support-benelux-dutch-speaking-at-channable-4458970254,e-commerce medewerker
Coffee Service Group,,domein niet gevonden,Customer Service Medewerker,ja,2026-08-05,"Knokke-Heist, Vlaanderen, België",1,nee,https://be.linkedin.com/jobs/view/customer-service-medewerker-at-coffee-service-group-4449924200,klantenservice medewerker
Cold Care Group,,domein niet gevonden,Office &amp; Marketing Medewerker,,2026-08-13,Apeldoorn,1,nee,https://nl.linkedin.com/jobs/view/office-marketing-medewerker-at-cold-care-group-4454012970,webcare medewerker
Colliers,,domein niet gevonden,Customer Support Specialist,ja,2026-09-08,Nieuwegein,1,nee,https://nl.linkedin.com/jobs/view/customer-support-specialist-at-colliers-4464492902,klantenservice medewerker
Compagnie des Alpes,,domein niet gevonden,Customer Advisor NL &amp; EN - H/F,ja,2026-09-14,"Aartselaar, Vlaanderen, België",1,nee,https://be.linkedin.com/jobs/view/customer-advisor-nl-en-h-f-at-compagnie-des-alpes-4467200260,klantenservice medewerker
Convatec,,domein niet gevonden,Patient Support Specialist - Dutch Speaker,ja,2026-09-08,Utrecht,1,nee,https://nl.linkedin.com/jobs/view/patient-support-specialist-dutch-speaker-at-convatec-4455755288,klantadviseur
Conway - The Convenience Company België N.V.,,domein niet gevonden,Klantenservicemedewerker,ja,2026-09-10,"Temse, Vlaanderen, België",1,nee,https://be.linkedin.com/jobs/view/klantenservicemedewerker-at-conway-the-convenience-company-belgi%C3%AB-n-v-4463484809,klantenservice medewerker
Copaco,,domein niet gevonden,Junior Customer Success Medewerker,ja,2026-09-16,Eindhoven,4,nee,https://nl.linkedin.com/jobs/view/junior-customer-success-medewerker-at-copaco-4465979845,customer happiness
Corendon Hotels & Resorts,,domein niet gevonden,Front Office Associate - Residence Inn by Marriott,,2026-09-21,Amsterdam,2,nee,https://nl.linkedin.com/jobs/view/front-office-associate-residence-inn-by-marriott-at-corendon-hotels-resorts-4469860465,customer service
CorporateTrailer | The Power of Storytelling,,domein niet gevonden,Creative Marketeer,,2026-09-14,Vught,1,nee,https://nl.linkedin.com/jobs/view/creative-marketeer-at-corporatetrailer-the-power-of-storytelling-4467226243,content specialist webshop
CWS Hygiene BeLux,,domein niet gevonden,Customer Care Medewerker,ja,2026-09-10,"Diegem, Vlaanderen, België",2,nee,https://be.linkedin.com/jobs/view/customer-care-medewerker-at-cws-hygiene-belux-4465690911,klantenservice medewerker
Daifuku Airport Netherlands,,domein niet gevonden,Medewerker IT Servicedesk,ja,2026-08-04,Hoofddorp,1,nee,https://nl.linkedin.com/jobs/view/medewerker-it-servicedesk-at-daifuku-airport-netherlands-4449010191,webcare medewerker
Dalux,,domein niet gevonden,Customer Success Manager - Rotterdam,ja,2026-09-08,Rotterdam,1,nee,https://nl.linkedin.com/jobs/view/customer-success-manager-rotterdam-at-dalux-4437181382,customer happiness
Dartshopper,,domein niet gevonden,Producteigenaar,,2026-09-22,Veldhoven,2,nee,https://nl.linkedin.com/jobs/view/producteigenaar-at-dartshopper-4470295262,webshop beheerder
Dawn Foods Global,,domein niet gevonden,Customer Service Employee,,2026-09-08,Vlaardingen,1,nee,https://nl.linkedin.com/jobs/view/customer-service-employee-at-dawn-foods-global-4462503620,klantenservice medewerker
DB Pelma Keukens,,domein niet gevonden,Online marketing specialist,,2026-05-05,Nunspeet,2,nee,https://nl.linkedin.com/jobs/view/online-marketing-specialist-at-db-pelma-keukens-4408458560,online marketeer webshop
De Mandemakers Groep,,domein niet gevonden,Technisch web analist,,2026-09-11,Waalwijk,1,nee,https://nl.linkedin.com/jobs/view/technisch-web-analist-at-de-mandemakers-groep-4466320062,webcare medewerker
De Tegel BV,,domein niet gevonden,Content marketeer,,2026-08-25,Alkmaar,1,nee,https://nl.linkedin.com/jobs/view/content-marketeer-at-de-tegel-bv-4458728560,online marketeer webshop
DeepHealth,,domein niet gevonden,Technical Support Engineer,,2026-06-01,Nederland,1,nee,https://nl.linkedin.com/jobs/view/technical-support-engineer-at-deephealth-4421858266,webcare medewerker
Delta Electronics EMEA,,domein niet gevonden,Logistics Specialist,,2026-09-04,Hoofddorp,1,nee,https://nl.linkedin.com/jobs/view/logistics-specialist-at-delta-electronics-emea-4460258045,orderverwerking medewerker
Den Eelder,,domein niet gevonden,VACATURE LOGISTIEK MEDEWERKER KOELCEL/ORDERPICKER,ja,2026-08-05,Hedel,1,nee,https://nl.linkedin.com/jobs/view/vacature-logistiek-medewerker-koelcel-orderpicker-at-den-eelder-4449439247,orderverwerking
DHL Freight,,domein niet gevonden,Customer Service Representative,ja,2026-09-03,Eindhoven,2,nee,https://nl.linkedin.com/jobs/view/customer-service-representative-at-dhl-freight-4461763311,klantadviseur
"DHOMUS | partner voor keukens, sanitair & tegels",,domein niet gevonden,Senior Medewerker Orderverwerking Keukens,ja,2026-05-08,Waardenburg,1,nee,https://nl.linkedin.com/jobs/view/senior-medewerker-orderverwerking-keukens-at-dhomus-partner-for-kitchens-sanitary-ware-tiles-4422415657,orderverwerking medewerker
Dibbes Online,,domein niet gevonden,Vacature: Copywriter bij Dibbes,,2026-08-01,Amsterdam,1,nee,https://nl.linkedin.com/jobs/view/vacature-copywriter-bij-dibbes-at-dibbes-online-4445811935,content specialist webshop
Difrax baby and kids items,,domein niet gevonden,Magazijnmedewerker,,2026-09-22,Bilthoven,1,nee,https://nl.linkedin.com/jobs/view/magazijnmedewerker-at-difrax-baby-and-kids-items-4469006302,logistiek medewerker webshop
Dimplex Consumer Products,,domein niet gevonden,Customer Experience Representative,ja,2026-09-14,Heerenveen,1,nee,https://nl.linkedin.com/jobs/view/customer-experience-representative-at-dimplex-consumer-products-4467074522,klantenservice medewerker
Dirk Rossmann GmbH,,domein niet gevonden,Operativer Einkäufer (m/w/d) eCommerce ROSSMANN-Apotheke B.V.,,2026-09-12,Emmen,1,nee,https://nl.linkedin.com/jobs/view/operativer-eink%C3%A4ufer-m-w-d-ecommerce-rossmann-apotheke-b-v-at-dirk-rossmann-gmbh-4457339910,e-commerce medewerker
Dirk van den Broek,,domein niet gevonden,Medewerker Klantenservice en Servicedesk,ja,2026-09-17,Alphen aan den Rijn,7,nee,https://nl.linkedin.com/jobs/view/medewerker-klantenservice-en-servicedesk-at-dirk-van-den-broek-4467506639,klantenservice medewerker
Do Good Ventures,,domein niet gevonden,Director of DTC Growth,,2026-09-19,Nederland,1,nee,https://nl.linkedin.com/jobs/view/director-of-dtc-growth-at-do-good-ventures-4468406497,webshop beheerder
DO IT Organic (B Corp™),,domein niet gevonden,Customer Service and Sales Assistant,,2026-08-19,Barneveld,2,nee,https://nl.linkedin.com/jobs/view/customer-service-and-sales-assistant-at-do-it-organic-b-corp%E2%84%A2-4455460040,e-commerce medewerker
Dorel Juvenile,,domein niet gevonden,Performance Marketeer (SEA &amp; Affiliates),,2026-09-08,Helmond,1,nee,https://nl.linkedin.com/jobs/view/performance-marketeer-sea-affiliates-at-dorel-juvenile-4449835641,online marketeer webshop
DotControl,,domein niet gevonden,Medior Front-End Developer,,2025-03-17,Rotterdam,1,nee,https://nl.linkedin.com/jobs/view/medior-front-end-developer-at-dotcontrol-4184477436,webcare medewerker
DPA Professionals,,domein niet gevonden,"Klantadviseur Banken, Verzekeringen &amp; Pensioenen",ja,2026-09-21,Utrecht,3,nee,https://nl.linkedin.com/jobs/view/klantadviseur-banken-verzekeringen-pensioenen-at-dpa-professionals-4460039157,klantadviseur
Dripps.ai,,domein niet gevonden,Customer Success Manager,ja,2026-07-21,Utrecht,2,nee,https://nl.linkedin.com/jobs/view/customer-success-manager-at-dripps-ai-4442680636,customer happiness
dsm-firmenich,,domein niet gevonden,"Lead Expert, Regional Customer Experience, ISOL",,2026-09-17,Delft,1,nee,https://nl.linkedin.com/jobs/view/lead-expert-regional-customer-experience-isol-at-dsm-firmenich-4466262477,customer happiness
DSV - Global Transport and Logistics,,domein niet gevonden,Customer Service Representative,ja,2026-09-21,Venlo,5,nee,https://nl.linkedin.com/jobs/view/customer-service-representative-at-dsv-global-transport-and-logistics-4459798043,klantenservice medewerker
Dustin,,domein niet gevonden,Customer Service Representative,ja,2026-09-08,"Rotselaar, Vlaanderen, België",1,nee,https://be.linkedin.com/jobs/view/customer-service-representative-at-dustin-4464660222,klantenservice medewerker
dutchtel het enige transparante telecom bedrijf van Nederland,,domein niet gevonden,Klant adviseur Telecom,ja,2026-08-09,Breukelen,1,nee,https://nl.linkedin.com/jobs/view/klant-adviseur-telecom-at-dutchtel-4451324370,klantadviseur
E-Tales,,domein niet gevonden,Projectcoördinator E-commerce,,2026-09-09,"Groningen, Nederland",1,nee,https://nl.linkedin.com/jobs/view/projectco%C3%B6rdinator-e-commerce-at-e-tales-4465034490,webshop beheerder
E-WISE Nederland,,domein niet gevonden,Commercieel Medewerker Binnendienst (Inside Sales),,2026-03-10,Utrecht,2,nee,https://nl.linkedin.com/jobs/view/commercieel-medewerker-binnendienst-inside-sales-at-e-wise-nederland-4382027982,e-commerce medewerker
Ebro Foods Belgium,,domein niet gevonden,Customer Service officer,,2026-08-03,"Schoten, Vlaanderen, België",1,nee,https://be.linkedin.com/jobs/view/customer-service-officer-at-ebro-foods-belgium-4460336353,klantenservice medewerker
Edelman BV,,domein niet gevonden,Logistiek Medewerker,,2026-08-12,Montfoort,1,nee,https://nl.linkedin.com/jobs/view/logistiek-medewerker-at-edelman-bv-4443119190,logistiek medewerker webshop
efficy CRM,,domein niet gevonden,Customer Care Officer (Dutch speaker),,2026-09-10,Utrecht,1,nee,https://nl.linkedin.com/jobs/view/customer-care-officer-dutch-speaker-at-efficy-crm-4463431909,klantenservice medewerker
efficy Group,,domein niet gevonden,Customer Care Officer (Dutch speaker),,2026-09-07,Utrecht,2,nee,https://nl.linkedin.com/jobs/view/customer-care-officer-dutch-speaker-at-efficy-group-4452436527,klantenservice medewerker
Efulfilment Europe,,domein niet gevonden,Customer Success Medewerker,ja,2026-05-08,Almere,3,nee,https://nl.linkedin.com/jobs/view/customer-success-medewerker-at-efulfilment-europe-4412127084,customer happiness
Ekco,,domein niet gevonden,Support Engineer,,2026-07-24,Veenendaal,1,nee,https://nl.linkedin.com/jobs/view/support-engineer-at-ekco-4454901763,webcare medewerker
ennovationHUB,,domein niet gevonden,Senior Google Ads Specialist | International E-commerce | Remote ASAP,,2026-09-18,Nederland,1,nee,https://nl.linkedin.com/jobs/view/senior-google-ads-specialist-international-e-commerce-remote-asap-at-ennovationhub-4469156300,e-commerce medewerker
Enterprise - Rent A Car Belgium,,domein niet gevonden,Medewerker Klantendienst - Customer service officer,ja,2026-09-21,"Tongeren, Vlaanderen, België",7,nee,https://be.linkedin.com/jobs/view/medewerker-klantendienst-customer-service-officer-at-enterprise-rent-a-car-belgium-4469925305,klantenservice medewerker
Enwyse,,domein niet gevonden,Customer Service Support Specialist,ja,2026-08-13,"Herentals, Vlaanderen, België",1,nee,https://be.linkedin.com/jobs/view/customer-service-support-specialist-at-enwyse-4453673323,klantenservice medewerker
EPS - Euro Pool System,,domein niet gevonden,Customer Service Assistant,,2026-09-09,"Sint-Katelijne-Waver, Vlaanderen, België",2,nee,https://be.linkedin.com/jobs/view/customer-service-assistant-at-eps-euro-pool-system-4465025873,klantenservice medewerker
EssilorLuxottica,,domein niet gevonden,Optician - Customer Service Executive,,2026-09-05,Zevenaar,1,nee,https://nl.linkedin.com/jobs/view/optician-customer-service-executive-at-essilorluxottica-4294584765,customer service
Everest,,domein niet gevonden,"Growth Lead, Cozy Heaven",,2026-09-15,Amsterdam,1,nee,https://nl.linkedin.com/jobs/view/growth-lead-cozy-heaven-at-everest-4467713906,online marketeer webshop
Everflow - Partner Marketing Platform,,domein niet gevonden,"Customer Success Manager, Support - EU",ja,2026-09-09,Amsterdam,1,nee,https://nl.linkedin.com/jobs/view/customer-success-manager-support-eu-at-everflow-partner-marketing-platform-4465016580,customer happiness
Everyware - Expert recrutement tech,,domein niet gevonden,Responsable contenu marketing,,2026-09-15,Amsterdam,1,nee,https://nl.linkedin.com/jobs/view/responsable-contenu-marketing-at-everyware-expert-recrutement-tech-4467739239,content specialist webshop
Evoke,,domein niet gevonden,Customer Service Specialist,ja,2026-09-18,Geleen,2,nee,https://nl.linkedin.com/jobs/view/customer-service-specialist-at-evoke-4467898800,orderverwerking medewerker
Figo Pet Nederland,,domein niet gevonden,Conseiller(ère) clientèle,,2026-09-16,Amsterdam Area,1,nee,https://nl.linkedin.com/jobs/view/conseiller-%C3%A8re-client%C3%A8le-at-figo-pet-nederland-4466866292,klantadviseur
Fleetport.nl,,domein niet gevonden,Klantenservice medewerker (Pooldesk),ja,2026-07-30,Bleiswijk,1,nee,https://nl.linkedin.com/jobs/view/klantenservice-medewerker-pooldesk-at-fleetport-nl-4446464750,klantenservice medewerker
Flywheel Netherlands (part of Omnicom Media),,domein niet gevonden,Junior Retail Media Specialist,,2026-09-08,Amsterdam,1,nee,https://nl.linkedin.com/jobs/view/junior-retail-media-specialist-at-flywheel-netherlands-part-of-omnicom-media-4462289249,online marketeer webshop
FOOX Bergsma Franeker BV,,domein niet gevonden,Binnendienst Medewerker Webshop Foods &amp; Goods - (fulltime),,2026-09-17,Franeker,1,nee,https://nl.linkedin.com/jobs/view/binnendienst-medewerker-webshop-foods-goods-fulltime-at-foox-bergsma-franeker-bv-4468637112,webcare medewerker
Fortifi Food Processing Solutions,,domein niet gevonden,Customer Service Representative,ja,2026-09-18,Huizen,1,nee,https://nl.linkedin.com/jobs/view/customer-service-representative-at-fortifi-food-processing-solutions-4466224666,klantenservice medewerker
Frankwatching Academy,,domein niet gevonden,Marketing &amp; Communicatie Medewerker (38 uur),,2026-09-10,Zeist,1,nee,https://nl.linkedin.com/jobs/view/marketing-communicatie-medewerker-38-uur-at-frankwatching-academy-4464523325,content specialist webshop
GAASCH PACKAGING,,domein niet gevonden,Klantenservicemedewerker,ja,2026-09-12,"Asse, Vlaanderen, België",1,nee,https://be.linkedin.com/jobs/view/klantenservicemedewerker-at-gaasch-packaging-4466721407,klantenservice medewerker
GAC Motor Europe,,domein niet gevonden,Digital Marketing &amp; Social Media Specialist,,2026-08-20,Amsterdam,1,nee,https://nl.linkedin.com/jobs/view/digital-marketing-social-media-specialist-at-gac-motor-europe-4455474595,webcare medewerker
Gall & Gall,,domein niet gevonden,Stage E-commerce Online,,2026-09-18,Zaandam,2,nee,https://nl.linkedin.com/jobs/view/stage-e-commerce-online-at-gall-gall-4466696593,webshop beheerder
Gilde-BT,,domein niet gevonden,ONLINE MARKETEER,,2026-09-08,Venlo,1,nee,https://nl.linkedin.com/jobs/view/online-marketeer-at-gilde-bt-4464446931,webcare medewerker
Giorgio Armani,,domein niet gevonden,Client Advisor,,2026-09-16,'s-Gravenhage,1,nee,https://nl.linkedin.com/jobs/view/client-advisor-at-giorgio-armani-4442722796,klantadviseur
Goudwisselkantoor,,domein niet gevonden,Copy- en contentspecialist,,2026-09-02,Klaaswaal,1,nee,https://nl.linkedin.com/jobs/view/copy-en-contentspecialist-at-goudwisselkantoor-4452475555,online marketeer webshop
Groupe TRAVELFACTORY,,domein niet gevonden,Customer Advisor NL &amp; EN,ja,2026-09-14,"Aartselaar, Vlaanderen, België",1,nee,https://be.linkedin.com/jobs/view/customer-advisor-nl-en-at-groupe-travelfactory-4465205908,klantenservice medewerker
GS-Fulfilment,,domein niet gevonden,Magazijn Medewerker,,2026-07-17,Eindhoven,1,nee,https://nl.linkedin.com/jobs/view/magazijn-medewerker-at-gs-fulfilment-4441130297,logistiek medewerker webshop
GUILLIN ESPAÑA,,domein niet gevonden,SERVICEMEDEWERKER - GUILLIN NEDERLAND - BUNSCHOTEN (NETHERLANDS),ja,2026-07-22,Bunschoten,1,nee,https://nl.linkedin.com/jobs/view/servicemedewerker-guillin-nederland-bunschoten-netherlands-at-guillin-espa%C3%B1a-4444214677,orderverwerking medewerker
"GXO Logistics, Inc.",,domein niet gevonden,Customer Service Representative,ja,2026-09-03,Amsterdam Area,2,nee,https://nl.linkedin.com/jobs/view/customer-service-representative-at-gxo-logistics-inc-4460475892,klantenservice medewerker
Hallmark CE,,domein niet gevonden,Marketing Lead Digital,,2026-09-09,Capelle aan den IJssel,1,nee,https://nl.linkedin.com/jobs/view/marketing-lead-digital-at-hallmark-ce-4418259909,online marketeer webshop
Hamulight | Outdoor Lighting,,domein niet gevonden,Medewerker operations &amp; commerciële binnendienst,,2026-09-08,Panningen,1,nee,https://nl.linkedin.com/jobs/view/medewerker-operations-commerci%C3%ABle-binnendienst-at-hamulight-outdoor-lighting-4464478338,orderverwerking medewerker
HANOS Internationale Horeca Groothandel,,domein niet gevonden,Medewerker Customer Service,ja,2026-09-01,"Willebroek, Vlaanderen, België",5,nee,https://be.linkedin.com/jobs/view/medewerker-customer-service-at-hanos-internationale-horeca-groothandel-4461746860,klantenservice medewerker
Hans Anders België - Hans Anders Belgique,,domein niet gevonden,Klantendienst Medewerker,ja,2026-09-07,"Hasselt, Vlaanderen, België",1,nee,https://be.linkedin.com/jobs/view/klantendienst-medewerker-at-hans-anders-belgi%C3%AB-hans-anders-belgique-4468544649,klantenservice medewerker
Hans Boodt Mannequins,,domein niet gevonden,Customer Support Employee,,2026-09-16,Zwijndrecht,1,nee,https://nl.linkedin.com/jobs/view/customer-support-employee-at-hans-boodt-mannequins-4465926563,klantenservice medewerker
Harnham,,domein niet gevonden,Customer success manager - retail experience required,ja,2026-08-27,Randstad,1,nee,https://nl.linkedin.com/jobs/view/customer-success-manager-retail-experience-required-at-harnham-4416264605,customer happiness
HBM Machines B.V.,,domein niet gevonden,Domein Lead Product to Market (32 - 40 uur),,2026-09-03,Waddinxveen,1,nee,https://nl.linkedin.com/jobs/view/domein-lead-product-to-market-32-40-uur-at-hbm-machines-b-v-4461712718,webshop beheerder
HCI - Health Cloud Initiative,,domein niet gevonden,Customer Service Medewerker,ja,2026-09-09,Haarlem,2,nee,https://nl.linkedin.com/jobs/view/customer-service-medewerker-at-health-cloud-initiative-4463836184,klantenservice medewerker
HEK - Hanseatische Krankenkasse,,domein niet gevonden,Kundenberater Krankenversicherung / Kundenservice am Standort Kiel (m/w/d),,2026-08-27,"Kiel, Vlaanderen, België",1,nee,https://be.linkedin.com/jobs/view/kundenberater-krankenversicherung-kundenservice-am-standort-kiel-m-w-d-at-hek-hanseatische-krankenkasse-4459876748,klantenservice medewerker
Hemelaer,,domein niet gevonden,Orderpicker (binnenland),,2026-08-07,Binnenland,1,nee,https://nl.linkedin.com/jobs/view/orderpicker-binnenland-at-hemelaer-4450301015,orderverwerking medewerker
Heras Mobile Fencing & Security,,domein niet gevonden,Content Performance Specialist,,2026-09-16,Best,1,nee,https://nl.linkedin.com/jobs/view/content-performance-specialist-at-heras-mobile-fencing-security-4467979817,webcare medewerker
Heuschen & Schrouff Oriental Food,,domein niet gevonden,(Junior) Commercieel Medewerker Binnendienst,,2026-06-15,Landgraaf,2,nee,https://nl.linkedin.com/jobs/view/junior-commercieel-medewerker-binnendienst-at-heuschen-schrouff-oriental-food-4430407283,orderverwerking medewerker
HG International,,domein niet gevonden,Digital Content &amp; E-commerce Intern,,2026-09-18,Almere,2,nee,https://nl.linkedin.com/jobs/view/digital-content-e-commerce-intern-at-hg-international-4469139315,content specialist webshop
Hisense Benelux,,domein niet gevonden,Account Manager Online Retail,,2026-08-28,Duiven,1,nee,https://nl.linkedin.com/jobs/view/account-manager-online-retail-at-hisense-benelux-4458072494,e-commerce medewerker
Holland & Barrett Benelux,,domein niet gevonden,Customer Service Advisor,ja,2026-08-05,Amsterdam,1,nee,https://nl.linkedin.com/jobs/view/customer-service-advisor-at-holland-barrett-benelux-4449659814,klantenservice medewerker
Homefashion Group B.V.,,domein niet gevonden,Meewerkstage E-commerce bij Kwantum,,2026-09-15,Tilburg,3,nee,https://nl.linkedin.com/jobs/view/meewerkstage-e-commerce-bij-kwantum-at-homefashion-group-b-v-4466943892,webshop medewerker
Hotel-Congrescentrum De Zeeuwse Stromen,,domein niet gevonden,Medewerker bediening,,2026-01-16,Zierikzee,1,nee,https://nl.linkedin.com/jobs/view/medewerker-bediening-at-hotel-congrescentrum-de-zeeuwse-stromen-4362985125,webcare medewerker
Hunkemöller,,domein niet gevonden,Internship E-Commerce - Webshop Coordination,,2026-09-18,Hilversum,2,nee,https://nl.linkedin.com/jobs/view/internship-e-commerce-webshop-coordination-at-hunkem%C3%B6ller-4469132778,webshop beheerder
Husol Zonwering,,domein niet gevonden,Commercieel Medewerker Binnendienst,,2026-09-18,Genemuiden,1,nee,https://nl.linkedin.com/jobs/view/commercieel-medewerker-binnendienst-at-husol-zonwering-4469150276,orderverwerking medewerker
Hyatt Regency,,domein niet gevonden,Front Office Host / Receptionist,,2026-09-01,Amsterdam,1,nee,https://nl.linkedin.com/jobs/view/front-office-host-receptionist-at-hyatt-regency-4461772155,customer service
i-Aspect B.V.,,domein niet gevonden,SEO- en contentspecialist,,2026-08-26,Utrecht,2,nee,https://nl.linkedin.com/jobs/view/seo-en-contentspecialist-at-i-aspect-b-v-4457277027,webcare medewerker
iBOOD.com,,domein niet gevonden,Specialist Retouren &amp; Garanties,,2026-06-02,Amsterdam,1,nee,https://nl.linkedin.com/jobs/view/specialist-retouren-garanties-at-ibood-com-4419282505,e-commerce medewerker
iHerb,,domein niet gevonden,Senior Vendor Manager,,2026-09-04,Amsterdam,1,nee,https://nl.linkedin.com/jobs/view/senior-vendor-manager-at-iherb-4443197194,webshop beheerder
IHG Hotels & Resorts,,domein niet gevonden,Front Office Agent,,2026-09-03,Amsterdam,1,nee,https://nl.linkedin.com/jobs/view/front-office-agent-at-ihg-hotels-resorts-4460743412,customer service
ilionx healthcare,,domein niet gevonden,Customer Succes Manager,ja,2026-08-10,'s-Hertogenbosch,1,nee,https://nl.linkedin.com/jobs/view/customer-succes-manager-at-ilionx-healthcare-4451844098,customer happiness
IMCD Benelux BV,,domein niet gevonden,Customer Service Representative,ja,2026-09-02,Rotterdam,1,nee,https://nl.linkedin.com/jobs/view/customer-service-representative-at-imcd-benelux-bv-4451501939,orderverwerking medewerker
Infra Light Engineering,,domein niet gevonden,Medewerker Klantenservice,ja,2026-07-31,Hoofddorp,1,nee,https://nl.linkedin.com/jobs/view/medewerker-klantenservice-at-infra-light-engineering-4447141253,klantenservice medewerker
Inspired Thinking Group (ITG),,domein niet gevonden,ICT-servicedeskmedewerker,ja,2026-09-02,Utrecht,1,nee,https://nl.linkedin.com/jobs/view/ict-servicedeskmedewerker-at-inspired-thinking-group-itg-4452465029,webcare medewerker
Insulcon B.V. - Leader in High Temperature Solutions,,domein niet gevonden,Customer Service Medewerker | 32-40 uur,ja,2026-09-11,Rotterdam,2,nee,https://nl.linkedin.com/jobs/view/customer-service-medewerker-32-40-uur-at-insulcon-b-v-leader-in-high-temperature-solutions-4466062577,orderverwerking medewerker
Insulet Corporation,,domein niet gevonden,Associate Marketing Specialist BLX,,2026-09-01,"Overijssel, Nederland",1,nee,https://nl.linkedin.com/jobs/view/associate-marketing-specialist-blx-at-insulet-corporation-4460615289,webcare medewerker
Interu - built by iov42,,domein niet gevonden,Customer Success Manager - Dutch Speaker,ja,2026-09-04,Amsterdam Area,1,nee,https://nl.linkedin.com/jobs/view/customer-success-manager-dutch-speaker-at-interu-built-by-iov42-4463348829,customer happiness
iO,,domein niet gevonden,Senior Contentmanager,,2026-09-22,Amsterdam,3,nee,https://nl.linkedin.com/jobs/view/senior-contentmanager-at-io-4314163194,webshop beheerder
Isabel,,domein niet gevonden,Young Graduate : Customer Service Representative,ja,2026-09-14,"Brussel, Brussels Hoofdstedelijk Gewest, België",2,nee,https://be.linkedin.com/jobs/view/young-graduate-customer-service-representative-at-isabel-4455864540,klantenservice medewerker
itsme.,,domein niet gevonden,Commercieel medewerker,,2026-09-10,Rotterdam,3,nee,https://nl.linkedin.com/jobs/view/commercieel-medewerker-at-itsme-4464534095,orderverwerking medewerker
IVO Rechtspraak,,domein niet gevonden,Medewerker KlantContact IT (Utrecht),ja,2026-09-15,Utrecht,1,nee,https://nl.linkedin.com/jobs/view/medewerker-klantcontact-it-utrecht-at-ivo-rechtspraak-4466197404,support medewerker webshop
Jaarverslag.org,,domein niet gevonden,Medewerker klantgeluk,ja,2026-09-22,Apeldoorn,2,nee,https://nl.linkedin.com/jobs/view/medewerker-klantgeluk-at-jaarverslag-org-4470282794,webcare medewerker
Jac Hensen,,domein niet gevonden,E-commerce &amp; Online-Marketing Specialist,,2026-09-21,Amersfoort,1,nee,https://nl.linkedin.com/jobs/view/e-commerce-online-marketing-specialist-at-jac-hensen-4469885136,webcare medewerker
Jellema Automatiseringsservice B.V.,,domein niet gevonden,Support Medewerker (met doorgroeimogelijkheid),ja,2026-08-01,Nieuwleusen,1,nee,https://nl.linkedin.com/jobs/view/support-medewerker-met-doorgroeimogelijkheid-at-jellema-automatiseringsservice-b-v-4447824701,webcare medewerker
JOG Group,,domein niet gevonden,SEO/GEO Specialist,,2026-09-11,Alblasserdam,1,nee,https://nl.linkedin.com/jobs/view/seo-geo-specialist-at-jog-group-4463963185,content specialist webshop
JP Gray,,domein niet gevonden,Customer Service Representative,ja,2026-09-15,Rotterdam,1,nee,https://nl.linkedin.com/jobs/view/customer-service-representative-at-jp-gray-4466501649,klantenservice medewerker
JP.cars,,domein niet gevonden,Customer Success Manager Benelux,ja,2026-09-14,Randstad,2,nee,https://nl.linkedin.com/jobs/view/customer-success-manager-benelux-at-jp-cars-4455180949,customer happiness
Jumbo Supermarkten,,domein niet gevonden,Medewerker Service,ja,2026-09-21,Amersfoort,133,nee,https://nl.linkedin.com/jobs/view/medewerker-service-at-jumbo-supermarkten-4061339675,support medewerker webshop
Just Brands - Fashion & Retail,,domein niet gevonden,ECOMMERCE PRODUCT LAUNCH SPECIALIST,,2026-09-05,Lijnden,1,nee,https://nl.linkedin.com/jobs/view/ecommerce-product-launch-specialist-at-just-brands-fashion-retail-4444710321,e-commerce medewerker
Kamer van Koophandel,,domein niet gevonden,Senior online contentspecialist,,2026-09-21,Utrecht,1,nee,https://nl.linkedin.com/jobs/view/senior-online-contentspecialist-at-kamer-van-koophandel-4469876001,content specialist webshop
Kamera Express,,domein niet gevonden,Content Specialist Tweedehands,,2026-09-07,Capelle aan den IJssel,2,nee,https://nl.linkedin.com/jobs/view/content-specialist-tweedehands-at-kamera-express-4462941649,e-commerce medewerker
Kao EMEA & Americas,,domein niet gevonden,E-Commerce Intern,,2026-09-15,Amersfoort,1,nee,https://nl.linkedin.com/jobs/view/e-commerce-intern-at-kao-emea-americas-4458523793,webshop beheerder
Karakter Traprenovaties en Interieurbouw,,domein niet gevonden,Verkoopadviseur Traprenovaties,,2026-06-29,Helmond,1,nee,https://nl.linkedin.com/jobs/view/verkoopadviseur-traprenovaties-at-karakter-traprenovaties-en-interieurbouw-4434499272,klantadviseur
Katoen Natie,,domein niet gevonden,Customer Service Representative – logistiek (M/V),ja,2026-09-12,"Gent, Vlaanderen, België",3,nee,https://be.linkedin.com/jobs/view/customer-service-representative-%E2%80%93-logistiek-m-v-at-katoen-natie-4309610443,klantenservice medewerker
KB nationale bibliotheek,,domein niet gevonden,Functioneel Beheerder Website as a Service,,2026-09-11,Den Haag,1,nee,https://nl.linkedin.com/jobs/view/functioneel-beheerder-website-as-a-service-at-kb-nationale-bibliotheek-4464888947,webshop beheerder
Kebony,,domein niet gevonden,Customer Service Officer,,2026-09-08,"Antwerpen, Vlaanderen, België",1,nee,https://be.linkedin.com/jobs/view/customer-service-officer-at-kebony-4462501095,klantenservice medewerker
keukenvakhandel H. Stikker BV (Reddy keukens Alkmaar),,domein niet gevonden,Senior verkoopadviseur,,2026-09-03,Alkmaar,1,nee,,klantadviseur
Keytrade Bank,,domein niet gevonden,Customer Support Officer,,2026-09-08,"Watermaal-Bosvoorde, Brussels Hoofdstedelijk Gewest, België",1,nee,https://be.linkedin.com/jobs/view/customer-support-officer-at-keytrade-bank-4464479057,klantenservice medewerker
Kimman - Jaguar & Land Rover Dealer,,domein niet gevonden,Service Adviseur / Hospitality Specialist,ja,2026-09-17,Amsterdam,1,nee,https://nl.linkedin.com/jobs/view/service-adviseur-hospitality-specialist-at-kimman-4466294565,klantadviseur
Kivits Drunen,,domein niet gevonden,Customer Service Medewerker,ja,2026-09-02,Waalwijk,1,nee,https://nl.linkedin.com/jobs/view/customer-service-medewerker-at-kivits-drunen-4443319622,klantenservice medewerker
KnappeKoppen.work,,domein niet gevonden,Customer Success Manager Automotive,ja,2026-09-15,Amsterdam,1,nee,https://nl.linkedin.com/jobs/view/customer-success-manager-automotive-at-knappekoppen-work-4467740959,customer happiness
Koninklijke Rotra Groep,,domein niet gevonden,Content Marketeer,,2026-09-18,Doesburg,1,nee,https://nl.linkedin.com/jobs/view/content-marketeer-at-koninklijke-rotra-groep-4469134377,content specialist webshop
Kroon-Oil,,domein niet gevonden,Export Medewerker Binnendienst,,2026-08-31,Almelo,1,nee,https://nl.linkedin.com/jobs/view/export-medewerker-binnendienst-at-kroon-oil-4461082328,orderverwerking medewerker
Kruidvat,,domein niet gevonden,Logistiek Medewerker,,2026-09-16,Ede,1,nee,https://nl.linkedin.com/jobs/view/logistiek-medewerker-at-kruidvat-4110541057,logistiek medewerker webshop
Kuehne+Nagel,,domein niet gevonden,Customer Care Specialist Air Logistics,ja,2026-09-17,Schiphol-Rijk,2,nee,https://nl.linkedin.com/jobs/view/customer-care-specialist-air-logistics-at-kuehne%2Bnagel-4440859377,klantadviseur
KYOCERA Fastening Solutions France,,domein niet gevonden,Internal Sales Consultant,,2026-09-10,Eindhoven,1,nee,https://nl.linkedin.com/jobs/view/internal-sales-consultant-at-kyocera-fastening-solutions-france-4464588676,klantadviseur
L. ten Cate BV,,domein niet gevonden,Customer Service Medewerker,ja,2026-09-11,Enschede en omgeving,1,nee,https://nl.linkedin.com/jobs/view/customer-service-medewerker-at-l-ten-cate-bv-4466347431,e-commerce medewerker
Laminaat en Parket Almere,,domein niet gevonden,E-commerce Specialist,,2026-08-31,Den Haag,1,nee,https://nl.linkedin.com/jobs/view/e-commerce-specialist-at-laminaat-en-parket-almere-4460019168,webcare medewerker
Leolux Furniture Group,,domein niet gevonden,Online marketeer,,2026-09-10,Venlo,1,nee,https://nl.linkedin.com/jobs/view/online-marketeer-at-leolux-furniture-group-4465653313,online marketeer webshop
Leonardo Hotels Benelux,,domein niet gevonden,GUEST RELATIONS OFFICER,,2026-09-03,Amsterdam,1,nee,https://nl.linkedin.com/jobs/view/guest-relations-officer-at-leonardo-hotels-benelux-4444444477,customer happiness
LessonUp,,domein niet gevonden,Customer Success Manager,ja,2026-09-07,Den Haag,1,nee,https://nl.linkedin.com/jobs/view/customer-success-manager-at-lessonup-4464092647,customer happiness
Lexrent B.V.,,domein niet gevonden,Verkoop Binnendienst,,2026-09-11,Westpoort,1,nee,https://nl.linkedin.com/jobs/view/verkoop-binnendienst-at-lexrent-b-v-4439208596,klantadviseur
LHS by Spot Group,,domein niet gevonden,CONTENT MARKETEER,,2026-09-12,Volendam,1,nee,https://nl.linkedin.com/jobs/view/content-marketeer-at-lhs-global-4464280141,content specialist webshop
Life Fitness / Hammer Strength,,domein niet gevonden,Order Fulfillment Coordinator,ja,2026-09-17,Rotterdam,1,nee,https://nl.linkedin.com/jobs/view/order-fulfillment-coordinator-at-life-fitness-hammer-strength-4468624603,orderverwerking medewerker
Lightspeed Commerce,,domein niet gevonden,Dutch speaking Support Specialist,ja,2026-09-17,Nederland,4,nee,https://nl.linkedin.com/jobs/view/dutch-speaking-support-specialist-at-lightspeed-commerce-4466286264,support medewerker webshop
Lineage,,domein niet gevonden,Customer Service Representative,ja,2026-08-26,Nieuwdorp,1,nee,https://nl.linkedin.com/jobs/view/customer-service-representative-at-lineage-4457945575,customer service
LKQ Belgium,,domein niet gevonden,Customer Support Medewerker,ja,2026-09-15,"Vilvoorde, Vlaanderen, België",1,nee,https://be.linkedin.com/jobs/view/customer-support-medewerker-at-lkq-belgium-4467753195,klantenservice medewerker
LKQ Netherlands,,domein niet gevonden,Medewerker Customer Support,ja,2026-09-20,Nieuwegein,3,nee,https://nl.linkedin.com/jobs/view/medewerker-customer-support-at-lkq-netherlands-4442138428,klantadviseur
LMW,,domein niet gevonden,Medewerker Support,ja,2026-07-10,Breukelen,1,nee,https://nl.linkedin.com/jobs/view/medewerker-support-at-lmw-4439020724,klantenservice medewerker
Louis Vuitton,,domein niet gevonden,CLIENT ADVISOR - AMSTERDAM,,2026-09-05,Amsterdam,1,nee,https://nl.linkedin.com/jobs/view/client-advisor-amsterdam-at-louis-vuitton-4454866431,customer happiness
Maandag®,,domein niet gevonden,Medewerker IT Servicedesk,ja,2026-09-22,Arnhem,1,nee,https://nl.linkedin.com/jobs/view/medewerker-it-servicedesk-at-maandag%C2%AE-4468594070,support medewerker webshop
mail.de,,domein niet gevonden,eine(n) Mitarbeiter(in) (m/w/d) für den französischen Kunden-Support,,2026-08-01,s-Hertogenbosch Area,1,nee,https://nl.linkedin.com/jobs/view/eine-n-mitarbeiter-in-m-w-d-f%C3%BCr-den-franz%C3%B6sischen-kunden-support-at-mail-de-4447606117,support medewerker webshop
Marcel's Green Soap,,domein niet gevonden,Operational Specialist,,2026-07-24,Haarlem,1,ja,https://nl.linkedin.com/jobs/view/operational-specialist-at-marcel-s-green-soap-4444946328,orderverwerking medewerker
MarketPlace Expert,,domein niet gevonden,Project Manager,,2026-08-24,Koog aan de Zaan,1,nee,https://nl.linkedin.com/jobs/view/project-manager-at-marketplace-expert-b-v-4456706850,e-commerce medewerker
Medipartner,,domein niet gevonden,Customer Service Specialist,ja,2026-09-22,Brussel en omgeving,1,nee,https://be.linkedin.com/jobs/view/customer-service-specialist-at-medipartner-4468535491,klantenservice medewerker
Meliá Hotels International,,domein niet gevonden,Front Office Agent Full-time AMSTERDAM 1,,2026-09-07,Hoek van Holland,1,nee,https://nl.linkedin.com/jobs/view/front-office-agent-full-time-amsterdam-1-at-meli%C3%A1-hotels-international-4464345475,customer service
Merck Life Science,,domein niet gevonden,Customer Service Specialist,ja,2026-09-15,"Hoeilaart, Vlaanderen, België",1,nee,https://be.linkedin.com/jobs/view/customer-service-specialist-at-merck-life-science-4465586990,klantenservice medewerker
Mercury Marine,,domein niet gevonden,Customer Service Representative,ja,2026-09-04,"Petit-Rechain, Wallonië, België",1,nee,https://be.linkedin.com/jobs/view/customer-service-representative-at-mercury-marine-4463346825,klantenservice medewerker
Midwich Benelux,,domein niet gevonden,Sales Support Employee,,2026-06-19,Ridderkerk,1,nee,https://nl.linkedin.com/jobs/view/sales-support-employee-at-midwich-benelux-4430953561,orderverwerking medewerker
MiniMed,,domein niet gevonden,Patient Services Representative (Dutch and English),ja,2026-09-04,Heerlen,1,nee,https://nl.linkedin.com/jobs/view/patient-services-representative-dutch-and-english-at-minimed-4462800776,klantenservice medewerker
Mistral,,domein niet gevonden,"Customer Success, EMEA",,2026-09-21,Amsterdam,1,nee,https://nl.linkedin.com/jobs/view/customer-success-emea-at-mistral-4469896754,customer happiness
Monday Merch,,domein niet gevonden,Warehouse Help | Picking &amp; Packing of Merchandise | Rotterdam,,2026-07-24,Rotterdam,3,nee,https://nl.linkedin.com/jobs/view/warehouse-help-picking-packing-of-merchandise-rotterdam-at-monday-merch-4444921686,e-commerce medewerker
Mountville,,domein niet gevonden,Customer Service Representative,ja,2024-02-29,"Ronse, Vlaanderen, België",1,nee,https://be.linkedin.com/jobs/view/customer-service-representative-at-mountville-3840969712,klantenservice medewerker
MSC Mediterranean Shipping Company,,domein niet gevonden,Export Customer Service - Back Office Employee,,2026-09-14,Rotterdam,2,nee,https://nl.linkedin.com/jobs/view/export-customer-service-back-office-employee-at-msc-mediterranean-shipping-company-4465207880,orderverwerking medewerker
N-able,,domein niet gevonden,Customer Success Manager - French Speaking,ja,2026-09-18,Utrecht,1,nee,https://nl.linkedin.com/jobs/view/customer-success-manager-french-speaking-at-n-able-4448073751,customer happiness
Neele-Vat,,domein niet gevonden,Inbound Medewerker Shipspares,,2026-09-07,Hoofddorp,1,nee,https://nl.linkedin.com/jobs/view/inbound-medewerker-shipspares-at-neele-vat-4464343624,orderverwerking medewerker
Netwerk,,domein niet gevonden,Sales support medewerker (key accounts),ja,2026-05-27,Dordrecht,1,nee,https://nl.linkedin.com/jobs/view/sales-support-medewerker-key-accounts-at-netwerk-nv-4419595965,support medewerker webshop
New Balance,,domein niet gevonden,Ecommerce Operations Specialist (6 month fixed term),,2026-09-09,Amsterdam,1,nee,https://nl.linkedin.com/jobs/view/ecommerce-operations-specialist-6-month-fixed-term-at-new-balance-4465078427,webshop beheerder
New Flag GmbH,,domein niet gevonden,Junior E-Commerce Manager,,2026-09-01,Haarlem,1,nee,https://nl.linkedin.com/jobs/view/junior-e-commerce-manager-at-new-flag-gmbh-4460363795,webcare medewerker
NOBEARS,,domein niet gevonden,Operational Lead,,2026-09-21,Heusden,1,nee,https://nl.linkedin.com/jobs/view/operational-lead-at-nobears-4466305375,webshop beheerder
NORTVI,,domein niet gevonden,Head of Growth,,2026-08-18,Amsterdam,2,nee,https://nl.linkedin.com/jobs/view/head-of-growth-at-nortvi-4455742220,online marketeer webshop
NRF (Nederlandse Radiateuren Fabriek),,domein niet gevonden,Customer Service Representative,ja,2026-09-17,Mill,1,nee,https://nl.linkedin.com/jobs/view/customer-service-representative-at-nrf-nederlandse-radiateuren-fabriek-4467190041,klantenservice medewerker
Nutripack,,domein niet gevonden,Customer Service Medewerker,ja,2026-06-18,Oss,1,nee,https://nl.linkedin.com/jobs/view/customer-service-medewerker-at-nutripack-4428771478,orderverwerking medewerker
o2o Bicycle Leasing,,domein niet gevonden,Customer Support Expert,,2026-08-11,"Vilvoorde, Vlaanderen, België",1,nee,https://be.linkedin.com/jobs/view/customer-support-expert-at-o2o-bicycle-leasing-4453109396,klantenservice medewerker
Oakwell Hampton Group,,domein niet gevonden,Client Success Manager,,2026-09-10,Amsterdam Area,1,nee,https://nl.linkedin.com/jobs/view/client-success-manager-at-oakwell-hampton-group-4465805104,customer happiness
Odyssey Hotel Group,,domein niet gevonden,Front Office Associate,,2026-09-03,Amsterdam,1,nee,https://nl.linkedin.com/jobs/view/front-office-associate-at-odyssey-hotel-group-4461654165,customer service
OGÉR,,domein niet gevonden,Creative,,2026-08-24,Amsterdam,1,nee,https://nl.linkedin.com/jobs/view/creative-at-og%C3%A9r-4456862930,content specialist webshop
Oneway Bike,,domein niet gevonden,Inside Sales Medewerker,,2026-09-07,Rotterdam,1,nee,https://nl.linkedin.com/jobs/view/inside-sales-medewerker-at-oneway-bike-4462936055,support medewerker webshop
Open (YC W24),,domein niet gevonden,CSM (Customer Success Manager),ja,2026-06-14,Amsterdam,1,nee,https://nl.linkedin.com/jobs/view/csm-customer-success-manager-at-open-yc-w24-4428634335,customer happiness
Openclaims,,domein niet gevonden,Customer Success &amp; Growth Manager – Dealers &amp; Schadeherstellers,ja,2026-07-29,Amsterdam,1,nee,https://nl.linkedin.com/jobs/view/customer-success-growth-manager-%E2%80%93-dealers-schadeherstellers-at-openclaims-4446814064,customer happiness
Orangebag.nl,,domein niet gevonden,Social Media &amp; Influencer Specialist,,2026-07-23,Rotterdam,1,nee,https://nl.linkedin.com/jobs/view/social-media-influencer-specialist-at-orangebag-nl-4443909803,online marketeer webshop
orderBilly,,domein niet gevonden,Customer Support Specialist,ja,2026-09-16,"Gent, Vlaanderen, België",1,nee,https://be.linkedin.com/jobs/view/customer-support-specialist-at-orderbilly-4466864395,klantenservice medewerker
Otolift Academy,,domein niet gevonden,Klantenservice medewerker,ja,2026-09-21,Bergambacht,1,nee,https://nl.linkedin.com/jobs/view/klantenservice-medewerker-at-otolift-academy-4469877371,klantenservice medewerker
Pageking® - Full Swing Digital Agency,,domein niet gevonden,Open sollicitatie,,2026-07-10,Breda,2,nee,https://nl.linkedin.com/jobs/view/open-sollicitatie-at-pageking%C2%AE-full-swing-digital-agency-4439006943,webshop beheerder
PALMBERG Büroeinrichtungen + Service GmbH,,domein niet gevonden,"Medewerker orderinvoer/klantenservice Nederland, België en Luxemburg (m/v/x)",ja,2026-05-20,'s-Hertogenbosch,1,nee,https://nl.linkedin.com/jobs/view/medewerker-orderinvoer-klantenservice-nederland-belgi%C3%AB-en-luxemburg-m-v-x-at-palmberg-b%C3%BCroeinrichtungen-%2B-service-gmbh-4416168277,orderverwerking medewerker
Parfumerie Douglas Nederland,,domein niet gevonden,Franstalige Customer Service Agent,ja,2025-01-16,Nijmegen,2,nee,https://nl.linkedin.com/jobs/view/franstalige-customer-service-agent-at-parfumerie-douglas-nederland-4125917811,klantenservice medewerker
Parfums Christian Dior,,domein niet gevonden,Beauty Consultant Amsterdam,,2026-09-15,Amsterdam,2,nee,https://nl.linkedin.com/jobs/view/beauty-consultant-amsterdam-at-parfums-christian-dior-4467704566,klantadviseur
PCS Wireless,,domein niet gevonden,"Manager, Global Marketplace Operations",,2026-09-09,Rosmalen,1,nee,https://nl.linkedin.com/jobs/view/manager-global-marketplace-operations-at-pcs-wireless-4463885911,webshop beheerder
Petite Amélie,,domein niet gevonden,Business Systems &amp; Automation Manager,,2026-09-08,Weesp,1,nee,https://nl.linkedin.com/jobs/view/business-systems-automation-manager-at-petite-am%C3%A9lie-4462528803,webshop beheerder
Pets Place Boerenbond Retail B.V.,,domein niet gevonden,Category Assistent,,2026-09-09,Ede,1,nee,https://nl.linkedin.com/jobs/view/category-assistent-at-pets-place-boerenbond-retail-b-v-4465085391,e-commerce medewerker
PGS ULLU Paletten,,domein niet gevonden,Customer Service Officer (M/F/X),,2026-08-10,"Gistel, Vlaanderen, België",1,nee,https://be.linkedin.com/jobs/view/customer-service-officer-m-f-x-at-pgs-ullu-paletten-4451535040,klantenservice medewerker
Picnic Technologies,,domein niet gevonden,Working Student Content Editor,,2026-09-18,Amsterdam,4,nee,https://nl.linkedin.com/jobs/view/working-student-content-editor-at-picnic-technologies-4450602285,webshop beheerder
PinDirect by Cyber & Mason,,domein niet gevonden,Medewerker Customer Support,ja,2026-09-14,Amersfoort,1,nee,https://nl.linkedin.com/jobs/view/medewerker-customer-support-at-pindirect-by-cyber-mason-4467070749,klantenservice medewerker
Platinum Outdoorable,,domein niet gevonden,Sales Support Medewerker,ja,2026-09-11,Breda,1,nee,https://nl.linkedin.com/jobs/view/sales-support-medewerker-at-platinum-outdoorable-4466044477,support medewerker webshop
PLUS Retail,,domein niet gevonden,Medewerker Winkel Helpdesk,ja,2026-09-04,Utrecht,1,nee,https://nl.linkedin.com/jobs/view/medewerker-winkel-helpdesk-at-plus-retail-4340155657,klantenservice medewerker
PM,,domein niet gevonden,BBL-leerling Logistiek medewerker,,2025-12-03,Dedemsvaart,1,nee,https://nl.linkedin.com/jobs/view/bbl-leerling-logistiek-medewerker-at-pm-4325503324,logistiek medewerker webshop
Postex DACH,,domein niet gevonden,Customer Success &amp; Support Consultant (40 uur),ja,2026-07-28,Gouda,1,nee,https://nl.linkedin.com/jobs/view/customer-success-support-consultant-40-uur-at-postex-dach-4446002322,customer happiness
Pro Warehouse ,,domein niet gevonden,Klantenservicemedewerker,ja,2026-09-04,Amsterdam,1,nee,https://nl.linkedin.com/jobs/view/klantenservicemedewerker-at-pro-warehouse-%EF%A3%BF-4463370329,support medewerker webshop
Progressive,,domein niet gevonden,IT Servicedesk Medewerker | Zorg | Woerden,ja,2026-08-24,Woerden,1,nee,https://nl.linkedin.com/jobs/view/it-servicedesk-medewerker-zorg-woerden-at-progressive-4453117246,webcare medewerker
Prowise NL,,domein niet gevonden,Customer Service Medewerker (Duitstalig),ja,2026-09-19,Budel,2,nee,https://nl.linkedin.com/jobs/view/customer-service-medewerker-duitstalig-at-prowise-nl-4466934866,support medewerker webshop
Prénatal,,domein niet gevonden,SEO-specialist,,2026-09-22,Amersfoort,1,nee,https://nl.linkedin.com/jobs/view/seo-specialist-at-prenatal-moeder-en-kind-b-v-4468548197,webcare medewerker
Publitas.com,,domein niet gevonden,Senior Customer Success Manager ( SaaS / Remote / Dutch),ja,2026-09-08,Nederland,1,nee,https://nl.linkedin.com/jobs/view/senior-customer-success-manager-saas-remote-dutch-at-publitas-com-4458166743,customer happiness
Puffy,,domein niet gevonden,Senior Director - Performance Marketing (Remote),,2026-09-17,Amsterdam,1,nee,https://nl.linkedin.com/jobs/view/senior-director-performance-marketing-remote-at-puffy-4454179616,online marketeer webshop
"PurpleBird - webdesign, ontwikkeling & online marketing",,domein niet gevonden,SEO &amp; GEO Marketeer (2–4 jaar ervaring),,2026-09-14,Utrecht,1,nee,https://nl.linkedin.com/jobs/view/seo-geo-marketeer-2%E2%80%934-jaar-ervaring-at-purplebird-webdesign-ontwikkeling-online-marketing-4467044975,online marketeer webshop
Purson,,domein niet gevonden,Customer Service Officer,,2026-09-07,"Tessenderlo, Vlaanderen, België",1,nee,https://be.linkedin.com/jobs/view/customer-service-officer-at-purson-4464350886,klantenservice medewerker
PXR Media,,domein niet gevonden,Redacteur Autoblog,,2026-09-15,Amsterdam,1,nee,https://nl.linkedin.com/jobs/view/redacteur-autoblog-at-pxr-media-4467497974,content specialist webshop
Q8,,domein niet gevonden,Customer Service Representative,ja,2026-09-18,"Antwerpen, Vlaanderen, België",2,nee,https://be.linkedin.com/jobs/view/customer-service-representative-at-q8-4435482276,klantenservice medewerker
Qargo TMS,,domein niet gevonden,Customer Support Officer (BE),,2026-09-04,"Gent, Vlaanderen, België",1,nee,https://be.linkedin.com/jobs/view/customer-support-officer-be-at-qargo-tms-4461975157,klantenservice medewerker
QING | Food Automation,,domein niet gevonden,Contentmarketeer B2B (tijdelijke functie),,2026-09-14,Arnhem,1,nee,https://nl.linkedin.com/jobs/view/contentmarketeer-b2b-tijdelijke-functie-at-qing-food-automation-4467028755,content specialist webshop
Rail-Flow,,domein niet gevonden,Senior Customer Success Manager - SaaS (m/f/x),ja,2026-06-12,Rotterdam,1,nee,https://nl.linkedin.com/jobs/view/senior-customer-success-manager-saas-m-f-x-at-rail-flow-4425317073,customer happiness
Railtech BV,,domein niet gevonden,Logistiek Medewerker (32-38),,2026-09-07,Ouderkerk aan de Amstel,1,nee,https://nl.linkedin.com/jobs/view/logistiek-medewerker-32-38-at-railtech-bv-4464303556,logistiek medewerker webshop
Randstad Belgium,,domein niet gevonden,Customer Care Professional,ja,2026-08-27,"Brussel, Brussels Hoofdstedelijk Gewest, België",1,nee,https://be.linkedin.com/jobs/view/customer-care-professional-at-randstad-belgium-4431664411,klantenservice medewerker
Ravago,,domein niet gevonden,CUSTOMER ORDER &amp; EXPORT COORDINATOR ( DRI Rubber),ja,2026-08-24,Waalwijk,1,nee,https://nl.linkedin.com/jobs/view/customer-order-export-coordinator-dri-rubber-at-ravago-4456506207,orderverwerking medewerker
Rensa Family Company,,domein niet gevonden,E-Commerce Search &amp; Merchandising Specialist,,2026-09-08,Doetinchem,1,nee,https://nl.linkedin.com/jobs/view/e-commerce-search-merchandising-specialist-at-rensa-family-company-4464454587,e-commerce medewerker
Rensa Verwarming + Ventilatie,,domein niet gevonden,E-Commerce Search &amp; Merchandising Specialist,,2026-09-01,Doetinchem,1,nee,https://nl.linkedin.com/jobs/view/e-commerce-search-merchandising-specialist-at-rensa-verwarming-%2B-ventilatie-4460236851,e-commerce medewerker
RIMOWA,,domein niet gevonden,Client Advisor - AMSTERDAM DE BIJENKORF (m/f/d),,2026-09-17,Amsterdam,1,nee,https://nl.linkedin.com/jobs/view/client-advisor-amsterdam-de-bijenkorf-m-f-d-at-rimowa-4449018386,customer happiness
Rituals (B Corp™),,domein niet gevonden,Customer Relations and Sales Ambassador German – CHO EDGE Amsterdam | 32-40h,,2026-09-15,Amsterdam,3,nee,https://nl.linkedin.com/jobs/view/customer-relations-and-sales-ambassador-german-%E2%80%93-cho-edge-amsterdam-32-40h-at-rituals-b-corp%E2%84%A2-4458257606,customer happiness
Robin Radar Systems,,domein niet gevonden,Customer Success Manager - AVIAN,ja,2026-09-17,Delft,2,nee,https://nl.linkedin.com/jobs/view/customer-success-manager-avian-at-robin-radar-systems-4449473745,customer happiness
Royal Avebe,,domein niet gevonden,Teamlead Ordermanagement,,2026-09-07,Veendam,1,nee,https://nl.linkedin.com/jobs/view/teamlead-ordermanagement-at-royal-avebe-4461898469,orderverwerking
Royal FloraHolland,,domein niet gevonden,Product Support Medewerker,ja,2026-07-17,Honselersdijk,1,nee,https://nl.linkedin.com/jobs/view/product-support-medewerker-at-royal-floraholland-4452443158,support medewerker webshop
Royal Meilink,,domein niet gevonden,Commercieel medewerker binnendienst - Administratief,,2026-07-21,Boxmeer,1,nee,https://nl.linkedin.com/jobs/view/commercieel-medewerker-binnendienst-administratief-at-royal-meilink-4443378694,orderverwerking medewerker
Royal Swinkels,,domein niet gevonden,Global Marketplace Specialist,,2026-09-08,Lieshout,1,nee,https://nl.linkedin.com/jobs/view/global-marketplace-specialist-at-royal-swinkels-4464474042,e-commerce medewerker
Runnr.ai,,domein niet gevonden,Customer Success Manager,ja,2026-09-22,"Utrecht, Nederland",1,nee,https://nl.linkedin.com/jobs/view/customer-success-manager-at-runnr-ai-4470299624,customer happiness
RX Group,,domein niet gevonden,CUSTOMER SUCCESS COORDINATOR GEZOCHT,ja,2026-08-27,Gemert,2,nee,https://nl.linkedin.com/jobs/view/customer-success-coordinator-gezocht-at-rx-group-4459696607,customer happiness
S4D,,domein niet gevonden,Customer Success Manager (Nederlands),ja,2026-06-30,Amsterdam,2,nee,https://nl.linkedin.com/jobs/view/customer-success-manager-nederlands-at-s4d-4434986304,customer happiness
Sawadee Reizen,,domein niet gevonden,Product Marketeer (39 uur p/w),,2026-08-26,Amsterdam,1,nee,https://nl.linkedin.com/jobs/view/product-marketeer-39-uur-p-w-at-sawadee-reizen-4459150255,content specialist webshop
Scheldeland Verzekeringen,,domein niet gevonden,Customer Care - Heule,,2026-07-11,"Heule, Vlaanderen, België",1,nee,https://be.linkedin.com/jobs/view/customer-care-heule-at-scheldeland-verzekeringen-4439526106,klantenservice medewerker
Scherp Online,,domein niet gevonden,Online Marketing Strateeg (32-40 uur) | Eindhoven,,2026-09-14,Eindhoven,1,nee,https://nl.linkedin.com/jobs/view/online-marketing-strateeg-32-40-uur-eindhoven-at-scherponline-nl-bv-4467092642,online marketeer webshop
Schipper Accountants,,domein niet gevonden,Mede­werker Marke­ting &amp; Commu­nicatie,,2026-09-02,Goes,1,nee,https://nl.linkedin.com/jobs/view/mede%C2%ADwerker-marke%C2%ADting-commu%C2%ADnicatie-at-schipper-accountants-4461325637,content specialist webshop
Schoenfabriek Wed. J.P. van Bommel bv,,domein niet gevonden,Orderpicker / Allround Magazijn medewerker,ja,2026-09-04,Moergestel,1,nee,https://nl.linkedin.com/jobs/view/orderpicker-allround-magazijn-medewerker-at-schoenfabriek-wed-j-p-van-bommel-bv-4461172889,orderverwerking
Schwalbe Benelux,,domein niet gevonden,Logistiek medewerker,,2026-07-14,Hoofddorp,1,nee,https://nl.linkedin.com/jobs/view/logistiek-medewerker-at-schwalbe-benelux-4440579131,logistiek medewerker webshop
Sciential - Digital Marketing for Life Sciences Brands,,domein niet gevonden,WORDPRESS DEVELOPMENT SPECIALIST IN ROTTERDAM (36 HOURS/WEEK),,2026-08-05,Rotterdam,1,nee,https://nl.linkedin.com/jobs/view/wordpress-development-specialist-in-rotterdam-36-hours-week-at-sciential-digital-marketing-for-life-sciences-brands-4448991025,content specialist webshop
SD Guthrie International Zwijndrecht Refinery,,domein niet gevonden,Sales Support,,2026-09-11,Zwijndrecht,1,nee,https://nl.linkedin.com/jobs/view/sales-support-at-sd-guthrie-international-zwijndrecht-refinery-4466067810,orderverwerking
SD Worx Professionals Belgium,,domein niet gevonden,Ervaren Customer Service Medewerker,ja,2026-09-16,Gent en omgeving,3,nee,https://be.linkedin.com/jobs/view/ervaren-customer-service-medewerker-at-sd-worx-professionals-belgium-4466820900,klantenservice medewerker
Search-On B.V.,,domein niet gevonden,Category Manager E-commerce,,2026-09-21,"Noord-Holland, Nederland",1,nee,https://nl.linkedin.com/jobs/view/category-manager-e-commerce-at-search-on-b-v-4469902784,webshop beheerder
Securitas Belgium,,domein niet gevonden,Client Care Officer,,2026-09-02,"Machelen, Vlaanderen, België",1,nee,https://be.linkedin.com/jobs/view/client-care-officer-at-securitas-belgium-4455623130,klantenservice medewerker
Sentyron,,domein niet gevonden,Junior medewerker Supply Chain &amp; Purchasing,,2026-08-13,Delft,1,nee,https://nl.linkedin.com/jobs/view/junior-medewerker-supply-chain-purchasing-at-sentyron-4464321562,orderverwerking medewerker
Service Best International B.V.,,domein niet gevonden,Medewerker Customer Relations (32 tot 40 uur),ja,2026-09-07,Eindhoven,1,nee,https://nl.linkedin.com/jobs/view/medewerker-customer-relations-32-tot-40-uur-at-service-best-international-b-v-4464306303,customer happiness
ShipBob,,domein niet gevonden,Operations Support Manager,ja,2026-09-17,Rilland,2,nee,https://nl.linkedin.com/jobs/view/operations-support-manager-at-shipbob-4467560533,support medewerker webshop
Silk'n | Beautiful Technology,,domein niet gevonden,Global Content &amp; Copy Specialist (Omnichannel),,2026-08-27,Rotterdam,1,nee,https://nl.linkedin.com/jobs/view/global-content-copy-specialist-omnichannel-at-silk-n-beautiful-technology-4458638058,content specialist webshop
Smartphonehoesjes.nl,,domein niet gevonden,Customer Journey Specialist,ja,2026-06-16,Leusden,3,nee,https://nl.linkedin.com/jobs/view/customer-journey-specialist-at-smartphonehoesjes-nl-4429546635,e-commerce medewerker
SoftwareOne,,domein niet gevonden,Customer Success Manager,ja,2026-09-21,Amsterdam,4,nee,https://nl.linkedin.com/jobs/view/customer-success-manager-at-softwareone-4468775473,customer happiness
"Solera Holdings, LLC.",,domein niet gevonden,Junior Customer Success Representative,ja,2026-08-02,Den Haag,1,nee,https://nl.linkedin.com/jobs/view/junior-customer-success-representative-at-solera-holdings-llc-4402372368,customer happiness
SomnoMed France,,domein niet gevonden,Customer service Medewerker (Dutch fluent),ja,2026-01-08,Arnhem,1,nee,https://nl.linkedin.com/jobs/view/customer-service-medewerker-dutch-fluent-at-somnomed-france-4330913083,klantenservice medewerker
Specialized Bicycle Components,,domein niet gevonden,Digital Merchandising Specialist EMEA,,2026-09-17,Arnhem,1,nee,https://nl.linkedin.com/jobs/view/digital-merchandising-specialist-emea-at-specialized-bicycle-components-4459178706,e-commerce medewerker
SPINO Managed Services,,domein niet gevonden,Medewerker Servicedesk,ja,2026-08-18,Nieuwegein,1,nee,https://nl.linkedin.com/jobs/view/medewerker-servicedesk-at-spino-managed-services-4455720453,support medewerker webshop
Spring Professional Belgium,,domein niet gevonden,Custmer Care FR/NL,,2026-09-11,"Brussel, Brussels Hoofdstedelijk Gewest, België",1,nee,https://be.linkedin.com/jobs/view/custmer-care-fr-nl-at-spring-professional-belgium-4466082341,klantenservice medewerker
Sprints & Sneakers | Growth Marketing Agency | Bcorp,,domein niet gevonden,Performance Marketeer (Paid Social),,2026-07-21,Groningen,3,nee,https://nl.linkedin.com/jobs/view/performance-marketeer-paid-social-at-sprints-sneakers-growth-marketing-agency-bcorp-4443354049,online marketeer webshop
Staay Food Group,,domein niet gevonden,BACKOFFICE MEDEWERKER,,2026-08-04,Papendrecht,2,nee,https://nl.linkedin.com/jobs/view/backoffice-medewerker-at-staay-food-group-4448582767,orderverwerking medewerker
Stora Enso,,domein niet gevonden,Teamleider Commerciële Binnendienst,,2026-09-07,Roosendaal,1,nee,https://nl.linkedin.com/jobs/view/teamleider-commerci%C3%ABle-binnendienst-at-stora-enso-4436234199,orderverwerking
SUITSUIT | Certified B Corp,,domein niet gevonden,Marketplace Specialist,,2026-09-02,Randstad,1,nee,https://nl.linkedin.com/jobs/view/marketplace-specialist-at-suitsuit-certified-b-corp-4459969550,e-commerce medewerker
Supermicro,,domein niet gevonden,Customer Service Coordinator,ja,2026-09-12,'s-Hertogenbosch,2,nee,https://nl.linkedin.com/jobs/view/customer-service-coordinator-at-supermicro-4457517642,customer service
Swissôtel Hotels & Resorts,,domein niet gevonden,Front Office Agent (Full-time),,2026-07-20,Amsterdam,1,nee,https://nl.linkedin.com/jobs/view/front-office-agent-full-time-at-swiss%C3%B4tel-hotels-resorts-4442078328,customer service
Synergie Belgium,,domein niet gevonden,Customer service medewerker,ja,2026-09-15,"Gistel, Vlaanderen, België",3,nee,https://be.linkedin.com/jobs/view/customer-service-medewerker-at-synergie-belgium-4455256321,klantenservice medewerker
Tandem Health,,domein niet gevonden,Customer Success Specialist - Netherlands,ja,2026-09-04,Leiden,2,nee,https://nl.linkedin.com/jobs/view/customer-success-specialist-netherlands-at-tandem-health-4461749093,customer happiness
TCC smart IT solutions,,domein niet gevonden,Customer Success Manager,ja,2026-02-26,Tilburg,1,nee,https://nl.linkedin.com/jobs/view/customer-success-manager-at-tcc-smart-it-solutions-4375282443,customer happiness
Telco Accessories Group,,domein niet gevonden,Klantenservicemedewerker,ja,2026-09-21,Houten,4,nee,https://nl.linkedin.com/jobs/view/klantenservicemedewerker-at-telco-accessories-group-4467395413,klantenservice medewerker
The Chemours Company,,domein niet gevonden,Customer Excellence Representative - International Customer Operations,ja,2026-09-16,"Antwerpen, Vlaanderen, België",1,nee,https://be.linkedin.com/jobs/view/customer-excellence-representative-international-customer-operations-at-the-chemours-company-4457333594,klantenservice medewerker
The Cookware Company,,domein niet gevonden,Internship Amazon Content Coordinator,,2026-09-15,Wateringen,1,nee,https://nl.linkedin.com/jobs/view/internship-amazon-content-coordinator-at-the-cookware-company-4465525596,webshop beheerder
The Estée Lauder Companies Inc.,,domein niet gevonden,Le Labo Sales Advisor - Bijenkorf Rotterdam (FT),,2026-09-16,Rotterdam,1,nee,https://nl.linkedin.com/jobs/view/le-labo-sales-advisor-bijenkorf-rotterdam-ft-at-the-est%C3%A9e-lauder-companies-inc-4466512938,klantadviseur
The Greenery Logistics,,domein niet gevonden,Logistiek Medewerker,,2026-08-27,Barendrecht,1,nee,https://nl.linkedin.com/jobs/view/logistiek-medewerker-at-the-greenery-logistics-4422427546,logistiek medewerker webshop
The Lemon Consulting,,domein niet gevonden,Klantenservicemedewerker,ja,2026-08-19,Rotterdam,18,nee,https://nl.linkedin.com/jobs/view/klantenservicemedewerker-at-the-lemon-consulting-4455401717,klantenservice medewerker
The Rent Company,,domein niet gevonden,Medewerker Klantenservice,ja,2026-09-03,'s-Hertogenbosch,1,nee,https://nl.linkedin.com/jobs/view/medewerker-klantenservice-at-the-rent-company-4460421208,klantenservice medewerker
The Schippers Group,,domein niet gevonden,Product Owner E-Commerce,,2026-09-08,Hapert,2,nee,https://nl.linkedin.com/jobs/view/product-owner-e-commerce-at-the-schippers-group-4463253169,webshop beheerder
Thuiszorg West-Brabant (TWB),,domein niet gevonden,Collega in de Thuiszorg regio Breda,,2026-07-07,Breda,1,nee,https://nl.linkedin.com/jobs/view/collega-in-de-thuiszorg-regio-breda-at-twb-thuiszorg-west-brabant-4437741891,webcare medewerker
Tialda BV,,domein niet gevonden,Logistiek medewerker,,2026-09-01,Gorredijk,1,nee,https://nl.linkedin.com/jobs/view/logistiek-medewerker-at-tialda-bv-4461556478,logistiek medewerker webshop
Timber and Building Supplies Holland N.V,,domein niet gevonden,Online Merchandiser,,2026-09-04,Zaandam,1,nee,https://nl.linkedin.com/jobs/view/online-merchandiser-at-timber-and-building-supplies-holland-n-v-4410078937,e-commerce medewerker
ToExplore B.V.,,domein niet gevonden,COMMERCIËLE TEAMPLAYER,,2026-08-28,Amsterdam,1,nee,https://nl.linkedin.com/jobs/view/commerci%C3%ABle-teamplayer-at-toexplore-b-v-4460365032,e-commerce medewerker
Tomorrowmen™,,domein niet gevonden,MARKETPLACE SPECIALIST,,2026-06-12,Groningen,1,nee,https://nl.linkedin.com/jobs/view/marketplace-specialist-at-tomorrowmen%E2%84%A2-4424813927,e-commerce medewerker
Ton van Kuijk B.V.,,domein niet gevonden,Service Adviseur,ja,2026-08-18,Alkmaar,1,nee,https://nl.linkedin.com/jobs/view/service-adviseur-at-ton-van-kuijk-b-v-4455935267,klantadviseur
TotaalPartnerTechniek,,domein niet gevonden,Vacature Commercieel Medewerker Ordermanagement,ja,2026-08-04,Dordrecht,1,nee,https://nl.linkedin.com/jobs/view/vacature-commercieel-medewerker-ordermanagement-at-totaalpartnertechniek-4449073333,orderverwerking medewerker
Trengo - Smart Customer Engagement Platform,,domein niet gevonden,Customer Success Manager - Dutch speaking,ja,2026-08-28,Randstad,3,nee,https://nl.linkedin.com/jobs/view/customer-success-manager-dutch-speaking-at-trengo-4455875519,customer happiness
TRIO Lighting Group,,domein niet gevonden,Customer Service Assistant (m/f/d) Belgium,,2026-07-06,"Beveren, Vlaanderen, België",1,nee,https://be.linkedin.com/jobs/view/customer-service-assistant-m-f-d-belgium-at-trio-lighting-group-4433998169,klantenservice medewerker
Triple A Internetshops GmbH,,domein niet gevonden,Store Assistant (alle genderidentiteiten welkom) – tot 34 € per uur - Satisfyer &amp; Geske Beauty Tech Store,,2026-08-21,'s-Hertogenbosch,2,nee,https://nl.linkedin.com/jobs/view/store-assistant-alle-genderidentiteiten-welkom-%E2%80%93-tot-34-%E2%82%AC-per-uur-satisfyer-geske-beauty-tech-store-at-triple-a-internetshops-gmbh-4454602473,webshop medewerker
Trustpilot,,domein niet gevonden,Enterprise Customer Success Manager - Benelux,ja,2026-09-21,Amsterdam,3,nee,https://nl.linkedin.com/jobs/view/enterprise-customer-success-manager-benelux-at-trustpilot-4413949306,customer happiness
Trustpilot Italia,,domein niet gevonden,Enterprise Customer Success Manager - Benelux,ja,2026-08-06,Amsterdam,2,nee,https://nl.linkedin.com/jobs/view/enterprise-customer-success-manager-benelux-at-trustpilot-italia-4450014111,customer happiness
Unica,,domein niet gevonden,Marketeer,,2026-06-04,'s-Hertogenbosch,1,nee,https://nl.linkedin.com/jobs/view/marketeer-at-unica-4423510484,content specialist webshop
Unica ICT,,domein niet gevonden,Customer Succes Specialist,ja,2026-01-22,Eindhoven,2,nee,https://nl.linkedin.com/jobs/view/customer-succes-specialist-at-unica-ict-4364820615,customer happiness
Unidex,,domein niet gevonden,Orderpicker Warehouse,,2025-06-19,Noordwijk-Binnen,1,nee,https://nl.linkedin.com/jobs/view/orderpicker-warehouse-at-unidex-4253245120,logistiek medewerker webshop
Unilin,,domein niet gevonden,Customer Service Assistant,,2026-09-13,"Oostrozebeke, Vlaanderen, België",2,nee,https://be.linkedin.com/jobs/view/customer-service-assistant-at-unilin-4359185889,klantenservice medewerker
Unique Belgium,,domein niet gevonden,Klantenservicemedewerker,ja,2026-09-17,"Hamont-Achel, Vlaanderen, België",6,nee,https://be.linkedin.com/jobs/view/klantenservicemedewerker-at-unique-belgium-4468638927,klantenservice medewerker
Univar Solutions,,domein niet gevonden,Customer Service Representative,ja,2026-09-17,"Brussel, Brussels Hoofdstedelijk Gewest, België",1,nee,https://be.linkedin.com/jobs/view/customer-service-representative-at-univar-solutions-4450286269,klantenservice medewerker
Vadobag Europe BV,,domein niet gevonden,Senior Marketeer,,2026-07-10,Tilburg,1,nee,https://nl.linkedin.com/jobs/view/senior-marketeer-at-vadobag-europe-bv-4435928204,online marketeer webshop
Vaeshartelt.rc,,domein niet gevonden,Allround Medewerker Bediening,,2026-06-18,Maastricht,1,nee,https://nl.linkedin.com/jobs/view/allround-medewerker-bediening-at-vaeshartelt-rc-4427819813,webcare medewerker
valantic NL,,domein niet gevonden,E-commerce Solution Consultant,,2026-08-27,Rotterdam,1,nee,https://nl.linkedin.com/jobs/view/e-commerce-solution-consultant-at-valantic-nl-4431659692,support medewerker webshop
Van den Udenhout Groep,,domein niet gevonden,Medewerker Klantenservice | 's-Hertogenbosch,ja,2026-09-08,'s-Hertogenbosch,2,nee,https://nl.linkedin.com/jobs/view/medewerker-klantenservice-s-hertogenbosch-at-van-den-udenhout-groep-4464610992,klantenservice medewerker
Van der Burgh,,domein niet gevonden,Service Adviseur - Van der Burgh Brielle,ja,2026-09-21,Brielle,1,nee,https://nl.linkedin.com/jobs/view/service-adviseur-van-der-burgh-brielle-at-van-der-burgh-4468722463,klantadviseur
Van der Let & Partners - marketing en webdevelopment,,domein niet gevonden,Senior Online Marketeer,,2026-08-13,Heerenveen,1,nee,https://nl.linkedin.com/jobs/view/senior-online-marketeer-at-van-der-let-partners-marketing-en-webdevelopment-4450823447,online marketeer webshop
Van der Valk Hotel Den Haag - Wassenaar,,domein niet gevonden,Allround medewerker bediening – inclusief betaalde BBL-opleiding!,,2026-08-14,Wassenaar,1,nee,https://nl.linkedin.com/jobs/view/allround-medewerker-bediening-%E2%80%93-inclusief-betaalde-bbl-opleiding%21-at-van-der-valk-hotel-den-haag-wassenaar-4454502096,webcare medewerker
Van der Valk Hotel Groningen - Zuidbroek A7,,domein niet gevonden,Front Office Medewerker,,2026-06-16,Zuidbroek,1,nee,https://nl.linkedin.com/jobs/view/front-office-medewerker-at-van-der-valk-hotel-groningen-zuidbroek-a7-4429241442,customer service
Van der Valk Hotel Middelburg,,domein niet gevonden,Medewerker bediening parttime/ fulltime,,2026-08-09,Middelburg,2,nee,https://nl.linkedin.com/jobs/view/medewerker-bediening-parttime-fulltime-at-van-der-valk-hotel-middelburg-4462809342,webcare medewerker
Van der Valk Hotel Sassenheim-Leiden,,domein niet gevonden,Front Office Medewerker,,2026-09-22,Sassenheim,1,nee,https://nl.linkedin.com/jobs/view/front-office-medewerker-at-van-der-valk-hotel-sassenheim-leiden-4470276423,customer service
Van Mierlo BV Technische Handelsonderneming,,domein niet gevonden,E-Commerce Coördinator,,2026-08-27,Helmond,1,nee,https://nl.linkedin.com/jobs/view/e-commerce-co%C3%B6rdinator-at-van-mierlo-bv-technische-handelsonderneming-4459677154,e-commerce medewerker
Van Nifterik Holland BV,,domein niet gevonden,Commercieel Medewerker Binnendienst,,2026-09-21,Ede,1,nee,https://nl.linkedin.com/jobs/view/commercieel-medewerker-binnendienst-at-van-nifterik-holland-bv-4469891044,orderverwerking medewerker
Van Vulpen,,domein niet gevonden,Junior Servicedesk Medewerker IT,ja,2026-09-04,Gorinchem,1,nee,https://nl.linkedin.com/jobs/view/junior-servicedesk-medewerker-it-at-van-vulpen-4461985459,webcare medewerker
Van Walraven,,domein niet gevonden,Logistiek Medewerker,,2026-06-10,Mijdrecht,4,nee,https://nl.linkedin.com/jobs/view/logistiek-medewerker-at-van-walraven-4426792889,logistiek medewerker webshop
Vandemoortele,,domein niet gevonden,Customer Care Agent Retail,ja,2026-09-21,"Gent, Vlaanderen, België",2,nee,https://be.linkedin.com/jobs/view/customer-care-agent-retail-at-vandemoortele-4469872194,klantenservice medewerker
vanHaren Schoenen BV,,domein niet gevonden,Logistiek Medewerker Online Shop (avonddienst),,2026-07-30,Waalwijk,3,nee,https://nl.linkedin.com/jobs/view/logistiek-medewerker-online-shop-avonddienst-at-vanharen-schoenen-bv-4447015362,orderverwerking medewerker
Vanheede Environment Group,,domein niet gevonden,Gestionnaire de commandes &amp; service clients – FR/NL H/F/X,,2026-09-14,"Nijvel, Wallonië, België",1,nee,https://be.linkedin.com/jobs/view/gestionnaire-de-commandes-service-clients-%E2%80%93-fr-nl-h-f-x-at-vanheede-environment-group-4465780803,klantenservice medewerker
vb&t Vastgoed en Huisvesting,,domein niet gevonden,Medewerker Klantenservice Vastgoed,ja,2026-09-02,Eindhoven,1,nee,https://nl.linkedin.com/jobs/view/medewerker-klantenservice-vastgoed-at-vb-t-vastgoed-en-huisvesting-4462410073,klantenservice medewerker
VCSW - Specialist in sociale zekerheid,,domein niet gevonden,Customer Excellence medewerker,ja,2026-09-06,Den Haag,1,nee,https://nl.linkedin.com/jobs/view/customer-excellence-medewerker-at-vcsw-4444413436,klantenservice medewerker
VDL GL Precision B.V.,,domein niet gevonden,Allround Medewerker Cleaning Center,,2026-09-01,Eindhoven,1,nee,https://nl.linkedin.com/jobs/view/allround-medewerker-cleaning-center-at-vdl-gl-precision-b-v-4442740995,webcare medewerker
Veneta.com,,domein niet gevonden,Customer Service Specialist-Second Line,ja,2026-07-22,Zwolle,2,nee,https://nl.linkedin.com/jobs/view/customer-service-specialist-second-line-at-veneta-com-4443147476,customer service
Vigo Ottobock Care,,domein niet gevonden,Customer Service medewerker mobiliteitshulpmiddelen,ja,2026-08-30,"Wetteren, Vlaanderen, België",1,nee,https://be.linkedin.com/jobs/view/customer-service-medewerker-mobiliteitshulpmiddelen-at-vigo-ottobock-care-4460018085,klantenservice medewerker
Villeroy & Boch Group,,domein niet gevonden,Customer Service Agent,ja,2026-09-16,"Roeselare, Vlaanderen, België",1,nee,https://be.linkedin.com/jobs/view/customer-service-agent-at-villeroy-boch-group-4465961977,klantenservice medewerker
Vivaldis,,domein niet gevonden,Employé service clients,,2026-09-21,"Brussels Hoofdstedelijk Gewest, België",1,nee,https://be.linkedin.com/jobs/view/employ%C3%A9-service-clients-at-vivaldis-4467381609,klantenservice medewerker
Vogelaar Vredehof,,domein niet gevonden,Expeditiemedewerker,,2026-07-07,Kruiningen,1,nee,https://nl.linkedin.com/jobs/view/expeditiemedewerker-at-vogelaar-vredehof-4437780848,logistiek medewerker webshop
Volkswagen Pon Financial Services,,domein niet gevonden,Klantadviseur Lease,ja,2026-09-04,Amersfoort,2,nee,https://nl.linkedin.com/jobs/view/klantadviseur-lease-at-volkswagen-pon-financial-services-4463307063,customer happiness
Voortman Steel Group,,domein niet gevonden,Digital Marketeer,,2026-08-28,Rijssen,1,nee,https://nl.linkedin.com/jobs/view/digital-marketeer-at-voortman-steel-group-4458092850,online marketeer webshop
VP Textile,,domein niet gevonden,(Sr.) Campaign &amp; Content Marketeer,,2026-09-08,Goirle,1,nee,https://nl.linkedin.com/jobs/view/sr-campaign-content-marketeer-at-vp-textile-4464478325,content specialist webshop
Wannet Sports Insurance,,domein niet gevonden,Marketing Specialist,,2026-06-29,Arnhem,1,nee,https://nl.linkedin.com/jobs/view/marketing-specialist-at-wannet-sports-insurance-4433647808,webcare medewerker
"Waterschap Amstel, Gooi en Vecht",,domein niet gevonden,Medewerker Inkoopsupport &amp; Contractbeheer,ja,2026-09-17,Amsterdam,1,nee,https://nl.linkedin.com/jobs/view/medewerker-inkoopsupport-contractbeheer-at-waterschap-amstel-gooi-en-vecht-4466256827,orderverwerking
WE Fashion,,domein niet gevonden,Online Category Manager,,2026-09-16,"Utrecht, Nederland",3,nee,https://nl.linkedin.com/jobs/view/online-category-manager-at-we-fashion-4467966994,webshop beheerder
WebNL creative studios,,domein niet gevonden,Social marketeer,,2026-09-09,"Utrecht, Nederland",2,nee,https://nl.linkedin.com/jobs/view/social-marketeer-at-webnl-creative-studios-4465013771,online marketeer webshop
WeGrow,,domein niet gevonden,Warehouse Supervisor,,2026-09-01,Vianen,1,nee,https://nl.linkedin.com/jobs/view/warehouse-supervisor-at-wegrow-4461595850,orderverwerking
Weidmüller Benelux,,domein niet gevonden,Inside Sales Specialist,,2026-08-26,Hilversum,1,nee,https://nl.linkedin.com/jobs/view/inside-sales-specialist-at-weidm%C3%BCller-benelux-4457251392,orderverwerking
Weir,,domein niet gevonden,Customer Service &amp; Logistics medewerker,ja,2026-09-10,Nederweert,1,nee,https://nl.linkedin.com/jobs/view/customer-service-logistics-medewerker-at-weir-4463474507,orderverwerking medewerker
Wellis Health,,domein niet gevonden,Website &amp; SEO Marketeer,,2026-09-04,Rotterdam,2,nee,https://nl.linkedin.com/jobs/view/website-seo-marketeer-at-wellis-health-4463377250,webcare medewerker
Welzorg Nederland BV,,domein niet gevonden,Klantenservice Medewerker Levering,ja,2026-09-01,Raamsdonksveer,1,nee,https://nl.linkedin.com/jobs/view/klantenservice-medewerker-levering-at-welzorg-nederland-4460249223,orderverwerking
WerfSelect,,domein niet gevonden,Online marketeer,,2026-08-24,Amsterdam,1,nee,https://nl.linkedin.com/jobs/view/online-marketeer-at-werfselect-4458227699,online marketeer webshop
Werken bij Dewulf Winsum,,domein niet gevonden,Magazijnmedewerker,,2026-08-17,Winsum,1,nee,https://nl.linkedin.com/jobs/view/magazijnmedewerker-at-werken-bij-dewulf-winsum-4466074177,orderverwerking
Werkenbij,,domein niet gevonden,Medewerker Backoffice,,2026-09-16,Amsterdam,1,nee,https://nl.linkedin.com/jobs/view/medewerker-backoffice-at-working%40-4467947164,webcare medewerker
Wesco,,domein niet gevonden,Associate - Operations,,2026-09-18,Amsterdam,1,nee,https://nl.linkedin.com/jobs/view/associate-operations-at-wesco-4450291288,orderverwerking
Wesseling Logistics,,domein niet gevonden,Logistiek Medewerker Avond/Nacht,,2026-08-12,Sassenheim,2,nee,https://nl.linkedin.com/jobs/view/logistiek-medewerker-avond-nacht-at-wesseling-logistics-4453120063,logistiek medewerker webshop
WestCord Strandhotel Seeduyn,,domein niet gevonden,Medewerker Algemene Schoonmaak,,2026-05-01,Rotterdam,1,nee,https://nl.linkedin.com/jobs/view/medewerker-algemene-schoonmaak-at-westcord-strandhotel-seeduyn-4415283850,webcare medewerker
Westfalen Medical BV,,domein niet gevonden,Medewerker logistiek (40 uren/ week),,2026-08-28,Deventer,1,nee,https://nl.linkedin.com/jobs/view/medewerker-logistiek-40-uren-week-at-westfalen-medical-bv-4460349078,logistiek medewerker webshop
WeTravel,,domein niet gevonden,Knowledge and Help Center Manager - Amsterdam Office,,2026-08-31,Amsterdam,1,nee,https://nl.linkedin.com/jobs/view/knowledge-and-help-center-manager-amsterdam-office-at-wetravel-4415370854,content specialist webshop
Whiskybase,,domein niet gevonden,Content Producer,,2026-09-17,Rotterdam,1,nee,https://nl.linkedin.com/jobs/view/content-producer-at-whiskybase-4467206587,webcare medewerker
Wibra,,domein niet gevonden,Senior Campagne Manager,,2026-08-26,Epe,1,nee,https://nl.linkedin.com/jobs/view/senior-campagne-manager-at-wibra-4459181599,online marketeer webshop
Wielervoeding.nl,,domein niet gevonden,Allround Medewerker bij Wielervoeding.nl - Veghel,,2026-08-04,Uden-Veghel en omgeving,1,nee,https://nl.linkedin.com/jobs/view/allround-medewerker-bij-wielervoeding-nl-veghel-at-wielervoeding-nl-4449083338,logistiek medewerker webshop
Willem Dijk AGF,,domein niet gevonden,Loodsmedewerker,,2026-04-09,Enschede,1,nee,https://nl.linkedin.com/jobs/view/loodsmedewerker-at-willem-dijk-agf-4399861654,logistiek medewerker webshop
Wiltec BV,,domein niet gevonden,Logistiek Medewerker Uitgaande Goederen,,2026-05-25,Uden,1,nee,https://nl.linkedin.com/jobs/view/logistiek-medewerker-uitgaande-goederen-at-wiltec-bv-4429646503,logistiek medewerker webshop
WILVO,,domein niet gevonden,Logistiek Medewerker,,2026-09-09,Bergeyk,3,nee,https://nl.linkedin.com/jobs/view/logistiek-medewerker-at-wilvo-4465085608,logistiek medewerker webshop
Winkelstraat.nl,,domein niet gevonden,Stage Product Content Upload,,2025-01-20,Vianen,1,nee,https://nl.linkedin.com/jobs/view/stage-product-content-upload-at-winkelstraat-nl-4129236085,content specialist webshop
Winparts,,domein niet gevonden,SEA specialist,,2026-05-26,Groningen,1,nee,https://nl.linkedin.com/jobs/view/sea-specialist-at-winparts-4419192835,online marketeer webshop
WJ Projects B.V.,,domein niet gevonden,Marketing &amp; Communicatie Medewerker,,2026-09-08,Amsterdam,1,nee,https://nl.linkedin.com/jobs/view/marketing-communicatie-medewerker-at-wj-projects-b-v-4463545500,content specialist webshop
Wolf Steel Ltd,,domein niet gevonden,Technical Support Associate,,2026-06-11,Tiel,1,nee,https://nl.linkedin.com/jobs/view/technical-support-associate-at-wolf-steel-ltd-4424830485,webcare medewerker
Wolters Kluwer,,domein niet gevonden,Customer Success Specialist (Dutch speaking),ja,2026-09-11,Hoevelaken,1,nee,https://nl.linkedin.com/jobs/view/customer-success-specialist-dutch-speaking-at-wolters-kluwer-4426643798,customer happiness
WordPress bureau Sowmedia Rotterdam,,domein niet gevonden,WordPress lead developer,,2026-07-17,Rotterdam and The Hague,1,nee,https://nl.linkedin.com/jobs/view/wordpress-lead-developer-at-wordpress-bureau-sowmedia-4441310930,webshop beheerder
Workspace 365,,domein niet gevonden,Senior Customer Success Manager,ja,2026-08-27,Nijkerk,2,nee,https://nl.linkedin.com/jobs/view/senior-customer-success-manager-at-workspace-365-4459690374,customer happiness
Workwize,,domein niet gevonden,"Manager, Operations | Amsterdam Hybrid",,2026-09-11,Amsterdam,1,nee,https://nl.linkedin.com/jobs/view/manager-operations-amsterdam-hybrid-at-workwize-4447074732,orderverwerking
World of Eichholtz,,domein niet gevonden,Assistent Inkoper,,2026-09-11,Noordwijkerhout,1,nee,https://nl.linkedin.com/jobs/view/assistent-inkoper-at-world-of-eichholtz-4416888362,orderverwerking
World Wide Technology,,domein niet gevonden,Warehouse Associate,,2026-09-03,Oude Meer,1,nee,https://nl.linkedin.com/jobs/view/warehouse-associate-at-world-wide-technology-4461650322,logistiek medewerker webshop
WP Brothers,,domein niet gevonden,Digital Consultant (Web),,2026-09-04,"Utrecht, Nederland",1,nee,https://nl.linkedin.com/jobs/view/digital-consultant-web-at-wp-brothers-4461148980,webshop beheerder
WPP Media,,domein niet gevonden,Senior Digital Performance Manager,,2026-09-11,Eindhoven,3,nee,https://nl.linkedin.com/jobs/view/senior-digital-performance-manager-at-wpp-media-4463989277,online marketeer webshop
WTB Zuid,,domein niet gevonden,Productiemedewerker / Allround magazijnmedewerker,,2026-07-28,Hansweert,1,nee,https://nl.linkedin.com/jobs/view/productiemedewerker-allround-magazijnmedewerker-at-wtb-zuid-4445787222,logistiek medewerker webshop
X²O Badkamers,,domein niet gevonden,Adviseur,,2026-09-16,Zaandam,1,nee,https://nl.linkedin.com/jobs/view/adviseur-at-x2o-badkamers-4468204261,klantadviseur
Yielder,,domein niet gevonden,Sales Support Medewerker/ Inside Sales Specialist,ja,2026-07-18,Rijswijk,1,nee,https://nl.linkedin.com/jobs/view/sales-support-medewerker-inside-sales-specialist-at-yielder-4453136212,orderverwerking medewerker
Ynvolve,,domein niet gevonden,Logistiek medewerker,,2026-09-18,Arnhem-Nijmegen en omgeving,1,nee,https://nl.linkedin.com/jobs/view/logistiek-medewerker-at-ynvolve-4469106939,logistiek medewerker webshop
Youvia,,domein niet gevonden,Website &amp; Service Specialist,ja,2026-07-17,Amsterdam,1,nee,https://nl.linkedin.com/jobs/view/website-service-specialist-at-youvia-4451630881,webcare medewerker
Yuki,,domein niet gevonden,Customer Support Hero,,2026-08-31,"Antwerpen, Vlaanderen, België",1,nee,https://be.linkedin.com/jobs/view/customer-support-hero-at-yuki-4461265678,klantenservice medewerker
Yusen Logistics,,domein niet gevonden,Customer Service Employee,,2026-09-18,Moerdijk,1,nee,https://nl.linkedin.com/jobs/view/customer-service-employee-at-yusen-logistics-4412798148,klantenservice medewerker
Zeeuw & Zeeuw Renault/ Dacia,,domein niet gevonden,Serviceadviseur,ja,2026-09-21,Den Haag,1,nee,https://nl.linkedin.com/jobs/view/serviceadviseur-at-zeeuw-zeeuw-renault-dacia-4469857030,klantadviseur
ZINN (Zorgorganisatie in Noord Nederland),,domein niet gevonden,Medewerker Servicedesk ICT,ja,2026-09-04,Haren,1,nee,https://nl.linkedin.com/jobs/view/medewerker-servicedesk-ict-at-zinn-zorgorganisatie-in-noord-nederland-4461947640,webcare medewerker
zvoove Germany,,domein niet gevonden,Supportmedewerker,ja,2026-06-23,Amersfoort,2,nee,https://nl.linkedin.com/jobs/view/supportmedewerker-at-zvoove-4431242028,support medewerker webshop
