bedrijf,domein,domein_bron,functie,is_cs,datum,plaats,aantal_vacatures,al_in_pool,vacature_url,zoekterm
1815,1815.nl,geraden en bevestigd,Back-end developer,,2026-08-05,Den Haag,1,nee,https://nl.linkedin.com/jobs/view/back-end-developer-at-1815-4449453921,medewerker webshop
4CEE,4cee.com,geraden en bevestigd,Applicatie Operations Engineer,,2026-05-15,Ede,1,nee,https://nl.linkedin.com/jobs/view/applicatie-operations-engineer-at-4cee-4382083833,webcare
ABN AMRO Bank N.V.,abnamro.nl,geraden en bevestigd,Investment Associate - Sustainable Impact Fund (Sustainable Consumption),,2026-09-21,Amsterdam,1,nee,https://nl.linkedin.com/jobs/view/investment-associate-sustainable-impact-fund-sustainable-consumption-at-abn-amro-bank-n-v-4469823943,retourverwerking
ABS Autoherstel,absautoherstel.nl,geraden en bevestigd,Voorbewerker,,2026-06-11,Amsterdam,2,nee,https://nl.linkedin.com/jobs/view/voorbewerker-at-abs-autoherstel-bv-4437478436,retourverwerking
Accare,accare.nl,geraden en bevestigd,Functioneel beheerder,,2026-09-11,Assen,1,nee,https://nl.linkedin.com/jobs/view/functioneel-beheerder-at-accare-4466070024,webcare
Acrisure Netherlands,acrisure.nl,geraden en bevestigd,Accountmanager Agentendesk,,2026-09-19,Rotterdam and The Hague,1,nee,https://nl.linkedin.com/jobs/view/accountmanager-agentendesk-at-acrisure-netherlands-4448431701,klantcontact
Actief Select,actiefselect.com,geraden en bevestigd,Teamleider Customer Service &amp; Administratie,,2026-09-15,Rotterdam,1,nee,https://nl.linkedin.com/jobs/view/teamleider-customer-service-administratie-at-actief-select-4467708868,klantcontact
Actief Zorg,actiefzorg.nl,geraden en bevestigd,Medewerker ICT &amp; Werkplekbeheer,,2026-09-17,Rosmalen,1,nee,https://nl.linkedin.com/jobs/view/medewerker-ict-werkplekbeheer-at-actief-zorg-4466266970,webcare
Acture,acture.nl,geraden en bevestigd,Junior Casemanager Verzuim | Groningen,,2026-09-14,Groningen,1,nee,https://nl.linkedin.com/jobs/view/junior-casemanager-verzuim-groningen-at-acture-4438974967,retourverwerking
Addit BV,addit.nl,geraden en bevestigd,Logistics Operator,,2026-09-11,Venlo,1,nee,https://nl.linkedin.com/jobs/view/logistics-operator-at-addit-bv-4466055358,e-fulfilment medewerker
AECOM,aecom.com,geraden en bevestigd,(Junior) Adviseur Bodem,,2026-09-03,Den Haag,1,nee,https://nl.linkedin.com/jobs/view/junior-adviseur-bodem-at-aecom-4460061466,retourverwerking
Aethon.nl,aethon.nl,geraden en bevestigd,Revenue Operations Specialist,,2026-09-02,Rijswijk,1,nee,https://nl.linkedin.com/jobs/view/revenue-operations-specialist-at-aethon-nl-4460984170,customer journey specialist
AFAS Software,afas.nl,geraden en bevestigd,Product specialist,,2026-06-06,Leusden,1,nee,https://nl.linkedin.com/jobs/view/product-specialist-at-afas-software-4424654104,customer journey specialist
ALDI Nederland,aldi.nl,geraden en bevestigd,Specialist CRM,,2026-09-04,Culemborg,1,nee,https://nl.linkedin.com/jobs/view/specialist-crm-at-aldi-nederland-4450692829,customer journey specialist
Alfabet,alfabet.be,geraden en bevestigd,First Line Contact &amp; Reception Advisor (Telefonie &amp; Onthaal),,2026-09-18,"Gent, Vlaanderen, België",1,nee,https://be.linkedin.com/jobs/view/first-line-contact-reception-advisor-telefonie-onthaal-at-alfabet-4469167696,klantenservice medewerker
Alistar,alistar.net,geraden en bevestigd,Microsoft Dynamics 365 CE Consultant,,2026-08-31,Hardinxveld-Giessendam,1,nee,https://nl.linkedin.com/jobs/view/microsoft-dynamics-365-ce-consultant-at-alistar-4460026276,customer journey specialist
Alliance Healthcare,alliancehealthcare.com,geraden en bevestigd,Logistics Employee,,2026-05-27,Veghel,1,nee,https://nl.linkedin.com/jobs/view/logistics-employee-at-alliance-healthcare-4417206043,e-fulfilment medewerker
ALPLA Group,alpla.com,geraden en bevestigd,Inpakker productie,,2026-05-13,Mijdrecht,1,nee,https://nl.linkedin.com/jobs/view/inpakker-productie-at-alpla-group-4410727467,packaging medewerker webshop
Altacel Packaging,altacelpackaging.nl,geraden en bevestigd,Commercieel medewerker Binnendienst,,2026-09-21,Weesp,1,nee,https://nl.linkedin.com/jobs/view/commercieel-medewerker-binnendienst-at-altacel-packaging-4469870078,klantcontact
Altura,altura.nl,geraden en bevestigd,Customer Adoption Manager,ja,2026-08-11,Amsterdam,1,nee,https://nl.linkedin.com/jobs/view/customer-adoption-manager-at-altura-4452460960,customer journey specialist
Amazing Oriental,amazingoriental.com,geraden en bevestigd,Magazijnmedewerker Den Haag Ypenburg (40 uur),,2026-05-08,Den Haag,2,nee,https://nl.linkedin.com/jobs/view/magazijnmedewerker-den-haag-ypenburg-40-uur-%E2%80%AF-at-amazing-oriental-4411379387,magazijnmedewerker webshop
Amazon,amazon.be,geraden en bevestigd,"Selling Partner Support Associate — Korean Speaker, Selling Partner Support",,2026-09-18,Middelburg,1,nee,https://nl.linkedin.com/jobs/view/selling-partner-support-associate-%E2%80%94-korean-speaker-selling-partner-support-at-amazon-4469141601,customer happiness
Amstel Hotel,amstelhotel.com,geraden en bevestigd,Marketing Manager,,2026-09-16,Amsterdam,1,nee,https://nl.linkedin.com/jobs/view/marketing-manager-at-amstel-hotel-4466874962,brand manager webshop
Argenta,argenta.be,geraden en bevestigd,Customer Care Expert Beleggen (dagshift),,2026-09-15,"Antwerpen, Vlaanderen, België",4,nee,https://be.linkedin.com/jobs/view/customer-care-expert-beleggen-dagshift-at-argenta-4465538943,klantenservice medewerker
Arthrex Belgium,arthrex.be,geraden en bevestigd,Commerciële Medewerker Klantendienst,ja,2026-09-18,"Kontich, Vlaanderen, België",1,nee,https://be.linkedin.com/jobs/view/commerci%C3%ABle-medewerker-klantendienst-at-arthrex-belgium-4469110942,klantenservice medewerker
ASN Bank,asnbank.nl,geraden en bevestigd,Online Marketeer,,2026-09-18,Randstad,1,nee,https://nl.linkedin.com/jobs/view/online-marketeer-at-asn-bank-4467848421,customer journey specialist
Attendi,attendi.nl,geraden en bevestigd,Customer &amp; Sales Support Coordinator,ja,2026-09-17,Amsterdam,1,nee,https://nl.linkedin.com/jobs/view/customer-sales-support-coordinator-at-attendi-4467197045,online sales medewerker
Autotelex,autotelex.nl,geraden en bevestigd,Commercieel medewerker binnendienst,,2026-09-15,Arnhem,1,nee,https://nl.linkedin.com/jobs/view/commercieel-medewerker-binnendienst-at-autotelex-bv-4467705442,online sales medewerker
Aviko,aviko.nl,geraden en bevestigd,Verpakkingsoperator Dagdienst,,2026-09-15,Oostrum,1,nee,https://nl.linkedin.com/jobs/view/verpakkingsoperator-dagdienst-at-aviko-4455889851,packaging medewerker webshop
BANVO,banvo.nl,geraden en bevestigd,Sales Medewerker Binnendienst,,2026-07-16,Ermelo,1,nee,https://nl.linkedin.com/jobs/view/sales-medewerker-binnendienst-at-banvo-4440777476,online sales medewerker
Barter,barter.com,geraden en bevestigd,Business Development Manager,,2026-08-10,Amsterdam,1,nee,https://nl.linkedin.com/jobs/view/business-development-manager-at-barter-4451180849,online sales medewerker
BaseNet,basenet.com,geraden en bevestigd,RevOps Specialist,,2026-09-21,Amsterdam,1,nee,https://nl.linkedin.com/jobs/view/revops-specialist-at-basenet-4432552398,customer journey specialist
Beex,beex.com,geraden en bevestigd,(Senior) Creative Marketeer,,2026-08-28,Eindhoven,1,nee,https://nl.linkedin.com/jobs/view/senior-creative-marketeer-at-beex-4460323959,brand manager webshop
BetuweZorg,betuwezorg.nl,geraden en bevestigd,Coördinator Digitale Bedrijfsvoering,,2026-09-22,Culemborg,1,nee,https://nl.linkedin.com/jobs/view/co%C3%B6rdinator-digitale-bedrijfsvoering-at-betuwezorg-4466060379,webcare
BEWI IsoBouw,bewi-isobouw.nl,geraden en bevestigd,Marketing Manager,,2026-08-14,Someren,1,nee,https://nl.linkedin.com/jobs/view/marketing-manager-at-bewi-isobouw-4454521779,brand manager webshop
BEWI RAW,bewiraw.nl,geraden en bevestigd,Operator Polymerisatie,,2026-09-14,Etten-Leur,1,nee,https://nl.linkedin.com/jobs/view/operator-polymerisatie-at-bewi-raw-4467213030,retourverwerking
Bingoal,bingoalnl.com,geraden en bevestigd,Customer Service Agent NL,ja,2026-09-02,"Brussels Hoofdstedelijk Gewest, België",1,nee,https://be.linkedin.com/jobs/view/customer-service-agent-nl-at-bingoal-4462123190,klantenservice medewerker
BlueGem,bluegem.nl,geraden en bevestigd,Business Consultant CRM,,2026-09-08,Groningen,1,nee,https://nl.linkedin.com/jobs/view/business-consultant-crm-at-bluegem-4462520159,customer journey specialist
BodyConstruct,bodyconstruct.be,geraden en bevestigd,Customer Service Medewerker,ja,2026-09-14,"Antwerpen, Vlaanderen, België",1,nee,https://be.linkedin.com/jobs/view/customer-service-medewerker-at-bodyconstruct-4465715532,klantenservice medewerker
Boerschappen,boerschappen.nl,geraden en bevestigd,Allround Logistiek Medewerker,,2025-11-28,Breda,1,ja,https://nl.linkedin.com/jobs/view/allround-logistiek-medewerker-at-boerschappen-4348010186,e-fulfilment medewerker
Bolton,bolton.nl,geraden en bevestigd,Brand Manager,,2026-09-18,Utrecht,1,nee,https://nl.linkedin.com/jobs/view/brand-manager-at-bolton-4467869214,brand manager webshop
BONANA,bonana.com,geraden en bevestigd,RevOps Specialist,,2026-07-09,Utrecht,1,nee,https://nl.linkedin.com/jobs/view/revops-specialist-at-bonana-4435684195,customer journey specialist
BOOG werkt,boogwerkt.nl,geraden en bevestigd,Manager Zeevracht,,2026-09-18,Rotterdam,1,nee,https://nl.linkedin.com/jobs/view/manager-zeevracht-at-boog-werkt-4469184421,voorraadbeheer webshop
Boottotaal,boottotaal.nl,geraden en bevestigd,Teamleider Magazijn,,2026-09-04,Zwartsluis,1,nee,https://nl.linkedin.com/jobs/view/teamleider-magazijn-at-boottotaal-4463319231,voorraadbeheer webshop
BproCare,bprocare.nl,geraden en bevestigd,Projectleider,,2026-09-07,Apeldoorn,2,nee,https://nl.linkedin.com/jobs/view/projectleider-at-bprocare-4430387098,webcare
BRAND VAN EGMOND,brandvanegmond.com,geraden en bevestigd,Marketing Communications Manager,,2026-07-29,Naarden,1,nee,https://nl.linkedin.com/jobs/view/marketing-communications-manager-at-brand-van-egmond-4443687519,brand manager webshop
Brandness,brandness.nl,geraden en bevestigd,New Business Development,,2026-09-21,Rijen,1,nee,https://nl.linkedin.com/jobs/view/new-business-development-at-brandness-4469898695,online sales medewerker
Bravx,bravx.com,geraden en bevestigd,Dynamics 365 CE Consultant (CRM),,2026-09-02,Eindhoven,1,nee,https://nl.linkedin.com/jobs/view/dynamics-365-ce-consultant-crm-at-bravx-4460945418,customer journey specialist
BREITLING,breitling.com,geraden en bevestigd,Lead e-Commerce Europe &amp; Managing Director BEU [temporary] (f/m/x),,2026-09-04,Amsterdam Area,1,nee,https://nl.linkedin.com/jobs/view/lead-e-commerce-europe-managing-director-beu-temporary-f-m-x-at-breitling-4463348230,brand manager webshop
BriteOrange,briteorange.nl,geraden en bevestigd,Junior CRM Consultant,,2026-08-04,Etten-Leur,2,nee,https://nl.linkedin.com/jobs/view/junior-crm-consultant-at-briteorange-4448275683,customer journey specialist
Brouwer Technology B.V.,brouwertechnology.com,geraden en bevestigd,Magazijnmedewerker,,2026-09-02,Nijkerk,1,nee,https://nl.linkedin.com/jobs/view/magazijnmedewerker-at-brouwer-technology-b-v-4460408237,magazijnmedewerker webshop
BSH Nederland,bsh-shop.com,geraden en bevestigd,Klantenservice medewerker,ja,2026-09-09,Hoofddorp,1,nee,https://nl.linkedin.com/jobs/view/klantenservice-medewerker-at-bsh-nederland-4453163201,online sales medewerker
Budget Thuis,budgetthuis.nl,geraden en bevestigd,Medewerker Sales Support,ja,2026-09-17,Amsterdam,1,nee,https://nl.linkedin.com/jobs/view/medewerker-sales-support-at-budget-thuis-4449749675,online sales medewerker
BUMA handel BV,buma.com,geraden en bevestigd,Teamleider logistiek,,2026-09-21,De Friese Meren,1,nee,https://nl.linkedin.com/jobs/view/teamleider-logistiek-at-buma-handel-bv-4469917052,voorraadbeheer webshop
BYBORRE,byborre.com,geraden en bevestigd,Brand &amp; Marketing Specialist,,2026-09-16,Amsterdam,1,nee,https://nl.linkedin.com/jobs/view/brand-marketing-specialist-at-byborre-4465939403,brand manager webshop
CAK,cak.nl,geraden en bevestigd,Allround Medewerker Debiteurenbeheer Wmo,,2026-09-22,Den Haag,3,nee,https://nl.linkedin.com/jobs/view/allround-medewerker-debiteurenbeheer-wmo-at-cak-4470230948,klantcontact
Calder Holding B.V.,calderholding.nl,geraden en bevestigd,"Digital Marketeer (Campagne, E-mail &amp; Growth)",,2026-09-15,"Utrecht, Nederland",1,nee,https://nl.linkedin.com/jobs/view/digital-marketeer-campagne-e-mail-growth-at-calder-holding-b-v-4456305349,customer journey specialist
Callit_Marketing,callitmarketing.nl,geraden en bevestigd,Afspraakplanner,,2026-09-09,"Groningen, Nederland",1,nee,https://nl.linkedin.com/jobs/view/afspraakplanner-at-callit-marketing-4465055270,klantcontact
CANAL+ Group,canal.be,geraden en bevestigd,Permanent - Digital Customer Experience Specialist (Self-service &amp; Journeys),ja,2026-09-10,Hilversum,1,nee,https://nl.linkedin.com/jobs/view/permanent-digital-customer-experience-specialist-self-service-journeys-at-canal%2B-group-4465808532,klantcontact
Cannock,cannock.nl,geraden en bevestigd,Junior Creditmanagement Medewerker,,2026-09-17,Rotterdam,1,nee,https://nl.linkedin.com/jobs/view/junior-creditmanagement-medewerker-at-cannock-4468629407,klantcontact
Capestone,capestone.com,geraden en bevestigd,Verkoopondersteuning,,2026-09-17,Leiden,1,nee,https://nl.linkedin.com/jobs/view/verkoopondersteuning-at-capestone-989989,klantcontact
Capilex,capilex.com,geraden en bevestigd,Medewerker Relatie- &amp; Debiteurenbeheer (20–40 uur),,2026-09-16,'s-Hertogenbosch,1,nee,https://nl.linkedin.com/jobs/view/medewerker-relatie-debiteurenbeheer-20%E2%80%9340-uur-at-capilex-4467995132,klantcontact
CareerValue,careervalue.nl,geraden en bevestigd,Teamleider ICT-servicedesk,,2026-09-14,Nuenen,1,nee,https://nl.linkedin.com/jobs/view/teamleider-ict-servicedesk-at-careervalue-4465209444,webcare
Carel Lurvink B.V.,carellurvink.nl,geraden en bevestigd,Customer Solution Specialist - Healthcare,ja,2026-09-10,Enschede,1,nee,https://nl.linkedin.com/jobs/view/customer-solution-specialist-healthcare-at-carel-lurvink-b-v-4465806625,klantcontact
Careyn,careyn.nl,geraden en bevestigd,Adviseur Veilig en Gezond Werken,,2026-09-10,Utrecht,1,nee,https://nl.linkedin.com/jobs/view/adviseur-veilig-en-gezond-werken-at-careyn-4463490270,klantcontact
Carrier,carrier.nl,geraden en bevestigd,Commercieel Medewerker Contract Management - Service Overeenkomsten,ja,2026-09-13,Utrecht,6,nee,https://nl.linkedin.com/jobs/view/commercieel-medewerker-contract-management-service-overeenkomsten-at-carrier-4462382086,klantcontact
CB,ers.be,geraden en bevestigd,Klantenservice Medewerker Healthcare,ja,2026-09-10,Culemborg,1,nee,https://nl.linkedin.com/jobs/view/klantenservice-medewerker-healthcare-at-cb-4446805160,klantcontact
Cbt • Resultaat uit opleiden,cbtresultaatuitopleiden.nl,geraden en bevestigd,Key-accountmanager,,2026-08-19,Velp,2,nee,https://nl.linkedin.com/jobs/view/key-accountmanager-at-cbt-%E2%80%A2-resultaat-uit-opleiden-4455416679,klantcontact
Cedit,cedit.nl,geraden en bevestigd,Service Delivery en account manager,ja,2026-08-26,Gouda,1,nee,https://nl.linkedin.com/jobs/view/service-delivery-en-account-manager-at-conandoyle-4459189069,klantcontact
Cepro International B.V.,cepro.nl,geraden en bevestigd,Allround Logistiek en Technische Medewerker,,2026-09-08,Rijen,1,nee,https://nl.linkedin.com/jobs/view/allround-logistiek-en-technische-medewerker-at-cepro-international-b-v-4225302611,e-fulfilment medewerker
Certin,certin.nl,geraden en bevestigd,Medewerker Klantenservice Collections,ja,2026-09-19,Haarlem,1,nee,https://nl.linkedin.com/jobs/view/medewerker-klantenservice-collections-at-certin-4466968441,klantcontact
ChargeCars,chargecars.nl,geraden en bevestigd,Accountmanager binnendienst,,2026-09-16,Nijkerk,1,nee,https://nl.linkedin.com/jobs/view/accountmanager-binnendienst-at-chargecars-4468221450,klantcontact
CHEP,chep.com,geraden en bevestigd,Business Development Manager Benelux,,2026-09-21,Nederland,2,nee,https://nl.linkedin.com/jobs/view/business-development-manager-benelux-at-chep-4468132619,klantcontact
Cicero Zorggroep,cicerozorggroep.nl,geraden en bevestigd,Informatiemanager,,2026-09-17,Brunssum,3,nee,https://nl.linkedin.com/jobs/view/informatiemanager-at-cicero-zorggroep-4468375901,webcare
Clarksons,clarksons.com,geraden en bevestigd,Post-Fixture Shipping Operator,,2026-09-04,Rotterdam,1,nee,https://nl.linkedin.com/jobs/view/post-fixture-shipping-operator-at-clarksons-4461182076,klantcontact
CleanJack,cleanjack.net,geraden en bevestigd,Customer Succes Manager CleanJack.AI,ja,2026-07-29,Zoetermeer,1,nee,https://nl.linkedin.com/jobs/view/customer-succes-manager-cleanjack-ai-at-cleanjack-4446808695,klantcontact
ClickHouse,clickhouse.com,geraden en bevestigd,Technical Customer Support Engineer - EMEA,,2026-09-14,Nederland,2,nee,https://nl.linkedin.com/jobs/view/technical-customer-support-engineer-emea-at-clickhouse-4467217642,webcare
Client,oxley.com,geraden en bevestigd,L2 Desktop Support / IT Support Engineer (Dutch),,2026-09-11,Rotterdam,1,nee,,webcare
ClockWise,clockwise.nl,geraden en bevestigd,Tech Lead | SaaS | PHP/Svelte | Amsterdam | tot 90K,,2026-09-07,Amsterdam-Noord,1,nee,https://nl.linkedin.com/jobs/view/tech-lead-saas-php-svelte-amsterdam-tot-90k-at-clockwise-4462936672,webcare
Cloudmuscle,cloudmuscle.nl,geraden en bevestigd,Senior Salesforce Marketing Cloud Consultant,,2026-07-13,Amsterdam,1,nee,https://nl.linkedin.com/jobs/view/senior-salesforce-marketing-cloud-consultant-at-cloudmuscle-4440014394,customer journey specialist
Clubgeist,clubgeist.nl,geraden en bevestigd,Projectmanager / Accountmanager,,2026-09-18,Rotterdam,1,nee,https://nl.linkedin.com/jobs/view/projectmanager-accountmanager-at-clubgeist-3792992647,klantcontact
Codefield,codefield.nl,geraden en bevestigd,Senior Frontend Angular Developer,,2026-09-21,Utrecht,2,nee,https://nl.linkedin.com/jobs/view/senior-frontend-angular-developer-at-codefield-4469881180,webcare
Coface,coface.nl,geraden en bevestigd,Inside Sales Officer,,2026-09-21,Breda,1,nee,https://nl.linkedin.com/jobs/view/inside-sales-officer-at-coface-4467371490,klantcontact
COLD CULTURE,coldculture.com,geraden en bevestigd,Key Lead - Cold Culture Ámsterdam,,2026-05-21,Amsterdam,1,nee,https://nl.linkedin.com/jobs/view/key-lead-cold-culture-%C3%A1msterdam-at-cold-culture-4416713527,klantcontact
Collabite,collabite.nl,geraden en bevestigd,Medior Support Engineer,,2026-09-22,Bodegraven,1,nee,https://nl.linkedin.com/jobs/view/medior-support-engineer-at-collabite-4470411376,webcare
Collins Foods Europe,collinsfoods.com,geraden en bevestigd,Digital Channel Manager (Kiosk,,2026-09-15,Amsterdam,2,nee,https://nl.linkedin.com/jobs/view/digital-channel-manager-kiosk-at-collins-foods-europe-4467731090,customer journey specialist
Coloplast,coloplast.nl,geraden en bevestigd,Territory Manager Continence Care (Zuid-West Nederland),ja,2026-09-04,Amersfoort,2,nee,https://nl.linkedin.com/jobs/view/territory-manager-continence-care-zuid-west-nederland-at-coloplast-4461961506,klantcontact
ColorCrew,colorcrew.nl,geraden en bevestigd,(Junior) Planner,,2026-09-11,Alkmaar,2,nee,https://nl.linkedin.com/jobs/view/junior-planner-at-colorcrew-4465159114,klantcontact
Compacon NL,compacon.nl,geraden en bevestigd,Inside Sales Medewerker,,2026-09-03,Barendrecht,1,nee,https://nl.linkedin.com/jobs/view/inside-sales-medewerker-at-compacon-nl-4462851979,online sales medewerker
Company.info Nederland,companyinfo.nl,geraden en bevestigd,Sales &amp; Operations Support Medewerker,ja,2026-09-01,Amsterdam,1,nee,https://nl.linkedin.com/jobs/view/sales-operations-support-medewerker-at-company-info-nederland-4461586115,klantcontact
Computacenter,computacenter.com,geraden en bevestigd,Customer Executive,,2026-08-28,Amstelveen,1,nee,https://nl.linkedin.com/jobs/view/customer-executive-at-computacenter-4436481630,klantcontact
ConDoor Door Solutions,condoor.com,geraden en bevestigd,Meewerkend Voorman Magazijn,,2026-09-17,Zeewolde,1,nee,https://nl.linkedin.com/jobs/view/meewerkend-voorman-magazijn-at-condoor-door-solutions-4467843431,voorraadbeheer webshop
Conduent,conduent.com,geraden en bevestigd,Teamleider Klantcontact,,2026-09-08,Rotterdam,2,nee,https://nl.linkedin.com/jobs/view/teamleider-klantcontact-at-conduent-4464402796,klantcontact
Connect-D,connectd.nl,geraden en bevestigd,Accountmanager,,2026-09-22,Rotterdam,1,nee,https://nl.linkedin.com/jobs/view/accountmanager-at-connect-d-4468916109,klantcontact
Container & Co,containerco.com,geraden en bevestigd,Account manager - export,,2026-08-28,Rotterdam,3,nee,https://nl.linkedin.com/jobs/view/account-manager-export-at-container-co-4460341041,klantcontact
Content Guru,contentguru.com,geraden en bevestigd,Account Manager,,2026-09-16,Den Haag,1,nee,https://nl.linkedin.com/jobs/view/account-manager-at-content-guru-4468215322,klantcontact
Continu Professionals,continu.nl,geraden en bevestigd,Service Coördinator,ja,2026-09-22,Den Haag,4,nee,https://nl.linkedin.com/jobs/view/service-co%C3%B6rdinator-at-continu-professionals-4469013370,klantcontact
Conversion Crew,conversioncrew.com,geraden en bevestigd,Vacature: Junior HubSpot Consultant,,2026-08-05,Rotterdam,1,nee,https://nl.linkedin.com/jobs/view/vacature-junior-hubspot-consultant-at-conversion-crew-4449684050,customer journey specialist
Conway - The Convenience Company België N.V.,conway.be,geraden en bevestigd,Klantenservicemedewerker,ja,2026-09-10,"Temse, Vlaanderen, België",1,nee,https://be.linkedin.com/jobs/view/klantenservicemedewerker-at-conway-the-convenience-company-belgi%C3%AB-n-v-4463484809,klantenservice medewerker
Cooder,cooderjobs.com,geraden en bevestigd,Team Lead MVC &amp; Web Forms (.NET Framework) | ImpactBuying,,2026-09-02,Alkmaar,1,nee,https://nl.linkedin.com/jobs/view/team-lead-mvc-web-forms-net-framework-impactbuying-at-cooder-4452338841,webcare
Cooler Master,coolermaster.com,geraden en bevestigd,Warehouse Operator,,2026-08-27,Eindhoven,1,nee,https://nl.linkedin.com/jobs/view/warehouse-operator-at-cooler-master-4459914339,e-fulfilment medewerker
CoolSafety,coolsafety.nl,geraden en bevestigd,Brand Marketeer,,2026-09-22,Leusden,1,nee,https://nl.linkedin.com/jobs/view/brand-marketeer-at-coolsafety-4470280362,brand manager webshop
Copaco,copaco.be,geraden en bevestigd,Junior Customer Success Medewerker,ja,2026-09-16,Eindhoven,4,nee,https://nl.linkedin.com/jobs/view/junior-customer-success-medewerker-at-copaco-4465979845,customer happiness
CoperniCare,copernicare.nl,geraden en bevestigd,Manager Software development &amp; technology,,2026-09-13,Hoofddorp,1,nee,https://nl.linkedin.com/jobs/view/manager-software-development-technology-at-copernicare-4465463938,webcare
Cordeel Nederland,cordeel.nl,geraden en bevestigd,Frontoffice Medewerker,,2026-09-21,Zwijndrecht,1,nee,https://nl.linkedin.com/jobs/view/frontoffice-medewerker-at-cordeel-nederland-4469855164,klantcontact
Cotton Club,cottonclub.nl,geraden en bevestigd,Verkoopmedewerker,,2026-09-18,Sneek,12,nee,https://nl.linkedin.com/jobs/view/verkoopmedewerker-at-cotton-club-4467859252,klantcontact
Covetrus,covetrus.nl,geraden en bevestigd,Teamleader Warehouse,,2026-09-16,Cuijk,2,nee,https://nl.linkedin.com/jobs/view/teamleader-warehouse-at-covetrus-4457247149,retourverwerking
CPE Nederland,cpe.nl,geraden en bevestigd,Accountmanager,,2026-09-09,Amsterdam-Noord,1,nee,https://nl.linkedin.com/jobs/view/accountmanager-at-cpe-nederland-4465011451,klantcontact
Craftr,craftr.nl,geraden en bevestigd,Relatiebeheerder,,2026-09-15,"Gelderland, Nederland",2,nee,https://nl.linkedin.com/jobs/view/relatiebeheerder-at-craftr-4467723241,klantcontact
CROW,crow.nl,geraden en bevestigd,Projectmanager RAW-contractsystematiek,,2026-09-14,Ede,1,nee,https://nl.linkedin.com/jobs/view/projectmanager-raw-contractsystematiek-at-crow-4467219550,retourverwerking
Culligan Nederland,culligan.nl,geraden en bevestigd,Inside Sales | New Business | Vast salaris + Ongelimiteerde target bonus (40 uur),,2026-09-01,"Zuid-Holland, Nederland",1,nee,https://nl.linkedin.com/jobs/view/inside-sales-new-business-vast-salaris-%2B-ongelimiteerde-target-bonus-40-uur-at-culligan-nederland-4436803103,online sales medewerker
Culture Kings,culturekings.com,geraden en bevestigd,Schadebehandelaar Zakelijk,,2026-06-12,Amsterdam,1,nee,https://nl.linkedin.com/jobs/view/schadebehandelaar-zakelijk-at-culture-kings-4427993913,klantcontact
CWS Cleanrooms,cws-staxs.com,geraden en bevestigd,Expeditie medewerker,,2026-08-28,Eindhoven Area,2,nee,https://nl.linkedin.com/jobs/view/expeditie-medewerker-at-cws-cleanrooms-4460311362,e-fulfilment medewerker
Cyklop Nederland,cyklop.com,geraden en bevestigd,IT/APPLICATIEBEHEERDER,,2026-08-15,Zwolle,2,nee,https://nl.linkedin.com/jobs/view/it-applicatiebeheerder-at-cyklop-nederland-4455128139,klantcontact
Dalux,da-lux.be,geraden en bevestigd,Customer Success Manager - Rotterdam,ja,2026-09-08,Rotterdam,1,nee,https://nl.linkedin.com/jobs/view/customer-success-manager-rotterdam-at-dalux-4437181382,customer happiness
DartCounter,dartcounter.net,geraden en bevestigd,Junior Software Developer,,2026-09-18,Zutphen,1,nee,https://nl.linkedin.com/jobs/view/junior-software-developer-at-dartcounter-4469135255,webcare
Dartshopper,dartshopper.be,geraden en bevestigd,Producteigenaar,,2026-09-22,Veldhoven,2,nee,https://nl.linkedin.com/jobs/view/producteigenaar-at-dartshopper-4470295262,webshop beheerder
de Code,decode.nl,geraden en bevestigd,Communicatiespecialist,,2026-08-10,s-Hertogenbosch Area,1,nee,https://nl.linkedin.com/jobs/view/communicatiespecialist-at-reclamebureau-de-code-4451548222,klantcontact
De Koffiejongens,dekoffiejongens.nl,geraden en bevestigd,Performance Marketing &amp; Data Specialist,,2026-06-22,Amsterdam Area,1,nee,https://nl.linkedin.com/jobs/view/performance-marketing-data-specialist-at-de-koffiejongens-4431711553,brand manager webshop
De Koning Vlees,dekoningvlees.nl,geraden en bevestigd,Logistiek medewerker,,2026-09-14,Zwijndrecht,1,nee,https://nl.linkedin.com/jobs/view/logistiek-medewerker-at-de-koning-vlees-b-v-4465230261,e-fulfilment medewerker
De Variabele,devariabele.nl,geraden en bevestigd,Asbestverwijderaar,,2026-09-04,Nijmegen,1,nee,https://nl.linkedin.com/jobs/view/asbestverwijderaar-at-de-variabele-4415921427,retourverwerking
De Wereld van Vermaat,wereldvanvermaat.nl,geraden en bevestigd,Marketing manager,,2026-09-15,"Utrecht, Nederland",1,nee,https://nl.linkedin.com/jobs/view/marketing-manager-at-de-wereld-van-vermaat-4467728087,brand manager webshop
DEKRA Nederland,dekra.nl,geraden en bevestigd,Online autoverkoper B2B,,2026-09-08,Alkmaar,1,nee,https://nl.linkedin.com/jobs/view/online-autoverkoper-b2b-at-dekra-nederland-4464467071,online sales medewerker
Deloitte,deloitte.com,geraden en bevestigd,Consultant Sales and Service Transformation,ja,2026-09-02,Amsterdam,1,nee,https://nl.linkedin.com/jobs/view/consultant-sales-and-service-transformation-at-deloitte-4459964937,customer journey specialist
Dewulf,dewulf.com,geraden en bevestigd,Material planning lead,,2026-08-25,Winsum,1,nee,https://nl.linkedin.com/jobs/view/material-planning-lead-at-dewulf-4458739683,voorraadbeheer webshop
Digital Silk - Growing Brands Online,digitalsilk.com,geraden en bevestigd,Digital Strategist,,2026-08-31,Nederland,1,nee,https://nl.linkedin.com/jobs/view/digital-strategist-at-digital-silk-growing-brands-online-4455272672,brand manager webshop
Digital Survival Company,digitalsurvivalcompany.com,geraden en bevestigd,Medior Modern Workplace Engineer,,2026-09-10,Nieuwegein,2,nee,https://nl.linkedin.com/jobs/view/medior-modern-workplace-engineer-at-digital-survival-company-4465644348,webcare
DISC Boulevard,discboulevard.com,geraden en bevestigd,Inbound Marketing &amp; Automation Specialist,,2026-08-26,Velp,1,nee,https://nl.linkedin.com/jobs/view/inbound-marketing-automation-specialist-at-disc-boulevard-4459140257,customer journey specialist
Doczero,doczero.com,geraden en bevestigd,Full Stack Developer,,2026-09-21,Veghel,1,nee,https://nl.linkedin.com/jobs/view/full-stack-developer-at-doczero-4469865358,webcare
Dometic,dometic.com,geraden en bevestigd,Customer Service - Tents,,2026-09-01,Oosterhout,1,nee,https://nl.linkedin.com/jobs/view/customer-service-tents-at-dometic-4429977053,online sales medewerker
Drunens Ruiterhuis,drunensruiterhuis.nl,geraden en bevestigd,Allround Klantenservice &amp; Administratie medewerker bij Drunens Ruiterhuis - fulltime,ja,2026-09-22,Drunen,1,nee,https://nl.linkedin.com/jobs/view/allround-klantenservice-administratie-medewerker-bij-drunens-ruiterhuis-fulltime-at-drunens-ruiterhuis-4470418764,online sales medewerker
DSW Zorgverzekeraar,dsw.nl,geraden en bevestigd,Scrummaster,,2026-09-14,Schiedam,1,nee,https://nl.linkedin.com/jobs/view/scrummaster-at-dsw-zorgverzekeraar-4464781635,webcare
DTC Elektro B.V.,dtcelektro.nl,geraden en bevestigd,Commercieel Medewerker Binnendienst,,2026-09-21,Breda,1,nee,https://nl.linkedin.com/jobs/view/commercieel-medewerker-binnendienst-at-dtc-elektro-4469832913,online sales medewerker
Duijndam Machines,duijndam-machines.com,geraden en bevestigd,Inside Sales Medewerker – Duitstalig,,2026-08-26,Nieuwerkerk aan den IJssel,1,nee,https://nl.linkedin.com/jobs/view/inside-sales-medewerker-%E2%80%93-duitstalig-at-duijndam-machines-4459307053,online sales medewerker
Dura Vermeer,duravermeer.nl,geraden en bevestigd,Magazijnchef,,2026-09-14,Aalten,4,nee,https://nl.linkedin.com/jobs/view/magazijnchef-at-dura-vermeer-4465207974,retourverwerking
Dusart,dusart.nl,geraden en bevestigd,Verpakkingsmedewerker,,2026-03-10,Katwijk,1,nee,https://nl.linkedin.com/jobs/view/verpakkingsmedewerker-at-dusart-4387615125,packaging medewerker webshop
Dustin,dustin.be,geraden en bevestigd,Customer Service Representative,ja,2026-09-08,"Rotselaar, Vlaanderen, België",2,nee,https://be.linkedin.com/jobs/view/customer-service-representative-at-dustin-4464660222,klantenservice medewerker
Dwelly,dwelly.nl,geraden en bevestigd,CRM &amp; Email Marketing Manager,,2026-08-15,Nederland,1,nee,https://nl.linkedin.com/jobs/view/crm-email-marketing-manager-at-dwelly-4465316586,customer journey specialist
Dyson,shop-dyson.com.ua,geraden en bevestigd,"Associate Product Adoption Manager, E-Commerce",,2026-09-17,Amsterdam,1,nee,https://nl.linkedin.com/jobs/view/associate-product-adoption-manager-e-commerce-at-dyson-4468646934,customer journey specialist
eCom Profits,ecomprofits.nl,geraden en bevestigd,Sales Development Representative (SDR) Sales Development Representative (SDR),,2026-08-25,Nederland,1,nee,https://nl.linkedin.com/jobs/view/sales-development-representative-sdr-sales-development-representative-sdr-at-ecom-profits-4456586097,online sales medewerker
EDCO Eindhoven BV,edco.nl,geraden en bevestigd,Brand Manager,,2026-09-18,Eindhoven,2,nee,https://nl.linkedin.com/jobs/view/brand-manager-at-edco-eindhoven-bv-4458668410,brand manager webshop
Effecty.nl,effecty.nl,geraden en bevestigd,UX/CRO Specialist,,2026-06-16,Horst,1,nee,https://nl.linkedin.com/jobs/view/ux-cro-specialist-at-effecty-nl-4429239623,customer journey specialist
Electro World,electroworld.nl,geraden en bevestigd,Verkoopmedewerker,,2026-08-25,Vught,1,nee,https://nl.linkedin.com/jobs/view/verkoopmedewerker-at-electro-world-4458764109,medewerker webshop
Elevate Digital,elevate-digital.com,geraden en bevestigd,CRM &amp; Marketing Automation Specialist,,2026-09-10,Utrecht,1,nee,https://nl.linkedin.com/jobs/view/crm-marketing-automation-specialist-at-elevate-digital-4465633057,customer journey specialist
Emmi Bettine,group.emmi.com,geraden en bevestigd,Brand Manager,,2026-09-01,Etten-Leur,1,nee,https://nl.linkedin.com/jobs/view/brand-manager-at-emmi-bettine-4460222961,brand manager webshop
Energreen Nederland,energreen.com,geraden en bevestigd,Inside Sales Account Manager Solar,,2026-07-10,Nederland,1,nee,https://nl.linkedin.com/jobs/view/inside-sales-account-manager-solar-at-energreen-nederland-4439097704,online sales medewerker
Enwyse,enwyse.be,geraden en bevestigd,Customer Service Support Specialist,ja,2026-08-13,"Herentals, Vlaanderen, België",1,nee,https://be.linkedin.com/jobs/view/customer-service-support-specialist-at-enwyse-4453673323,klantenservice medewerker
Erasmus Universiteit Rotterdam,eur.nl,geraden en bevestigd,Business Line Marketeer,,2026-09-21,Rotterdam,1,nee,https://nl.linkedin.com/jobs/view/business-line-marketeer-at-erasmus-university-rotterdam-4469945384,customer journey specialist
ERM,erm.nl,geraden en bevestigd,"Country Manager, Netherlands",,2026-07-31,Rotterdam,4,nee,https://nl.linkedin.com/jobs/view/country-manager-netherlands-at-erm-4445059469,retourverwerking
ERP Factory,erpfactory.nl,geraden en bevestigd,Odoo Sales Executive,,2026-06-27,Erp,1,nee,https://nl.linkedin.com/jobs/view/odoo-sales-executive-at-erp-factory-4433473925,online sales medewerker
Essense,essense.eu,geraden en bevestigd,Lead Customer Data Consultant,ja,2025-12-24,Amsterdam,4,nee,https://nl.linkedin.com/jobs/view/lead-customer-data-consultant-at-essense-4329250410,customer journey specialist
Eswelt,eswelt.com,geraden en bevestigd,BUSINESS ANALIST CRM (Dynamics 365 CE),,2026-09-21,"Noord-Holland, Nederland",1,nee,https://nl.linkedin.com/jobs/view/business-analist-crm-dynamics-365-ce-at-eswelt-4468704609,customer journey specialist
ETC Nederland,etc-shop.nl,geraden en bevestigd,Logistiek medewerker,,2026-09-09,Almelo,1,nee,https://nl.linkedin.com/jobs/view/logistiek-medewerker-at-etc-nederland-4465066024,e-fulfilment medewerker
EuroMouldings,euromouldings.com,geraden en bevestigd,Stickerlijn medewerker,,2026-03-20,Nijverdal,2,nee,https://nl.linkedin.com/jobs/view/stickerlijn-medewerker-at-euromouldings-4388555171,packaging medewerker webshop
Eurosafe,eurosafe.nl,geraden en bevestigd,Logistiek medewerker,,2026-06-04,Zwolle,1,nee,https://nl.linkedin.com/jobs/view/logistiek-medewerker-at-eurosafe-4424353784,e-fulfilment medewerker
Evernex,evernex.com,geraden en bevestigd,Warehouse Operations Specialist - Uithoorn,,2026-09-17,Uithoorn,1,nee,https://nl.linkedin.com/jobs/view/warehouse-operations-specialist-uithoorn-at-evernex-4459342708,retourverwerking
Evoke,evoke.be,geraden en bevestigd,Customer Service Specialist,ja,2026-09-18,Geleen,2,nee,https://nl.linkedin.com/jobs/view/customer-service-specialist-at-evoke-4467898800,orderverwerking medewerker
Exact,exact.com,geraden en bevestigd,Inside sales Professional,,2026-09-10,Delft,2,nee,https://nl.linkedin.com/jobs/view/inside-sales-professional-at-exact-4464534103,online sales medewerker
EyeCare Groep,eyecare.nl,geraden en bevestigd,Medior Microsoft 365 &amp; Azure Engineer,,2026-06-04,Naarden,1,nee,https://nl.linkedin.com/jobs/view/medior-microsoft-365-azure-engineer-at-eyecare-groep-4417955426,webcare
FC Utrecht,fcutrecht.nl,geraden en bevestigd,CRM-specialist,,2026-09-22,"Utrecht, Nederland",1,nee,https://nl.linkedin.com/jobs/view/crm-specialist-at-fc-utrecht-4440544992,customer journey specialist
Finest People,finestpeople.com,geraden en bevestigd,Groei Marketing Manager,,2026-09-01,Amsterdam,1,nee,https://nl.linkedin.com/jobs/view/groei-marketing-manager-at-finest-people-4459528383,customer journey specialist
Fingerspitz,fingerspitz.nl,geraden en bevestigd,Marketing Automation Consultant,,2026-03-16,Breda,1,nee,https://nl.linkedin.com/jobs/view/marketing-automation-consultant-at-fingerspitz-online-marketing-4386363166,customer journey specialist
Flexolut,flexolut.nl,geraden en bevestigd,Warehouse employee,,2026-08-05,Hoofddorp,1,nee,https://nl.linkedin.com/jobs/view/warehouse-employee-at-flexolut-4449123017,e-fulfilment medewerker
Flextender,flextender.nl,geraden en bevestigd,Relatiemanager,,2026-09-21,Eemnes,1,nee,https://nl.linkedin.com/jobs/view/relatiemanager-at-flextender-4469892063,klantcontact
Flink,flink.nl,geraden en bevestigd,Marketing Lead (m/f/d),,2026-09-10,Amsterdam,5,nee,https://nl.linkedin.com/jobs/view/marketing-lead-m-f-d-at-flink-4455422859,brand manager webshop
Flowserve Corporation,flowserve.com,geraden en bevestigd,Material handler-2,,2026-09-11,Etten-Leur,1,nee,https://nl.linkedin.com/jobs/view/material-handler-2-at-flowserve-corporation-4466360477,e-fulfilment medewerker
FritsJurgens,fritsjurgens.com,geraden en bevestigd,Product owner CRM and AI,,2026-09-09,Groningen en omgeving,1,nee,https://nl.linkedin.com/jobs/view/product-owner-crm-and-ai-at-fritsjurgens-4428810067,customer journey specialist
Fugro,fugro.com,geraden en bevestigd,Senior IT Business Analyst – CRM,,2026-09-12,Nootdorp,1,nee,https://nl.linkedin.com/jobs/view/senior-it-business-analyst-%E2%80%93-crm-at-fugro-4456232397,customer journey specialist
Funnelboost,funnelboost.nl,geraden en bevestigd,Medior/senior e-mailmarketeer,,2026-08-31,Utrecht,2,nee,https://nl.linkedin.com/jobs/view/medior-senior-e-mailmarketeer-at-funnelboost-4460000131,customer journey specialist
Furore Conclusion,conclusion.com,geraden en bevestigd,Junior EPD consultant,,2026-09-14,Amsterdam,1,nee,https://nl.linkedin.com/jobs/view/junior-epd-consultant-at-furore-conclusion-4413625363,webcare
Futurewhiz,futurewhiz.com,geraden en bevestigd,Online Marketer,,2026-09-22,Amsterdam,2,nee,https://nl.linkedin.com/jobs/view/online-marketer-at-futurewhiz-4470285488,customer journey specialist
GAASCH PACKAGING,gaaschpackaging.be,geraden en bevestigd,Klantenservicemedewerker,ja,2026-09-12,"Asse, Vlaanderen, België",1,nee,https://be.linkedin.com/jobs/view/klantenservicemedewerker-at-gaasch-packaging-4466721407,klantenservice medewerker
Gabson,gabson.com,geraden en bevestigd,Marketing Manager (36-40 uur),,2026-09-22,Haarlem,1,nee,https://nl.linkedin.com/jobs/view/marketing-manager-36-40-uur-at-gabson-4468580536,brand manager webshop
Gaston Schul | Customs & Trade Control,gaston-schul.com,geraden en bevestigd,Inside Sales Specialist / Commercieel Medewerker Binnendienst – Customs &amp; Logistics,,2026-08-14,Venlo,1,nee,https://nl.linkedin.com/jobs/view/inside-sales-specialist-commercieel-medewerker-binnendienst-%E2%80%93-customs-logistics-at-gaston-schul-customs-trade-control-4451283146,online sales medewerker
Gemeente Den Haag,gemeentedenhaag.nl,geraden en bevestigd,Medewerker Registratie,,2026-09-22,Den Haag,2,nee,https://nl.linkedin.com/jobs/view/medewerker-registratie-at-gemeente-den-haag-4468500948,retourverwerking
Gemeente Reimerswaal,gemeentereimerswaal.nl,geraden en bevestigd,Medewerker Groen,,2026-08-31,Reimerswaal,1,nee,https://nl.linkedin.com/jobs/view/medewerker-groen-at-gemeente-reimerswaal-4459779860,retourverwerking
Goliath,goliath.nl,geraden en bevestigd,Senior Games Brand Manager,,2026-07-23,Nederland,1,nee,https://nl.linkedin.com/jobs/view/senior-games-brand-manager-at-goliath-4444468937,brand manager webshop
Goudwisselkantoor,goudwisselkantoor.be,geraden en bevestigd,Copy- en contentspecialist,,2026-09-02,Klaaswaal,1,nee,https://nl.linkedin.com/jobs/view/copy-en-contentspecialist-at-goudwisselkantoor-4452475555,online marketeer webshop
Gradient,gradient.com,geraden en bevestigd,Growth Specialist HubSpot &amp; Automation (€3.500 en €4.500),,2026-09-07,Amsterdam,1,nee,https://nl.linkedin.com/jobs/view/growth-specialist-hubspot-automation-%E2%82%AC3-500-en-%E2%82%AC4-500-at-gradient-4463380924,customer journey specialist
Greetz,greetz.nl,geraden en bevestigd,Brand &amp; Campaign Marketer (Dutch &amp; English Speaking),,2026-09-07,Almere,1,nee,https://nl.linkedin.com/jobs/view/brand-campaign-marketer-dutch-english-speaking-at-greetz-4453466063,brand manager webshop
Groupe SEB,groupeseb.com,geraden en bevestigd,eActivation Manager,,2026-09-21,Veenendaal,1,nee,https://nl.linkedin.com/jobs/view/eactivation-manager-at-groupe-seb-4467601413,brand manager webshop
Habasit,habasit.com,geraden en bevestigd,Logistiek medewerk(st)er,,2026-09-22,Nijkerk,1,nee,https://nl.linkedin.com/jobs/view/logistiek-medewerk-st-er-at-habasit-4470457036,e-fulfilment medewerker
Hans Anders België - Hans Anders Belgique,hansanders.be,geraden en bevestigd,Klantendienst Medewerker,ja,2026-09-07,"Hasselt, Vlaanderen, België",1,nee,https://be.linkedin.com/jobs/view/klantendienst-medewerker-at-hans-anders-belgi%C3%AB-hans-anders-belgique-4468544649,klantenservice medewerker
HappyNurse,happynurse.nl,geraden en bevestigd,Functioneel beheer,,2026-08-31,Den Haag,1,nee,https://nl.linkedin.com/jobs/view/functioneel-beheer-at-happynurse-4461081987,webcare
HBM Machines B.V.,hbmmachinesnl.com,geraden en bevestigd,Domein Lead Product to Market (32 - 40 uur),,2026-09-03,Waddinxveen,2,nee,https://nl.linkedin.com/jobs/view/domein-lead-product-to-market-32-40-uur-at-hbm-machines-b-v-4461712718,webshop beheerder
Heinen & Hopman,heinenhopman.com,geraden en bevestigd,(junior) Magazijnmedewerker,,2026-09-02,Bunschoten-Spakenburg,1,nee,https://nl.linkedin.com/jobs/view/junior-magazijnmedewerker-at-heinen-hopman-4432571247,magazijnmedewerker webshop
Heinen Delfts Blauw,heinendelftsblauw.nl,geraden en bevestigd,Marketing manager,,2026-08-06,Putten,1,nee,https://nl.linkedin.com/jobs/view/marketing-manager-at-heinen-delfts-blauw-4450266759,brand manager webshop
Hellmann Worldwide Logistics,hellmann.com,geraden en bevestigd,Warehouse medewerker,,2026-06-05,Aalsmeer,1,nee,https://nl.linkedin.com/jobs/view/warehouse-medewerker-at-hellmann-worldwide-logistics-4424564368,e-fulfilment medewerker
Henkel,henkel.nl,geraden en bevestigd,Senior Digital Marketing Manager (M/F/X),,2026-09-19,Utrecht,1,nee,https://nl.linkedin.com/jobs/view/senior-digital-marketing-manager-m-f-x-at-henkel-4441617171,brand manager webshop
het Waterschapshuis,hetwaterschapshuis.nl,geraden en bevestigd,Product Specialist Hydrologie,,2026-09-07,Amersfoort,1,nee,https://nl.linkedin.com/jobs/view/product-specialist-hydrologie-at-het-waterschapshuis-4462971383,customer journey specialist
HG International,hgnl.com,geraden en bevestigd,Digital Content &amp; E-commerce Intern,,2026-09-18,Almere,2,nee,https://nl.linkedin.com/jobs/view/digital-content-e-commerce-intern-at-hg-international-4469139315,content specialist webshop
Hoogvliet supermarkt,hoogvliet.com,geraden en bevestigd,Projectleider ICT,,2026-09-07,Bleiswijk,2,nee,https://nl.linkedin.com/jobs/view/projectleider-ict-at-hoogvliet-supermarkt-4463313725,voorraadbeheer webshop
Hooks Creative,hooks-creative.com,geraden en bevestigd,Medior Marketing Manager,,2026-09-14,Haarlem,1,nee,https://nl.linkedin.com/jobs/view/medior-marketing-manager-at-hooks-creative-4467027704,brand manager webshop
HP Valves,hpvalves.com,geraden en bevestigd,Expeditiemedewerker,,2026-09-11,Hengelo,1,nee,https://nl.linkedin.com/jobs/view/expeditiemedewerker-at-hp-valves-4368253963,e-fulfilment medewerker
HSO,hso.com,geraden en bevestigd,Functioneel CRM Consultant,,2026-09-06,Veenendaal,2,nee,https://nl.linkedin.com/jobs/view/functioneel-crm-consultant-at-hso-4417132800,customer journey specialist
Icare Verpleging & Verzorging,icare.nl,geraden en bevestigd,Wijkverpleegkundige Barneveld,,2026-09-20,Barneveld,13,nee,https://nl.linkedin.com/jobs/view/wijkverpleegkundige-barneveld-at-icare-verpleging-verzorging-4435580628,webcare
iMA Contact,imacontact.com,geraden en bevestigd,Telemarketeer B2C - Outbound,,2026-09-01,Broek op Langedijk,2,nee,https://nl.linkedin.com/jobs/view/telemarketeer-b2c-outbound-at-ima-contact-4460245313,klantcontact
Impress BV,impress.be,geraden en bevestigd,Medewerker orderpicking en verpakking,ja,2026-06-10,Woerden,2,nee,https://nl.linkedin.com/jobs/view/medewerker-orderpicking-en-verpakking-at-impress-bv-4427014149,magazijnmedewerker webshop
In2CRM,in2crm.nl,geraden en bevestigd,Junior CRM Consultant,,2026-06-23,Hengelo,1,nee,https://nl.linkedin.com/jobs/view/junior-crm-consultant-at-crmcompany-4431666253,customer journey specialist
Indaver,indaver.com,geraden en bevestigd,Uitvoerder,,2026-09-17,Groningen,1,nee,https://nl.linkedin.com/jobs/view/uitvoerder-at-indaver-4468648555,retourverwerking
InPost,inpost.nl,geraden en bevestigd,Customer Success Manager,ja,2026-08-11,Vianen,2,nee,https://nl.linkedin.com/jobs/view/customer-success-manager-at-inpost-4449859193,orderpicker webshop
Insulcon N.V.,insulcon.nl,geraden en bevestigd,Magazijnmedewerker,,2026-09-10,Rotterdam,1,nee,https://nl.linkedin.com/jobs/view/magazijnmedewerker-at-insulcon-n-v-4463456243,e-fulfilment medewerker
Intergrafipak B.V.,intergrafipak.nl,geraden en bevestigd,Logistiek medewerker,,2026-09-16,Hoofddorp,1,nee,https://nl.linkedin.com/jobs/view/logistiek-medewerker-at-intergrafipak-b-v-4468211027,e-fulfilment medewerker
Intratuin,intratuin.nl,geraden en bevestigd,Magazijn medewerker 38 uur,,2026-09-09,Emmeloord,1,nee,https://nl.linkedin.com/jobs/view/magazijn-medewerker-38-uur-at-intratuin-4462556555,magazijnmedewerker webshop
iO,ionl.com,geraden en bevestigd,Senior Contentmanager,,2026-09-22,Amsterdam,7,nee,https://nl.linkedin.com/jobs/view/senior-contentmanager-at-io-4314163194,webshop beheerder
IQVIA,iqvia.com,geraden en bevestigd,Marketing Services Associate – Healthcare Campaigns,,2026-09-22,Amsterdam,1,nee,https://nl.linkedin.com/jobs/view/marketing-services-associate-%E2%80%93-healthcare-campaigns-at-iqvia-4470428953,customer journey specialist
Isabel,isabel.eu,geraden en bevestigd,Young Graduate : Customer Service Representative,ja,2026-09-14,"Brussel, Brussels Hoofdstedelijk Gewest, België",2,nee,https://be.linkedin.com/jobs/view/young-graduate-customer-service-representative-at-isabel-4455864540,klantenservice medewerker
ISISPACE Group,isispace.nl,geraden en bevestigd,Logistics Employee,,2026-08-27,Delft,1,nee,https://nl.linkedin.com/jobs/view/logistics-employee-at-isispace-group-4459678695,e-fulfilment medewerker
itsme.,itsme-id.com,geraden en bevestigd,Commercieel medewerker,,2026-09-10,Rotterdam,3,nee,https://nl.linkedin.com/jobs/view/commercieel-medewerker-at-itsme-4464534095,orderverwerking medewerker
Jansen Machining Technology B.V.,jansenmachiningtechnology.nl,geraden en bevestigd,Expeditiemedewerker,,2026-09-16,Valkenswaard,1,nee,https://nl.linkedin.com/jobs/view/expeditiemedewerker-at-jansen-machining-technology-b-v-4467982087,e-fulfilment medewerker
Jansen Recycling Group BV,jansenrecycling.nl,geraden en bevestigd,Werfmanager,,2026-09-14,Dordrecht,1,nee,https://nl.linkedin.com/jobs/view/werfmanager-at-jansen-recycling-group-bv-4467201170,retourverwerking
JetBrains,jetbrains.com,geraden en bevestigd,Growth manager (JetBrains AI),,2026-09-12,Amsterdam,1,nee,https://nl.linkedin.com/jobs/view/growth-manager-jetbrains-ai-at-jetbrains-4427853436,customer journey specialist
JEX,jex.nl,geraden en bevestigd,Business Development Manager,,2026-09-01,Rotterdam,1,nee,https://nl.linkedin.com/jobs/view/business-development-manager-at-jex-4461565854,klantcontact
JOG Group,jog.be,geraden en bevestigd,SEO/GEO Specialist,,2026-09-11,Alblasserdam,1,nee,https://nl.linkedin.com/jobs/view/seo-geo-specialist-at-jog-group-4463963185,content specialist webshop
Jongeneel,jongeneel.com,geraden en bevestigd,Commercieel Medewerker Binnendienst,,2026-09-18,Utrecht,1,nee,https://nl.linkedin.com/jobs/view/commercieel-medewerker-binnendienst-at-jongeneel-4460323880,online sales medewerker
Kaemingk B.V.,kaemingk.com,geraden en bevestigd,Marketing Manager,,2026-09-08,Aalten,1,nee,https://nl.linkedin.com/jobs/view/marketing-manager-at-kaemingk-b-v-4451527804,brand manager webshop
Karsten International,karsten.nl,geraden en bevestigd,Brand Manager,,2026-09-21,Amsterdam,3,nee,https://nl.linkedin.com/jobs/view/brand-manager-at-karsten-international-4461096182,brand manager webshop
Kaseya,kaseya.com,geraden en bevestigd,Account Manager,,2026-09-15,Amsterdam,1,nee,https://nl.linkedin.com/jobs/view/account-manager-at-kaseya-4466199668,klantcontact
Katapult,katapult.nl,geraden en bevestigd,Customer Solutions Manager,ja,2026-09-18,Amsterdam Area,4,nee,https://nl.linkedin.com/jobs/view/customer-solutions-manager-at-katapult-4467875628,klantcontact
Kavel 10 | hetbestebeeld.nl,kavel10.nl,geraden en bevestigd,Customer Success,,2026-09-07,Drachten,1,nee,https://nl.linkedin.com/jobs/view/customer-success-at-kavel-10-hetbestebeeld-nl-4464388815,klantcontact
KBITE,kbite.nl,geraden en bevestigd,Commercieel Medewerker (32-40 uur),,2026-07-15,'s-Gravenzande,1,nee,https://nl.linkedin.com/jobs/view/commercieel-medewerker-32-40-uur-at-kbite-4438071939,online sales medewerker
KellyDeli,kellydeli.com,geraden en bevestigd,Regional Manager,,2026-09-09,"Utrecht, Nederland",1,nee,https://nl.linkedin.com/jobs/view/regional-manager-at-kellydeli-4462598970,klantcontact
Kenter,kenter.nl,geraden en bevestigd,Technisch Contractmanager (West Nederland),,2026-09-06,Amsterdam,3,nee,https://nl.linkedin.com/jobs/view/technisch-contractmanager-west-nederland-at-kenter-4433701615,klantcontact
Keylane,keylane.com,geraden en bevestigd,Customer Success Specialist,ja,2026-06-19,Rotterdam,1,nee,https://nl.linkedin.com/jobs/view/customer-success-specialist-at-keylane-4440544055,klantcontact
KH Chemicals,khchemicals.com,geraden en bevestigd,Customer Service &amp; Logistics Employee,,2026-08-05,Zwijndrecht,1,nee,https://nl.linkedin.com/jobs/view/customer-service-logistics-employee-at-kh-chemicals-4449640229,klantcontact
Kia Nederland,kia.com,geraden en bevestigd,Projectmanager CRM Operations,,2026-09-02,Breukelen,1,nee,https://nl.linkedin.com/jobs/view/projectmanager-crm-operations-at-kia-nederland-4462150334,customer journey specialist
Kids2,kids2.com,geraden en bevestigd,Associate Category &amp; Product Manager,,2026-09-21,Amsterdam,1,nee,https://nl.linkedin.com/jobs/view/associate-category-product-manager-at-kids2-4455453328,brand manager webshop
Kinwell,kinwell.nl,geraden en bevestigd,Accountmanager,,2026-09-08,Heerhugowaard,1,nee,https://nl.linkedin.com/jobs/view/accountmanager-at-kinwell-4463237813,klantcontact
Klarna,klarna.com,geraden en bevestigd,Business Development Associate,,2026-08-26,Amsterdam,1,nee,https://nl.linkedin.com/jobs/view/business-development-associate-at-klarna-4459305392,klantcontact
Klaverblad Verzekeringen,klaverblad.nl,geraden en bevestigd,Accountmanager Volmacht,,2026-09-09,Zoetermeer,1,nee,https://nl.linkedin.com/jobs/view/accountmanager-volmacht-at-klaverblad-verzekeringen-4454993548,klantcontact
Kleentec,kleentec.nl,geraden en bevestigd,Verzuimcoach Landelijk,,2026-09-22,Utrecht,1,nee,https://nl.linkedin.com/jobs/view/verzuimcoach-landelijk-at-kleentec-4470435742,klantcontact
KNAPP Benelux,knappbenelux.com,geraden en bevestigd,Service Manager,ja,2026-09-02,Culemborg,1,nee,https://nl.linkedin.com/jobs/view/service-manager-at-knapp-benelux-4462180035,klantcontact
Kohler Co.,kohler-co.com,geraden en bevestigd,Channel Marketing Manager,,2026-09-15,Barneveld,1,nee,https://nl.linkedin.com/jobs/view/channel-marketing-manager-at-kohler-co-4402935429,brand manager webshop
Koninklijke Ruig,ruig.nl,geraden en bevestigd,Productie Werkvoorbereider Assistent,,2024-08-20,Oostzaan,1,nee,https://nl.linkedin.com/jobs/view/productie-werkvoorbereider-assistent-at-koninklijke-ruig-4005851388,retourverwerking
Kooi Camerabewaking,247kooi.com,geraden en bevestigd,Accountmanager,,2026-09-10,Rotterdam,1,nee,https://nl.linkedin.com/jobs/view/accountmanager-at-kooi-camerabewaking-4444109171,klantcontact
Koskamp B.V.,koskamp.nl,geraden en bevestigd,Accountmanager (Regio midden-Nederland),,2026-07-09,Lelystad,2,nee,https://nl.linkedin.com/jobs/view/accountmanager-regio-midden-nederland-at-koskamp-b-v-4435934022,klantcontact
KPMG Nederland,kpmg.com,geraden en bevestigd,Dynamics 365 Customer Engagement Specialist,ja,2026-09-20,Amstelveen,1,nee,https://nl.linkedin.com/jobs/view/dynamics-365-customer-engagement-specialist-at-kpmg-nederland-4366007743,customer journey specialist
"Krayden, Inc.",krayden.com,geraden en bevestigd,Magazijnmedewerker,,2026-09-22,Assendelft,2,nee,https://nl.linkedin.com/jobs/view/magazijnmedewerker-at-krayden-inc-4458213371,e-fulfilment medewerker
Kropman,kropman.nl,geraden en bevestigd,Servicecoördinator Techniek,ja,2026-09-01,Utrecht,1,nee,https://nl.linkedin.com/jobs/view/serviceco%C3%B6rdinator-techniek-at-kropman-4461539837,klantcontact
Krunon Kunststof Producten B.V.,krunon.com,geraden en bevestigd,Productiemedewerker / Inpakker,,2026-07-27,Volendam,1,nee,https://nl.linkedin.com/jobs/view/productiemedewerker-inpakker-at-krunon-kunststof-producten-b-v-4444856499,packaging medewerker webshop
Kvadrat Shade,kvadratshade.nl,geraden en bevestigd,Meewerkend Voorman Logistiek,,2026-09-21,Eibergen,1,nee,https://nl.linkedin.com/jobs/view/meewerkend-voorman-logistiek-at-kvadrat-shade-4469854845,voorraadbeheer webshop
Lab Associates B.V.,labassociates.com,geraden en bevestigd,Commercieel Medewerker Binnendienst / Customer Service Representative,ja,2026-09-22,Oudenbosch,1,nee,https://nl.linkedin.com/jobs/view/commercieel-medewerker-binnendienst-customer-service-representative-at-lab-associates-b-v-4460276697,online sales medewerker
Laboratorium Ofichem B.V.,laboratorium.nl,geraden en bevestigd,Magazijnmedewerker,,2026-07-13,Ter Apel,1,nee,https://nl.linkedin.com/jobs/view/magazijnmedewerker-at-laboratorium-ofichem-b-v-4440016582,e-fulfilment medewerker
Lasaulec BV,lasaulec.nl,geraden en bevestigd,Commercieel Medewerker Binnendienst,,2026-08-31,Almere,2,nee,https://nl.linkedin.com/jobs/view/commercieel-medewerker-binnendienst-at-lasaulec-bv-4460058994,online sales medewerker
Lavastica International B.V.,lavastica.com,geraden en bevestigd,Vertegenwoordiger binnendienst,,2026-08-11,Rotterdam,1,nee,https://nl.linkedin.com/jobs/view/vertegenwoordiger-binnendienst-at-lavastica-international-b-v-4430922775,online sales medewerker
Leaseweb,leaseweb.com,geraden en bevestigd,Agile Team Manager - VMware Cloud,,2026-09-11,Amsterdam,2,nee,https://nl.linkedin.com/jobs/view/agile-team-manager-vmware-cloud-at-leaseweb-4378818076,webcare
LHS by Spot Group,lhs.be,geraden en bevestigd,CONTENT MARKETEER,,2026-09-12,Volendam,1,nee,https://nl.linkedin.com/jobs/view/content-marketeer-at-lhs-global-4464280141,content specialist webshop
Liffery,liffery.com,geraden en bevestigd,Sales,,2026-08-04,Lelystad,1,nee,https://nl.linkedin.com/jobs/view/sales-at-liffery-4449067702,online sales medewerker
Livit Ottobock Care,livit.nl,geraden en bevestigd,IT Operations Coördinator 32-40 uur,,2026-09-07,Dordrecht,1,nee,https://nl.linkedin.com/jobs/view/it-operations-co%C3%B6rdinator-32-40-uur-at-livit-ottobock-care-4464344805,webcare
LMW,mooiedomeinnaam.nl,geraden en bevestigd,Medewerker Support,ja,2026-07-10,Breukelen,1,nee,https://nl.linkedin.com/jobs/view/medewerker-support-at-lmw-4439020724,klantenservice medewerker
Logitech,logitech.nl,geraden en bevestigd,EU eTail TikTok Shop Focus - Channel Manager,,2026-09-10,Utrecht,1,nee,https://nl.linkedin.com/jobs/view/eu-etail-tiktok-shop-focus-channel-manager-at-logitech-4456460455,brand manager webshop
Loop Earplugs,loopearplugs.com,geraden en bevestigd,VP Brand &amp; Marketing,,2026-09-04,Amsterdam,1,nee,https://nl.linkedin.com/jobs/view/vp-brand-marketing-at-loop-earplugs-4461157740,brand manager webshop
Loopper.com,loopper.com,geraden en bevestigd,Sales Binnendienst / Junior Accountmanager,,2026-09-16,Amsterdam,1,nee,https://nl.linkedin.com/jobs/view/sales-binnendienst-junior-accountmanager-at-loopper-com-4468204148,orderpicker webshop
LouwersHanique,louwershanique.com,geraden en bevestigd,Magazijn Medewerker,,2026-08-28,Hapert,1,nee,https://nl.linkedin.com/jobs/view/magazijn-medewerker-at-louwershanique-4458420714,magazijnmedewerker webshop
Louwman Group,louwman.nl,geraden en bevestigd,Online lead &amp; Sales specialist Den haag,,2026-08-03,Den Haag,1,nee,https://nl.linkedin.com/jobs/view/online-lead-sales-specialist-den-haag-at-louwman-group-4445896812,online sales medewerker
Lumiforte,lumiforte.com,geraden en bevestigd,Specialist digitale marketing,,2026-09-22,Baarle-Nassau,1,nee,https://nl.linkedin.com/jobs/view/specialist-digitale-marketing-at-lumiforte-4470279677,customer journey specialist
MAG45,mag45.com,geraden en bevestigd,Senior Warehouse Employee,,2026-09-11,Eindhoven,1,nee,https://nl.linkedin.com/jobs/view/senior-warehouse-employee-at-mag45-4464869794,e-fulfilment medewerker
Manutan,manutan.nl,geraden en bevestigd,Medewerker klantcontact,ja,2026-08-20,Den Dolder,1,nee,https://nl.linkedin.com/jobs/view/medewerker-klantcontact-at-manutan-4456493465,online sales medewerker
Marsh,marsh.com,geraden en bevestigd,Teamlead Operations (m/v/x),,2026-09-17,Rotterdam,1,nee,https://nl.linkedin.com/jobs/view/teamlead-operations-m-v-x-at-marsh-4459177368,retourverwerking
McFly & Brown,mcflybrown.com,geraden en bevestigd,Inside Sales,,2026-09-11,Amsterdam,1,nee,https://nl.linkedin.com/jobs/view/inside-sales-at-mcfly-brown-4463946858,online sales medewerker
Mediahuis Nederland,mediahuis.nl,geraden en bevestigd,Marketeer Retentie &amp; Engagement,,2026-09-02,Maastricht,1,nee,https://nl.linkedin.com/jobs/view/marketeer-retentie-engagement-at-mediahuis-nederland-4448404360,customer journey specialist
Medipartner,medipartner.be,geraden en bevestigd,Customer Service Specialist,ja,2026-09-22,Brussel en omgeving,1,nee,https://be.linkedin.com/jobs/view/customer-service-specialist-at-medipartner-4468535491,klantenservice medewerker
MIREC B.V.,mirec.nl,geraden en bevestigd,Logistiek Medewerker Goederenontvangst,,2026-05-20,Eindhoven,1,nee,https://nl.linkedin.com/jobs/view/logistiek-medewerker-goederenontvangst-at-mirec-b-v-4417308086,retourverwerking
Mobile Water,mobilewater.nl,geraden en bevestigd,Customer Innovation Specialist – Marketing &amp; Technology,ja,2026-09-14,Breda,1,nee,https://nl.linkedin.com/jobs/view/customer-innovation-specialist-%E2%80%93-marketing-technology-at-mobile-water-4467056885,customer journey specialist
MoldBrothers,moldbrothers.com,geraden en bevestigd,Senior Marketeer / Head of Marketing,,2026-08-20,Wijchen,1,nee,https://nl.linkedin.com/jobs/view/senior-marketeer-head-of-marketing-at-moldbrothers-4456702497,brand manager webshop
Mondial Relay,mondialrelay.nl,geraden en bevestigd,Senior Marketing Manager,,2026-09-07,Vianen,1,nee,https://nl.linkedin.com/jobs/view/senior-marketing-manager-at-mondial-relay-4461864926,brand manager webshop
Morrison Express,morrisonexpress.com,geraden en bevestigd,Warehouse Operator (Loading),,2026-08-31,Eindhoven,1,nee,https://nl.linkedin.com/jobs/view/warehouse-operator-loading-at-morrison-express-4451197240,e-fulfilment medewerker
Movares,movares.com,geraden en bevestigd,Projectleider Bodem,,2026-09-04,Raalte,1,nee,https://nl.linkedin.com/jobs/view/projectleider-bodem-at-movares-4443877708,retourverwerking
MSD Animal Health Nederland,msd-animal-health.nl,geraden en bevestigd,CRM &amp; Customer Engagement Specialist,ja,2026-09-04,Boxmeer,2,nee,https://nl.linkedin.com/jobs/view/crm-customer-engagement-specialist-at-msd-animal-health-nederland-4463322073,customer journey specialist
MSD Nederland,msd.nl,geraden en bevestigd,CRM &amp; Customer Engagement Specialist,ja,2026-09-21,Boxmeer,2,nee,https://nl.linkedin.com/jobs/view/crm-customer-engagement-specialist-at-msd-netherlands-4429223148,customer journey specialist
MyParcel,myparcel.nl,geraden en bevestigd,Customer Solutions Manager,ja,2026-09-15,Hoofddorp,2,nee,https://nl.linkedin.com/jobs/view/customer-solutions-manager-at-myparcel-4467493526,orderpicker webshop
Nederlands Krediet Collectief,nederlandskredietcollectief.nl,geraden en bevestigd,Kredietspecialist,,2026-09-10,Den Haag,1,nee,https://nl.linkedin.com/jobs/view/kredietspecialist-at-nederlands-krediet-collectief-4465622911,klantcontact
Nefab,nefab.com,geraden en bevestigd,Productie Medewerker,,2026-09-17,Son,2,nee,https://nl.linkedin.com/jobs/view/productie-medewerker-at-nefab-4468670058,packaging medewerker webshop
Neonsfeer,neonsfeer.nl,geraden en bevestigd,Email Marketeer / Klaviyo Specialist,,2026-08-24,'s-Hertogenbosch,1,nee,https://nl.linkedin.com/jobs/view/email-marketeer-klaviyo-specialist-at-neonsfeer-4455758899,customer journey specialist
Netcompany,netcompany.com,geraden en bevestigd,Medior Software Engineer / Consultant (Nederlands sprekend),,2026-09-22,Den Haag,1,nee,https://nl.linkedin.com/jobs/view/medior-software-engineer-consultant-nederlands-sprekend-at-netcompany-4459526290,webcare
Netwerk,netwerk.be,geraden en bevestigd,Sales support medewerker (key accounts),ja,2026-05-27,Dordrecht,1,nee,https://nl.linkedin.com/jobs/view/sales-support-medewerker-key-accounts-at-netwerk-nv-4419595965,support medewerker webshop
Next Force,next-force.nl,geraden en bevestigd,IT Support - Microsoft,,2026-09-15,"Utrecht, Nederland",1,nee,https://nl.linkedin.com/jobs/view/it-support-microsoft-at-next-force-recruitment-4466549368,webcare
NextEnergy,nextenergy.nl,geraden en bevestigd,Lead Incasso,,2026-06-17,Utrecht,1,nee,https://nl.linkedin.com/jobs/view/lead-incasso-at-nextenergy-4429787993,retourverwerking
NIBHV,nibhv.nl,geraden en bevestigd,Medewerker Verkoop &amp; Advies,,2026-07-25,Rotterdam,1,nee,https://nl.linkedin.com/jobs/view/medewerker-verkoop-advies-at-nibhv-4440532018,online sales medewerker
Nmbrs,nmbrs.com,geraden en bevestigd,Product Marketer,,2026-09-17,Rotterdam,1,nee,https://nl.linkedin.com/jobs/view/product-marketer-at-nmbrs-4467192369,customer journey specialist
Nobel Biocare,nobel-biocare.com,geraden en bevestigd,Warehouse Employee,,2026-09-14,Venlo,1,nee,https://nl.linkedin.com/jobs/view/warehouse-employee-at-nobel-biocare-4465232057,e-fulfilment medewerker
NOV,vrijwilligerswerk.nl,geraden en bevestigd,Allround Warehousemedewerker,,2026-09-21,Etten-Leur,2,nee,https://nl.linkedin.com/jobs/view/allround-warehousemedewerker-at-nov-4469930307,retourverwerking
Novaware,novaware.nl,geraden en bevestigd,Medior .NET Developer,,2026-05-24,Zwolle,2,nee,https://nl.linkedin.com/jobs/view/medior-net-developer-at-novaware-4414869793,webcare
nVent,nvent.com,geraden en bevestigd,Logistics Material Handler,,2026-09-08,Drachten,1,nee,https://nl.linkedin.com/jobs/view/logistics-material-handler-at-nvent-4455324291,retourverwerking
NVM,nvm.nl,geraden en bevestigd,CX Marketeer - NVM,,2026-09-21,Utrecht,1,nee,https://nl.linkedin.com/jobs/view/cx-marketeer-nvm-at-nvm-4469931139,customer journey specialist
o2o Bicycle Leasing,o2o.be,geraden en bevestigd,Customer Support Expert,,2026-08-11,"Vilvoorde, Vlaanderen, België",1,nee,https://be.linkedin.com/jobs/view/customer-support-expert-at-o2o-bicycle-leasing-4453109396,klantenservice medewerker
Olenex,olenex.com,geraden en bevestigd,Verpakkingsoperator,,2026-09-07,Zaandam,1,nee,https://nl.linkedin.com/jobs/view/verpakkingsoperator-at-olenex-4454634460,packaging medewerker webshop
Omoda & Jaecoo Nederland,omodajaecoo.nl,geraden en bevestigd,CRM Specialist - Netherlands Region,,2026-08-31,Amsterdam,1,nee,https://nl.linkedin.com/jobs/view/crm-specialist-netherlands-region-at-omoda-jaecoo-nederland-4460030668,customer journey specialist
Online Makelaar,onlinemakelaar.nl,geraden en bevestigd,Sales Specialist,,2026-07-27,Utrecht Area,1,nee,https://nl.linkedin.com/jobs/view/sales-specialist-at-online-makelaar-4445964165,online sales medewerker
OPACKGROUP,opackgroup.com,geraden en bevestigd,359-Productie medewerker Wikkel,,2026-09-16,Genderen,4,nee,https://nl.linkedin.com/jobs/view/359-productie-medewerker-wikkel-at-opackgroup-4468244041,packaging medewerker webshop
Orange Gaming,orangegaming.nl,geraden en bevestigd,CRM Strategist,,2026-06-11,Randstad,1,nee,https://nl.linkedin.com/jobs/view/crm-strategist-at-orange-gaming-4427505912,customer journey specialist
Panda International,panda.nl,geraden en bevestigd,Logistics Associate (Warehouse),,2026-08-27,Sittard-Geleen,1,nee,https://nl.linkedin.com/jobs/view/logistics-associate-warehouse-at-panda-international-4459677395,e-fulfilment medewerker
PaperClip Cards,paperclipcards.com,geraden en bevestigd,Accountmanager,,2026-09-18,Rotterdam,1,nee,https://nl.linkedin.com/jobs/view/accountmanager-at-paperclip-cards-4468201363,klantcontact
Parenco B.V.,smurfitkappa.com,geraden en bevestigd,Proces­­operator Pulp &amp; Energie afd. Pulp,,2026-08-07,Renkum,1,nee,https://nl.linkedin.com/jobs/view/proces%C2%AD%C2%ADoperator-pulp-energie-afd-pulp-at-smurfit-westrock-parenco-4450069205,retourverwerking
PeterPrint,peterprint.nl,geraden en bevestigd,Tech Lead (lead developer),,2026-09-15,Groningen,1,nee,https://nl.linkedin.com/jobs/view/tech-lead-lead-developer-at-peterprint-4465258198,orderpicker webshop
Philips,philips.nl,geraden en bevestigd,Logistiek Medewerker &amp; Warehouse Coördinator 7T MR,,2026-09-02,Best,1,nee,https://nl.linkedin.com/jobs/view/logistiek-medewerker-warehouse-co%C3%B6rdinator-7t-mr-at-philips-4460983149,e-fulfilment medewerker
Phone Assistant AI - Bubo,phoneassistant.com,geraden en bevestigd,Sales Executive,,2026-09-05,Haaksbergen,1,nee,https://nl.linkedin.com/jobs/view/sales-executive-at-phone-assistant-ai-bubo-4463769721,online sales medewerker
Piaggio Vespa B.V.,piaggio-vespa.nl,geraden en bevestigd,Marketingmanager,,2026-08-28,Breda,1,nee,https://nl.linkedin.com/jobs/view/marketingmanager-at-piaggio-vespa-b-v-4460190990,brand manager webshop
PLAN ZZP,planzzp.nl,geraden en bevestigd,Front-end-developer,,2026-09-01,Tilburg,1,nee,https://nl.linkedin.com/jobs/view/front-end-developer-at-plan-zzp-4461743870,webcare
PlaytoWork,playtowork.nl,geraden en bevestigd,Technician,,2026-08-30,Oss,1,nee,https://nl.linkedin.com/jobs/view/technician-at-playtowork-4458837609,webcare
Postcode Loterij,postcodeloterij.nl,geraden en bevestigd,Senior Retentie Marketeer Postcode Loterij,,2026-09-09,Amsterdam,1,nee,https://nl.linkedin.com/jobs/view/senior-retentie-marketeer-postcode-loterij-at-postcode-loterij-4455752375,customer journey specialist
Prado Family,pradofamily.com,geraden en bevestigd,inside sales associate Amsterdam,,2026-07-29,Amsterdam,1,nee,https://nl.linkedin.com/jobs/view/inside-sales-associate-amsterdam-at-prado-family-4446555325,online sales medewerker
Pricewise,pricewise.nl,geraden en bevestigd,CRM &amp; Customer Data Specialist,ja,2026-09-11,Amsterdam Area,1,nee,https://nl.linkedin.com/jobs/view/crm-customer-data-specialist-at-pricewise-4464887401,customer journey specialist
Probo.nl,probo.nl,geraden en bevestigd,Productiemedewerker,,2026-08-20,Dokkum,2,nee,https://nl.linkedin.com/jobs/view/productiemedewerker-at-probo-nl-4456771854,packaging medewerker webshop
Prodrive Technologies,prodrive-technologies.com,geraden en bevestigd,Commercial Excellence Specialist,,2026-09-05,Eindhoven,1,nee,https://nl.linkedin.com/jobs/view/commercial-excellence-specialist-at-prodrive-technologies-4444941044,customer journey specialist
Projectcolor BV,projectcolor.nl,geraden en bevestigd,Orderbegeleider,,2025-05-08,Hoofddorp,1,nee,https://nl.linkedin.com/jobs/view/orderbegeleider-at-projectcolor-bv-4226162604,klantcontact
Prominent,prominent.nl,geraden en bevestigd,Marketing Automation Specialist,,2026-09-05,Nunspeet,1,nee,https://nl.linkedin.com/jobs/view/marketing-automation-specialist-at-prominent-comfortproducten-bv-4441480549,customer journey specialist
Purson,purson.be,geraden en bevestigd,Customer Service Officer,,2026-09-07,"Tessenderlo, Vlaanderen, België",1,nee,https://be.linkedin.com/jobs/view/customer-service-officer-at-purson-4464350886,klantenservice medewerker
Quality,quality.nl,geraden en bevestigd,Network Security Engineer,,2026-09-21,Capelle aan den IJssel,1,nee,https://nl.linkedin.com/jobs/view/network-security-engineer-at-quality-4417664230,webcare
QWIC,qwic.nl,geraden en bevestigd,Head of IT,,2026-09-18,Amsterdam,1,ja,https://nl.linkedin.com/jobs/view/head-of-it-at-qwic-4469154053,webcare
Raben Netherlands,raben.com,geraden en bevestigd,Inside Sales - Commercieel medewerker,,2026-09-15,Hazerswoude Dorp,1,nee,https://nl.linkedin.com/jobs/view/inside-sales-commercieel-medewerker-at-raben-netherlands-4465572598,online sales medewerker
Raycruiting,raycruiting.nl,geraden en bevestigd,Productiemedewerker Houten Verpakkingen,,2026-08-26,Stadskanaal,4,nee,https://nl.linkedin.com/jobs/view/productiemedewerker-houten-verpakkingen-at-raycruiting-4457974699,packaging medewerker webshop
Razer,razer.com,geraden en bevestigd,Category Manager – Lifestyle and Content Creation,,2026-07-06,Amsterdam,1,nee,https://nl.linkedin.com/jobs/view/category-manager-%E2%80%93-lifestyle-and-content-creation-at-razer-4423515568,brand manager webshop
Reckitt,reckitt.com,geraden en bevestigd,Global Business Process Owner - Manufacturing Data Platform,,2026-09-13,Schiphol,1,nee,https://nl.linkedin.com/jobs/view/global-business-process-owner-manufacturing-data-platform-at-reckitt-4430961968,retourverwerking
RECO,reco.nl,geraden en bevestigd,Logistiek Medewerker,,2026-08-17,Koudekerk aan de Rijn,2,nee,https://nl.linkedin.com/jobs/view/logistiek-medewerker-at-reco-4455291017,retourverwerking
Refresco,refresco.nl,geraden en bevestigd,SAP EWM Consultant,,2026-09-02,Rotterdam,2,nee,https://nl.linkedin.com/jobs/view/sap-ewm-consultant-at-refresco-4440468841,retourverwerking
ReintenInfra B.V.,reinteninfra.nl,geraden en bevestigd,Weger/Menger,,2026-04-01,Hengelo,3,nee,https://nl.linkedin.com/jobs/view/weger-menger-at-reinteninfra-b-v-4394925602,retourverwerking
Remeha,remeha.nl,geraden en bevestigd,Customer Support Specialist,ja,2026-09-11,Apeldoorn,1,nee,https://nl.linkedin.com/jobs/view/customer-support-specialist-at-remeha-4466088520,retourverwerking
Renewi,renewi.com,geraden en bevestigd,Business Analist Health &amp; Wellbeing,,2026-09-21,Eindhoven Area,3,nee,https://nl.linkedin.com/jobs/view/business-analist-health-wellbeing-at-renewi-4446037479,retourverwerking
Revelane,revelane.com,geraden en bevestigd,Revenue Operations Specialist,,2026-08-02,Amsterdam Area,1,nee,https://nl.linkedin.com/jobs/view/revenue-operations-specialist-at-revelane-4447872190,customer journey specialist
Rex.zone,rexzone.com,geraden en bevestigd,Remote Data Labeling Jobs in Amsterdam,,2026-09-11,Amsterdam,1,nee,https://nl.linkedin.com/jobs/view/remote-data-labeling-jobs-in-amsterdam-at-rex-zone-4446717854,retourverwerking
Rexel Nederland,rexel.nl,geraden en bevestigd,Commercieel Medewerker Binnendienst,,2026-09-11,Rotterdam,3,nee,https://nl.linkedin.com/jobs/view/commercieel-medewerker-binnendienst-at-rexel-nederland-b-v-4466315212,online sales medewerker
REYM B.V.,reym.nl,geraden en bevestigd,Commercieel medewerker,,2026-09-18,Sittard,2,nee,https://nl.linkedin.com/jobs/view/commercieel-medewerker-at-reym-bv-4462211245,retourverwerking
Rheinmetall,rheinmetall.com,geraden en bevestigd,Meewerkend Voorman Assemblage,,2026-09-19,Ede,2,nee,https://nl.linkedin.com/jobs/view/meewerkend-voorman-assemblage-at-rheinmetall-4466951976,retourverwerking
Rijksvastgoedbedrijf,rijksvastgoedbedrijf.nl,geraden en bevestigd,Beheerder Revisiebescheiden (Specialist Technische Vastgoedinformatie) in regio Oost en Zuid,,2026-09-21,Arnhem,2,nee,https://nl.linkedin.com/jobs/view/beheerder-revisiebescheiden-specialist-technische-vastgoedinformatie-in-regio-oost-en-zuid-at-rijksvastgoedbedrijf-4469929287,retourverwerking
Riwald Recycling Netherlands,riwald.nl,geraden en bevestigd,Operations Manager,,2026-09-16,Almelo,1,nee,https://nl.linkedin.com/jobs/view/operations-manager-at-riwald-recycling-4465989648,retourverwerking
RIWO,riwo.eu,geraden en bevestigd,Kwaliteitsmedewerker panelen,,2026-09-22,Oldenzaal,1,nee,https://nl.linkedin.com/jobs/view/kwaliteitsmedewerker-panelen-at-riwo-4469012378,retourverwerking
Roem van Yerseke,roemvanyerseke.nl,geraden en bevestigd,Medewerker Verkoop Customer Service,ja,2026-07-30,Nieuwer-ter-Aa,2,nee,https://nl.linkedin.com/jobs/view/medewerker-verkoop-customer-service-at-roem-van-yerseke-4446761448,online sales medewerker
Rols Machineonderdelen B.V.,rols.nl,geraden en bevestigd,Expeditiemedewerker,,2026-04-20,Valkenswaard,1,nee,https://nl.linkedin.com/jobs/view/expeditiemedewerker-at-rols-machineonderdelen-b-v-4403388069,e-fulfilment medewerker
ROSEN,rosen.nl,geraden en bevestigd,Allround Logistiek Medewerker (Packer),,2026-09-17,Oldenzaal,1,nee,https://nl.linkedin.com/jobs/view/allround-logistiek-medewerker-packer-at-rosen-4467572046,retourverwerking
RouteVision Nederland,routevision.com,geraden en bevestigd,Growth Marketing Specialist (32-40 uur · Rotterdam),,2026-07-27,Rotterdam,1,nee,https://nl.linkedin.com/jobs/view/growth-marketing-specialist-32-40-uur-%C2%B7-rotterdam-at-routevision-nederland-4445903527,customer journey specialist
Royal Dutch Jaarbeurs,jaarbeurs.nl,geraden en bevestigd,Campaign &amp; performance marketeer IT Media,,2026-08-19,Utrecht,1,nee,https://nl.linkedin.com/jobs/view/campaign-performance-marketeer-it-media-at-royal-dutch-jaarbeurs-4455435422,customer journey specialist
Rungis,rungis.nl,geraden en bevestigd,Orderpicker,,2026-07-02,Barendrecht,1,nee,https://nl.linkedin.com/jobs/view/orderpicker-at-rungis-4436336604,retourverwerking
RWE,rwe.com,geraden en bevestigd,Werktuigkundige / Proces Operator Energiecentrale Eemshaven,,2026-09-22,Eemshaven,7,nee,https://nl.linkedin.com/jobs/view/werktuigkundige-proces-operator-energiecentrale-eemshaven-at-rwe-4452473562,retourverwerking
S&you Nederland,syou.com,geraden en bevestigd,Commercieel Medewerker Binnendienst,,2026-09-03,Alblasserdam,1,nee,https://nl.linkedin.com/jobs/view/commercieel-medewerker-binnendienst-at-s-you-nederland-4462788064,online sales medewerker
Saleslift Studio,salesliftstudio.com,geraden en bevestigd,Go-to-market Engineer (NL),,2026-07-31,Amsterdam Area,1,nee,https://nl.linkedin.com/jobs/view/go-to-market-engineer-nl-at-saleslift-studio-4447599371,customer journey specialist
Sam Friday,samfriday.com,geraden en bevestigd,Marketingmanager,,2026-08-03,Amsterdam,1,nee,https://nl.linkedin.com/jobs/view/marketingmanager-at-sam-friday-2438183638,brand manager webshop
Saman Groep,saman.nl,geraden en bevestigd,Commercieel Medewerker Binnendienst,,2026-08-25,Zierikzee,1,nee,https://nl.linkedin.com/jobs/view/commercieel-medewerker-binnendienst-at-saman-groep-4456547214,online sales medewerker
Samotics,samotics.com,geraden en bevestigd,Revenue Operations Specialist,,2026-08-28,Leiden,1,nee,https://nl.linkedin.com/jobs/view/revenue-operations-specialist-at-samotics-4458073416,customer journey specialist
Sapph Lingerie,sapph.com,geraden en bevestigd,Brand Marketeer,,2026-09-10,Rotterdam,1,nee,https://nl.linkedin.com/jobs/view/brand-marketeer-at-sapph-lingerie-4463439765,brand manager webshop
Schipper Accountants,schipperaccountants.nl,geraden en bevestigd,Mede­werker Marke­ting &amp; Commu­nicatie,,2026-09-02,Goes,1,nee,https://nl.linkedin.com/jobs/view/mede%C2%ADwerker-marke%C2%ADting-commu%C2%ADnicatie-at-schipper-accountants-4461325637,content specialist webshop
ScreenPoint Medical,screenpoint-medical.com,geraden en bevestigd,Information Security Officer,,2026-09-04,Nijmegen,1,nee,https://nl.linkedin.com/jobs/view/information-security-officer-at-screenpoint-medical-4454107059,webcare
Securitas Belgium,securitas.be,geraden en bevestigd,Client Care Officer,,2026-09-02,"Machelen, Vlaanderen, België",1,nee,https://be.linkedin.com/jobs/view/client-care-officer-at-securitas-belgium-4455623130,klantenservice medewerker
Sensorfact,sensorfact.nl,geraden en bevestigd,Fulfilment Center Assistant,,2026-08-25,Utrecht,1,nee,https://nl.linkedin.com/jobs/view/fulfilment-center-assistant-at-sensorfact-4458794751,e-fulfilment medewerker
Shopware,shopware.com,geraden en bevestigd,Director International Sales (m/f/d),,2026-09-18,Amsterdam,1,nee,https://nl.linkedin.com/jobs/view/director-international-sales-m-f-d-at-shopware-4467841970,orderpicker webshop
Sia,sia.nl,geraden en bevestigd,"Senior Consultant Marketing, Customer Experience and Digital Transformation",ja,2026-04-24,Amsterdam,2,nee,https://nl.linkedin.com/jobs/view/senior-consultant-marketing-customer-experience-and-digital-transformation-at-sia-4403740224,customer journey specialist
Snackpilot,snackpilot.nl,geraden en bevestigd,Sales Representative (m/f/d) - Full-time or Part-time Remote,,2026-08-24,Nederland,1,nee,https://nl.linkedin.com/jobs/view/sales-representative-m-f-d-full-time-or-part-time-remote-at-snackpilot-4456505809,online sales medewerker
Soleo Groep,soleo.com,geraden en bevestigd,Klantcontact medewerker DPG Media Arnhem,ja,2026-08-05,Arnhem,1,nee,https://nl.linkedin.com/jobs/view/klantcontact-medewerker-dpg-media-arnhem-at-soleo-groep-4449645116,online sales medewerker
Solide Intermediair BV,solideintermediair.nl,geraden en bevestigd,Expeditiemedewerker Magazijn,,2026-08-15,Lelystad,6,nee,https://nl.linkedin.com/jobs/view/expeditiemedewerker-magazijn-at-solide-intermediair-bv-4453792470,e-fulfilment medewerker
Solvari,solvari.nl,geraden en bevestigd,CRO Specialist,,2026-09-21,"Utrecht, Nederland",1,nee,https://nl.linkedin.com/jobs/view/cro-specialist-at-solvari-4468726139,customer journey specialist
Somnox,nl.somnox.com,geraden en bevestigd,Growth Marketeer,,2026-09-15,Rotterdam,1,ja,https://nl.linkedin.com/jobs/view/growth-marketeer-at-somnox-4467727583,brand manager webshop
Sortiva bv,sortiva.nl,geraden en bevestigd,Machinist recycling,,2026-09-17,Middenmeer,5,nee,https://nl.linkedin.com/jobs/view/machinist-recycling-at-sortiva-bv-4467567925,retourverwerking
Spadework,spadework.ai,geraden en bevestigd,Frontend Developer,,2026-07-21,Amsterdam,1,nee,https://nl.linkedin.com/jobs/view/frontend-developer-at-spadework-4440411258,webcare
Spoed Energie,spoedenergie.nl,geraden en bevestigd,Verkoop,,2026-09-10,Valkenswaard,1,nee,https://nl.linkedin.com/jobs/view/verkoop-at-spoed-energie-4465835224,online sales medewerker
Spotzer Digital,spotzerdigital.com,geraden en bevestigd,Sales Agent (Dutch/Flemish-speaking) – AI Digital Marketing Products and Services,ja,2026-03-30,Amsterdam,1,nee,https://nl.linkedin.com/jobs/view/sales-agent-dutch-flemish-speaking-%E2%80%93-ai-digital-marketing-products-and-services-at-spotzer-digital-4392900510,online sales medewerker
Spring Professional Belgium,springprofessional.be,geraden en bevestigd,Custmer Care FR/NL,,2026-09-11,"Brussel, Brussels Hoofdstedelijk Gewest, België",1,nee,https://be.linkedin.com/jobs/view/custmer-care-fr-nl-at-spring-professional-belgium-4466082341,klantenservice medewerker
Stassen Hifi,stassen.nl,geraden en bevestigd,Commercieel medewerker binnendienst (M/V/D),,2026-09-18,Tegelen,1,nee,https://nl.linkedin.com/jobs/view/commercieel-medewerker-binnendienst-m-v-d-at-stassen-hifi-4467874198,online sales medewerker
SThree,sthree.be,geraden en bevestigd,Senior Global Marketing Automation Specialist,,2026-08-28,Amsterdam Area,1,nee,https://nl.linkedin.com/jobs/view/senior-global-marketing-automation-specialist-at-sthree-4458076710,customer journey specialist
Stichting RIONED,stichtingrioned.nl,geraden en bevestigd,Junior Kenniscoördinator,,2026-09-09,Ede,1,nee,https://nl.linkedin.com/jobs/view/junior-kennisco%C3%B6rdinator-at-stichting-rioned-4465079041,retourverwerking
Stories,stories.nl,geraden en bevestigd,Commercial Membership Advisor,,2026-08-10,Amsterdam,1,nee,https://nl.linkedin.com/jobs/view/commercial-membership-advisor-at-stories-4451361088,online sales medewerker
SV Werkt,svwerkt.nl,geraden en bevestigd,Young Professional Verzuim,,2026-09-22,Rotterdam,1,nee,https://nl.linkedin.com/jobs/view/young-professional-verzuim-at-sv-werkt-4470403478,retourverwerking
Swap,swap.nl,geraden en bevestigd,Director of Product,,2026-09-11,Amsterdam,1,nee,https://nl.linkedin.com/jobs/view/director-of-product-at-swap-4437035911,orderpicker webshop
Syntegon,syntegon.com,geraden en bevestigd,Warehouse Operator - Shipping,,2026-09-22,Weert,2,nee,https://nl.linkedin.com/jobs/view/warehouse-operator-shipping-at-syntegon-4460048302,e-fulfilment medewerker
TAGGRS,taggrs.io,geraden en bevestigd,Lifecycle Marketeer (Part-time/Fulltime),,2026-09-15,Heerenveen,1,nee,https://nl.linkedin.com/jobs/view/lifecycle-marketeer-part-time-fulltime-at-taggrs-4465539367,customer journey specialist
TAKKT Group,takkt.de,geraden en bevestigd,Inside Sales &amp; Customer Service Manager (m/f/d),ja,2026-09-11,Lisse,1,nee,https://nl.linkedin.com/jobs/view/inside-sales-customer-service-manager-m-f-d-at-takkt-group-4446893842,klantcontact
TD SYNNEX Netherlands,nl.tdsynnex.com,geraden en bevestigd,Commercieel administratief medewerker,,2026-09-21,Bodegraven,1,nee,https://nl.linkedin.com/jobs/view/commercieel-administratief-medewerker-at-td-synnex-netherlands%E2%80%8B-4469874546,online sales medewerker
Team Rockstars IT,rockstarsit.com,geraden en bevestigd,Salesforce Specialist,,2026-09-21,'s-Hertogenbosch,1,nee,https://nl.linkedin.com/jobs/view/salesforce-specialist-at-team-rockstars-it-4469848752,customer journey specialist
The Branding Club,thebrandingclub.com,geraden en bevestigd,Medior Accountmanager,,2026-08-09,Utrecht,2,nee,https://nl.linkedin.com/jobs/view/medior-accountmanager-at-the-branding-club-4450977452,klantcontact
The Builder Studios,thebuilderstudios.com,geraden en bevestigd,Account Manager,,2026-07-26,Amsterdam Area,1,nee,https://nl.linkedin.com/jobs/view/account-manager-at-the-builder-studios-4445361542,online sales medewerker
The DJ Company,thedjcompany.nl,geraden en bevestigd,Sales and Service agent,ja,2026-09-18,Groningen,1,nee,https://nl.linkedin.com/jobs/view/sales-and-service-agent-at-the-dj-company-4466917367,online sales medewerker
The Lean Six Sigma Company,theleansixsigmacompany.com,geraden en bevestigd,Account Manager,,2026-09-10,Rotterdam,1,nee,https://nl.linkedin.com/jobs/view/account-manager-at-the-lean-six-sigma-company-4465634134,klantcontact
The Neon Company,theneoncompany.nl,geraden en bevestigd,Inside Sales Medewerker - Commerciële Binnendienst | €2.500–€3.200 + performance bonus.,,2026-08-20,Vianen,1,nee,https://nl.linkedin.com/jobs/view/inside-sales-medewerker-commerci%C3%ABle-binnendienst-%E2%82%AC2-500%E2%80%93%E2%82%AC3-200-%2B-performance-bonus-at-the-neon-company-4456719593,online sales medewerker
The New Crew,thenewcrew.nl,geraden en bevestigd,Junior Applicatiebeheerder,,2026-09-15,Zeist,1,nee,https://nl.linkedin.com/jobs/view/junior-applicatiebeheerder-at-the-new-crew-4465549317,webcare
The Trainee Company,thetraineecompany.nl,geraden en bevestigd,Junior accountmanager,,2026-09-07,Bunnik,1,nee,https://nl.linkedin.com/jobs/view/junior-accountmanager-at-the-trainee-company-4464096690,klantcontact
Thermaflex Nederland,thermaflex.com,geraden en bevestigd,Logistiek Medewerker Expeditie,,2026-09-22,Waalwijk,1,nee,https://nl.linkedin.com/jobs/view/logistiek-medewerker-expeditie-at-thermaflex-nederland-4469009315,e-fulfilment medewerker
Thermo Fisher Scientific,thermofisher.com,geraden en bevestigd,Marketing Automation Specialist,,2026-09-10,Landsmeer,2,nee,https://nl.linkedin.com/jobs/view/marketing-automation-specialist-at-thermo-fisher-scientific-4463426027,customer journey specialist
Things I Like Things I Love,thingsilikethingsilove.com,geraden en bevestigd,Allround warehouse associate,,2026-08-12,Amsterdam Area,1,nee,https://nl.linkedin.com/jobs/view/allround-warehouse-associate-at-things-i-like-things-i-love-4451642836,e-fulfilment medewerker
Thingsdata,thingsdata.nl,geraden en bevestigd,Sales Backoffice – Amsterdam,,2026-07-18,Amsterdam,1,nee,https://nl.linkedin.com/jobs/view/sales-backoffice-%E2%80%93-amsterdam-at-thingsdata-4441715955,online sales medewerker
Tjoapack,tjoapack.com,geraden en bevestigd,IT Applications Specialist,,2026-09-03,Etten-Leur,2,nee,https://nl.linkedin.com/jobs/view/it-applications-specialist-at-tjoapack-4460497753,webcare
Tools4ever B.V.,tools4ever.com,geraden en bevestigd,Inside Sales medewerker,,2026-09-10,Baarn,3,nee,https://nl.linkedin.com/jobs/view/inside-sales-medewerker-at-tools4ever-b-v-4464199622,online sales medewerker
Total Care Groep,totalcare.nl,geraden en bevestigd,ICT Applicatieontwikkelaar &amp; Beheerder | 32-40 uur,,2026-09-14,Goirle,1,nee,https://nl.linkedin.com/jobs/view/ict-applicatieontwikkelaar-beheerder-32-40-uur-at-total-care-b-v-4467072434,webcare
Total Packaging bv,totalpackaging.nl,geraden en bevestigd,Operator Vouwplak,,2026-07-05,Harderwijk,3,nee,https://nl.linkedin.com/jobs/view/operator-vouwplak-at-total-packaging-bv-4436983433,packaging medewerker webshop
Travelia,travelia.app,geraden en bevestigd,Sales medewerker binnendienst,,2026-09-21,Oldenzaal,1,nee,https://nl.linkedin.com/jobs/view/sales-medewerker-binnendienst-at-travelia-4464094511,online sales medewerker
Tribe CRM,tribecrm.eu,geraden en bevestigd,Customer Care Officer (Dutch speaker),,2026-09-22,Utrecht,1,nee,https://nl.linkedin.com/jobs/view/customer-care-officer-dutch-speaker-at-tribe-crm-4468905051,klantcontact
TUI,tui.com,geraden en bevestigd,Senior CRM Manager - Loyalty &amp; Personalisation,,2026-09-10,Rijswijk,2,nee,https://nl.linkedin.com/jobs/view/senior-crm-manager-loyalty-personalisation-at-tui-4465629697,customer journey specialist
Unica,unica.be,geraden en bevestigd,Marketeer,,2026-06-04,'s-Hertogenbosch,1,nee,https://nl.linkedin.com/jobs/view/marketeer-at-unica-4423510484,content specialist webshop
Unigarant,unigarant.nl,geraden en bevestigd,Business Insight Analist,,2026-09-21,Hoogeveen,1,nee,https://nl.linkedin.com/jobs/view/business-insight-analist-at-unigarant-4469851547,customer journey specialist
Uniphar Group,uniphar.nl,geraden en bevestigd,Medewerker Werkvoorbereiding,,2026-09-18,Lelystad,1,nee,https://nl.linkedin.com/jobs/view/medewerker-werkvoorbereiding-at-uniphar-group-4440979361,packaging medewerker webshop
Univar Solutions,univarsolutionsnl.com,geraden en bevestigd,Customer Service Representative,ja,2026-09-17,"Brussel, Brussels Hoofdstedelijk Gewest, België",1,nee,https://be.linkedin.com/jobs/view/customer-service-representative-at-univar-solutions-4450286269,klantenservice medewerker
UWV,uwv.nl,geraden en bevestigd,Invorderingsconsultent,,2026-09-07,Amsterdam,1,nee,https://nl.linkedin.com/jobs/view/invorderingsconsultent-at-uwv-4462927371,retourverwerking
Van Dijk Flora,vandijkflora.nl,geraden en bevestigd,Meewerkend Voorman Logistiek,,2026-09-07,Aalsmeer,1,nee,https://nl.linkedin.com/jobs/view/meewerkend-voorman-logistiek-at-van-dijk-flora-bv-4452708042,voorraadbeheer webshop
Van Kaathoven,vankaathoven.nl,geraden en bevestigd,Belader bij Van Kaathoven in Weert,,2026-02-17,Weert,1,nee,https://nl.linkedin.com/jobs/view/belader-bij-van-kaathoven-in-weert-at-van-kaathoven-4371995679,retourverwerking
Van Lanschot Kempen,vanlanschotkempen.com,geraden en bevestigd,Database Marketeer,,2026-09-06,Amsterdam,1,nee,https://nl.linkedin.com/jobs/view/database-marketeer-at-van-lanschot-kempen-4454970602,customer journey specialist
Van Leersum Dranken,vanleersumdranken.nl,geraden en bevestigd,Magazijnmedewerker in Den Haag,,2026-05-26,Den Haag,2,nee,https://nl.linkedin.com/jobs/view/magazijnmedewerker-in-den-haag-at-van-leersum-dranken-4419197455,magazijnmedewerker webshop
Van Meer,vanmeer.nl,geraden en bevestigd,Condition Monitoring Specialist,,2026-09-22,Tholen,1,nee,https://nl.linkedin.com/jobs/view/condition-monitoring-specialist-at-van-meer-4470285229,retourverwerking
Van Rooijen Logistiek,vanrooijen.nl,geraden en bevestigd,Teamleider Warehouse,,2026-09-08,Eindhoven,1,nee,https://nl.linkedin.com/jobs/view/teamleider-warehouse-at-van-rooijen-logistiek-4464450921,voorraadbeheer webshop
Van Schie,vanschie.nl,geraden en bevestigd,MEEWERKEND VOORMAN MILIEU/(R-)DLP’ER,,2025-04-04,Mijdrecht,1,nee,https://nl.linkedin.com/jobs/view/meewerkend-voorman-milieu-r-dlp%E2%80%99er-at-van-schie-groep-4199493178,retourverwerking
Van Werven,vanwerven.nl,geraden en bevestigd,Operationeel manager Afvalinzameling &amp; Recycling,,2026-07-01,Oldebroek,1,nee,https://nl.linkedin.com/jobs/view/operationeel-manager-afvalinzameling-recycling-at-van-werven-infra-recycling-4435580480,retourverwerking
Van Werven Plastic Recycling,recyclingplastics.eu,geraden en bevestigd,Monteur technische dienst,,2026-09-14,Biddinghuizen,1,nee,https://nl.linkedin.com/jobs/view/monteur-technische-dienst-at-van-werven-plastic-recycling-4467094162,retourverwerking
Van Wijk Nederland,vanwijk.nl,geraden en bevestigd,Teamleider Magazijn,,2026-09-17,Lelystad,1,nee,https://nl.linkedin.com/jobs/view/teamleider-magazijn-at-van-wijk-nederland-4458607995,voorraadbeheer webshop
Van Wijnen,vanwijnen.nl,geraden en bevestigd,Open Sollicitatie Van Wijnen Utrecht,,2026-09-11,Utrecht,1,nee,https://nl.linkedin.com/jobs/view/open-sollicitatie-van-wijnen-utrecht-at-van-wijnen-4427787042,retourverwerking
Vandemoortele,vandemoortele.be,geraden en bevestigd,Customer Care Agent Retail,ja,2026-09-21,"Gent, Vlaanderen, België",2,nee,https://be.linkedin.com/jobs/view/customer-care-agent-retail-at-vandemoortele-4469872194,klantenservice medewerker
Vanquish Yachts,vanquish-yachts.com,geraden en bevestigd,Informatiemanager,,2026-06-17,Marknesse,1,nee,https://nl.linkedin.com/jobs/view/informatiemanager-at-vanquish-yachts-4429979944,voorraadbeheer webshop
vanRijsingengreen,vanrijsingengreen.com,geraden en bevestigd,Aankomend Allround Operator,,2026-09-11,Helmond,1,nee,https://nl.linkedin.com/jobs/view/aankomend-allround-operator-at-vanrijsingengreen-4466089007,retourverwerking
VAROPreem,varopreem.com,geraden en bevestigd,Terminal Operator,,2026-07-14,Geertruidenberg,1,nee,https://nl.linkedin.com/jobs/view/terminal-operator-at-varopreem-4440556581,retourverwerking
VCM Medical,vcmmedical.eu,geraden en bevestigd,ICT/Service technicus Medisch,,2026-09-13,Leusden,1,nee,,webcare
VDH Company,vdhcompany.nl,geraden en bevestigd,Financieel administratief medewerker logistiek,,2026-09-18,Ridderkerk,1,nee,https://nl.linkedin.com/jobs/view/financieel-administratief-medewerker-logistiek-at-vdh-company-4467860381,voorraadbeheer webshop
VDL Industrial Products B.V.,vdlindustrialproducts.com,geraden en bevestigd,Logistiek Medewerker,,2026-09-02,Eersel,1,nee,https://nl.linkedin.com/jobs/view/logistiek-medewerker-at-vdl-industrial-products-b-v-4442744931,e-fulfilment medewerker
VDL Laktechniek B.V.,vdllaktechniek.nl,geraden en bevestigd,Logistiek Medewerker.,,2026-09-16,Eindhoven,1,nee,https://nl.linkedin.com/jobs/view/logistiek-medewerker-at-vdl-laktechniek-b-v-4458792722,e-fulfilment medewerker
VDL Nederland B.V.,vdl.com,geraden en bevestigd,Productowner Netwerk Operations,,2026-09-09,Eindhoven,1,nee,https://nl.linkedin.com/jobs/view/productowner-netwerk-operations-at-vdl-nederland-4456186852,voorraadbeheer webshop
Velde,velde.nl,geraden en bevestigd,Algemeen directeur,,2026-09-22,Leeuwarden,1,nee,https://nl.linkedin.com/jobs/view/algemeen-directeur-at-velde-4470402301,retourverwerking
Veolia | Nederland,veolia.nl,geraden en bevestigd,Werktuigkundig operator,,2026-07-21,Joure,2,nee,https://nl.linkedin.com/jobs/view/werktuigkundig-operator-at-veolia-netherlands-4440454012,retourverwerking
Verder Liquids,verderliquids.com,geraden en bevestigd,Anvast - Junior Asset Manager (&amp; Sustainability Lead),,2026-09-11,Vleuten,1,nee,https://nl.linkedin.com/jobs/view/anvast-junior-asset-manager-sustainability-lead-at-verder-liquids-4463994480,retourverwerking
Verhoeven International,verhoeven.nl,geraden en bevestigd,Business Analist,,2026-09-22,Maarheeze,2,nee,https://nl.linkedin.com/jobs/view/business-analist-at-verhoeven-grondverzetmachines-bv-4468537827,voorraadbeheer webshop
Veris Bouwmaterialengroep BV,veris.nl,geraden en bevestigd,Directeur inkoop,,2026-09-21,Gorinchem,1,nee,https://nl.linkedin.com/jobs/view/directeur-inkoop-at-veris-bouwmaterialengroep-bv-4469961717,voorraadbeheer webshop
Verkroost Nijmegen,verkroost.nl,geraden en bevestigd,Vacature Planner,,2026-09-11,Nijmegen,1,nee,https://nl.linkedin.com/jobs/view/vacature-planner-at-verkroost-nijmegen-4466358392,retourverwerking
Vermeer International B.V.,vermeer.com,geraden en bevestigd,Logistiek medewerker,,2026-09-12,'s-Heer Arendskerke,1,nee,https://nl.linkedin.com/jobs/view/logistiek-medewerker-at-vermeer-international-b-v-4429311797,retourverwerking
Vernay,vernay.com,geraden en bevestigd,Shift Manager,,2026-03-26,Oldenzaal,1,nee,https://nl.linkedin.com/jobs/view/shift-manager-at-vernay-4391383581,retourverwerking
Verpact,verpact.nl,geraden en bevestigd,Regiomanager Retourshops,,2026-09-15,Den Haag,1,nee,https://nl.linkedin.com/jobs/view/regiomanager-retourshops-at-verpact-4461090682,retourverwerking
VerpakkingsManagement,verpakkingsmanagement.nl,geraden en bevestigd,Onderzoeker Verpakkingen bij Verpact,,2026-01-29,Hilversum,1,nee,https://nl.linkedin.com/jobs/view/onderzoeker-verpakkingen-bij-verpact-at-verpakkingsmanagement-4367198412,retourverwerking
Versuni,versuni.com,geraden en bevestigd,Marketing Manager - Benelux,,2026-09-03,Amsterdam,1,nee,https://nl.linkedin.com/jobs/view/marketing-manager-benelux-at-versuni-4462840986,brand manager webshop
Verwater Group B.V.,verwater.com,geraden en bevestigd,Inkoper,,2026-09-07,Rotterdam,2,nee,https://nl.linkedin.com/jobs/view/inkoper-at-verwater-group-b-v-4462212499,retourverwerking
Vestas,vestas.com,geraden en bevestigd,Lean Specialist,,2026-09-11,IJmuiden,1,nee,https://nl.linkedin.com/jobs/view/lean-specialist-at-vestas-4466344815,retourverwerking
Visiar HealthCare,visiar.nl,geraden en bevestigd,Medior Healthcare Consultant,ja,2026-09-21,Amsterdam,2,nee,https://nl.linkedin.com/jobs/view/medior-healthcare-consultant-at-visiar-healthcare-4439071862,webcare
Visser & Visser BV,visservisser.nl,geraden en bevestigd,Inkoper,,2026-09-07,Breda,1,nee,https://nl.linkedin.com/jobs/view/inkoper-at-visser-breda-4462936534,voorraadbeheer webshop
Visual Workplace B.V.,visualworkplace.nl,geraden en bevestigd,Visual Project Assistant,,2026-09-18,Wijchen,1,nee,https://nl.linkedin.com/jobs/view/visual-project-assistant-at-visual-workplace-b-v-4469106889,medewerker webshop
Vivaldis,vivaldisinterim.be,geraden en bevestigd,Employé service clients,,2026-09-21,"Brussels Hoofdstedelijk Gewest, België",1,nee,https://be.linkedin.com/jobs/view/employ%C3%A9-service-clients-at-vivaldis-4467381609,klantenservice medewerker
ViVortis,vivortis.nl,geraden en bevestigd,Junior Accountmanager,,2026-08-28,Eindhoven,1,nee,https://nl.linkedin.com/jobs/view/junior-accountmanager-at-vivortis%C2%AE-4456958079,online sales medewerker
VML,vmlnl.com,geraden en bevestigd,Marketing Technology Consultant,,2026-08-12,Amsterdam,1,nee,https://nl.linkedin.com/jobs/view/marketing-technology-consultant-at-vml-4453104936,customer journey specialist
Vobra Special Petfoods,vobra.com,geraden en bevestigd,Operator Verpakkingen,,2025-06-13,Veghel,1,nee,https://nl.linkedin.com/jobs/view/operator-verpakkingen-at-vobra-special-petfoods-4250409411,packaging medewerker webshop
VodafoneZiggo,vodafoneziggo.nl,geraden en bevestigd,(Sr) Insights Specialist Customer Service,ja,2026-09-14,Utrecht,1,nee,https://nl.linkedin.com/jobs/view/sr-insights-specialist-customer-service-at-vodafoneziggo-4464791259,customer journey specialist
Vogelaar Vredehof,vogelaar.com,geraden en bevestigd,Administratief medewerker - Expeditie,,2026-09-16,Geldermalsen,3,nee,https://nl.linkedin.com/jobs/view/administratief-medewerker-expeditie-at-vogelaar-vredehof-4467963483,voorraadbeheer webshop
VOIPZeker,voipzeker.nl,geraden en bevestigd,Sales &amp; Customer Success Medewerker,ja,2026-09-16,Den Haag,1,nee,https://nl.linkedin.com/jobs/view/sales-customer-success-medewerker-at-voipzeker-4468218269,online sales medewerker
Volaris Group,volaris.nl,geraden en bevestigd,Growth Marketer,,2026-09-18,Rotterdam,1,nee,https://nl.linkedin.com/jobs/view/growth-marketer-at-volaris-group-4469160171,customer journey specialist
VolkerWessels,volkerwessels.com,geraden en bevestigd,Junior projectleider materieel- en onderhoud,,2026-09-12,Dordrecht,1,nee,https://nl.linkedin.com/jobs/view/junior-projectleider-materieel-en-onderhoud-at-volkerwessels-4436819580,retourverwerking
Vomar Voordeelmarkt B.V.,vomar.nl,geraden en bevestigd,Categorie Manager,,2026-08-26,Alkmaar,1,nee,https://nl.linkedin.com/jobs/view/categorie-manager-at-vomar-voordeelmarkt-b-v-4459177545,voorraadbeheer webshop
Vostermans Ventilation,vostermans.com,geraden en bevestigd,Logistiek Medewerker,,2025-08-26,Venlo,1,nee,https://nl.linkedin.com/jobs/view/logistiek-medewerker-at-vostermans-ventilation-4291640286,e-fulfilment medewerker
VTS Track Solutions,vtstracksolutions.com,geraden en bevestigd,Commercieel medewerker binnendienst,,2026-08-24,Maarheeze,1,nee,https://nl.linkedin.com/jobs/view/commercieel-medewerker-binnendienst-at-vts-track-solutions-4443233675,online sales medewerker
Vulcor Insulation,vulcor.com,geraden en bevestigd,Commercieel Medewerker Binnendienst | Sales &amp; Customer Service,ja,2026-09-15,Heteren,1,nee,https://nl.linkedin.com/jobs/view/commercieel-medewerker-binnendienst-sales-customer-service-at-vulcor-insulation-4467724111,online sales medewerker
VX Company,vxcompany.com,geraden en bevestigd,.NET Developer,,2026-09-22,Utrecht Area,2,nee,https://nl.linkedin.com/jobs/view/net-developer-at-vx-company-4470266985,webcare
Waardeburgh,waardeburgh.nl,geraden en bevestigd,ICT-medewerker,,2026-09-21,Sliedrecht,1,nee,https://nl.linkedin.com/jobs/view/ict-medewerker-at-waardeburgh-4469856293,webcare
WaarneemApp,waarneemapp.nl,geraden en bevestigd,Software consultant,,2026-06-26,Utrecht,3,nee,https://nl.linkedin.com/jobs/view/software-consultant-at-waarneemapp-4434031787,webcare
Walibi Holland,walibi.nl,geraden en bevestigd,"Medewerker Inkoop, Logistiek en Magazijn",,2026-09-02,Biddinghuizen,1,nee,https://nl.linkedin.com/jobs/view/medewerker-inkoop-logistiek-en-magazijn-at-walibi-holland-4460947719,voorraadbeheer webshop
Waste Vision,wastevision.com,geraden en bevestigd,Meewerkend bijrijders,,2026-08-07,Midden-Holland,1,nee,https://nl.linkedin.com/jobs/view/meewerkend-bijrijders-at-waste-vision-4450095940,retourverwerking
Wavin,wavin.com,geraden en bevestigd,E-business specialist,,2026-09-15,Hardenberg,1,nee,https://nl.linkedin.com/jobs/view/e-business-specialist-at-wavin-4466196989,voorraadbeheer webshop
WE Fashion,wefashion.com,geraden en bevestigd,E-Commerce Merchandsier,,2026-09-22,"Utrecht, Nederland",5,nee,https://nl.linkedin.com/jobs/view/e-commerce-merchandsier-at-we-fashion-4470452485,voorraadbeheer webshop
WebNL creative studios,webnl.nl,geraden en bevestigd,Social marketeer,,2026-09-09,"Utrecht, Nederland",2,nee,https://nl.linkedin.com/jobs/view/social-marketeer-at-webnl-creative-studios-4465013771,online marketeer webshop
Webnode AG,webnode.com,geraden en bevestigd,Brand manager,,2026-09-15,Leidschendam,1,nee,https://nl.linkedin.com/jobs/view/brand-manager-at-webnode-ag-4467725586,brand manager webshop
WeGrow,wegrow.be,geraden en bevestigd,Warehouse Supervisor,,2026-09-01,Vianen,1,nee,https://nl.linkedin.com/jobs/view/warehouse-supervisor-at-wegrow-4461595850,orderverwerking
Welkoop,welkoop.nl,geraden en bevestigd,Verkoopmedewerker Tuin (Afdelingsverantwoordelijk),,2026-09-14,Eemnes,12,nee,https://nl.linkedin.com/jobs/view/verkoopmedewerker-tuin-afdelingsverantwoordelijk-at-welkoop-4467082717,medewerker webshop
Welten,welten.nl,geraden en bevestigd,Projectmedewerker Pensioenen AZL,,2026-09-14,Heerlen,3,nee,https://nl.linkedin.com/jobs/view/projectmedewerker-pensioenen-azl-at-welten-4456186254,retourverwerking
Welzorg Nederland BV,welzorg.nl,geraden en bevestigd,Klantenservice Medewerker Levering,ja,2026-09-01,Raamsdonksveer,1,nee,https://nl.linkedin.com/jobs/view/klantenservice-medewerker-levering-at-welzorg-nederland-4460249223,orderverwerking
Wesco,wesco.nl,geraden en bevestigd,Associate - Operations,,2026-09-18,Amsterdam,2,nee,https://nl.linkedin.com/jobs/view/associate-operations-at-wesco-4450291288,orderverwerking
Wesseling Logistics,wesseling.nl,geraden en bevestigd,Logistiek Medewerker Avond/Nacht,,2026-08-12,Sassenheim,2,nee,https://nl.linkedin.com/jobs/view/logistiek-medewerker-avond-nacht-at-wesseling-logistics-4453120063,logistiek medewerker webshop
Westfalen Medical BV,westfalenmedical.com,geraden en bevestigd,Medewerker logistiek (40 uren/ week),,2026-08-28,Deventer,1,nee,https://nl.linkedin.com/jobs/view/medewerker-logistiek-40-uren-week-at-westfalen-medical-bv-4460349078,logistiek medewerker webshop
Westfort Vleesproducten,westfortvleesproducten.nl,geraden en bevestigd,Masterdata Coördinator,,2026-09-18,Oudewater,2,nee,https://nl.linkedin.com/jobs/view/masterdata-co%C3%B6rdinator-at-westfort-vleesproducten-4469141497,voorraadbeheer webshop
WeTravel,wetravel.nl,geraden en bevestigd,Senior Product Engineer - Booking Management,,2026-09-08,Amsterdam,2,nee,https://nl.linkedin.com/jobs/view/senior-product-engineer-booking-management-at-wetravel-4464613116,voorraadbeheer webshop
Whatsnext Community B.V.,whatsnextcommunity.com,geraden en bevestigd,Marketingmanager,,2026-06-19,Naaldwijk,1,nee,https://nl.linkedin.com/jobs/view/marketingmanager-at-whatsnext-community-b-v-4430937287,brand manager webshop
Whisk,whisk.com,geraden en bevestigd,Sales &amp; Account Executive | Sports Nutrition,,2026-09-15,Randstad,2,nee,https://nl.linkedin.com/jobs/view/sales-account-executive-sports-nutrition-at-whisk-4467711626,orderpicker webshop
Wibra,wibra.nl,geraden en bevestigd,Inkoopassistent,,2026-09-07,Epe,2,nee,https://nl.linkedin.com/jobs/view/inkoopassistent-at-wibra-4464305628,voorraadbeheer webshop
Wielervoeding.nl,wielervoeding.nl,geraden en bevestigd,Allround Medewerker bij Wielervoeding.nl - Veghel,,2026-08-04,Uden-Veghel en omgeving,1,nee,https://nl.linkedin.com/jobs/view/allround-medewerker-bij-wielervoeding-nl-veghel-at-wielervoeding-nl-4449083338,logistiek medewerker webshop
Wiertz Company,wiertz.com,geraden en bevestigd,Operator,,2026-09-07,Bergen op Zoom,1,nee,https://nl.linkedin.com/jobs/view/operator-at-wiertz-company-4451517143,retourverwerking
Wijkopenautos.nl,wijkopenautos.nl,geraden en bevestigd,Administratief Medewerker,,2026-08-31,Amsterdam,3,nee,https://nl.linkedin.com/jobs/view/administratief-medewerker-at-wijkopenautos-nl-4461230675,orderpicker webshop
Wilchem B.V.,wilchem.nl,geraden en bevestigd,Incidentbestrijder,,2026-09-21,Papendrecht,2,nee,https://nl.linkedin.com/jobs/view/incidentbestrijder-at-wilchem-b-v-4466876795,retourverwerking
Wildkamp,wildkamp.nl,geraden en bevestigd,Commercieel manager binnendienst,,2026-09-11,Coevorden,2,nee,https://nl.linkedin.com/jobs/view/commercieel-manager-binnendienst-at-wildkamp-b-v-4465441143,voorraadbeheer webshop
Willem Dijk AGF,willemdijk.nl,geraden en bevestigd,Loodsmedewerker,,2026-04-09,Enschede,1,nee,https://nl.linkedin.com/jobs/view/loodsmedewerker-at-willem-dijk-agf-4399861654,logistiek medewerker webshop
WILVO,wilvo.com,geraden en bevestigd,Logistiek Medewerker,,2026-09-09,Bergeyk,5,nee,https://nl.linkedin.com/jobs/view/logistiek-medewerker-at-wilvo-4465085608,logistiek medewerker webshop
Winparts,winparts.be,geraden en bevestigd,CRM Specialist,,2026-09-15,Groningen,2,nee,https://nl.linkedin.com/jobs/view/crm-specialist-at-winparts-4467718687,customer journey specialist
WJ Projects B.V.,wj-projects.nl,geraden en bevestigd,Marketing &amp; Communicatie Medewerker,,2026-09-08,Amsterdam,1,nee,https://nl.linkedin.com/jobs/view/marketing-communicatie-medewerker-at-wj-projects-b-v-4463545500,content specialist webshop
Wolfpack,wolfpack.com,geraden en bevestigd,Team Lead,,2026-09-11,Eindhoven,2,nee,https://nl.linkedin.com/jobs/view/team-lead-at-wolfpack-4466099685,webcare
WongDoody,wongdoody.com,geraden en bevestigd,Product Designer,,2026-04-01,Amsterdam,1,nee,https://nl.linkedin.com/jobs/view/product-designer-at-wongdoody-4396681039,medewerker webshop
Worldstream - Solid IT. No Surprises.,worldstream.com,geraden en bevestigd,TechCare Engineer,,2026-08-04,Naaldwijk,1,nee,https://nl.linkedin.com/jobs/view/techcare-engineer-at-worldstream-solid-it-no-surprises-4460827507,webcare
Woub,woub.nl,geraden en bevestigd,Senior Front-end Developer,,2026-09-01,Wateringen,1,nee,https://nl.linkedin.com/jobs/view/senior-front-end-developer-at-woub-4461750942,webcare
WP Brothers,wpbrothers.nl,geraden en bevestigd,Digital Consultant (Web),,2026-09-04,"Utrecht, Nederland",1,nee,https://nl.linkedin.com/jobs/view/digital-consultant-web-at-wp-brothers-4461148980,webshop beheerder
WPP Media,wppmedia.com,geraden en bevestigd,Senior Digital Performance Manager,,2026-09-11,Eindhoven,4,nee,https://nl.linkedin.com/jobs/view/senior-digital-performance-manager-at-wpp-media-4463989277,online marketeer webshop
WSP in Nederland,radiowinkel.eu,geraden en bevestigd,Milieukundig begeleider / Veldwerker,,2026-09-14,Maastricht,1,nee,https://nl.linkedin.com/jobs/view/milieukundig-begeleider-veldwerker-at-wsp-in-the-netherlands-4381108442,retourverwerking
WVS,wvs.nl,geraden en bevestigd,Operationeel Manager,,2026-09-02,Bergen op Zoom,1,nee,https://nl.linkedin.com/jobs/view/operationeel-manager-at-wvs-4460979735,retourverwerking
Yellowgrape,yellowgrape.io,geraden en bevestigd,Brand Marketing Manager - Dutch Market (all genders) // Medior,,2026-09-01,Amsterdam,1,nee,https://nl.linkedin.com/jobs/view/brand-marketing-manager-dutch-market-all-genders-medior-at-yellowgrape-4456732221,brand manager webshop
Yellowtail Conclusion,oxley.com,geraden en bevestigd,Front end Developer,,2026-02-13,Naarden,1,nee,https://nl.linkedin.com/jobs/view/front-end-developer-at-yellowtail-conclusion-4383781196,webcare
Ymere,ymere.nl,geraden en bevestigd,Medewerker Huurincasso,,2026-09-21,Diemen,1,nee,https://nl.linkedin.com/jobs/view/medewerker-huurincasso-at-ymere-4469868368,retourverwerking
Ynvolve,ynvolve.com,geraden en bevestigd,Logistiek medewerker,,2026-09-18,Arnhem-Nijmegen en omgeving,1,nee,https://nl.linkedin.com/jobs/view/logistiek-medewerker-at-ynvolve-4469106939,logistiek medewerker webshop
Youforce,youforce.nl,geraden en bevestigd,Digital Engagement Specialist,,2026-09-22,Amersfoort,1,nee,https://nl.linkedin.com/jobs/view/digital-engagement-specialist-at-youforce-4428087845,customer journey specialist
Young Perfect: Omnichannel Marketing & Experiences,youngperfect.nl,geraden en bevestigd,MAGAZIJN MEDEWERKER,,2026-06-16,Breda,1,nee,https://nl.linkedin.com/jobs/view/magazijn-medewerker-at-young-perfect-omnichannel-marketing-experiences-4429247711,magazijnmedewerker webshop
YourSurprise,yoursurprise.nl,geraden en bevestigd,Logistiek medewerker,,2026-08-20,Zierikzee,2,ja,https://nl.linkedin.com/jobs/view/logistiek-medewerker-at-yoursurprise-4455480488,e-fulfilment medewerker
Yuki,yukisoftware.com,geraden en bevestigd,Customer Support Hero,,2026-08-31,"Antwerpen, Vlaanderen, België",1,nee,https://be.linkedin.com/jobs/view/customer-support-hero-at-yuki-4461265678,klantenservice medewerker
Zebra Technologies,zebratechnologies.com,geraden en bevestigd,"Warehouse Associate, Support I",,2026-09-21,Heerenveen,1,nee,https://nl.linkedin.com/jobs/view/warehouse-associate-support-i-at-zebra-technologies-4467696990,e-fulfilment medewerker
Zenya,zenya.nl,geraden en bevestigd,Customer Marketeer coördinator,ja,2026-09-19,Eindhoven,1,nee,https://nl.linkedin.com/jobs/view/customer-marketeer-co%C3%B6rdinator-at-zenya-4466947095,customer journey specialist
Zolemba B.V.,zolemba.nl,geraden en bevestigd,Customer Service Medewerker,ja,2026-08-04,Haaksbergen,1,nee,https://nl.linkedin.com/jobs/view/customer-service-medewerker-at-zolemba-b-v-4448556738,online sales medewerker
ZorgMatch B.V.,zorgmatch.nl,geraden en bevestigd,Softwaretester,,2026-09-17,Tilburg,1,nee,https://nl.linkedin.com/jobs/view/softwaretester-at-zorgmatch-4468370935,webcare
