bedrijf,functie,plaats,datum,zoekterm,al_in_pool,vacature_url,bedrijf_linkedin,vacature_id
123inkt.nl,Data Entry Medewerker,Nederhorst den Berg,2026-09-01,orderverwerking medewerker,nee,https://nl.linkedin.com/jobs/view/data-entry-medewerker-at-123inkt-nl-4451882106,https://nl.linkedin.com/company/123inkt-nl,4451882106
123inkt.nl,Junior Product Marketeer E-commerce,Almere,2026-09-01,e-commerce medewerker,nee,https://nl.linkedin.com/jobs/view/junior-product-marketeer-e-commerce-at-123inkt-nl-4462035540,https://nl.linkedin.com/company/123inkt-nl,4462035540
123inkt.nl,Product Marketeer E-commerce,Almere,2026-09-01,e-commerce medewerker,nee,https://nl.linkedin.com/jobs/view/product-marketeer-e-commerce-at-123inkt-nl-4462025724,https://nl.linkedin.com/company/123inkt-nl,4462025724
123inkt.nl,Commercieel Medewerker,Almere,2026-09-07,e-commerce medewerker,nee,https://nl.linkedin.com/jobs/view/commercieel-medewerker-at-123inkt-nl-4455283717,https://nl.linkedin.com/company/123inkt-nl,4455283717
123inkt.nl,Klantenservice Medewerker,Almere,2026-09-08,customer service,nee,https://nl.linkedin.com/jobs/view/klantenservice-medewerker-at-123inkt-nl-4455362398,https://nl.linkedin.com/company/123inkt-nl,4455362398
123inkt.nl,Klantenservice Medewerker,Nederhorst den Berg,2026-09-09,customer service,nee,https://nl.linkedin.com/jobs/view/klantenservice-medewerker-at-123inkt-nl-4465067107,https://nl.linkedin.com/company/123inkt-nl,4465067107
123inkt.nl,Klantenservice Medewerker,Veenendaal,2026-09-16,customer service,nee,https://nl.linkedin.com/jobs/view/klantenservice-medewerker-at-123inkt-nl-4459198463,https://nl.linkedin.com/company/123inkt-nl,4459198463
123schoon.nl,Klantenservice Medewerker,Nederhorst den Berg,2026-09-10,customer service,nee,https://nl.linkedin.com/jobs/view/klantenservice-medewerker-at-123schoon-nl-4465393012,https://nl.linkedin.com/company/123schoon.nl,4465393012
2M Recruitment,Specialist orderafhandeling,Nuenen,2026-09-11,orderverwerking medewerker,nee,https://nl.linkedin.com/jobs/view/specialist-orderafhandeling-at-2m-recruitment-4464865867,https://nl.linkedin.com/company/2m,4464865867
a.s.r. verzekeringen,Klantsupport Medewerker,Utrecht,2026-09-16,customer service,nee,https://nl.linkedin.com/jobs/view/klantsupport-medewerker-at-a-s-r-4468229369,https://nl.linkedin.com/company/asrverzekeringen,4468229369
a.s.r. verzekeringen,Klantenservice Medewerker Pensioenen,Utrecht,2026-09-16,customer service,nee,https://nl.linkedin.com/jobs/view/klantenservice-medewerker-pensioenen-at-a-s-r-4468215511,https://nl.linkedin.com/company/asrverzekeringen,4468215511
Aareon NL,Klantencoach,Oosterhout,2026-08-31,klantadviseur,nee,https://nl.linkedin.com/jobs/view/klantencoach-at-aareon-nl-4461233108,https://nl.linkedin.com/company/aareon-nl,4461233108
Aarnink Vleeswaren,COMMERCIEEL MEDEWERKER BINNENDIENST (LOCHEM),Lochem,2026-08-05,orderverwerking medewerker,nee,https://nl.linkedin.com/jobs/view/commercieel-medewerker-binnendienst-lochem-at-aarnink-vleeswaren-4448900769,https://nl.linkedin.com/company/aarnink-dengerink-vleeswren,4448900769
ABD,Verkoopadviseur,Heerenveen,2026-08-11,klantadviseur,nee,https://nl.linkedin.com/jobs/view/verkoopadviseur-at-abd-renault-nissan-dacia-4452447964,https://nl.linkedin.com/company/welkombijabd,4452447964
ABENA,Order Entry &amp; Sales Support Medewerker,Haps,2026-09-03,orderverwerking medewerker,nee,https://nl.linkedin.com/jobs/view/order-entry-sales-support-medewerker-at-abena-4462837755,https://dk.linkedin.com/company/abena,4462837755
Abroad Experience International Recruitment,Customer Service Representative,Amsterdam,2026-09-21,customer service,nee,https://nl.linkedin.com/jobs/view/customer-service-representative-at-abroad-experience-international-recruitment-4467399294,https://nl.linkedin.com/company/abroad-experience-bv,4467399294
Action,E-commerce Planner,Zwaagdijk-Oost,2026-09-18,e-commerce medewerker,nee,https://nl.linkedin.com/jobs/view/e-commerce-planner-at-action-4458653488,https://nl.linkedin.com/company/action-bv,4458653488
Action,eCommerce Planner,Zwaagdijk-Oost,2026-09-19,e-commerce medewerker,nee,https://nl.linkedin.com/jobs/view/ecommerce-planner-at-action-4433346753,https://nl.linkedin.com/company/action-bv,4433346753
Adams Multilingual Recruitment,Customer Service Advisor | Spanish,Amsterdam,2026-09-02,customer service,nee,https://nl.linkedin.com/jobs/view/customer-service-advisor-spanish-at-adams-multilingual-recruitment-4459961475,https://nl.linkedin.com/company/adams-multilingual-recruitment,4459961475
Adams Multilingual Recruitment,Customer Operations Specialist | German,Rotterdam,2026-09-18,orderverwerking medewerker,nee,https://nl.linkedin.com/jobs/view/customer-operations-specialist-german-at-adams-multilingual-recruitment-4469126207,https://nl.linkedin.com/company/adams-multilingual-recruitment,4469126207
Adecco,Platform Operations Specialist,Hilversum,2026-09-14,e-commerce medewerker,nee,https://nl.linkedin.com/jobs/view/platform-operations-specialist-at-adecco-4465212261,https://ch.linkedin.com/company/adecco,4465212261
Adecco,Digital Operations Specialist,Hilversum,2026-09-14,e-commerce medewerker,nee,https://nl.linkedin.com/jobs/view/digital-operations-specialist-at-adecco-4465213209,https://ch.linkedin.com/company/adecco,4465213209
adidas,Sales Consultant - Rotterdam,Rotterdam,2026-09-04,klantadviseur,nee,https://nl.linkedin.com/jobs/view/sales-consultant-rotterdam-at-adidas-4441513187,https://de.linkedin.com/company/adidas,4441513187
AEP International B.V.,Commercieel Medewerker Binnendienst,Alblasserdam,2026-09-10,orderverwerking medewerker,nee,https://nl.linkedin.com/jobs/view/commercieel-medewerker-binnendienst-at-aep-international-b-v-4463481660,https://www.linkedin.com/company/aep-international-b.v.,4463481660
AgruniekRijnvallei,Vacature: Medewerker Verkoopadministratie en Masterdatabeheer - Wageningen,Wageningen,2026-07-09,orderverwerking medewerker,nee,https://nl.linkedin.com/jobs/view/vacature-medewerker-verkoopadministratie-en-masterdatabeheer-wageningen-at-agruniekrijnvallei-4438629880,https://nl.linkedin.com/company/agruniekrijnvallei,4438629880
AkzoNobel,Customer Service Representative,Sassenheim,2026-09-18,customer service,nee,https://nl.linkedin.com/jobs/view/customer-service-representative-at-akzonobel-4469125291,https://nl.linkedin.com/company/akzonobel,4469125291
Albert Heijn,E-commerce Manager Vers,Zaandam,2026-09-11,e-commerce medewerker,nee,https://nl.linkedin.com/jobs/view/e-commerce-manager-vers-at-albert-heijn-4466300506,https://nl.linkedin.com/company/albert-heijn,4466300506
Albert Heijn,Social Media Specialist eCommerce,Zaandam,2026-09-21,e-commerce medewerker,nee,https://nl.linkedin.com/jobs/view/social-media-specialist-ecommerce-at-albert-heijn-4469904088,https://nl.linkedin.com/company/albert-heijn,4469904088
ALKU,Verkoopadviseur Tilburg,Tilburg,2026-07-09,klantadviseur,nee,https://nl.linkedin.com/jobs/view/verkoopadviseur%0Atilburg-at-alku-4435901277,https://nl.linkedin.com/company/alku,4435901277
ALKU,Verkoopadviseur,Tilburg,2026-09-04,klantadviseur,nee,https://nl.linkedin.com/jobs/view/verkoopadviseur-at-alku-4461984846,https://nl.linkedin.com/company/alku,4461984846
Allianz Direct,Client Success Medewerker,Rotterdam,2025-06-02,klantadviseur,nee,https://nl.linkedin.com/jobs/view/client-success-medewerker-at-allianz-direct-4242804934,https://de.linkedin.com/company/allianzdirect,4242804934
Allianz Trade in Nederland,CUSTOMER LINE OFFICER,'s-Hertogenbosch,2026-09-17,customer service,nee,https://nl.linkedin.com/jobs/view/customer-line-officer-at-allianz-trade-in-the-netherlands-4468675649,https://nl.linkedin.com/company/allianz-trade-nederland,4468675649
Alloga,Employee customer service X 5,Veghel,2026-05-27,orderverwerking medewerker,nee,https://nl.linkedin.com/jobs/view/employee-customer-service-x-5-at-alloga-4417214824,https://uk.linkedin.com/company/alloga,4417214824
Almotion B.V.,Medewerker commerciële binnendienst,Elst,2026-09-22,orderverwerking medewerker,nee,https://nl.linkedin.com/jobs/view/medewerker-commerci%C3%ABle-binnendienst-at-almotion-b-v-4470287628,https://nl.linkedin.com/company/almotion-bv,4470287628
Alphenix Bouwgroep B.V.,Representante de atendimento ao cliente,Amsterdam,2026-09-11,customer service,nee,,,4465857175
Alpina Group,Adviseur binnendienst agrarisch,Hoogeveen,2026-09-06,klantadviseur,nee,https://nl.linkedin.com/jobs/view/adviseur-binnendienst-agrarisch-at-alpina-group-4426608510,https://nl.linkedin.com/company/alpinagroupbv,4426608510
Amacx Sports Nutrition,AI-Driven Email &amp; Marketplace Specialist,Noordwijk-Binnen,2026-08-21,e-commerce medewerker,nee,https://nl.linkedin.com/jobs/view/ai-driven-email-marketplace-specialist-at-amacx-sports-nutrition-4457346846,https://nl.linkedin.com/company/amacx-sports-nutrition,4457346846
Amazon,"Selling Partner Support Associate — Korean Speaker, Selling Partner Support",Middelburg,2026-09-18,customer service,nee,https://nl.linkedin.com/jobs/view/selling-partner-support-associate-%E2%80%94-korean-speaker-selling-partner-support-at-amazon-4469141601,https://www.linkedin.com/company/amazon,4469141601
American Eagle Outfitters Inc.,Customer Service Specialist,Amsterdam,2026-08-25,customer service,nee,https://nl.linkedin.com/jobs/view/customer-service-specialist-at-american-eagle-outfitters-inc-4456588466,https://www.linkedin.com/company/american-eagle-outfitters,4456588466
American Express,American Express - Centurion Lounge Ambassador,Amsterdam,2026-09-08,customer service,nee,https://nl.linkedin.com/jobs/view/american-express-centurion-lounge-ambassador-at-american-express-4463531151,https://www.linkedin.com/company/american-express,4463531151
Ames Autobedrijf,Medewerker Sales Support - Ames,Dordrecht,2026-09-21,orderverwerking medewerker,nee,https://nl.linkedin.com/jobs/view/medewerker-sales-support-ames-at-ames-autobedrijf-4468727578,https://nl.linkedin.com/company/ames-autobedrijf,4468727578
Anteryon B.V.,Inside Sales Specialist,Eindhoven,2026-09-16,orderverwerking medewerker,nee,https://nl.linkedin.com/jobs/view/inside-sales-specialist-at-anteryon-b-v-4454182530,https://nl.linkedin.com/company/anteryon-b.v.,4454182530
Aon,Key Account Handler Customer Service,Rotterdam,2026-09-09,customer service,nee,https://nl.linkedin.com/jobs/view/key-account-handler-customer-service-at-aon-4456143590,https://uk.linkedin.com/company/aon,4456143590
Aon,Senior Client Consultant Pensioen,Rotterdam,2026-09-18,klantadviseur,nee,https://nl.linkedin.com/jobs/view/senior-client-consultant-pensioen-at-aon-4382604299,https://uk.linkedin.com/company/aon,4382604299
Applied Medical,Associate Customer Relations Representative - German speaking,Amersfoort,2026-09-03,customer service,nee,https://nl.linkedin.com/jobs/view/associate-customer-relations-representative-german-speaking-at-applied-medical-4460728746,https://www.linkedin.com/company/appliedmedical,4460728746
Applied Medical,Associate Customer Relations Representative - Italian and German speaking,Amersfoort,2026-09-08,customer service,nee,https://nl.linkedin.com/jobs/view/associate-customer-relations-representative-italian-and-german-speaking-at-applied-medical-4462526342,https://www.linkedin.com/company/appliedmedical,4462526342
Aquaculture Stewardship Council (ASC),Traceability Coordinator,Nederland,2026-08-27,support medewerker webshop,nee,https://nl.linkedin.com/jobs/view/traceability-coordinator-at-aquaculture-stewardship-council-asc-4458652020,https://nl.linkedin.com/company/aquaculture-stewardship-council,4458652020
Ardagh Group,Supply &amp; Demand Employee,Oss,2026-06-22,orderverwerking medewerker,nee,https://nl.linkedin.com/jobs/view/supply-demand-employee-at-ardagh-group-4422369204,https://lu.linkedin.com/company/ardagh-group,4422369204
Arie Bouman Green Outdoor B.V.,Backoffice Medewerker Inkoop,Wijk en Aalburg,2026-09-08,orderverwerking medewerker,nee,https://nl.linkedin.com/jobs/view/backoffice-medewerker-inkoop-at-arie-bouman-green-outdoor-b-v-4464492064,https://nl.linkedin.com/company/arie-bouman-green-outdoor,4464492064
Arlon Graphics,Customer Support Specialist EMEA,Den Haag,2026-09-03,customer service,nee,https://nl.linkedin.com/jobs/view/customer-support-specialist-emea-at-arlon-graphics-4461654441,https://www.linkedin.com/company/arlongraphics,4461654441
ARP Nederland B.V.,Sales Operations Medewerker,Maastricht,2026-09-03,orderverwerking medewerker,nee,https://nl.linkedin.com/jobs/view/sales-operations-medewerker-at-arp-nederland-b-v-4433801725,https://nl.linkedin.com/company/arp-nederland,4433801725
ARP Nederland B.V.,Sales Support Medewerker,Maastricht,2026-09-22,orderverwerking medewerker,nee,https://nl.linkedin.com/jobs/view/sales-support-medewerker-at-arp-nederland-b-v-4468589525,https://nl.linkedin.com/company/arp-nederland,4468589525
Arval BNP Paribas Group,Accountmanager B2B,Houten,2026-09-01,klantadviseur,nee,https://nl.linkedin.com/jobs/view/accountmanager-b2b-at-arval-bnp-paribas-group-4461782836,https://fr.linkedin.com/company/bnp-paribas-arval,4461782836
Arval BNP Paribas Group,Accountmanager B2B,Houten,2026-09-08,klantadviseur,nee,https://nl.linkedin.com/jobs/view/accountmanager-b2b-at-arval-bnp-paribas-group-4463508168,https://fr.linkedin.com/company/bnp-paribas-arval,4463508168
ASA Talent,Key Account Customer Service DHL,Amersfoort,2026-09-18,klantadviseur,nee,https://nl.linkedin.com/jobs/view/key-account-customer-service-dhl-at-asa-talent-4466914840,https://nl.linkedin.com/company/asa-talent,4466914840
ASSA ABLOY Group,Klantenservice medewerker,Ede,2026-09-16,customer service,nee,https://nl.linkedin.com/jobs/view/klantenservice-medewerker-at-assa-abloy-group-4466202608,https://se.linkedin.com/company/assaabloy,4466202608
Athlon Nederland,Klantadviseur,Nieuwegein,2026-09-16,klantadviseur,nee,https://nl.linkedin.com/jobs/view/klantadviseur-at-athlon-nederland-4456467591,https://nl.linkedin.com/company/athlon-nederland,4456467591
Atos Medical,Consumer Care Specialist,Amersfoort,2026-09-19,klantadviseur,nee,https://nl.linkedin.com/jobs/view/consumer-care-specialist-at-atos-medical-4440770846,https://se.linkedin.com/company/atosmedicalcom,4440770846
Audax Nederland,Medewerker klantenservice,Almere,2026-09-08,klantadviseur,nee,https://nl.linkedin.com/jobs/view/medewerker-klantenservice-at-audax-netherlands-4440551063,https://nl.linkedin.com/company/audaxenergy-nl,4440551063
Autobedrijf Bochane,Junior Service Adviseur,Harderwijk,2026-09-12,klantadviseur,nee,https://nl.linkedin.com/jobs/view/junior-service-adviseur-at-autobedrijf-bochane-4438306474,https://nl.linkedin.com/company/autobedrijf-bochane,4438306474
Avantor,Costumer Service,Amsterdam,2026-09-08,customer service,nee,https://nl.linkedin.com/jobs/view/costumer-service-at-avantor-4436910322,https://www.linkedin.com/company/avantorinc,4436910322
Avenir Collective,Account Manager (Bol.com),"Utrecht, Nederland",2026-09-15,e-commerce medewerker,nee,https://nl.linkedin.com/jobs/view/account-manager-bol-com-at-avenir-collective-4465599184,https://uk.linkedin.com/company/avenir-collective,4465599184
AVH Outdoor Tuinmeubelen,Fulltime klantenservice medewerker,Numansdorp,2026-02-24,customer service,nee,https://nl.linkedin.com/jobs/view/fulltime-klantenservice-medewerker-at-avh-outdoor-tuinmeubelen-4377141843,https://nl.linkedin.com/company/avh-outdoor-tuinmeubelen,4377141843
AVH Outdoor Tuinmeubelen,Klantenservice medewerker parttime/fulltime,Numansdorp,2026-02-24,support medewerker webshop,nee,https://nl.linkedin.com/jobs/view/klantenservice-medewerker-parttime-fulltime-at-avh-outdoor-tuinmeubelen-4377145760,https://nl.linkedin.com/company/avh-outdoor-tuinmeubelen,4377145760
AVH Outdoor Tuinmeubelen,Verkoopmedewerk(st)er,Numansdorp,2026-03-20,support medewerker webshop,nee,https://nl.linkedin.com/jobs/view/verkoopmedewerk-st-er-at-avh-outdoor-tuinmeubelen-4388596338,https://nl.linkedin.com/company/avh-outdoor-tuinmeubelen,4388596338
AVR,Sales Support Medewerker,Rozenburg,2026-08-17,orderverwerking medewerker,nee,https://nl.linkedin.com/jobs/view/sales-support-medewerker-at-avr-4466064506,https://nl.linkedin.com/company/avr,4466064506
Axians NL,Customer Care Specialist,Eindhoven,2026-09-10,customer service,nee,https://nl.linkedin.com/jobs/view/customer-care-specialist-at-axians-nl-4456487800,https://nl.linkedin.com/company/axiansnl,4456487800
Axians NL,Senior Customer Care Specialist,Eindhoven,2026-09-10,customer service,nee,https://nl.linkedin.com/jobs/view/senior-customer-care-specialist-at-axians-nl-4456496800,https://nl.linkedin.com/company/axiansnl,4456496800
Axians NL | Data Analytics,Customer Care Specialist,Eindhoven,2026-08-20,customer service,nee,https://nl.linkedin.com/jobs/view/customer-care-specialist-at-axians-data-ai-4453869579,https://nl.linkedin.com/company/axians-data-ai,4453869579
Axians NL | Data Analytics,Senior Customer Care Specialist,Eindhoven,2026-08-20,customer service,nee,https://nl.linkedin.com/jobs/view/senior-customer-care-specialist-at-axians-data-ai-4453872523,https://nl.linkedin.com/company/axians-data-ai,4453872523
Ayvens,Sales Advisor,Amsterdam,2026-05-14,klantadviseur,nee,https://nl.linkedin.com/jobs/view/sales-advisor-at-ayvens-4411514509,https://www.linkedin.com/company/ayvens,4411514509
Ayvens,Accountmanager Binnendienst,Amsterdam,2026-05-14,klantadviseur,nee,https://nl.linkedin.com/jobs/view/accountmanager-binnendienst-at-ayvens-4411514504,https://www.linkedin.com/company/ayvens,4411514504
Ayvens,Specialist Ordering &amp; Fleetdesk I,Amsterdam,2026-07-16,orderverwerking medewerker,nee,https://nl.linkedin.com/jobs/view/specialist-ordering-fleetdesk-i-at-ayvens-4437693035,https://www.linkedin.com/company/ayvens,4437693035
Ayvens,Medewerker Digital Sales I,Rotterdam,2026-09-09,e-commerce medewerker,nee,https://nl.linkedin.com/jobs/view/medewerker-digital-sales-i-at-ayvens-4462243249,https://www.linkedin.com/company/ayvens,4462243249
Ayvens,Accountmanager Binnendienst,Rotterdam,2026-09-11,klantadviseur,nee,https://nl.linkedin.com/jobs/view/accountmanager-binnendienst-at-ayvens-4463022522,https://www.linkedin.com/company/ayvens,4463022522
BAIYILED EUROPE B.V.,Technisch Commercieel Medewerker Binnendienst &amp; Operations.,Almere,2026-08-21,orderverwerking medewerker,nee,https://nl.linkedin.com/jobs/view/technisch-commercieel-medewerker-binnendienst-operations-at-baiyiled-europe-b-v-4457078701,https://nl.linkedin.com/company/baiyiled-europe-b-v,4457078701
BAM Nederland,Klantadviseur,Bunnik,2026-09-11,klantadviseur,nee,,,4429241886
Basic-Fit,Customer Support Agent (Nederlands),Hoofddorp,2026-09-17,customer service,nee,https://nl.linkedin.com/jobs/view/customer-support-agent-nederlands-at-basic-fit-4462467412,https://nl.linkedin.com/company/basic-fit,4462467412
Basic-Fit,Customer Support Agent (German),Hoofddorp,2026-09-17,customer service,nee,https://nl.linkedin.com/jobs/view/customer-support-agent-german-at-basic-fit-4462471375,https://nl.linkedin.com/company/basic-fit,4462471375
Bauder Nederland,Medewerker Verkoop Binnendienst / Sales Coördinator,Houten,2026-09-22,orderverwerking medewerker,nee,https://nl.linkedin.com/jobs/view/medewerker-verkoop-binnendienst-sales-co%C3%B6rdinator-at-bauder-nederland-4470282621,https://nl.linkedin.com/company/bauder-bv,4470282621
Bax Music,Telefoonmedewerker Winkel Amsterdam,Amsterdam,2026-07-24,customer service,nee,https://nl.linkedin.com/jobs/view/telefoonmedewerker-winkel-amsterdam-at-bax-music-4441833090,https://nl.linkedin.com/company/baxmusic,4441833090
Bax Music,Telefoonmedewerker Winkel Rotterdam,Rotterdam,2026-07-24,customer service,nee,https://nl.linkedin.com/jobs/view/telefoonmedewerker-winkel-rotterdam-at-bax-music-4441824515,https://nl.linkedin.com/company/baxmusic,4441824515
Bax Music,Telefoonmedewerker Winkel Apeldoorn,Apeldoorn,2026-08-18,customer service,nee,https://nl.linkedin.com/jobs/view/telefoonmedewerker-winkel-apeldoorn-at-bax-music-4454484385,https://nl.linkedin.com/company/baxmusic,4454484385
Bax Music,Marketplace-marketeer,Goes,2026-08-28,e-commerce medewerker,nee,https://nl.linkedin.com/jobs/view/marketplace-marketeer-at-bax-music-4458091991,https://nl.linkedin.com/company/baxmusic,4458091991
Bear Optima Wood B.V.,Commercieel medewerker binnendienst,Nijverdal,2026-08-28,orderverwerking medewerker,nee,https://nl.linkedin.com/jobs/view/commercieel-medewerker-binnendienst-at-bear-optima-wood-b-v-4460325998,https://nl.linkedin.com/company/bear-optima-wood-b-v,4460325998
Bechtle NV,Sales Support Medewerker,Nederland,2026-09-15,orderverwerking medewerker,nee,https://nl.linkedin.com/jobs/view/sales-support-medewerker-at-bechtle-nv-4465538475,https://be.linkedin.com/company/bechtle-nv,4465538475
Bedrijfsfitness Nederland,Customer Support Specialist,Heerenveen,2026-09-11,customer service,nee,https://nl.linkedin.com/jobs/view/customer-support-specialist-at-bedrijfsfitness-nederland-by-epassi-4457324263,https://nl.linkedin.com/company/bedrijfsfitness-nederland,4457324263
Bejo,Sales Support Employee,Schagen,2026-09-17,orderverwerking medewerker,nee,https://nl.linkedin.com/jobs/view/sales-support-employee-at-bejo-4466958651,https://nl.linkedin.com/company/bejo,4466958651
Belsimpel,Commercieel Data Analist voor Gomibo.de,Groningen,2026-09-02,e-commerce medewerker,nee,https://nl.linkedin.com/jobs/view/commercieel-data-analist-voor-gomibo-de-at-gomibo-l-belsimpel-4442750204,https://nl.linkedin.com/company/gomibo-belsimpel,4442750204
Beter Horen,Verkoopadviseur bij Beter Horen in Velp en Duiven,Duiven,2026-09-03,klantadviseur,nee,https://nl.linkedin.com/jobs/view/verkoopadviseur-bij-beter-horen-in-velp-en-duiven-at-beter-horen-4462864236,https://nl.linkedin.com/company/beter-horen,4462864236
Beter Horen,Verkoopadviseur bij Beter Horen Rotterdam,Rotterdam,2026-09-09,klantadviseur,nee,https://nl.linkedin.com/jobs/view/verkoopadviseur-bij-beter-horen-rotterdam-at-beter-horen-4465019621,https://nl.linkedin.com/company/beter-horen,4465019621
Beter Horen,Verkoopadviseur bij Beter Horen Delft,Delft,2026-09-09,klantadviseur,nee,https://nl.linkedin.com/jobs/view/verkoopadviseur-bij-beter-horen-delft-at-beter-horen-4465016514,https://nl.linkedin.com/company/beter-horen,4465016514
Beter Horen,Verkoopadviseur bij Beter Horen Bilthoven,Bilthoven,2026-09-09,klantadviseur,nee,https://nl.linkedin.com/jobs/view/verkoopadviseur-bij-beter-horen-bilthoven-at-beter-horen-4465324795,https://nl.linkedin.com/company/beter-horen,4465324795
Bever,E-commerce Specialist Germany,Pijnacker,2026-09-15,e-commerce medewerker,nee,https://nl.linkedin.com/jobs/view/e-commerce-specialist-germany-at-bever-4466505111,https://nl.linkedin.com/company/bever,4466505111
Bezos.AI,Graduate Business Operations Associate,Amsterdam,2026-07-05,e-commerce medewerker,nee,https://nl.linkedin.com/jobs/view/graduate-business-operations-associate-at-gonini-formerly-bezos-ai-4437127111,https://uk.linkedin.com/company/bezosai,4437127111
Big Bazar,Vulploegmedewerker in Utrecht,Utrecht,2023-04-02,support medewerker webshop,nee,https://nl.linkedin.com/jobs/view/vulploegmedewerker-in-utrecht-at-big-bazar-3589709882,https://nl.linkedin.com/company/bigbazarwinkels,3589709882
Big Bazar,Vulploegmedewerker in Waddinxveen,Waddinxveen,2023-05-03,webshop medewerker,nee,https://nl.linkedin.com/jobs/view/vulploegmedewerker-in-waddinxveen-at-big-bazar-3621010935,https://nl.linkedin.com/company/bigbazarwinkels,3621010935
Big Bazar,Vulploegmedewerker in Oosterhout,Oosterhout,2023-05-03,support medewerker webshop,nee,https://nl.linkedin.com/jobs/view/vulploegmedewerker-in-oosterhout-at-big-bazar-3621017054,https://nl.linkedin.com/company/bigbazarwinkels,3621017054
Big Bazar,Vulploegmedewerker in Asten,Asten,2023-05-03,support medewerker webshop,nee,https://nl.linkedin.com/jobs/view/vulploegmedewerker-in-asten-at-big-bazar-3621014238,https://nl.linkedin.com/company/bigbazarwinkels,3621014238
Big Bazar,Vulploegmedewerker in Houten,Houten,2023-05-03,support medewerker webshop,nee,https://nl.linkedin.com/jobs/view/vulploegmedewerker-in-houten-at-big-bazar-3621016077,https://nl.linkedin.com/company/bigbazarwinkels,3621016077
Big Bazar,Vulploegmedewerker in Alkmaar,Alkmaar,2023-05-03,support medewerker webshop,nee,https://nl.linkedin.com/jobs/view/vulploegmedewerker-in-alkmaar-at-big-bazar-3621017085,https://nl.linkedin.com/company/bigbazarwinkels,3621017085
Big Bazar,Vulploegmedewerker in Zierikzee,Zierikzee,2023-06-03,webshop medewerker,nee,https://nl.linkedin.com/jobs/view/vulploegmedewerker-in-zierikzee-at-big-bazar-3649984580,https://nl.linkedin.com/company/bigbazarwinkels,3649984580
Big Bazar,Vulploegmedewerker in Steenwijk,Steenwijk,2023-06-03,webshop medewerker,nee,https://nl.linkedin.com/jobs/view/vulploegmedewerker-in-steenwijk-at-big-bazar-3649988205,https://nl.linkedin.com/company/bigbazarwinkels,3649988205
Big Bazar,Verkoopmedewerker in Woerden,Woerden,2023-06-03,webshop medewerker,nee,https://nl.linkedin.com/jobs/view/verkoopmedewerker-in-woerden-at-big-bazar-3649986484,https://nl.linkedin.com/company/bigbazarwinkels,3649986484
Big Bazar,Vulploegmedewerker in Someren,Someren,2023-06-03,support medewerker webshop,nee,https://nl.linkedin.com/jobs/view/vulploegmedewerker-in-someren-at-big-bazar-3649982862,https://nl.linkedin.com/company/bigbazarwinkels,3649982862
Big Bazar,Vulploegmedewerker in Schoonhoven,Schoonhoven,2023-06-03,support medewerker webshop,nee,https://nl.linkedin.com/jobs/view/vulploegmedewerker-in-schoonhoven-at-big-bazar-3649981887,https://nl.linkedin.com/company/bigbazarwinkels,3649981887
Big Bazar,Vulploegmedewerker in Harderwijk,Harderwijk,2023-06-03,support medewerker webshop,nee,https://nl.linkedin.com/jobs/view/vulploegmedewerker-in-harderwijk-at-big-bazar-3649984582,https://nl.linkedin.com/company/bigbazarwinkels,3649984582
Big Bazar,Vulploegmedewerker in Gorinchem,Gorinchem,2023-06-03,support medewerker webshop,nee,https://nl.linkedin.com/jobs/view/vulploegmedewerker-in-gorinchem-at-big-bazar-3649987201,https://nl.linkedin.com/company/bigbazarwinkels,3649987201
Big Bazar,Vulploegmedewerker in Rijswijk,Rijswijk,2023-06-03,support medewerker webshop,nee,https://nl.linkedin.com/jobs/view/vulploegmedewerker-in-rijswijk-at-big-bazar-3649982835,https://nl.linkedin.com/company/bigbazarwinkels,3649982835
Big Bazar,Vulploegmedewerker in Zwolle,Zwolle,2023-06-20,support medewerker webshop,nee,https://nl.linkedin.com/jobs/view/vulploegmedewerker-in-zwolle-at-big-bazar-3666644308,https://nl.linkedin.com/company/bigbazarwinkels,3666644308
Big Bazar,Vulploegmedewerker in Assen,Assen,2026-07-31,support medewerker webshop,nee,https://nl.linkedin.com/jobs/view/vulploegmedewerker-in-assen-at-big-bazar-4445527961,https://nl.linkedin.com/company/bigbazarwinkels,4445527961
Big Bazar,Vulploegmedewerker in Helmond,Helmond,2026-07-31,support medewerker webshop,nee,https://nl.linkedin.com/jobs/view/vulploegmedewerker-in-helmond-at-big-bazar-4445520969,https://nl.linkedin.com/company/bigbazarwinkels,4445520969
Big Bazar,Vulploegmedewerker in Eindhoven,Eindhoven,2026-08-25,support medewerker webshop,nee,https://nl.linkedin.com/jobs/view/vulploegmedewerker-in-eindhoven-at-big-bazar-4456967386,https://nl.linkedin.com/company/bigbazarwinkels,4456967386
Biscuit International Netherlands,Customer Service Medewerker,Dordrecht,2026-09-09,orderverwerking medewerker,nee,https://nl.linkedin.com/jobs/view/customer-service-medewerker-at-biscuit-international-netherlands-4449830753,https://nl.linkedin.com/company/biscuit-international-netherlands,4449830753
Bloom &amp; Wild,Customer Support Senior Associate (Dutch or German Speaking),Amsterdam,2026-08-06,customer service,nee,https://nl.linkedin.com/jobs/view/customer-support-senior-associate-dutch-or-german-speaking-at-bloom-wild-4450264669,https://uk.linkedin.com/company/bloom-&amp;-wild,4450264669
Bloom &amp; Wild,Customer Delight Talent Pool,Amsterdam,2026-09-13,customer service,nee,https://nl.linkedin.com/jobs/view/customer-delight-talent-pool-at-bloom-wild-4466735976,https://uk.linkedin.com/company/bloom-&amp;-wild,4466735976
Bloom &amp; Wolf,🌸 VACATURE: House-of-Rituals medewerker bij Bloom &amp; Wolf,Randstad,2026-07-06,webshop medewerker,nee,https://nl.linkedin.com/jobs/view/%F0%9F%8C%B8-vacature-house-of-rituals-medewerker-bij-bloom-wolf-at-bloom-wolf-4437410088,https://nl.linkedin.com/company/bloom-wolf,4437410088
bloomon,Customer Support Senior Associate (Dutch or German Speaking),Amsterdam Area,2026-09-15,customer service,ja,https://nl.linkedin.com/jobs/view/customer-support-senior-associate-dutch-or-german-speaking-at-bloomon-4467727735,https://nl.linkedin.com/company/bloomon,4467727735
Bluebird Day. | B Corp,AI Commerce Front-end Engineer,Breda,2026-05-19,webshop medewerker,nee,https://nl.linkedin.com/jobs/view/ai-commerce-front-end-engineer-at-bluebird-day-4416675385,https://nl.linkedin.com/company/bluebirdday,4416675385
BoF Careers,"PRADA Client Advisor MRTW (m/f/d), PCH",Amsterdam,2026-08-21,klantadviseur,nee,https://nl.linkedin.com/jobs/view/prada-client-advisor-mrtw-m-f-d-pch-at-bof-careers-4456200587,https://www.linkedin.com/company/bof-careers,4456200587
BoF Careers,"PRADA Client Advisor, Roermond",Roermond,2026-09-11,klantadviseur,nee,https://nl.linkedin.com/jobs/view/prada-client-advisor-roermond-at-bof-careers-4464851884,https://www.linkedin.com/company/bof-careers,4464851884
Bolsius | B Corp™,Customer Service Specialist (B2B),Schijndel,2026-08-20,customer service,nee,https://nl.linkedin.com/jobs/view/customer-service-specialist-b2b-at-bolsius-b-corp%E2%84%A2-4454107329,https://nl.linkedin.com/company/bolsiusgroup,4454107329
Booston.io,Medewerker Verkoop Binnendienst,Ittervoort,2026-09-21,orderverwerking medewerker,nee,https://nl.linkedin.com/jobs/view/medewerker-verkoop-binnendienst-at-booston-io-4468718733,https://nl.linkedin.com/company/booston,4468718733
Booston.io,Commercieel Medewerker Binnendienst Helmacab Gorinchem (rechtstreeks contract),Schelluinen,2026-09-21,orderverwerking medewerker,nee,https://nl.linkedin.com/jobs/view/commercieel-medewerker-binnendienst-helmacab-gorinchem-rechtstreeks-contract-at-booston-io-4468721775,https://nl.linkedin.com/company/booston,4468721775
BOSKA Food Tools,Medewerker klantenservice,Bodegraven,2026-09-14,e-commerce medewerker,nee,https://nl.linkedin.com/jobs/view/medewerker-klantenservice-at-boska-food-tools-4467034939,https://nl.linkedin.com/company/boska-holland,4467034939
Breville | Sage,Beanz EU Co-ordinator,Amsterdam,2026-08-26,e-commerce medewerker,nee,https://nl.linkedin.com/jobs/view/beanz-eu-co-ordinator-at-breville-sage-4459164905,https://au.linkedin.com/company/breville-group,4459164905
BridgeFund,Customer Service Representative,Amsterdam,2026-09-09,customer service,nee,https://nl.linkedin.com/jobs/view/customer-service-representative-at-bridgefund-4445916609,https://nl.linkedin.com/company/bridgefund,4445916609
Brighteq,Medior frontend developer,Utrecht Area,2026-08-01,webshop medewerker,nee,https://nl.linkedin.com/jobs/view/medior-frontend-developer-at-brighteq-4447616074,https://nl.linkedin.com/company/brighteq,4447616074
Brightways - Marketplace Accelerators,Marketplace Manager Amazon &amp; Bol Focused - Client Facing,Rotterdam,2026-09-15,e-commerce medewerker,nee,https://nl.linkedin.com/jobs/view/marketplace-manager-amazon-bol-focused-client-facing-at-brightways-marketplace-accelerators-4464543208,https://nl.linkedin.com/company/brightways-agency,4464543208
Brink's Solutions Nederland,Customer Success Agent (32-40 uur),"Utrecht, Nederland",2026-09-08,customer service,nee,https://nl.linkedin.com/jobs/view/customer-success-agent-32-40-uur-at-brink-s-solutions-nederland-4462295963,https://nl.linkedin.com/company/brinksnl,4462295963
Brivo,Customer Care Receptionist,Amsterdam,2026-09-18,customer service,nee,https://nl.linkedin.com/jobs/view/customer-care-receptionist-at-brivo-4466671816,https://www.linkedin.com/company/brivo-inc,4466671816
Brocacef,IT Business Product Support,"Utrecht, Nederland",2026-08-31,support medewerker webshop,nee,https://nl.linkedin.com/jobs/view/it-business-product-support-at-brocacef-4449997983,https://nl.linkedin.com/company/brocacef,4449997983
Brother International (Nederland) BV,Medewerker Sales Support,Amstelveen,2026-09-10,orderverwerking medewerker,nee,https://nl.linkedin.com/jobs/view/medewerker-sales-support-at-brother-international-nederland-bv-4465818043,https://nl.linkedin.com/company/brothernl,4465818043
Bruynzeel Keukens,Keukenadviseur Rotterdam Alexandrium,Rotterdam,2026-08-28,klantadviseur,nee,https://nl.linkedin.com/jobs/view/keukenadviseur-rotterdam-alexandrium-at-bruynzeel-keukens-4458075472,https://nl.linkedin.com/company/bruynzeel-keukens-bv,4458075472
Bruynzeel Keukens,Keukenadviseur Barendrecht,Barendrecht,2026-08-28,klantadviseur,nee,https://nl.linkedin.com/jobs/view/keukenadviseur-barendrecht-at-bruynzeel-keukens-4458062574,https://nl.linkedin.com/company/bruynzeel-keukens-bv,4458062574
Bruynzeel Keukens,Klantbegeleider Retail,Bergen op Zoom,2026-09-15,klantadviseur,nee,https://nl.linkedin.com/jobs/view/klantbegeleider-retail-at-bruynzeel-keukens-4458070511,https://nl.linkedin.com/company/bruynzeel-keukens-bv,4458070511
BTE Nederland B.V.,Medewerker Verkoop Binnendienst,Heumen,2026-09-01,orderverwerking medewerker,nee,https://nl.linkedin.com/jobs/view/medewerker-verkoop-binnendienst-at-bte-nederland-b-v-4460632832,https://nl.linkedin.com/company/bte-nederland-b-v-,4460632832
Bugaboo Group,Growth Content &amp; Product Data Specialist,Amsterdam,2026-09-18,e-commerce medewerker,nee,https://nl.linkedin.com/jobs/view/growth-content-product-data-specialist-at-bugaboo-group-4466683442,https://www.linkedin.com/company/bugaboo-group,4466683442
Burger Support BV,Information Centre &amp; E-commerce Coördinator,Lelystad,2026-09-02,support medewerker webshop,nee,https://nl.linkedin.com/jobs/view/information-centre-e-commerce-co%C3%B6rdinator-at-burger-support-bv-4462191006,https://nl.linkedin.com/company/burgersupport,4462191006
Burger Support BV,Technisch Sales Support Medewerker,Almere,2026-09-15,orderverwerking medewerker,nee,https://nl.linkedin.com/jobs/view/technisch-sales-support-medewerker-at-burger-support-bv-4467736566,https://nl.linkedin.com/company/burgersupport,4467736566
BUX,Customer Support Representative (Nederlandstalig),Amsterdam,2026-09-08,customer service,nee,https://nl.linkedin.com/jobs/view/customer-support-representative-nederlandstalig-at-bux-4452360388,https://nl.linkedin.com/company/bux,4452360388
BUX,Customer Support Representative (deutschsprachig),Amsterdam,2026-09-08,customer service,nee,https://nl.linkedin.com/jobs/view/customer-support-representative-deutschsprachig-at-bux-4463286894,https://nl.linkedin.com/company/bux,4463286894
BYZZ,Commercieel Medewerker binnendienst (jr),Leusden,2026-08-31,orderverwerking medewerker,nee,https://nl.linkedin.com/jobs/view/commercieel-medewerker-binnendienst-jr-at-byzz-4461066818,https://nl.linkedin.com/company/byzz,4461066818
Cabau Lifestyle,CRO Specialist,Arnhem,2026-08-21,e-commerce medewerker,ja,https://nl.linkedin.com/jobs/view/cro-specialist-at-cabau-lifestyle-4457305819,https://nl.linkedin.com/company/cabau-lifestyle,4457305819
Cable Partners B.V.,Ervaren medewerker verkoop binnendienst,Roosendaal,2026-08-04,orderverwerking medewerker,nee,https://nl.linkedin.com/jobs/view/ervaren-medewerker-verkoop-binnendienst-at-cable-partners-b-v-4448300405,https://nl.linkedin.com/company/cable-partners-b.v.,4448300405
Cadmes,Senior Customer Care medewerker,'s-Hertogenbosch,2026-09-21,klantadviseur,nee,https://nl.linkedin.com/jobs/view/senior-customer-care-medewerker-at-cadmes-4366756757,https://nl.linkedin.com/company/cadmes,4366756757
Camfil Nederland,E-Commerce &amp; Digital Operations Specialist,Ede,2026-09-22,e-commerce medewerker,nee,https://nl.linkedin.com/jobs/view/e-commerce-digital-operations-specialist-at-camfil-nederland-4468577637,https://nl.linkedin.com/company/camfil-nederland,4468577637
Carhartt EMEA/PAC,Customer Operations Associate,Amsterdam,2026-09-07,e-commerce medewerker,nee,https://nl.linkedin.com/jobs/view/customer-operations-associate-at-carhartt-emea-pac-4461885185,https://nl.linkedin.com/company/carhartt-emea-apac,4461885185
Cartier,Client Advisor - Greek and Italian,Amsterdam,2026-09-18,klantadviseur,nee,https://nl.linkedin.com/jobs/view/client-advisor-greek-and-italian-at-cartier-4449738381,https://ch.linkedin.com/company/cartier,4449738381
Cartouche Fashion,E-commerce &amp; Social Media Specialist Cartouche Fashion,Bodegraven,2026-09-09,e-commerce medewerker,nee,,,4465011645
CAVALLARO NAPOLI,Online Merchandiser,Haarlem,2026-09-08,e-commerce medewerker,nee,https://nl.linkedin.com/jobs/view/online-merchandiser-at-cavallaro-napoli-4452705820,https://nl.linkedin.com/company/cavallaro-fashion,4452705820
CCL Solar Benelux,Logistics Coordinator,Houten,2026-09-07,orderverwerking medewerker,nee,https://nl.linkedin.com/jobs/view/logistics-coordinator-at-ccl-solar-benelux-4464385834,https://nl.linkedin.com/company/ccl-solar-bv,4464385834
Cemex B.V.,Commercieel medewerker,Bleiswijk,2026-09-19,orderverwerking medewerker,nee,https://nl.linkedin.com/jobs/view/commercieel-medewerker-at-cemex-b-v-4464548001,https://nl.linkedin.com/company/cemexbv,4464548001
CEVA Logistics,Customer Service Employee,Waalwijk,2026-09-15,e-commerce medewerker,nee,https://nl.linkedin.com/jobs/view/customer-service-employee-at-ceva-logistics-4465521742,https://fr.linkedin.com/company/ceva-logistics,4465521742
CEVA Logistics,Sales Support Executive,Nijmegen,2026-09-22,e-commerce medewerker,nee,https://nl.linkedin.com/jobs/view/sales-support-executive-at-ceva-logistics-4468572747,https://fr.linkedin.com/company/ceva-logistics,4468572747
Change,Klantenservice medewerker E-commerce (Duitstalig) - Change (20 Juli),Rotterdam,2026-08-13,e-commerce medewerker,nee,https://nl.linkedin.com/jobs/view/klantenservice-medewerker-e-commerce-duitstalig-change-20-juli-at-change-4462953158,https://nl.linkedin.com/company/change-cx,4462953158
Change,Klantenservice medewerker E-commerce Frans/Vlaams - Change,Rotterdam,2026-09-10,e-commerce medewerker,nee,https://nl.linkedin.com/jobs/view/klantenservice-medewerker-e-commerce-frans-vlaams-change-at-change-4462959103,https://nl.linkedin.com/company/change-cx,4462959103
Channable,Technischer Kundensupport DACH - Deutschsprachig,Utrecht,2026-09-10,support medewerker webshop,nee,https://nl.linkedin.com/jobs/view/technischer-kundensupport-dach-deutschsprachig-at-channable-4455674522,https://nl.linkedin.com/company/channable,4455674522
Channable,Technical Customer Support - Nederlands sprekend,Utrecht,2026-09-14,e-commerce medewerker,nee,https://nl.linkedin.com/jobs/view/technical-customer-support-nederlands-sprekend-at-channable-4465793230,https://nl.linkedin.com/company/channable,4465793230
Channable,Technical Customer Support Benelux - Dutch speaking,Utrecht,2026-09-18,e-commerce medewerker,nee,https://nl.linkedin.com/jobs/view/technical-customer-support-benelux-dutch-speaking-at-channable-4458970254,https://nl.linkedin.com/company/channable,4458970254
ChannelEngine,Implementation Specialist,Leiden,2026-08-24,e-commerce medewerker,nee,https://nl.linkedin.com/jobs/view/implementation-specialist-at-channelengine-4455857973,https://nl.linkedin.com/company/channelengine,4455857973
ChannelMojo,Marketplaces Specialist,Amsterdam,2026-07-27,e-commerce medewerker,nee,https://nl.linkedin.com/jobs/view/marketplaces-specialist-at-channelmojo-4442829773,https://nl.linkedin.com/company/channelmojo,4442829773
ChannelMojo,Marketplaces Content Specialist,Amsterdam,2026-07-27,e-commerce medewerker,nee,https://nl.linkedin.com/jobs/view/marketplaces-content-specialist-at-channelmojo-4442849613,https://nl.linkedin.com/company/channelmojo,4442849613
ChannelMojo,Marketplace Ads Specialist,Amsterdam,2026-07-27,e-commerce medewerker,nee,https://nl.linkedin.com/jobs/view/marketplace-ads-specialist-at-channelmojo-4442849612,https://nl.linkedin.com/company/channelmojo,4442849612
Cleve &amp; Zonen,Medewerker Customer Service,Rotterdam,2026-03-02,customer service,nee,https://nl.linkedin.com/jobs/view/medewerker-customer-service-at-cleve-zonen-4378820855,https://nl.linkedin.com/company/cleve-zonen-b-v-,4378820855
Cleve &amp; Zonen,Commercieel medewerker,Rotterdam,2026-08-05,orderverwerking medewerker,nee,https://nl.linkedin.com/jobs/view/commercieel-medewerker-at-cleve-zonen-4449478947,https://nl.linkedin.com/company/cleve-zonen-b-v-,4449478947
Cleve &amp; Zonen,Customer Service Medewerker,Rotterdam,2026-08-21,customer service,nee,https://nl.linkedin.com/jobs/view/customer-service-medewerker-at-cleve-zonen-4457524926,https://nl.linkedin.com/company/cleve-zonen-b-v-,4457524926
Cleverbase,Front Desk Employee,Den Haag,2026-07-23,customer service,nee,https://nl.linkedin.com/jobs/view/front-desk-employee-at-cleverbase-4444435854,https://nl.linkedin.com/company/cleverbase,4444435854
Cloudpillo,Klantenservice Medewerker - Duits / Engels,'s-Hertogenbosch,2026-09-14,customer service,nee,https://nl.linkedin.com/jobs/view/klantenservice-medewerker-duits-engels-at-cloudpillo-4446056309,https://www.linkedin.com/company/cloudpillo,4446056309
ClubCollect,Customer Support Representative,Assen,2025-10-26,customer service,nee,https://nl.linkedin.com/jobs/view/customer-support-representative-at-clubcollect-4317637159,https://nl.linkedin.com/company/clubcollect,4317637159
Colliers,Customer Support Specialist,Nieuwegein,2026-09-08,customer service,nee,https://nl.linkedin.com/jobs/view/customer-support-specialist-at-colliers-4464492902,https://ca.linkedin.com/company/colliers,4464492902
Commaxx Group,ONLINE MARKETEER (WEBSHOP SPECIALIST) - COMMAXX KERKRADE,Kerkrade,2026-08-05,e-commerce medewerker,nee,https://nl.linkedin.com/jobs/view/online-marketeer-webshop-specialist-commaxx-kerkrade-at-commaxx-group-4449483048,https://nl.linkedin.com/company/commaxxgroup,4449483048
Commaxx Group,ONLINE MARKETEER (AMAZON SPECIALIST) - COMMAXX KERKRADE,Kerkrade,2026-08-05,e-commerce medewerker,nee,https://nl.linkedin.com/jobs/view/online-marketeer-amazon-specialist-commaxx-kerkrade-at-commaxx-group-4449463945,https://nl.linkedin.com/company/commaxxgroup,4449463945
Commaxx Group,ONLINE MARKETEER (32-40 UUR),Kerkrade,2026-08-05,e-commerce medewerker,nee,https://nl.linkedin.com/jobs/view/online-marketeer-32-40-uur-at-commaxx-group-4449472618,https://nl.linkedin.com/company/commaxxgroup,4449472618
Concentrix,"Klantenservicemedewerker BMW Financial - Rijswijk - Maandsalaris van 2457,60",Rijswijk,2026-09-03,klantadviseur,nee,https://nl.linkedin.com/jobs/view/klantenservicemedewerker-bmw-financial-rijswijk-maandsalaris-van-2457-60-at-concentrix-4460740574,https://www.linkedin.com/company/concentrix,4460740574
Concentrix,Klantenservicemedewerker BMW Customer Service - Rijswijk,Rijswijk,2026-09-07,customer service,nee,https://nl.linkedin.com/jobs/view/klantenservicemedewerker-bmw-customer-service-rijswijk-at-concentrix-4462215965,https://www.linkedin.com/company/concentrix,4462215965
Convatec,Patient Support Specialist - Dutch Speaker,Utrecht,2026-09-08,klantadviseur,nee,https://nl.linkedin.com/jobs/view/patient-support-specialist-dutch-speaker-at-convatec-4455755288,https://uk.linkedin.com/company/convatec,4455755288
Coolblue,Klantenservice Medewerker,Rotterdam,2026-06-04,customer service,nee,https://nl.linkedin.com/jobs/view/klantenservice-medewerker-at-coolblue-4423516106,https://nl.linkedin.com/company/coolblue,4423516106
Coolblue,Product Journey Manager,Rotterdam,2026-06-04,e-commerce medewerker,nee,https://nl.linkedin.com/jobs/view/product-journey-manager-at-coolblue-4423506689,https://nl.linkedin.com/company/coolblue,4423506689
Coolblue,Customer Service Representative German Speaking,Rotterdam,2026-07-03,customer service,nee,https://nl.linkedin.com/jobs/view/customer-service-representative-german-speaking-at-coolblue-4436465660,https://nl.linkedin.com/company/coolblue,4436465660
Coolblue,Klantenservice Medewerker Duitstalig,Rotterdam,2026-07-03,klantadviseur,nee,https://nl.linkedin.com/jobs/view/klantenservice-medewerker-duitstalig-at-coolblue-4436467569,https://nl.linkedin.com/company/coolblue,4436467569
Coolblue,Owner Marketplaces,Rotterdam,2026-09-11,e-commerce medewerker,nee,https://nl.linkedin.com/jobs/view/owner-marketplaces-at-coolblue-4466017537,https://nl.linkedin.com/company/coolblue,4466017537
Copaco,E-commerce specialist,Eindhoven,2026-09-08,e-commerce medewerker,nee,https://nl.linkedin.com/jobs/view/e-commerce-specialist-at-copaco-4462296506,https://nl.linkedin.com/company/copaco,4462296506
Corendon Hotels &amp; Resorts,Front Office Associate - Corendon Amsterdam New West,Amsterdam,2026-08-25,customer service,nee,https://nl.linkedin.com/jobs/view/front-office-associate-corendon-amsterdam-new-west-at-corendon-hotels-resorts-4458759775,https://nl.linkedin.com/company/corendon-hotels,4458759775
Corendon Hotels &amp; Resorts,Front Office Associate - Residence Inn by Marriott,Amsterdam,2026-09-21,customer service,nee,https://nl.linkedin.com/jobs/view/front-office-associate-residence-inn-by-marriott-at-corendon-hotels-resorts-4469860465,https://nl.linkedin.com/company/corendon-hotels,4469860465
CWS Hygiene Nederland,Medewerker customer care | 32-40 uur,Den Bosch,2026-08-28,customer service,nee,https://nl.linkedin.com/jobs/view/medewerker-customer-care-32-40-uur-at-cws-hygiene-nederland-4460301689,https://nl.linkedin.com/company/cws-nederland,4460301689
CycleSoftware,Servicemedewerker,Nistelrode,2026-07-29,support medewerker webshop,nee,https://nl.linkedin.com/jobs/view/servicemedewerker-at-cyclesoftware-4446816034,https://nl.linkedin.com/company/cyclesoftware,4446816034
D2-PC,Servicedesk medewerker,Utrecht Area,2026-07-21,support medewerker webshop,nee,https://nl.linkedin.com/jobs/view/servicedesk-medewerker-at-d2-pc-4443524720,https://nl.linkedin.com/company/d2-pc,4443524720
Dawn Foods Global,Customer Service Employee,Vlaardingen,2026-09-08,klantadviseur,nee,https://nl.linkedin.com/jobs/view/customer-service-employee-at-dawn-foods-global-4462503620,https://www.linkedin.com/company/dawn-food-products,4462503620
de Bijenkorf,Data Entry Medewerker E-commerce,Amsterdam,2026-09-05,orderverwerking medewerker,nee,https://nl.linkedin.com/jobs/view/data-entry-medewerker-e-commerce-at-de-bijenkorf-4463778700,https://nl.linkedin.com/company/de-bijenkorf,4463778700
de Bijenkorf,Product Informatie Specialist,Amsterdam,2026-09-11,e-commerce medewerker,nee,https://nl.linkedin.com/jobs/view/product-informatie-specialist-at-de-bijenkorf-4466066465,https://nl.linkedin.com/company/de-bijenkorf,4466066465
de Bijenkorf,Medewerker Services,Amsterdam,2026-09-16,customer service,nee,https://nl.linkedin.com/jobs/view/medewerker-services-at-de-bijenkorf-4468247745,https://nl.linkedin.com/company/de-bijenkorf,4468247745
de Bijenkorf,Senior Medewerker Klantenservice,Amsterdam,2026-09-21,customer service,nee,https://nl.linkedin.com/jobs/view/senior-medewerker-klantenservice-at-de-bijenkorf-4433891476,https://nl.linkedin.com/company/de-bijenkorf,4433891476
De Haan IT,Servicedeskmedewerker / Klantenservice medewerker ICT / Application Service Engineer,Almere,2026-09-14,support medewerker webshop,nee,https://nl.linkedin.com/jobs/view/servicedeskmedewerker-klantenservice-medewerker-ict-application-service-engineer-at-de-haan-it-4467062948,https://nl.linkedin.com/company/de-haan-b.v.,4467062948
De Klok Banden B.V.,Meewerkend Voorman E-commerce,Oud-Beijerland,2026-09-14,e-commerce medewerker,nee,https://nl.linkedin.com/jobs/view/meewerkend-voorman-e-commerce-at-de-klok-banden-b-v-4467059030,https://nl.linkedin.com/company/de-klok-banden-b-v-,4467059030
De L'Europe,Guest Service Agent (0-uren),Amsterdam,2026-09-08,customer service,nee,https://nl.linkedin.com/jobs/view/guest-service-agent-0-uren-at-de-l-europe-amsterdam-4452581166,https://nl.linkedin.com/company/hotel-de-leurope,4452581166
De L'Europe,Guest Service Agent,Amsterdam,2026-09-09,customer service,nee,https://nl.linkedin.com/jobs/view/guest-service-agent-at-de-l-europe-amsterdam-4455732694,https://nl.linkedin.com/company/hotel-de-leurope,4455732694
De Wit B.V.,Administratief commercieel medewerker,Helmond,2026-09-22,orderverwerking medewerker,nee,https://nl.linkedin.com/jobs/view/administratief-commercieel-medewerker-at-de-wit-b-v-4468707838,https://nl.linkedin.com/company/de-wit-b-v-,4468707838
Decent,Marketplace Manager,Dordrecht,2026-09-06,e-commerce medewerker,nee,https://nl.linkedin.com/jobs/view/marketplace-manager-at-decent-4462673285,https://nl.linkedin.com/company/decentrecruitment,4462673285
DeJong Cheese - Alphenaer,Medewerker Customer Service met een focus op planning en/of inkoop (40 uur),Alphen,2026-07-21,orderverwerking medewerker,nee,https://nl.linkedin.com/jobs/view/medewerker-customer-service-met-een-focus-op-planning-en-of-inkoop-40-uur-at-dejong-cheese-alphenaer-4440454450,https://nl.linkedin.com/company/dejong-cheese,4440454450
DeJong Cheese - Alphenaer,E-commerce Medewerker (24 uur),Alphen,2026-07-28,e-commerce medewerker,nee,https://nl.linkedin.com/jobs/view/e-commerce-medewerker-24-uur-at-dejong-cheese-alphenaer-4446156538,https://nl.linkedin.com/company/dejong-cheese,4446156538
Del Monte Corporation,Back office medewerker,Rotterdam,2026-08-11,orderverwerking medewerker,nee,https://nl.linkedin.com/jobs/view/back-office-medewerker-at-del-monte-corporation-4429641720,https://www.linkedin.com/company/delmontecorporation,4429641720
Deloox,Customer Care Medewerker,Eindhoven,2026-06-04,customer service,nee,https://nl.linkedin.com/jobs/view/customer-care-medewerker-at-deloox-4420161438,https://nl.linkedin.com/company/deloox,4420161438
Delta Electronics EMEA,Logistics Specialist,Hoofddorp,2026-09-04,orderverwerking medewerker,nee,https://nl.linkedin.com/jobs/view/logistics-specialist-at-delta-electronics-emea-4460258045,https://nl.linkedin.com/company/delta-electronics-emea,4460258045
Dentalair,MEDEWERKER WEBSHOP &amp; SUPPORT,Dordrecht,2026-09-04,e-commerce medewerker,nee,https://nl.linkedin.com/jobs/view/medewerker-webshop-support-at-dentalair-4461970298,https://nl.linkedin.com/company/dentalair,4461970298
Deponti,Customer Service Medewerker – 32-40 uur | Oss,Oss,2026-07-03,customer service,nee,https://nl.linkedin.com/jobs/view/customer-service-medewerker-%E2%80%93-32-40-uur-oss-at-deponti-4433144047,https://nl.linkedin.com/company/deponti,4433144047
DETEC Beveiliging,Klantenservice medewerker,Purmerend,2025-12-12,customer service,nee,https://nl.linkedin.com/jobs/view/klantenservice-medewerker-at-detec-beveiliging-4330525254,https://nl.linkedin.com/company/detecbeveiliging,4330525254
DHL eCommerce Nederland,PHP Developer E-Commerce,Utrecht,2026-08-06,webshop medewerker,nee,https://nl.linkedin.com/jobs/view/php-developer-e-commerce-at-dhl-ecommerce-nederland-4450281046,https://nl.linkedin.com/company/dhlecommercenederland,4450281046
DHL eCommerce Nederland,Sales Support Medewerker,Utrecht,2026-08-12,e-commerce medewerker,nee,https://nl.linkedin.com/jobs/view/sales-support-medewerker-at-dhl-ecommerce-nederland-4453344942,https://nl.linkedin.com/company/dhlecommercenederland,4453344942
DHL Freight,Customer Service Representative,Eindhoven,2026-07-21,klantadviseur,nee,https://nl.linkedin.com/jobs/view/customer-service-representative-at-dhl-freight-4442110121,https://de.linkedin.com/company/dhl-freight,4442110121
DHL Freight,Customer Service Representative,Eindhoven,2026-09-03,klantadviseur,nee,https://nl.linkedin.com/jobs/view/customer-service-representative-at-dhl-freight-4461763311,https://de.linkedin.com/company/dhl-freight,4461763311
"DHOMUS | partner voor keukens, sanitair &amp; tegels",Senior Medewerker Orderverwerking Keukens,Waardenburg,2026-05-08,orderverwerking medewerker,nee,https://nl.linkedin.com/jobs/view/senior-medewerker-orderverwerking-keukens-at-dhomus-partner-for-kitchens-sanitary-ware-tiles-4422415657,https://nl.linkedin.com/company/dhomus,4422415657
Dimplex Consumer Products,Customer Experience Representative,Heerenveen,2026-09-14,customer service,nee,https://nl.linkedin.com/jobs/view/customer-experience-representative-at-dimplex-consumer-products-4467074522,https://uk.linkedin.com/company/dimplexconsumerproducts,4467074522
Dirk Rossmann GmbH,Operativer Einkäufer (m/w/d) eCommerce ROSSMANN-Apotheke B.V.,Emmen,2026-09-12,e-commerce medewerker,nee,https://nl.linkedin.com/jobs/view/operativer-eink%C3%A4ufer-m-w-d-ecommerce-rossmann-apotheke-b-v-at-dirk-rossmann-gmbh-4457339910,https://de.linkedin.com/company/dirk-rossmann-gmbh,4457339910
Dirk van den Broek,Medewerker Klantenservice en Servicedesk,Alphen aan den Rijn,2026-09-17,support medewerker webshop,nee,https://nl.linkedin.com/jobs/view/medewerker-klantenservice-en-servicedesk-at-dirk-van-den-broek-4467506639,https://nl.linkedin.com/company/dirk-van-den-broek,4467506639
DO IT Organic (B Corp™),Customer Service and Sales Assistant,Barneveld,2026-08-19,e-commerce medewerker,nee,https://nl.linkedin.com/jobs/view/customer-service-and-sales-assistant-at-do-it-organic-b-corp%E2%84%A2-4455460040,https://nl.linkedin.com/company/doitorganic,4455460040
DO IT Organic (B Corp™),Customer Service en Sales Assistant,Barneveld,2026-08-19,e-commerce medewerker,nee,https://nl.linkedin.com/jobs/view/customer-service-en-sales-assistant-at-do-it-organic-b-corp%E2%84%A2-4455466008,https://nl.linkedin.com/company/doitorganic,4455466008
DogSuppy,Growth Associate,Amsterdam,2026-08-21,e-commerce medewerker,ja,https://nl.linkedin.com/jobs/view/growth-associate-at-dogsuppy-4457343940,https://nl.linkedin.com/company/dogsuppy,4457343940
DPA Professionals,"Klantadviseur Banken, Verzekeringen &amp; Pensioenen",Amsterdam,2026-08-31,klantadviseur,nee,https://nl.linkedin.com/jobs/view/klantadviseur-banken-verzekeringen-pensioenen-at-dpa-professionals-4460027968,https://nl.linkedin.com/company/dpa-professionals,4460027968
DPA Professionals,Allround Klantadviseur Bankwezen,Utrecht,2026-09-15,klantadviseur,nee,https://nl.linkedin.com/jobs/view/allround-klantadviseur-bankwezen-at-dpa-professionals-4456896704,https://nl.linkedin.com/company/dpa-professionals,4456896704
DPA Professionals,"Klantadviseur Banken, Verzekeringen &amp; Pensioenen",Utrecht,2026-09-21,klantadviseur,nee,https://nl.linkedin.com/jobs/view/klantadviseur-banken-verzekeringen-pensioenen-at-dpa-professionals-4460039157,https://nl.linkedin.com/company/dpa-professionals,4460039157
Drukwerkdeal,Customer Care Specialist/ Klantenservice medewerker,Deventer,2026-09-05,support medewerker webshop,nee,https://nl.linkedin.com/jobs/view/customer-care-specialist-klantenservice-medewerker-at-drukwerkdeal-4435854127,https://nl.linkedin.com/company/drukwerkdeal,4435854127
DSV - Global Transport and Logistics,Customer Care &amp; Support Dutch/ French-speaking,Moerdijk,2026-09-05,customer service,nee,https://nl.linkedin.com/jobs/view/customer-care-support-dutch-french-speaking-at-dsv-global-transport-and-logistics-4435215896,https://dk.linkedin.com/company/dsv,4435215896
DSV - Global Transport and Logistics,Customer Care &amp; Support Nederlands-Franstalig,Moerdijk,2026-09-05,customer service,nee,https://nl.linkedin.com/jobs/view/customer-care-support-nederlands-franstalig-at-dsv-global-transport-and-logistics-4435230329,https://dk.linkedin.com/company/dsv,4435230329
DSV - Global Transport and Logistics,Customer Service Representative Parcel,Maastricht-Airport,2026-09-08,customer service,nee,https://nl.linkedin.com/jobs/view/customer-service-representative-parcel-at-dsv-global-transport-and-logistics-4463509747,https://dk.linkedin.com/company/dsv,4463509747
DSV - Global Transport and Logistics,Customer Service Representative Parcel,Maastricht-Airport,2026-09-08,customer service,nee,https://nl.linkedin.com/jobs/view/customer-service-representative-parcel-at-dsv-global-transport-and-logistics-4463505796,https://dk.linkedin.com/company/dsv,4463505796
DSV - Global Transport and Logistics,Customer Service Representative,Venlo,2026-09-21,customer service,nee,https://nl.linkedin.com/jobs/view/customer-service-representative-at-dsv-global-transport-and-logistics-4459798043,https://dk.linkedin.com/company/dsv,4459798043
dutchtel het enige transparante telecom bedrijf van Nederland,Klant adviseur Telecom,Breukelen,2026-08-09,klantadviseur,nee,https://nl.linkedin.com/jobs/view/klant-adviseur-telecom-at-dutchtel-4451324370,https://nl.linkedin.com/company/dutchtel,4451324370
Dutchwebdesign,Projectmanager e-commerce,Breda,2026-09-11,webshop medewerker,nee,https://nl.linkedin.com/jobs/view/projectmanager-e-commerce-at-dutchwebdesign-4466099708,https://nl.linkedin.com/company/dutchwebdesign,4466099708
Dutchwebdesign,Projectmanager e-commerce,Breda,2026-09-22,webshop medewerker,nee,https://nl.linkedin.com/jobs/view/projectmanager-e-commerce-at-dutchwebdesign-4470299147,https://nl.linkedin.com/company/dutchwebdesign,4470299147
DYKA Group,Baliemedewerker / Magazijnmedewerker | DYKA Weurt,Weurt,2026-05-19,orderverwerking medewerker,nee,https://nl.linkedin.com/jobs/view/baliemedewerker-magazijnmedewerker-dyka-weurt-at-dyka-group-4413300173,https://nl.linkedin.com/company/dykagroup,4413300173
DYKA Group,Baliemedewerker / Magazijnmedewerker | DYKA Eindhoven,Eindhoven,2026-05-22,orderverwerking medewerker,nee,https://nl.linkedin.com/jobs/view/baliemedewerker-magazijnmedewerker-dyka-eindhoven-at-dyka-group-4414311547,https://nl.linkedin.com/company/dykagroup,4414311547
e-Quest,Servicedeskmedewerker Breedband Helmond,Helmond,2026-08-04,support medewerker webshop,nee,https://nl.linkedin.com/jobs/view/servicedeskmedewerker-breedband-helmond-at-e-quest-4449071697,https://nl.linkedin.com/company/e-quest-automatisering,4449071697
E-WISE Nederland,Commercieel Medewerker Binnendienst (Inside Sales),Utrecht,2026-03-10,e-commerce medewerker,nee,https://nl.linkedin.com/jobs/view/commercieel-medewerker-binnendienst-inside-sales-at-e-wise-nederland-4382027982,https://nl.linkedin.com/company/e-wise_nederland,4382027982
Eastman,Customer Service Representative - Chemical Intermediates - German speaker,Rotterdam,2026-09-19,customer service,nee,https://nl.linkedin.com/jobs/view/customer-service-representative-chemical-intermediates-german-speaker-at-eastman-4440254476,https://www.linkedin.com/company/eastman,4440254476
Economy,Online marketeer in Delft,Delft,2026-06-06,e-commerce medewerker,nee,https://nl.linkedin.com/jobs/view/online-marketeer-in-delft-at-economy-4432302999,https://nl.linkedin.com/company/e-conomy,4432302999
Eddy Grid,Customer Success Manager - Customer Relations (Fluent Dutch Speaker),Utrecht,2026-09-18,klantadviseur,nee,https://nl.linkedin.com/jobs/view/customer-success-manager-customer-relations-fluent-dutch-speaker-at-eddy-grid-4466687118,https://nl.linkedin.com/company/eddy-grid,4466687118
efficy CRM,Customer Care Officer (Dutch speaker),Utrecht,2026-09-10,customer service,nee,https://nl.linkedin.com/jobs/view/customer-care-officer-dutch-speaker-at-efficy-crm-4463431909,https://be.linkedin.com/company/efficy,4463431909
efficy Group,Customer Care Officer L1 (Nederlandstalig),Utrecht,2026-08-24,customer service,nee,https://nl.linkedin.com/jobs/view/customer-care-officer-l1-nederlandstalig-at-efficy-group-4450116544,https://be.linkedin.com/company/efficy-group,4450116544
efficy Group,Customer Care Officer (Dutch speaker),Utrecht,2026-09-07,customer service,nee,https://nl.linkedin.com/jobs/view/customer-care-officer-dutch-speaker-at-efficy-group-4452436527,https://be.linkedin.com/company/efficy-group,4452436527
Efulfilment Europe,Sales Support Medewerker,Almere,2026-05-08,e-commerce medewerker,nee,https://nl.linkedin.com/jobs/view/sales-support-medewerker-at-efulfilment-europe-4412126214,https://nl.linkedin.com/company/efulfilmenteu,4412126214
Efulfilment Europe,Customer Success Medewerker,Almere,2026-05-08,e-commerce medewerker,nee,https://nl.linkedin.com/jobs/view/customer-success-medewerker-at-efulfilment-europe-4412127084,https://nl.linkedin.com/company/efulfilmenteu,4412127084
Efulfilment Europe,Online Marketeer,Almere,2026-09-10,e-commerce medewerker,nee,https://nl.linkedin.com/jobs/view/online-marketeer-at-efulfilment-europe-4463494033,https://nl.linkedin.com/company/efulfilmenteu,4463494033
Elektramat B.V.,Klantenservice Medewerker,Almelo,2026-01-22,e-commerce medewerker,nee,https://nl.linkedin.com/jobs/view/klantenservice-medewerker-at-elektramat-b-v-4365287273,https://nl.linkedin.com/company/elektramat,4365287273
Elektramat B.V.,Merchandiser &amp; Search specialist,Enschede en omgeving,2026-03-28,e-commerce medewerker,nee,https://nl.linkedin.com/jobs/view/merchandiser-search-specialist-at-elektramat-b-v-4392006945,https://nl.linkedin.com/company/elektramat,4392006945
Elektrototaalmarkt,Klantenservicemedewerker,Nistelrode,2026-09-09,support medewerker webshop,nee,https://nl.linkedin.com/jobs/view/klantenservicemedewerker-at-elektrototaalmarkt-nl-4464498258,https://nl.linkedin.com/company/elektrototaalmarkt,4464498258
Elevation Group,Administratief Medewerker Inkoop,'s-Gravenhage,2026-09-08,orderverwerking medewerker,nee,https://nl.linkedin.com/jobs/view/administratief-medewerker-inkoop-at-elevation-group-4464623531,https://nl.linkedin.com/company/elevation-group-netherlands,4464623531
ennovationHUB,Senior Google Ads Specialist | International E-commerce | Remote ASAP,Nederland,2026-09-18,e-commerce medewerker,nee,https://nl.linkedin.com/jobs/view/senior-google-ads-specialist-international-e-commerce-remote-asap-at-ennovationhub-4469156300,https://uk.linkedin.com/company/ennovationhub,4469156300
ERIKS Netherlands,Medewerker Order Service Team,Alkmaar,2026-09-22,orderverwerking medewerker,nee,https://nl.linkedin.com/jobs/view/medewerker-order-service-team-at-eriks-netherlands-4470402866,https://nl.linkedin.com/company/eriks-nederland,4470402866
Essent,Klantadviseur Slim Energiegebruik,'s-Hertogenbosch,2026-09-20,klantadviseur,nee,https://nl.linkedin.com/jobs/view/klantadviseur-slim-energiegebruik-at-essent-4432654929,https://nl.linkedin.com/company/essent,4432654929
EssilorLuxottica,Optician - Customer Service Executive,Zevenaar,2026-09-05,customer service,nee,https://nl.linkedin.com/jobs/view/optician-customer-service-executive-at-essilorluxottica-4294584765,https://fr.linkedin.com/company/essilorluxottica,4294584765
Essity,Customer Facing &amp; Order Management Representative,Zeist,2026-08-28,customer service,nee,https://nl.linkedin.com/jobs/view/customer-facing-order-management-representative-at-essity-4458075797,https://se.linkedin.com/company/essity,4458075797
Euro Pizza Products,Business Support Medewerker,Amstelveen,2026-09-03,support medewerker webshop,nee,https://nl.linkedin.com/jobs/view/business-support-medewerker-at-euro-pizza-products-4462780476,https://nl.linkedin.com/company/euro-pizza-products,4462780476
Eurofins,Customer Support Medewerker,Amersfoort,2026-07-09,customer service,nee,https://nl.linkedin.com/jobs/view/customer-support-medewerker-at-eurofins-4438595647,https://lu.linkedin.com/company/eurofins,4438595647
Europe Cycle Company,Klantenservice/Aftersales,Aalsmeer,2025-12-03,customer service,nee,https://nl.linkedin.com/jobs/view/klantenservice-aftersales-at-europe-cycle-company-4341551459,https://nl.linkedin.com/company/europe-cycle-company,4341551459
Evers Kassasystemen bv,Junior Support Medewerker,'s-Hertogenbosch,2026-08-27,support medewerker webshop,nee,https://nl.linkedin.com/jobs/view/junior-support-medewerker-at-evers-kassasystemen-bv-4457744746,https://nl.linkedin.com/company/evers-kassasystemen-bv,4457744746
Evoke,Customer Service Specialist,Geleen,2026-09-18,orderverwerking medewerker,nee,https://nl.linkedin.com/jobs/view/customer-service-specialist-at-evoke-4467898800,https://nl.linkedin.com/company/evokestaffing,4467898800
Farm Frites,Customer Service Medewerker,"Zuid-Holland, Nederland",2026-09-19,customer service,nee,https://nl.linkedin.com/jobs/view/customer-service-medewerker-at-farm-frites-4441375026,https://nl.linkedin.com/company/farm-frites,4441375026
Fashion Cloud,Product Success Manager - EDI,Amsterdam,2026-08-10,support medewerker webshop,nee,https://nl.linkedin.com/jobs/view/product-success-manager-edi-at-fashion-cloud-4451568032,https://de.linkedin.com/company/fashioncloud,4451568032
Ferdinand Zandbergen B.V.,Sales Support Medewerker,Woudenberg,2026-09-09,orderverwerking medewerker,nee,https://nl.linkedin.com/jobs/view/sales-support-medewerker-at-ferdinand-zandbergen-b-v-4465051599,https://nl.linkedin.com/company/ferdinand-zandbergen-bv-international-meat,4465051599
Fidus,Adviseur Particuliere Verzekeringen,Huizen,2026-09-03,klantadviseur,nee,https://nl.linkedin.com/jobs/view/adviseur-particuliere-verzekeringen-at-fidus-4450704441,https://nl.linkedin.com/company/fidusnl,4450704441
Figo Pet Nederland,Conseiller(ère) clientèle,Amsterdam Area,2026-09-16,klantadviseur,nee,https://nl.linkedin.com/jobs/view/conseiller-%C3%A8re-client%C3%A8le-at-figo-pet-nederland-4466866292,https://nl.linkedin.com/company/figopetnl,4466866292
Fixami,Franse Customer Service Medewerker,Tilburg,2026-07-28,support medewerker webshop,nee,https://nl.linkedin.com/jobs/view/franse-customer-service-medewerker-at-fixami-4445449934,https://nl.linkedin.com/company/fixami,4445449934
Flatline Agency ™️,eCommerce Manager,Amsterdam,2026-02-13,support medewerker webshop,nee,https://nl.linkedin.com/jobs/view/ecommerce-manager-at-flatline-agency-%E2%84%A2%EF%B8%8F-4364123125,https://nl.linkedin.com/company/flatline-agency,4364123125
Flatline Agency ™️,Shopify Consultant,Amsterdam,2026-07-28,support medewerker webshop,nee,https://nl.linkedin.com/jobs/view/shopify-consultant-at-flatline-agency-%E2%84%A2%EF%B8%8F-4445412861,https://nl.linkedin.com/company/flatline-agency,4445412861
Flatpay,Customer Support Agent,Amsterdam,2026-09-05,customer service,nee,https://nl.linkedin.com/jobs/view/customer-support-agent-at-flatpay-4454509382,https://dk.linkedin.com/company/flatpayaps,4454509382
Fleetport.nl,Klantenservice medewerker (Pooldesk),Bleiswijk,2026-07-30,customer service,nee,https://nl.linkedin.com/jobs/view/klantenservice-medewerker-pooldesk-at-fleetport-nl-4446464750,https://nl.linkedin.com/company/fleetport-nl,4446464750
Flitsmeister,Customer Support Specialist,Veenendaal,2026-09-09,customer service,nee,https://nl.linkedin.com/jobs/view/customer-support-specialist-at-flitsmeister-4445733076,https://nl.linkedin.com/company/flitsmeister,4445733076
Flokk Nederland,Customer service medewerker Benelux,Rotterdam,2026-07-27,customer service,nee,https://nl.linkedin.com/jobs/view/customer-service-medewerker-benelux-at-flokk-nederland-4445900924,https://nl.linkedin.com/company/flokk-nederland,4445900924
FOOX Bergsma Franeker BV,Binnendienst Medewerker Webshop Foods &amp; Goods - (fulltime),Franeker,2026-09-17,orderverwerking medewerker,nee,https://nl.linkedin.com/jobs/view/binnendienst-medewerker-webshop-foods-goods-fulltime-at-foox-bergsma-franeker-bv-4468637112,https://nl.linkedin.com/company/foox-bergsma-franeker-bv,4468637112
Fortifi Food Processing Solutions,Customer Service Representative,Huizen,2026-09-18,customer service,nee,https://nl.linkedin.com/jobs/view/customer-service-representative-at-fortifi-food-processing-solutions-4466224666,https://www.linkedin.com/company/fortififoodsolutions,4466224666
Foxelli Group,Email Marketing Specialist| DTC E-commerce | 100% Remote EU,Amsterdam Area,2026-07-31,e-commerce medewerker,nee,https://nl.linkedin.com/jobs/view/email-marketing-specialist-dtc-e-commerce-100%25-remote-eu-at-foxelli-group-4447525692,https://nl.linkedin.com/company/foxelli-group,4447525692
French Selection (FS),Dutch Speaking Customer Experience Representative,Eindhoven,2026-09-10,customer service,nee,https://nl.linkedin.com/jobs/view/dutch-speaking-customer-experience-representative-at-french-selection-fs-4464530294,https://uk.linkedin.com/company/french-selection-uk-limited,4464530294
French Selection (FS),Medewerker Klantenservice / Customer Experience (Nederlands &amp; Engels),Eindhoven Area,2026-09-10,customer service,nee,https://nl.linkedin.com/jobs/view/medewerker-klantenservice-customer-experience-nederlands-engels-at-french-selection-fs-4465807422,https://uk.linkedin.com/company/french-selection-uk-limited,4465807422
French Selection (FS),Medewerker Klantenservice / Customer Experience (Nederlands &amp; Engels),Eindhoven,2026-09-15,customer service,nee,https://nl.linkedin.com/jobs/view/medewerker-klantenservice-customer-experience-nederlands-engels-at-french-selection-fs-4466158622,https://uk.linkedin.com/company/french-selection-uk-limited,4466158622
Fresh 'n Rebel,Medewerker Commercial Backoffice Rotterdam HQ 32h-40h,Rotterdam,2026-08-05,orderverwerking medewerker,ja,https://nl.linkedin.com/jobs/view/medewerker-commercial-backoffice%0Arotterdam-hq%0A32h-40h-at-fresh-n-rebel-4447308836,https://nl.linkedin.com/company/fresh-n-rebel,4447308836
Fresh People,online merchandiser,Zaandam,2026-08-31,e-commerce medewerker,nee,https://nl.linkedin.com/jobs/view/online-merchandiser-at-fresh-people-4461205780,https://nl.linkedin.com/company/freshpeople,4461205780
Fyffes,OTC Analyst,Rotterdam,2026-09-03,orderverwerking medewerker,nee,https://nl.linkedin.com/jobs/view/otc-analyst-at-fyffes-4434988333,https://ie.linkedin.com/company/fyffes,4434988333
Gall &amp; Gall,Specialist Online Merchandiser,Zaandam,2026-09-11,e-commerce medewerker,nee,https://nl.linkedin.com/jobs/view/specialist-online-merchandiser-at-gall-gall-4463962737,https://nl.linkedin.com/company/gall-&amp;-gall,4463962737
GANNI,"Full-time Client Advisor - Leidsestraat, Amsterdam",Amsterdam,2026-09-10,klantadviseur,nee,https://nl.linkedin.com/jobs/view/full-time-client-advisor-leidsestraat-amsterdam-at-ganni-4465643770,https://dk.linkedin.com/company/ganni,4465643770
GANNI,"Full-time Client Advisor - Runstraat, Amsterdam",Amsterdam,2026-09-18,klantadviseur,nee,https://nl.linkedin.com/jobs/view/full-time-client-advisor-runstraat-amsterdam-at-ganni-4440901648,https://dk.linkedin.com/company/ganni,4440901648
Garanti BBVA International,Klantcontactadviseur Sparen,Amsterdam,2026-05-18,klantadviseur,nee,https://nl.linkedin.com/jobs/view/klantcontactadviseur-sparen-at-garanti-bbva-international-4403973280,https://nl.linkedin.com/company/garantibank-international-nv,4403973280
GDB Logistics,Customer Support Specialist,Alkmaar,2026-08-10,customer service,nee,https://nl.linkedin.com/jobs/view/customer-support-specialist-at-gdb-logistics-4451529684,https://nl.linkedin.com/company/gdblogistics,4451529684
Gemeente Krimpenerwaard,Medewerker Klantcontact,Bergambacht,2026-09-17,customer service,nee,https://nl.linkedin.com/jobs/view/medewerker-klantcontact-at-gemeente-krimpenerwaard-4468643620,https://nl.linkedin.com/company/gemeente-krimpenerwaard,4468643620
Giga Meubel,Klantenservice medewerker 32-40 uur,Barneveld,2026-09-08,customer service,nee,https://nl.linkedin.com/jobs/view/klantenservice-medewerker-32-40-uur-at-giga-meubel-4462523800,https://nl.linkedin.com/company/giga-meubel,4462523800
Giorgio Armani,Client Advisor,'s-Gravenhage,2026-09-16,klantadviseur,nee,https://nl.linkedin.com/jobs/view/client-advisor-at-giorgio-armani-4442722796,https://it.linkedin.com/company/giorgio-armani,4442722796
Globus Medical,Sr Customer Service Representative,Brunssum,2025-06-10,customer service,nee,https://nl.linkedin.com/jobs/view/sr-customer-service-representative-at-globus-medical-4245482430,https://www.linkedin.com/company/globus-medical,4245482430
Globus Medical,Operations Shipping Clerk,Brunssum,2025-12-15,orderverwerking medewerker,nee,https://nl.linkedin.com/jobs/view/operations-shipping-clerk-at-globus-medical-4350103888,https://www.linkedin.com/company/globus-medical,4350103888
GO! Express &amp; Logistics,Customer Service Agent (40 uur),Veenendaal,2026-09-08,customer service,nee,https://nl.linkedin.com/jobs/view/customer-service-agent-40-uur-at-go%21-express-logistics-4462293610,https://de.linkedin.com/company/go-express-&amp;-logistics,4462293610
GoDutch,Customer Operations Agent,Amsterdam,2026-01-13,customer service,nee,https://nl.linkedin.com/jobs/view/customer-operations-agent-at-godutch-4354448067,https://nl.linkedin.com/company/godutchcom,4354448067
Goldbergh,Email &amp; CRM Marketeer,Amsterdam,2026-08-27,e-commerce medewerker,nee,https://nl.linkedin.com/jobs/view/email-crm-marketeer-at-goldbergh-4459803918,https://nl.linkedin.com/company/goldbergh,4459803918
GoSpooky,TikTok Shop Manager,Amsterdam,2026-09-08,e-commerce medewerker,nee,https://nl.linkedin.com/jobs/view/tiktok-shop-manager-at-gospooky-4409438011,https://nl.linkedin.com/company/gospooky,4409438011
Greenchoice,Commercieel Adviseur MKB,Nijmegen,2026-09-14,klantadviseur,nee,https://nl.linkedin.com/jobs/view/commercieel-adviseur-mkb-at-greenchoice-4455280040,https://nl.linkedin.com/company/greenchoice,4455280040
Grozette BV,Medewerker Binnendienst,Woerden,2026-07-30,orderverwerking medewerker,nee,https://nl.linkedin.com/jobs/view/medewerker-binnendienst-at-grozette-bv-4446568559,https://nl.linkedin.com/company/grozette-bv,4446568559
GTE,Junior Marketeer (Dutch speaker),Nieuwegein,2026-04-16,e-commerce medewerker,nee,https://nl.linkedin.com/jobs/view/junior-marketeer-dutch-speaker-at-gte-4402168963,https://www.linkedin.com/company/gte2018,4402168963
GTE,SEO &amp; Product Page Marketing Specialist for Supplement Brand,Nieuwegein,2026-05-14,e-commerce medewerker,nee,https://nl.linkedin.com/jobs/view/seo-product-page-marketing-specialist-for-supplement-brand-at-gte-4414745284,https://www.linkedin.com/company/gte2018,4414745284
GTE,eCom Product Page Designer,Nieuwegein,2026-07-14,e-commerce medewerker,nee,https://nl.linkedin.com/jobs/view/ecom-product-page-designer-at-gte-4439800194,https://www.linkedin.com/company/gte2018,4439800194
GTE,eCom Product Page Copywriter,Nieuwegein,2026-07-14,e-commerce medewerker,nee,https://nl.linkedin.com/jobs/view/ecom-product-page-copywriter-at-gte-4439489638,https://www.linkedin.com/company/gte2018,4439489638
GTE,Product Importer,Nieuwegein,2026-07-27,e-commerce medewerker,nee,https://nl.linkedin.com/jobs/view/product-importer-at-gte-4445185256,https://www.linkedin.com/company/gte2018,4445185256
GTE,E-commerce Marketeer,Nieuwegein,2026-08-11,e-commerce medewerker,nee,https://nl.linkedin.com/jobs/view/e-commerce-marketeer-at-gte-4452143236,https://www.linkedin.com/company/gte2018,4452143236
GTE,Shopify Store Builders 🛠️,Nieuwegein,2026-08-27,e-commerce medewerker,nee,https://nl.linkedin.com/jobs/view/shopify-store-builders-%F0%9F%9B%A0%EF%B8%8F-at-gte-4458659953,https://www.linkedin.com/company/gte2018,4458659953
GTE,E-mail Marketeer,Nieuwegein,2026-09-07,e-commerce medewerker,nee,https://nl.linkedin.com/jobs/view/e-mail-marketeer-at-gte-4462984203,https://www.linkedin.com/company/gte2018,4462984203
GUILLIN ESPAÑA,SERVICEMEDEWERKER - GUILLIN NEDERLAND - BUNSCHOTEN (NETHERLANDS),Bunschoten,2026-07-22,orderverwerking medewerker,nee,https://nl.linkedin.com/jobs/view/servicemedewerker-guillin-nederland-bunschoten-netherlands-at-guillin-espa%C3%B1a-4444214677,https://es.linkedin.com/company/guillin-espana,4444214677
"GXO Logistics, Inc.",Customer Service Officer,Oude Meer,2026-09-02,customer service,nee,https://nl.linkedin.com/jobs/view/customer-service-officer-at-gxo-logistics-inc-4462432132,https://www.linkedin.com/company/gxologistics,4462432132
"GXO Logistics, Inc.",Customer Service Representative,Amsterdam Area,2026-09-03,customer service,nee,https://nl.linkedin.com/jobs/view/customer-service-representative-at-gxo-logistics-inc-4460475892,https://www.linkedin.com/company/gxologistics,4460475892
HabitasConnects,Senior E-commerce &amp; Marketplace Medewerker | 24-32 uur | Oud-Beijerland,Oud-Beijerland,2026-09-14,e-commerce medewerker,nee,https://nl.linkedin.com/jobs/view/senior-e-commerce-marketplace-medewerker-24-32-uur-oud-beijerland-at-habitasconnects-4465220223,https://nl.linkedin.com/company/habitasconnects,4465220223
Hager Nederland,Medewerker Ordermanagement,'s-Hertogenbosch,2026-09-11,orderverwerking medewerker,nee,https://nl.linkedin.com/jobs/view/medewerker-ordermanagement-at-hager-netherlands-4466042094,https://nl.linkedin.com/company/hager-nederland,4466042094
Hammer IT Services B.V.,Allround Medewerker IT &amp; Klantenservice,Zevenaar,2026-08-26,webshop medewerker,nee,https://nl.linkedin.com/jobs/view/allround-medewerker-it-klantenservice-at-hammer-it-services-b-v-4459328254,https://nl.linkedin.com/company/hammerit,4459328254
Hamulight | Outdoor Lighting,Medewerker operations &amp; commerciële binnendienst,Panningen,2026-09-08,orderverwerking medewerker,nee,https://nl.linkedin.com/jobs/view/medewerker-operations-commerci%C3%ABle-binnendienst-at-hamulight-outdoor-lighting-4464478338,https://nl.linkedin.com/company/hamulight,4464478338
Hans Boodt Mannequins,Customer Support Employee,Zwijndrecht,2026-09-16,customer service,nee,https://nl.linkedin.com/jobs/view/customer-support-employee-at-hans-boodt-mannequins-4465926563,https://nl.linkedin.com/company/hansboodtmannequins,4465926563
Happy Hair Service,E-commerce &amp; Content Specialist,Berkel en Rodenrijs,2026-09-15,e-commerce medewerker,nee,https://nl.linkedin.com/jobs/view/e-commerce-content-specialist-at-happy-hair-service-4467753157,https://nl.linkedin.com/company/happy-hair-service,4467753157
Happy On Web B.V.,Fulltime Klantenservice &amp; Webshop medewerker Eindhoven,Eindhoven Area,2026-08-05,e-commerce medewerker,nee,https://nl.linkedin.com/jobs/view/fulltime-klantenservice-webshop-medewerker-eindhoven-at-happy-on-web-b-v-4449629126,https://nl.linkedin.com/company/happy-on-web-bv,4449629126
Harmony Auto Netherlands,Sales Consultant,Rotterdam,2026-09-11,klantadviseur,nee,https://nl.linkedin.com/jobs/view/sales-consultant-at-harmony-auto-netherlands-4466090723,https://nl.linkedin.com/company/harmony-auto-netherlands,4466090723
Hart Beach,Website &amp; Webshop Beheerder,'s-Gravenhage,2026-09-19,e-commerce medewerker,nee,https://nl.linkedin.com/jobs/view/website-webshop-beheerder-at-hart-beach-4469525581,https://nl.linkedin.com/company/hartbeach,4469525581
HAVI,Customer Service medewerker,Amersfoort,2026-09-10,customer service,nee,https://nl.linkedin.com/jobs/view/customer-service-medewerker-at-havi-4428890417,https://www.linkedin.com/company/havigroup,4428890417
Haystack People,Customer Support Specialist,Haarlem,2026-09-18,customer service,nee,https://nl.linkedin.com/jobs/view/customer-support-specialist-at-haystack-people-4467860501,https://nl.linkedin.com/company/haystack-people,4467860501
HCI - Health Cloud Initiative,Customer Service Medewerker,Haarlem,2026-09-09,customer service,nee,https://nl.linkedin.com/jobs/view/customer-service-medewerker-at-health-cloud-initiative-4463836184,https://nl.linkedin.com/company/healthcloudinitiative,4463836184
HeatTransformers,Sales Agent (Commercieel Adviseur),Woerden,2026-07-09,klantadviseur,nee,https://nl.linkedin.com/jobs/view/sales-agent-commercieel-adviseur-at-heattransformers-4438607247,https://nl.linkedin.com/company/heattransformers,4438607247
Hedin Automotive NL,"Service Adviseur Citroën, Fiat, Opel en Peugeot",Assen,2026-07-18,klantadviseur,nee,https://nl.linkedin.com/jobs/view/service-adviseur-citro%C3%ABn-fiat-opel-en-peugeot-at-hedin-automotive-nl-4441383567,https://nl.linkedin.com/company/hedin-automotive-nl,4441383567
Hedin Automotive NL,"Service Adviseur Kia, Fiat en Opel",Wormerveer,2026-07-24,klantadviseur,nee,https://nl.linkedin.com/jobs/view/service-adviseur-kia-fiat-en-opel-at-hedin-automotive-nl-4444601097,https://nl.linkedin.com/company/hedin-automotive-nl,4444601097
Hedin Automotive NL,"Medewerker Klantcontact Kia, Fiat, Opel, Jeep en Alfa Romeo",Wormerveer,2026-07-29,klantadviseur,nee,https://nl.linkedin.com/jobs/view/medewerker-klantcontact-kia-fiat-opel-jeep-en-alfa-romeo-at-hedin-automotive-nl-4446078433,https://nl.linkedin.com/company/hedin-automotive-nl,4446078433
Hedin Automotive NL,"Service Support Medewerker Citroën, Fiat, Opel, Peugeot en Jeep",Hoogeveen,2026-08-14,klantadviseur,nee,https://nl.linkedin.com/jobs/view/service-support-medewerker-citro%C3%ABn-fiat-opel-peugeot-en-jeep-at-hedin-automotive-nl-4453719146,https://nl.linkedin.com/company/hedin-automotive-nl,4453719146
Hedin Automotive NL,Parts Medewerker,Breda,2026-09-04,orderverwerking medewerker,nee,https://nl.linkedin.com/jobs/view/parts-medewerker-at-hedin-automotive-nl-4462306627,https://nl.linkedin.com/company/hedin-automotive-nl,4462306627
Hedin Automotive NL,Service Adviseur Klantcontact BMW en MINI,Breda,2026-09-10,klantadviseur,nee,https://nl.linkedin.com/jobs/view/service-adviseur-klantcontact-bmw-en-mini-at-hedin-automotive-nl-4464171079,https://nl.linkedin.com/company/hedin-automotive-nl,4464171079
Hedin Automotive NL,"Verkoopadviseur Kia, Fiat en Opel",Wormerveer,2026-09-11,klantadviseur,nee,https://nl.linkedin.com/jobs/view/verkoopadviseur-kia-fiat-en-opel-at-hedin-automotive-nl-4465121885,https://nl.linkedin.com/company/hedin-automotive-nl,4465121885
Hedin Automotive NL,Service Support Medewerker BMW en MINI,Breda,2026-09-21,klantadviseur,nee,https://nl.linkedin.com/jobs/view/service-support-medewerker-bmw-en-mini-at-hedin-automotive-nl-4468761964,https://nl.linkedin.com/company/hedin-automotive-nl,4468761964
Hemelaer,Orderpicker (binnenland),Binnenland,2026-08-07,orderverwerking medewerker,nee,https://nl.linkedin.com/jobs/view/orderpicker-binnenland-at-hemelaer-4450301015,https://be.linkedin.com/company/hemelaer-nv,4450301015
Hemubo,Support medewerker ICT,Almere,2026-09-17,support medewerker webshop,nee,https://nl.linkedin.com/jobs/view/support-medewerker-ict-at-hemubo-4457974171,https://nl.linkedin.com/company/hemubo,4457974171
Herbalife,Customer Service Representative with English and Dutch - Netherlands and Belgium,Utrecht,2026-09-04,customer service,nee,https://nl.linkedin.com/jobs/view/customer-service-representative-with-english-and-dutch-netherlands-and-belgium-at-herbalife-4434132710,https://www.linkedin.com/company/herbalife,4434132710
Hertz,Customer Service Representative,Amstelveen,2026-09-09,customer service,nee,https://nl.linkedin.com/jobs/view/customer-service-representative-at-hertz-4463855254,https://www.linkedin.com/company/hertz,4463855254
Hertz,Customer Service Representative,Amstelveen,2026-09-11,customer service,nee,https://nl.linkedin.com/jobs/view/customer-service-representative-at-hertz-4464561778,https://www.linkedin.com/company/hertz,4464561778
Heuschen &amp; Schrouff Oriental Food,(Junior) Commercieel Medewerker Binnendienst,Landgraaf,2026-06-15,orderverwerking medewerker,nee,https://nl.linkedin.com/jobs/view/junior-commercieel-medewerker-binnendienst-at-heuschen-schrouff-oriental-food-4430407283,https://www.linkedin.com/company/heuschenschrouff,4430407283
Hilti Nederland BV,Customer Service Agent,Berkel en Rodenrijs,2026-07-07,customer service,nee,https://nl.linkedin.com/jobs/view/customer-service-agent-at-hilti-nederland-bv-4432261574,https://nl.linkedin.com/company/hilti-nederland-bv,4432261574
Hisense Benelux,Account Manager Online Retail,Duiven,2026-08-28,e-commerce medewerker,nee,https://nl.linkedin.com/jobs/view/account-manager-online-retail-at-hisense-benelux-4458072494,https://nl.linkedin.com/company/hisense-benelux,4458072494
Holland &amp; Barrett Benelux,Customer Service Advisor,Amsterdam,2026-08-05,klantadviseur,nee,https://nl.linkedin.com/jobs/view/customer-service-advisor-at-holland-barrett-benelux-4449659814,https://nl.linkedin.com/company/holland-barrett-benelux,4449659814
Homefashion Group B.V.,E commerce Specialist - Merchandising &amp; Content,Geertruidenberg,2026-08-18,e-commerce medewerker,nee,https://nl.linkedin.com/jobs/view/e-commerce-specialist-merchandising-content-at-homefashion-group-b-v-4454176840,https://nl.linkedin.com/company/homefashion-group-b-v-,4454176840
Homefashion Group B.V.,Meewerkstage E-commerce bij Kwantum,Tilburg,2026-09-15,webshop medewerker,nee,https://nl.linkedin.com/jobs/view/meewerkstage-e-commerce-bij-kwantum-at-homefashion-group-b-v-4466943892,https://nl.linkedin.com/company/homefashion-group-b-v-,4466943892
Hostnet,Client Manager - Websites,Amsterdam,2026-09-15,support medewerker webshop,nee,https://nl.linkedin.com/jobs/view/client-manager-websites-at-hostnet-bv-4454747392,https://nl.linkedin.com/company/hostnet-bv,4454747392
Hotelprofessionals,Front Office Ambassador,Aalsmeer,2026-06-04,customer service,nee,https://nl.linkedin.com/jobs/view/front-office-ambassador-at-hotelprofessionals-4424395222,https://nl.linkedin.com/company/hotelprofessionals,4424395222
Hotelprofessionals,Front Office Agent,Hoofddorp,2026-07-14,customer service,nee,https://nl.linkedin.com/jobs/view/front-office-agent-at-hotelprofessionals-4439952253,https://nl.linkedin.com/company/hotelprofessionals,4439952253
Hotelprofessionals,Guest Service Agent | Fulltime,Amsterdam,2026-07-17,customer service,nee,https://nl.linkedin.com/jobs/view/guest-service-agent-fulltime-at-hotelprofessionals-4441181714,https://nl.linkedin.com/company/hotelprofessionals,4441181714
Hotelprofessionals,Front Office Agent (FULL-TIME),Amsterdam,2026-08-20,customer service,nee,https://nl.linkedin.com/jobs/view/front-office-agent-full-time-at-hotelprofessionals-4455691003,https://nl.linkedin.com/company/hotelprofessionals,4455691003
Hotelprofessionals,Guest Relations Medewerker,Amsterdam,2026-08-24,customer service,nee,https://nl.linkedin.com/jobs/view/guest-relations-medewerker-at-hotelprofessionals-4457402162,https://nl.linkedin.com/company/hotelprofessionals,4457402162
Hotelprofessionals,Front Office Associate - Corendon Amsterdam New West,Amsterdam,2026-08-25,customer service,nee,https://nl.linkedin.com/jobs/view/front-office-associate-corendon-amsterdam-new-west-at-hotelprofessionals-4457645632,https://nl.linkedin.com/company/hotelprofessionals,4457645632
Hotelprofessionals,Front Office Agent (Full-time),Amsterdam,2026-08-27,customer service,nee,https://nl.linkedin.com/jobs/view/front-office-agent-full-time-at-hotelprofessionals-4458904240,https://nl.linkedin.com/company/hotelprofessionals,4458904240
Hotelprofessionals,Front Office Agent FT,Amsterdam,2026-08-29,customer service,nee,https://nl.linkedin.com/jobs/view/front-office-agent-ft-at-hotelprofessionals-4459482286,https://nl.linkedin.com/company/hotelprofessionals,4459482286
Hotelprofessionals,Front Office Agent,Amsterdam,2026-09-01,customer service,nee,https://nl.linkedin.com/jobs/view/front-office-agent-at-hotelprofessionals-4460687329,https://nl.linkedin.com/company/hotelprofessionals,4460687329
Hotelprofessionals,Guest Service Agent,Amsterdam,2026-09-21,customer service,nee,https://nl.linkedin.com/jobs/view/guest-service-agent-at-hotelprofessionals-4468781335,https://nl.linkedin.com/company/hotelprofessionals,4468781335
HUGO BOSS,Service &amp; Process Assistant - Commercial Operations (m/f) I Fulltime (40h),Amsterdam Area,2026-09-04,e-commerce medewerker,nee,https://nl.linkedin.com/jobs/view/service-process-assistant-commercial-operations-m-f-i-fulltime-40h-at-hugo-boss-4461195761,https://de.linkedin.com/company/hugo-boss,4461195761
"Hunter Douglas, Inc.",Customer Service Representative,Boxtel,2026-09-17,customer service,nee,https://nl.linkedin.com/jobs/view/customer-service-representative-at-hunter-douglas-inc-4439193599,https://www.linkedin.com/company/hunter-douglas-us,4439193599
Husol Zonwering,Commercieel Medewerker Binnendienst,Genemuiden,2026-09-18,orderverwerking medewerker,nee,https://nl.linkedin.com/jobs/view/commercieel-medewerker-binnendienst-at-husol-zonwering-4469150276,https://nl.linkedin.com/company/husol-zonwering-rolluiken,4469150276
Hyatt Regency,Front Office Host / Receptionist,Amsterdam,2026-09-01,customer service,nee,https://nl.linkedin.com/jobs/view/front-office-host-receptionist-at-hyatt-regency-4461772155,https://www.linkedin.com/company/hyatt-regency,4461772155
iBOOD.com,Specialist Retouren &amp; Garanties,Amsterdam,2026-06-02,e-commerce medewerker,nee,https://nl.linkedin.com/jobs/view/specialist-retouren-garanties-at-ibood-com-4419282505,https://nl.linkedin.com/company/ibood.com,4419282505
Icetubs,Webflow &amp; Shopify Developer,Amsterdam-West,2026-07-13,webshop medewerker,nee,https://nl.linkedin.com/jobs/view/webflow-shopify-developer-at-icetubs-4440044522,https://nl.linkedin.com/company/icetubs,4440044522
ID-ware,Logistiek Medewerker,Den Haag,2026-09-14,orderverwerking medewerker,nee,https://nl.linkedin.com/jobs/view/logistiek-medewerker-at-id-ware-4464773907,https://nl.linkedin.com/company/id-ware,4464773907
IGO Promo NL,Customer Service Medewerker,Helmond,2026-06-04,customer service,nee,https://nl.linkedin.com/jobs/view/customer-service-medewerker-at-igo-promo-4393526741,https://nl.linkedin.com/company/igo-promo-nl,4393526741
IHG Hotels &amp; Resorts,Front Office Agent,Amsterdam,2026-09-03,customer service,nee,https://nl.linkedin.com/jobs/view/front-office-agent-at-ihg-hotels-resorts-4460743412,https://uk.linkedin.com/company/ihghotels&amp;resorts,4460743412
IMCD Benelux BV,Customer Service Representative,Rotterdam,2026-09-02,orderverwerking medewerker,nee,https://nl.linkedin.com/jobs/view/customer-service-representative-at-imcd-benelux-bv-4451501939,https://www.linkedin.com/company/imcd-benelux-bv,4451501939
Impact Group,Customer Service Medewerker,Oss,2026-06-17,orderverwerking medewerker,nee,https://nl.linkedin.com/jobs/view/customer-service-medewerker-at-impact-group-4428767212,https://www.linkedin.com/company/impact-group-france,4428767212
Inktweb.nl,Customer Support,Alkmaar,2026-08-07,customer service,nee,https://nl.linkedin.com/jobs/view/customer-support-at-inktweb-nl-4450703072,https://nl.linkedin.com/company/inktweb,4450703072
Inktweb.nl,E-commerce Marketing Specialist,Alkmaar,2026-08-07,e-commerce medewerker,nee,https://nl.linkedin.com/jobs/view/e-commerce-marketing-specialist-at-inktweb-nl-4450688495,https://nl.linkedin.com/company/inktweb,4450688495
Inktweb.nl,Product Manager / Assortimentsbeheerder,Alkmaar,2026-08-07,e-commerce medewerker,nee,https://nl.linkedin.com/jobs/view/product-manager-assortimentsbeheerder-at-inktweb-nl-4450696334,https://nl.linkedin.com/company/inktweb,4450696334
Inktweb.nl,Inkoper,Alkmaar,2026-08-07,e-commerce medewerker,nee,https://nl.linkedin.com/jobs/view/inkoper-at-inktweb-nl-4450703083,https://nl.linkedin.com/company/inktweb,4450703083
Inktweb.nl,Commercieel Medewerker,Alkmaar,2026-08-07,webshop medewerker,nee,https://nl.linkedin.com/jobs/view/commercieel-medewerker-at-inktweb-nl-4450688494,https://nl.linkedin.com/company/inktweb,4450688494
Innomotion,Coördinator binnendienst,Varsseveld,2026-08-28,orderverwerking medewerker,nee,https://nl.linkedin.com/jobs/view/co%C3%B6rdinator-binnendienst-at-innomotion-4460347043,https://nl.linkedin.com/company/innomotion-b-v-,4460347043
Insify,Customer Support Specialist,Amsterdam,2026-09-14,customer service,nee,https://nl.linkedin.com/jobs/view/customer-support-specialist-at-insify-4371506602,https://nl.linkedin.com/company/insify,4371506602
Insight,Client Operations Specialist,Apeldoorn,2026-09-16,orderverwerking medewerker,nee,https://nl.linkedin.com/jobs/view/client-operations-specialist-at-insight-4450141051,https://www.linkedin.com/company/insight,4450141051
Instabee,Partner Success Associate,Amsterdam,2026-09-04,e-commerce medewerker,nee,https://nl.linkedin.com/jobs/view/partner-success-associate-at-instabee-4462320033,https://se.linkedin.com/company/instabee-official,4462320033
Insulcon B.V. - Leader in High Temperature Solutions,Customer Service Medewerker | 32-40 uur,Rotterdam,2026-09-11,orderverwerking medewerker,nee,https://nl.linkedin.com/jobs/view/customer-service-medewerker-32-40-uur-at-insulcon-b-v-leader-in-high-temperature-solutions-4466062577,https://nl.linkedin.com/company/insulcon-b-v-,4466062577
Interieurwereld van de Belt,Verkoopmedewerker diverse afdelingen,Meppel,2026-09-21,webshop medewerker,nee,https://nl.linkedin.com/jobs/view/verkoopmedewerker-diverse-afdelingen-at-interieurwereld-van-de-belt-4468770119,https://nl.linkedin.com/company/interieurwereld-van-de-belt,4468770119
Intralox,Customer Service Account Representative - Polish speaking,Hoofddorp,2026-09-04,customer service,nee,https://nl.linkedin.com/jobs/view/customer-service-account-representative-polish-speaking-at-intralox-4463383155,https://www.linkedin.com/company/intralox,4463383155
Intralox,Customer Service Account Representative - Spanish speaking,Hoofddorp,2026-09-04,customer service,nee,https://nl.linkedin.com/jobs/view/customer-service-account-representative-spanish-speaking-at-intralox-4463370954,https://www.linkedin.com/company/intralox,4463370954
Intralox,Customer Service Account Representative - Danish speaking,Hoofddorp,2026-09-21,customer service,nee,https://nl.linkedin.com/jobs/view/customer-service-account-representative-danish-speaking-at-intralox-4463385139,https://www.linkedin.com/company/intralox,4463385139
Invorderingsbedrijf,Klantenservice Medewerker,Den Haag,2026-07-13,customer service,nee,https://nl.linkedin.com/jobs/view/klantenservice-medewerker-at-invorderingsbedrijf-4440044391,https://nl.linkedin.com/company/invorderingsbedrijf,4440044391
InVue,Customer Support Specialist - German Speaking,Hoofddorp,2026-09-04,customer service,nee,https://nl.linkedin.com/jobs/view/customer-support-specialist-german-speaking-at-invue-4453255708,https://www.linkedin.com/company/invue,4453255708
ista Nederland,Klantenservicemedewerker,Schiedam,2026-09-16,customer service,nee,https://nl.linkedin.com/jobs/view/klantenservicemedewerker-at-ista-nederland-b-v-4468276179,https://nl.linkedin.com/company/ista-nederland-b-v,4468276179
IT-Wizzard,Eerstelijns support medewerker ICT,Harlingen,2026-09-15,support medewerker webshop,nee,https://nl.linkedin.com/jobs/view/eerstelijns-support-medewerker-ict-at-it-wizzard-4467471105,https://www.linkedin.com/company/it-wizzard,4467471105
itsme.,Commercieel medewerker,Rotterdam,2026-09-10,orderverwerking medewerker,nee,https://nl.linkedin.com/jobs/view/commercieel-medewerker-at-itsme-4464534095,https://nl.linkedin.com/company/itsme-b-v,4464534095
itsme.,Verkoopassistent,Breda,2026-09-10,orderverwerking medewerker,nee,https://nl.linkedin.com/jobs/view/verkoopassistent-at-itsme-4464529468,https://nl.linkedin.com/company/itsme-b-v,4464529468
IVO Rechtspraak,Medewerker KlantContact IT (Utrecht),Utrecht,2026-09-15,support medewerker webshop,nee,https://nl.linkedin.com/jobs/view/medewerker-klantcontact-it-utrecht-at-ivo-rechtspraak-4466197404,https://nl.linkedin.com/company/ivo-rechtspraak,4466197404
Jaarverslag.org,Product owner/ support medewerker,Apeldoorn,2026-09-21,support medewerker webshop,nee,https://nl.linkedin.com/jobs/view/product-owner-support-medewerker-at-jaarverslag-org-4181336321,https://nl.linkedin.com/company/jaarverslag-org,4181336321
Jaarverslag.org,Medewerker klantgeluk,Apeldoorn,2026-09-22,support medewerker webshop,nee,https://nl.linkedin.com/jobs/view/medewerker-klantgeluk-at-jaarverslag-org-4470282794,https://nl.linkedin.com/company/jaarverslag-org,4470282794
Jac Hensen,E-commerce &amp; Online-Marketing Specialist,Amersfoort,2026-09-21,e-commerce medewerker,nee,https://nl.linkedin.com/jobs/view/e-commerce-online-marketing-specialist-at-jac-hensen-4469885136,https://nl.linkedin.com/company/jac-hensen-mannenmode,4469885136
Jansen Totaal Wonen,Orderverwerker keukens,Huissen,2026-06-02,orderverwerking medewerker,nee,https://nl.linkedin.com/jobs/view/orderverwerker-keukens-at-jansen-totaal-wonen-b-v-4422362748,https://www.linkedin.com/company/jansen-totaal-wonen-b-v-,4422362748
JBT Marel,"Coordinator, Customer Support",Boxmeer,2026-09-10,customer service,nee,https://nl.linkedin.com/jobs/view/coordinator-customer-support-at-jbt-marel-4444144373,https://www.linkedin.com/company/jbtmarel,4444144373
JD.COM,Category Manager - Home Living,Rotterdam and The Hague,2026-09-07,e-commerce medewerker,nee,https://nl.linkedin.com/jobs/view/category-manager-home-living-at-jd-com-4417311792,https://cn.linkedin.com/company/jd.com,4417311792
JD.COM,Customer Service Specialist,Rotterdam and The Hague,2026-09-22,customer service,nee,https://nl.linkedin.com/jobs/view/customer-service-specialist-at-jd-com-4414673937,https://cn.linkedin.com/company/jd.com,4414673937
Jellema Automatiseringsservice B.V.,Support Medewerker (met doorgroeimogelijkheid),Nieuwleusen,2026-08-01,support medewerker webshop,nee,https://nl.linkedin.com/jobs/view/support-medewerker-met-doorgroeimogelijkheid-at-jellema-automatiseringsservice-b-v-4447824701,https://nl.linkedin.com/company/jellema-automatiseringsservice,4447824701
Jobgether,VIP Account Manager,Nederland,2026-09-18,klantadviseur,nee,https://nl.linkedin.com/jobs/view/vip-account-manager-at-jobgether-4467821946,https://be.linkedin.com/company/jobgether,4467821946
Jobgether,Customer Care Specialist,Nederland,2026-09-22,customer service,nee,https://nl.linkedin.com/jobs/view/customer-care-specialist-at-jobgether-4468523784,https://be.linkedin.com/company/jobgether,4468523784
Jobgether,Customer Care Poker Specialist,Nederland,2026-09-22,customer service,nee,https://nl.linkedin.com/jobs/view/customer-care-poker-specialist-at-jobgether-4468543207,https://be.linkedin.com/company/jobgether,4468543207
JOBR.,Commercieel medewerker,Nijmegen,2026-09-14,orderverwerking medewerker,nee,https://nl.linkedin.com/jobs/view/commercieel-medewerker-at-jobr-4467034776,https://nl.linkedin.com/company/jobr-b-v,4467034776
Jobster,Klantenservice medewerker Energie bij Coolblue - Studentjob.nl,Rotterdam,2026-09-21,customer service,nee,https://nl.linkedin.com/jobs/view/klantenservice-medewerker-energie-bij-coolblue-studentjob-nl-at-jobster-4468744123,https://nl.linkedin.com/company/jobster-com,4468744123
Jobster,Klantenservice Medewerker bij Coolblue - Studentjob.nl,Rotterdam,2026-09-21,customer service,nee,https://nl.linkedin.com/jobs/view/klantenservice-medewerker-bij-coolblue-studentjob-nl-at-jobster-4468736590,https://nl.linkedin.com/company/jobster-com,4468736590
Jobster,Customer Care Specialist - Jobbird.com,Beverwijk,2026-09-21,customer service,nee,https://nl.linkedin.com/jobs/view/customer-care-specialist-jobbird-com-at-jobster-4468718960,https://nl.linkedin.com/company/jobster-com,4468718960
Jobster,Commercieel Medewerker Binnendienst - Start People,Apeldoorn,2026-09-21,orderverwerking medewerker,nee,https://nl.linkedin.com/jobs/view/commercieel-medewerker-binnendienst-start-people-at-jobster-4468753243,https://nl.linkedin.com/company/jobster-com,4468753243
Jobster,Commercieel medewerker binnendienst Hoogeveen - Uitzendbureau.nl,Hoogeveen,2026-09-21,orderverwerking medewerker,nee,https://nl.linkedin.com/jobs/view/commercieel-medewerker-binnendienst-hoogeveen-uitzendbureau-nl-at-jobster-4468727963,https://nl.linkedin.com/company/jobster-com,4468727963
Jobster,Junior Medewerker Backoffice in Apeldoorn - Uitzendbureau.nl,Apeldoorn,2026-09-21,orderverwerking medewerker,nee,https://nl.linkedin.com/jobs/view/junior-medewerker-backoffice-in-apeldoorn-uitzendbureau-nl-at-jobster-4468717676,https://nl.linkedin.com/company/jobster-com,4468717676
Jobster,Commercieel medewerker binnendienst Zevenbergen - Uitzendbureau.nl,Zevenbergen,2026-09-21,orderverwerking medewerker,nee,https://nl.linkedin.com/jobs/view/commercieel-medewerker-binnendienst-zevenbergen-uitzendbureau-nl-at-jobster-4468761411,https://nl.linkedin.com/company/jobster-com,4468761411
Jobster,Sales Medewerker Export - Uitzendbureau.nl,Eindhoven,2026-09-21,orderverwerking medewerker,nee,https://nl.linkedin.com/jobs/view/sales-medewerker-export-uitzendbureau-nl-at-jobster-4468751745,https://nl.linkedin.com/company/jobster-com,4468751745
Jobster,Medewerker bestellingen - Uitzendbureau.nl,Lelystad,2026-09-21,orderverwerking medewerker,nee,https://nl.linkedin.com/jobs/view/medewerker-bestellingen-uitzendbureau-nl-at-jobster-4468749702,https://nl.linkedin.com/company/jobster-com,4468749702
Jobster,Medewerker Sales Support - Uitzendbureau.nl,Sprang-Capelle,2026-09-21,orderverwerking medewerker,nee,https://nl.linkedin.com/jobs/view/medewerker-sales-support-uitzendbureau-nl-at-jobster-4468742332,https://nl.linkedin.com/company/jobster-com,4468742332
Jobster,Commercieel Medewerker Binnendienst - Start People,Borculo,2026-09-21,orderverwerking medewerker,nee,https://nl.linkedin.com/jobs/view/commercieel-medewerker-binnendienst-start-people-at-jobster-4469987976,https://nl.linkedin.com/company/jobster-com,4469987976
Jobster,Commercieel Medewerker Binnendienst - van nes + plaisier,Ridderkerk,2026-09-21,orderverwerking medewerker,nee,https://nl.linkedin.com/jobs/view/commercieel-medewerker-binnendienst-van-nes-%2B-plaisier-at-jobster-4469998486,https://nl.linkedin.com/company/jobster-com,4469998486
Jobster,Customer Service Medewerker - Uitzendbureau.nl,Rotterdam,2026-09-21,orderverwerking medewerker,nee,https://nl.linkedin.com/jobs/view/customer-service-medewerker-uitzendbureau-nl-at-jobster-4468744472,https://nl.linkedin.com/company/jobster-com,4468744472
Jobster,Medewerker Commerciële Binnendienst - van nes + plaisier,Waddinxveen,2026-09-21,orderverwerking medewerker,nee,https://nl.linkedin.com/jobs/view/medewerker-commerci%C3%ABle-binnendienst-van-nes-%2B-plaisier-at-jobster-4469991855,https://nl.linkedin.com/company/jobster-com,4469991855
Jobster,Verkoopmedewerker Binnendienst - Uitzendbureau.nl,Rotterdam,2026-09-21,orderverwerking medewerker,nee,https://nl.linkedin.com/jobs/view/verkoopmedewerker-binnendienst-uitzendbureau-nl-at-jobster-4468752724,https://nl.linkedin.com/company/jobster-com,4468752724
Jobster,Medewerker bestellingen - Jobbird.com,Lelystad,2026-09-21,orderverwerking medewerker,nee,https://nl.linkedin.com/jobs/view/medewerker-bestellingen-jobbird-com-at-jobster-4468764357,https://nl.linkedin.com/company/jobster-com,4468764357
Jobster,Commercieel Medewerker Binnendienst - Unique,'s-Gravenpolder,2026-09-21,orderverwerking medewerker,nee,https://nl.linkedin.com/jobs/view/commercieel-medewerker-binnendienst-unique-at-jobster-4468746657,https://nl.linkedin.com/company/jobster-com,4468746657
Jobster,Allround medewerker - Jobbird.com,Rotterdam,2026-09-21,orderverwerking medewerker,nee,https://nl.linkedin.com/jobs/view/allround-medewerker-jobbird-com-at-jobster-4468744399,https://nl.linkedin.com/company/jobster-com,4468744399
Jobster,Commercieel Medewerker Binnendienst | Leusden | €3.500 - €4.000 - Start People,Leusden,2026-09-21,orderverwerking medewerker,nee,https://nl.linkedin.com/jobs/view/commercieel-medewerker-binnendienst-leusden-%E2%82%AC3-500-%E2%82%AC4-000-start-people-at-jobster-4468754278,https://nl.linkedin.com/company/jobster-com,4468754278
Jobster,Commercieel Medewerker | Leusden | €3.500 - €4.000 - Start People,Leusden,2026-09-21,orderverwerking medewerker,nee,https://nl.linkedin.com/jobs/view/commercieel-medewerker-leusden-%E2%82%AC3-500-%E2%82%AC4-000-start-people-at-jobster-4468742584,https://nl.linkedin.com/company/jobster-com,4468742584
Jobster,Customer Service Medewerker - Uitzendbureau.nl,'s-Hertogenbosch,2026-09-21,orderverwerking medewerker,nee,https://nl.linkedin.com/jobs/view/customer-service-medewerker-uitzendbureau-nl-at-jobster-4468742114,https://nl.linkedin.com/company/jobster-com,4468742114
Jobster,Commercieel Medewerker Binnendienst - Uitzendbureau.nl,Oosterhout,2026-09-21,orderverwerking medewerker,nee,https://nl.linkedin.com/jobs/view/commercieel-medewerker-binnendienst-uitzendbureau-nl-at-jobster-4468764184,https://nl.linkedin.com/company/jobster-com,4468764184
Jobster,Commercieel Medewerker Binnendienst - Uitzendbureau.nl,Zwaag,2026-09-21,orderverwerking medewerker,nee,https://nl.linkedin.com/jobs/view/commercieel-medewerker-binnendienst-uitzendbureau-nl-at-jobster-4468761010,https://nl.linkedin.com/company/jobster-com,4468761010
Jobster,Magazijnmedewerker Parts - ProcessJobs,Bergschenhoek,2026-09-21,orderverwerking medewerker,nee,https://nl.linkedin.com/jobs/view/magazijnmedewerker-parts-processjobs-at-jobster-4468727366,https://nl.linkedin.com/company/jobster-com,4468727366
Jobster,Commercieel Medewerker Binnendienst - Uitzendbureau.nl,Dongen,2026-09-21,orderverwerking medewerker,nee,https://nl.linkedin.com/jobs/view/commercieel-medewerker-binnendienst-uitzendbureau-nl-at-jobster-4468764236,https://nl.linkedin.com/company/jobster-com,4468764236
Jobster,Administratief Medewerker - Start People,Borculo,2026-09-21,orderverwerking medewerker,nee,https://nl.linkedin.com/jobs/view/administratief-medewerker-start-people-at-jobster-4469939339,https://nl.linkedin.com/company/jobster-com,4469939339
Jobster,"Orderpicken met aanvullende IT-kwalificatie ROSSMANN-Apotheke B.V. In Emmen, NL",Coevorden,2026-09-21,orderverwerking medewerker,nee,https://nl.linkedin.com/jobs/view/orderpicken-met-aanvullende-it-kwalificatie-rossmann-apotheke-b-v-in-emmen-nl-at-jobster-4468738370,https://nl.linkedin.com/company/jobster-com,4468738370
Jobster,Customer Service Medewerker - Uitzendbureau.nl,Bergschenhoek,2026-09-21,orderverwerking medewerker,nee,https://nl.linkedin.com/jobs/view/customer-service-medewerker-uitzendbureau-nl-at-jobster-4468764099,https://nl.linkedin.com/company/jobster-com,4468764099
Jobster,Verkoop Medewerker Binnendienst - Uitzendbureau.nl,Veghel,2026-09-21,orderverwerking medewerker,nee,https://nl.linkedin.com/jobs/view/verkoop-medewerker-binnendienst-uitzendbureau-nl-at-jobster-4468744213,https://nl.linkedin.com/company/jobster-com,4468744213
Jobster,Orderpicker - Attract,Ede,2026-09-21,orderverwerking medewerker,nee,https://nl.linkedin.com/jobs/view/orderpicker-attract-at-jobster-4468746456,https://nl.linkedin.com/company/jobster-com,4468746456
Jobster,"Orderpicken met aanvullende IT-kwalificatie ROSSMANN-Apotheke B.V. In Emmen, NL",Beilen,2026-09-21,orderverwerking medewerker,nee,https://nl.linkedin.com/jobs/view/orderpicken-met-aanvullende-it-kwalificatie-rossmann-apotheke-b-v-in-emmen-nl-at-jobster-4468740144,https://nl.linkedin.com/company/jobster-com,4468740144
Jobster,"Orderpicken met aanvullende IT-kwalificatie ROSSMANN-Apotheke B.V. In Emmen, NL",Emmen,2026-09-21,orderverwerking medewerker,nee,https://nl.linkedin.com/jobs/view/orderpicken-met-aanvullende-it-kwalificatie-rossmann-apotheke-b-v-in-emmen-nl-at-jobster-4468735695,https://nl.linkedin.com/company/jobster-com,4468735695
Jobster,"Orderpicken met aanvullende IT-kwalificatie ROSSMANN-Apotheke B.V. In Emmen, NL",Emmen,2026-09-21,orderverwerking medewerker,nee,https://nl.linkedin.com/jobs/view/orderpicken-met-aanvullende-it-kwalificatie-rossmann-apotheke-b-v-in-emmen-nl-at-jobster-4468743001,https://nl.linkedin.com/company/jobster-com,4468743001
Jobster,"Orderpicken met aanvullende IT-kwalificatie ROSSMANN-Apotheke B.V. In Emmen, NL",Gieten,2026-09-21,orderverwerking medewerker,nee,https://nl.linkedin.com/jobs/view/orderpicken-met-aanvullende-it-kwalificatie-rossmann-apotheke-b-v-in-emmen-nl-at-jobster-4468730477,https://nl.linkedin.com/company/jobster-com,4468730477
Jobster,"Orderpicken met aanvullende IT-kwalificatie ROSSMANN-Apotheke B.V. In Emmen, NL",Ter Apel,2026-09-21,orderverwerking medewerker,nee,https://nl.linkedin.com/jobs/view/orderpicken-met-aanvullende-it-kwalificatie-rossmann-apotheke-b-v-in-emmen-nl-at-jobster-4468731560,https://nl.linkedin.com/company/jobster-com,4468731560
Jobster,"Orderpicken met aanvullende IT-kwalificatie ROSSMANN-Apotheke B.V. In Emmen, NL",Hoogeveen,2026-09-21,orderverwerking medewerker,nee,https://nl.linkedin.com/jobs/view/orderpicken-met-aanvullende-it-kwalificatie-rossmann-apotheke-b-v-in-emmen-nl-at-jobster-4468718761,https://nl.linkedin.com/company/jobster-com,4468718761
Jobster,Sales support medewerker - Unique,Aalsmeer,2026-09-21,orderverwerking medewerker,nee,https://nl.linkedin.com/jobs/view/sales-support-medewerker-unique-at-jobster-4468759061,https://nl.linkedin.com/company/jobster-com,4468759061
Jobster,"Orderpicken met aanvullende IT-kwalificatie ROSSMANN-Apotheke B.V. In Emmen, NL",Borger,2026-09-21,orderverwerking medewerker,nee,https://nl.linkedin.com/jobs/view/orderpicken-met-aanvullende-it-kwalificatie-rossmann-apotheke-b-v-in-emmen-nl-at-jobster-4468717901,https://nl.linkedin.com/company/jobster-com,4468717901
Jobster,"Orderpicken met aanvullende IT-kwalificatie ROSSMANN-Apotheke B.V. In Emmen, NL",Borger,2026-09-21,orderverwerking medewerker,nee,https://nl.linkedin.com/jobs/view/orderpicken-met-aanvullende-it-kwalificatie-rossmann-apotheke-b-v-in-emmen-nl-at-jobster-4468726607,https://nl.linkedin.com/company/jobster-com,4468726607
Jobster,Logistiek medewerker (fulltime) - Uitzendbureau.nl,Valkenswaard,2026-09-21,orderverwerking medewerker,nee,https://nl.linkedin.com/jobs/view/logistiek-medewerker-fulltime-uitzendbureau-nl-at-jobster-4468747521,https://nl.linkedin.com/company/jobster-com,4468747521
Jobster,Medewerker binnendienst - Start People,Duiven,2026-09-21,orderverwerking medewerker,nee,https://nl.linkedin.com/jobs/view/medewerker-binnendienst-start-people-at-jobster-4468749247,https://nl.linkedin.com/company/jobster-com,4468749247
Jobster,Administratief Medewerker Orderbeheer - Uitzendbureau.nl,Dordrecht,2026-09-21,orderverwerking medewerker,nee,https://nl.linkedin.com/jobs/view/administratief-medewerker-orderbeheer-uitzendbureau-nl-at-jobster-4468753639,https://nl.linkedin.com/company/jobster-com,4468753639
Jobster,Commercieel Medewerker Binnendienst - Uitzendbureau.nl,Hengelo,2026-09-21,orderverwerking medewerker,nee,https://nl.linkedin.com/jobs/view/commercieel-medewerker-binnendienst-uitzendbureau-nl-at-jobster-4468756162,https://nl.linkedin.com/company/jobster-com,4468756162
Jobster,"Orderpicken met aanvullende IT-kwalificatie ROSSMANN-Apotheke B.V. In Emmen, NL",Westerbork,2026-09-21,orderverwerking medewerker,nee,https://nl.linkedin.com/jobs/view/orderpicken-met-aanvullende-it-kwalificatie-rossmann-apotheke-b-v-in-emmen-nl-at-jobster-4468734671,https://nl.linkedin.com/company/jobster-com,4468734671
Jobster,Logistiek medewerker (fulltime) - Jobbird.com,Valkenswaard,2026-09-21,orderverwerking medewerker,nee,https://nl.linkedin.com/jobs/view/logistiek-medewerker-fulltime-jobbird-com-at-jobster-4468744163,https://nl.linkedin.com/company/jobster-com,4468744163
Jobster,Klantenservicemedewerker - Uitzendbureau.nl,Alphen,2026-09-21,orderverwerking medewerker,nee,https://nl.linkedin.com/jobs/view/klantenservicemedewerker-uitzendbureau-nl-at-jobster-4468750110,https://nl.linkedin.com/company/jobster-com,4468750110
Jobster,"Orderpicken met aanvullende IT-kwalificatie ROSSMANN-Apotheke B.V. In Emmen, NL",Musselkanaal,2026-09-21,orderverwerking medewerker,nee,https://nl.linkedin.com/jobs/view/orderpicken-met-aanvullende-it-kwalificatie-rossmann-apotheke-b-v-in-emmen-nl-at-jobster-4468719989,https://nl.linkedin.com/company/jobster-com,4468719989
Jobster,"Operativer Einkäufer (m/w/d) eCommerce ROSSMANN-Apotheke B.V. In Emmen, NL",Coevorden,2026-09-21,orderverwerking medewerker,nee,https://nl.linkedin.com/jobs/view/operativer-eink%C3%A4ufer-m-w-d-ecommerce-rossmann-apotheke-b-v-in-emmen-nl-at-jobster-4468748554,https://nl.linkedin.com/company/jobster-com,4468748554
Jobster,"Operativer Einkäufer (m/w/d) eCommerce ROSSMANN-Apotheke B.V. In Emmen, NL",Coevorden,2026-09-21,orderverwerking medewerker,nee,https://nl.linkedin.com/jobs/view/operativer-eink%C3%A4ufer-m-w-d-ecommerce-rossmann-apotheke-b-v-in-emmen-nl-at-jobster-4468728985,https://nl.linkedin.com/company/jobster-com,4468728985
Jobster,Customer order coördinator - Jobbird.com,Alkmaar,2026-09-21,orderverwerking medewerker,nee,https://nl.linkedin.com/jobs/view/customer-order-co%C3%B6rdinator-jobbird-com-at-jobster-4468748779,https://nl.linkedin.com/company/jobster-com,4468748779
Jobster,"Operativer Einkäufer (m/w/d) eCommerce ROSSMANN-Apotheke B.V. In Emmen, NL",Hoogeveen,2026-09-21,orderverwerking medewerker,nee,https://nl.linkedin.com/jobs/view/operativer-eink%C3%A4ufer-m-w-d-ecommerce-rossmann-apotheke-b-v-in-emmen-nl-at-jobster-4468755061,https://nl.linkedin.com/company/jobster-com,4468755061
Jobster,"Operativer Einkäufer (m/w/d) eCommerce ROSSMANN-Apotheke B.V. In Emmen, NL",Hoogeveen,2026-09-21,orderverwerking medewerker,nee,https://nl.linkedin.com/jobs/view/operativer-eink%C3%A4ufer-m-w-d-ecommerce-rossmann-apotheke-b-v-in-emmen-nl-at-jobster-4468748084,https://nl.linkedin.com/company/jobster-com,4468748084
Jobster,"Orderpicken ROSSMANN-Apotheke B.V. In Emmen, NL",Coevorden,2026-09-21,orderverwerking medewerker,nee,https://nl.linkedin.com/jobs/view/orderpicken-rossmann-apotheke-b-v-in-emmen-nl-at-jobster-4468739908,https://nl.linkedin.com/company/jobster-com,4468739908
Jobster,Commercieel Medewerker Binnendienst - van nes + plaisier,Dordrecht,2026-09-21,orderverwerking medewerker,nee,https://nl.linkedin.com/jobs/view/commercieel-medewerker-binnendienst-van-nes-%2B-plaisier-at-jobster-4470200237,https://nl.linkedin.com/company/jobster-com,4470200237
Jobster,"Operativer Einkäufer (m/w/d) eCommerce ROSSMANN-Apotheke B.V. In Emmen, NL",Beilen,2026-09-21,orderverwerking medewerker,nee,https://nl.linkedin.com/jobs/view/operativer-eink%C3%A4ufer-m-w-d-ecommerce-rossmann-apotheke-b-v-in-emmen-nl-at-jobster-4468758014,https://nl.linkedin.com/company/jobster-com,4468758014
Jobster,Commercieel medewerker binnendienst regio Zwolle - Uitzendbureau.nl,Zwolle,2026-09-21,orderverwerking medewerker,nee,https://nl.linkedin.com/jobs/view/commercieel-medewerker-binnendienst-regio-zwolle-uitzendbureau-nl-at-jobster-4468758290,https://nl.linkedin.com/company/jobster-com,4468758290
Jobster,Magazijnmedewerker Parts - Uitzendbureau.nl,Bergschenhoek,2026-09-21,orderverwerking medewerker,nee,https://nl.linkedin.com/jobs/view/magazijnmedewerker-parts-uitzendbureau-nl-at-jobster-4468735965,https://nl.linkedin.com/company/jobster-com,4468735965
Jobster,Logistiek medewerker - Uitzendbureau.nl,Valkenswaard,2026-09-21,orderverwerking medewerker,nee,https://nl.linkedin.com/jobs/view/logistiek-medewerker-uitzendbureau-nl-at-jobster-4468740258,https://nl.linkedin.com/company/jobster-com,4468740258
Jobster,Logistiek medewerker - Jobbird.com,Valkenswaard,2026-09-21,orderverwerking medewerker,nee,https://nl.linkedin.com/jobs/view/logistiek-medewerker-jobbird-com-at-jobster-4468759116,https://nl.linkedin.com/company/jobster-com,4468759116
Jobster,"Orderpicken ROSSMANN-Apotheke B.V. In Emmen, NL",Beilen,2026-09-21,orderverwerking medewerker,nee,https://nl.linkedin.com/jobs/view/orderpicken-rossmann-apotheke-b-v-in-emmen-nl-at-jobster-4468734961,https://nl.linkedin.com/company/jobster-com,4468734961
Jobster,"Operativer Einkäufer (m/w/d) eCommerce ROSSMANN-Apotheke B.V. In Emmen, NL",Westerbork,2026-09-21,orderverwerking medewerker,nee,https://nl.linkedin.com/jobs/view/operativer-eink%C3%A4ufer-m-w-d-ecommerce-rossmann-apotheke-b-v-in-emmen-nl-at-jobster-4468749619,https://nl.linkedin.com/company/jobster-com,4468749619
Jobster,"Orderpicken ROSSMANN-Apotheke B.V. In Emmen, NL",Emmen,2026-09-21,orderverwerking medewerker,nee,https://nl.linkedin.com/jobs/view/orderpicken-rossmann-apotheke-b-v-in-emmen-nl-at-jobster-4468740695,https://nl.linkedin.com/company/jobster-com,4468740695
Jobster,"Orderpicken ROSSMANN-Apotheke B.V. In Emmen, NL",Emmen,2026-09-21,orderverwerking medewerker,nee,https://nl.linkedin.com/jobs/view/orderpicken-rossmann-apotheke-b-v-in-emmen-nl-at-jobster-4468729904,https://nl.linkedin.com/company/jobster-com,4468729904
Jobster,"Orderpicken ROSSMANN-Apotheke B.V. In Emmen, NL",Hoogeveen,2026-09-21,orderverwerking medewerker,nee,https://nl.linkedin.com/jobs/view/orderpicken-rossmann-apotheke-b-v-in-emmen-nl-at-jobster-4468761220,https://nl.linkedin.com/company/jobster-com,4468761220
Jobster,Salesmedewerker binnendienst - Uitzendbureau.nl,West-Knollendam,2026-09-21,orderverwerking medewerker,nee,https://nl.linkedin.com/jobs/view/salesmedewerker-binnendienst-uitzendbureau-nl-at-jobster-4468747188,https://nl.linkedin.com/company/jobster-com,4468747188
Jobster,"Orderpicken met aanvullende IT-kwalificatie ROSSMANN-Apotheke B.V. In Emmen, NL",Nieuw-Amsterdam,2026-09-21,orderverwerking medewerker,nee,https://nl.linkedin.com/jobs/view/orderpicken-met-aanvullende-it-kwalificatie-rossmann-apotheke-b-v-in-emmen-nl-at-jobster-4468741176,https://nl.linkedin.com/company/jobster-com,4468741176
Jobster,"Operativer Einkäufer (m/w/d) eCommerce ROSSMANN-Apotheke B.V. In Emmen, NL",Musselkanaal,2026-09-21,orderverwerking medewerker,nee,https://nl.linkedin.com/jobs/view/operativer-eink%C3%A4ufer-m-w-d-ecommerce-rossmann-apotheke-b-v-in-emmen-nl-at-jobster-4468765031,https://nl.linkedin.com/company/jobster-com,4468765031
Jobster,"Orderpicken ROSSMANN-Apotheke B.V. In Emmen, NL",Westerbork,2026-09-21,orderverwerking medewerker,nee,https://nl.linkedin.com/jobs/view/orderpicken-rossmann-apotheke-b-v-in-emmen-nl-at-jobster-4468750176,https://nl.linkedin.com/company/jobster-com,4468750176
Jobster,"Orderpicken ROSSMANN-Apotheke B.V. In Emmen, NL",Gieten,2026-09-21,orderverwerking medewerker,nee,https://nl.linkedin.com/jobs/view/orderpicken-rossmann-apotheke-b-v-in-emmen-nl-at-jobster-4468747436,https://nl.linkedin.com/company/jobster-com,4468747436
Jobster,"Orderpicken ROSSMANN-Apotheke B.V. In Emmen, NL",Ter Apel,2026-09-21,orderverwerking medewerker,nee,https://nl.linkedin.com/jobs/view/orderpicken-rossmann-apotheke-b-v-in-emmen-nl-at-jobster-4468745248,https://nl.linkedin.com/company/jobster-com,4468745248
Jobster,"Operativer Einkäufer (m/w/d) eCommerce ROSSMANN-Apotheke B.V. In Emmen, NL",Ter Apel,2026-09-21,orderverwerking medewerker,nee,https://nl.linkedin.com/jobs/view/operativer-eink%C3%A4ufer-m-w-d-ecommerce-rossmann-apotheke-b-v-in-emmen-nl-at-jobster-4468748128,https://nl.linkedin.com/company/jobster-com,4468748128
Jobster,Medewerker Inkoop - Uitzendbureau.nl,Capelle aan den IJssel,2026-09-21,orderverwerking medewerker,nee,https://nl.linkedin.com/jobs/view/medewerker-inkoop-uitzendbureau-nl-at-jobster-4468742759,https://nl.linkedin.com/company/jobster-com,4468742759
Jobster,"Orderpicken ROSSMANN-Apotheke B.V. In Emmen, NL",Borger,2026-09-21,orderverwerking medewerker,nee,https://nl.linkedin.com/jobs/view/orderpicken-rossmann-apotheke-b-v-in-emmen-nl-at-jobster-4468747422,https://nl.linkedin.com/company/jobster-com,4468747422
Jobster,"Orderpicken ROSSMANN-Apotheke B.V. In Emmen, NL",Borger,2026-09-21,orderverwerking medewerker,nee,https://nl.linkedin.com/jobs/view/orderpicken-rossmann-apotheke-b-v-in-emmen-nl-at-jobster-4468751142,https://nl.linkedin.com/company/jobster-com,4468751142
Jobster,Commercieel medewerker binnendienst Maasdijk - Uitzendbureau.nl,Maasdijk,2026-09-21,orderverwerking medewerker,nee,https://nl.linkedin.com/jobs/view/commercieel-medewerker-binnendienst-maasdijk-uitzendbureau-nl-at-jobster-4468753574,https://nl.linkedin.com/company/jobster-com,4468753574
Jobster,"Operativer Einkäufer (m/w/d) eCommerce ROSSMANN-Apotheke B.V. In Emmen, NL",Nieuw-Amsterdam,2026-09-21,orderverwerking medewerker,nee,https://nl.linkedin.com/jobs/view/operativer-eink%C3%A4ufer-m-w-d-ecommerce-rossmann-apotheke-b-v-in-emmen-nl-at-jobster-4468749635,https://nl.linkedin.com/company/jobster-com,4468749635
Jobster,Salesmedewerker binnendienst - Jobbird.com,West-Knollendam,2026-09-21,orderverwerking medewerker,nee,https://nl.linkedin.com/jobs/view/salesmedewerker-binnendienst-jobbird-com-at-jobster-4468750163,https://nl.linkedin.com/company/jobster-com,4468750163
Jobster,Salesmedewerker binnendienst (fulltime) - Jobbird.com,West-Knollendam,2026-09-21,orderverwerking medewerker,nee,https://nl.linkedin.com/jobs/view/salesmedewerker-binnendienst-fulltime-jobbird-com-at-jobster-4468737879,https://nl.linkedin.com/company/jobster-com,4468737879
Jobster,Export medewerker - Jobbird.com,Eindhoven,2026-09-21,orderverwerking medewerker,nee,https://nl.linkedin.com/jobs/view/export-medewerker-jobbird-com-at-jobster-4468732718,https://nl.linkedin.com/company/jobster-com,4468732718
Jobster,"Operativer Einkäufer (m/w/d) eCommerce ROSSMANN-Apotheke B.V. In Emmen, NL",Gieten,2026-09-21,orderverwerking medewerker,nee,https://nl.linkedin.com/jobs/view/operativer-eink%C3%A4ufer-m-w-d-ecommerce-rossmann-apotheke-b-v-in-emmen-nl-at-jobster-4468731963,https://nl.linkedin.com/company/jobster-com,4468731963
Jobster,"Orderpicken ROSSMANN-Apotheke B.V. In Emmen, NL",Musselkanaal,2026-09-21,orderverwerking medewerker,nee,https://nl.linkedin.com/jobs/view/orderpicken-rossmann-apotheke-b-v-in-emmen-nl-at-jobster-4468738907,https://nl.linkedin.com/company/jobster-com,4468738907
Jobster,Commercieel Medewerker Binnendienst - Uitzendbureau.nl,Oud-Beijerland,2026-09-21,orderverwerking medewerker,nee,https://nl.linkedin.com/jobs/view/commercieel-medewerker-binnendienst-uitzendbureau-nl-at-jobster-4468738515,https://nl.linkedin.com/company/jobster-com,4468738515
Jobster,Commercieel Medewerker Binnendienst Drachten - Uitzendbureau.nl,Drachten,2026-09-21,orderverwerking medewerker,nee,https://nl.linkedin.com/jobs/view/commercieel-medewerker-binnendienst-drachten-uitzendbureau-nl-at-jobster-4468745396,https://nl.linkedin.com/company/jobster-com,4468745396
Jobster,Customer Service Representative B2B - Start People,Tilburg,2026-09-21,orderverwerking medewerker,nee,https://nl.linkedin.com/jobs/view/customer-service-representative-b2b-start-people-at-jobster-4468742938,https://nl.linkedin.com/company/jobster-com,4468742938
Jobster,Backoffice medewerker - van nes + plaisier,Nieuwkoop,2026-09-21,orderverwerking medewerker,nee,https://nl.linkedin.com/jobs/view/backoffice-medewerker-van-nes-%2B-plaisier-at-jobster-4469988806,https://nl.linkedin.com/company/jobster-com,4469988806
Jobster,Planner in Veenendaal - Uitzendbureau.nl,Veenendaal,2026-09-21,orderverwerking medewerker,nee,https://nl.linkedin.com/jobs/view/planner-in-veenendaal-uitzendbureau-nl-at-jobster-4468722603,https://nl.linkedin.com/company/jobster-com,4468722603
Jobster,Outbound orderpicker Boston Scientific Kerkrade - Uitzendbureau.nl,Kerkrade,2026-09-21,orderverwerking medewerker,nee,https://nl.linkedin.com/jobs/view/outbound-orderpicker-boston-scientific-kerkrade-uitzendbureau-nl-at-jobster-4468759466,https://nl.linkedin.com/company/jobster-com,4468759466
Jobster,Inkoopmedewerker - Uitzendbureau.nl,Tilburg,2026-09-21,orderverwerking medewerker,nee,https://nl.linkedin.com/jobs/view/inkoopmedewerker-uitzendbureau-nl-at-jobster-4470210070,https://nl.linkedin.com/company/jobster-com,4470210070
Jobster,Sales Support Medewerker - Uitzendbureau.nl,Waalwijk,2026-09-21,orderverwerking medewerker,nee,https://nl.linkedin.com/jobs/view/sales-support-medewerker-uitzendbureau-nl-at-jobster-4468742189,https://nl.linkedin.com/company/jobster-com,4468742189
Jobster,Customer Service medewerker - van nes + plaisier,Ridderkerk,2026-09-21,orderverwerking medewerker,nee,https://nl.linkedin.com/jobs/view/customer-service-medewerker-van-nes-%2B-plaisier-at-jobster-4470200170,https://nl.linkedin.com/company/jobster-com,4470200170
Jobster,Ondersteunend Commercieel Medewerker Binnendienst - Uitzendbureau.nl,Barendrecht,2026-09-21,orderverwerking medewerker,nee,https://nl.linkedin.com/jobs/view/ondersteunend-commercieel-medewerker-binnendienst-uitzendbureau-nl-at-jobster-4468755191,https://nl.linkedin.com/company/jobster-com,4468755191
Jobster,Marketing &amp; E-commerce medewerker - van nes + plaisier,Etten-Leur,2026-09-21,e-commerce medewerker,nee,https://nl.linkedin.com/jobs/view/marketing-e-commerce-medewerker-van-nes-%2B-plaisier-at-jobster-4469994809,https://nl.linkedin.com/company/jobster-com,4469994809
Jobster,E-commerce account support - ASA Talent,Nieuwegein,2026-09-21,e-commerce medewerker,nee,https://nl.linkedin.com/jobs/view/e-commerce-account-support-asa-talent-at-jobster-4468753248,https://nl.linkedin.com/company/jobster-com,4468753248
Jobster,Partnerspecialist E-Commerce - ASA Talent,'s-Hertogenbosch,2026-09-21,e-commerce medewerker,nee,https://nl.linkedin.com/jobs/view/partnerspecialist-e-commerce-asa-talent-at-jobster-4468750397,https://nl.linkedin.com/company/jobster-com,4468750397
Jobster,Technisch Klantenservice Medewerker - van nes + plaisier,Zwijndrecht,2026-09-21,e-commerce medewerker,nee,https://nl.linkedin.com/jobs/view/technisch-klantenservice-medewerker-van-nes-%2B-plaisier-at-jobster-4470201244,https://nl.linkedin.com/company/jobster-com,4470201244
Jobster,Klantadviseur Zakelijk E-Commerce - ASA Talent,'s-Hertogenbosch,2026-09-21,e-commerce medewerker,nee,https://nl.linkedin.com/jobs/view/klantadviseur-zakelijk-e-commerce-asa-talent-at-jobster-4468741171,https://nl.linkedin.com/company/jobster-com,4468741171
Jobster,Zakelijke Klantenservice E-Commerce - ASA Talent,Utrecht,2026-09-21,e-commerce medewerker,nee,https://nl.linkedin.com/jobs/view/zakelijke-klantenservice-e-commerce-asa-talent-at-jobster-4468764580,https://nl.linkedin.com/company/jobster-com,4468764580
Jobster,Zakelijke klantenservice E-Commerce - ASA Talent,Arnhem,2026-09-21,e-commerce medewerker,nee,https://nl.linkedin.com/jobs/view/zakelijke-klantenservice-e-commerce-asa-talent-at-jobster-4468755682,https://nl.linkedin.com/company/jobster-com,4468755682
Jobster,"Operativer Einkäufer (m/w/d) eCommerce ROSSMANN-Apotheke B.V. In Emmen, NL - Jobbird.com",Coevorden,2026-09-21,e-commerce medewerker,nee,https://nl.linkedin.com/jobs/view/operativer-eink%C3%A4ufer-m-w-d-ecommerce-rossmann-apotheke-b-v-in-emmen-nl-jobbird-com-at-jobster-4468755301,https://nl.linkedin.com/company/jobster-com,4468755301
Jobster,Klantenservice medewerker b2b - ASA Talent,Utrecht,2026-09-21,e-commerce medewerker,nee,https://nl.linkedin.com/jobs/view/klantenservice-medewerker-b2b-asa-talent-at-jobster-4468755361,https://nl.linkedin.com/company/jobster-com,4468755361
Jobster,"Operativer Einkäufer (m/w/d) eCommerce ROSSMANN-Apotheke B.V. In Emmen, NL - Jobbird.com",Beilen,2026-09-21,e-commerce medewerker,nee,https://nl.linkedin.com/jobs/view/operativer-eink%C3%A4ufer-m-w-d-ecommerce-rossmann-apotheke-b-v-in-emmen-nl-jobbird-com-at-jobster-4468732811,https://nl.linkedin.com/company/jobster-com,4468732811
Jobster,"Operativer Einkäufer (m/w/d) eCommerce ROSSMANN-Apotheke B.V. In Emmen, NL - Jobbird.com",Hoogeveen,2026-09-21,e-commerce medewerker,nee,https://nl.linkedin.com/jobs/view/operativer-eink%C3%A4ufer-m-w-d-ecommerce-rossmann-apotheke-b-v-in-emmen-nl-jobbird-com-at-jobster-4468734678,https://nl.linkedin.com/company/jobster-com,4468734678
Jobster,"Operativer Einkäufer (m/w/d) eCommerce ROSSMANN-Apotheke B.V. In Emmen, NL - Jobbird.com",Westerbork,2026-09-21,e-commerce medewerker,nee,https://nl.linkedin.com/jobs/view/operativer-eink%C3%A4ufer-m-w-d-ecommerce-rossmann-apotheke-b-v-in-emmen-nl-jobbird-com-at-jobster-4468740876,https://nl.linkedin.com/company/jobster-com,4468740876
Jobster,Klantenservice medewerker b2b - ASA Talent,Arnhem,2026-09-21,e-commerce medewerker,nee,https://nl.linkedin.com/jobs/view/klantenservice-medewerker-b2b-asa-talent-at-jobster-4468749485,https://nl.linkedin.com/company/jobster-com,4468749485
Jobster,Klantadviseur Key Account Amersfoort - ASA Talent,Hilversum,2026-09-21,klantadviseur,nee,https://nl.linkedin.com/jobs/view/klantadviseur-key-account-amersfoort-asa-talent-at-jobster-4468748632,https://nl.linkedin.com/company/jobster-com,4468748632
Jobster,Zakelijke klantenservice medewerker Bol - ASA Talent,Utrecht,2026-09-21,klantadviseur,nee,https://nl.linkedin.com/jobs/view/zakelijke-klantenservice-medewerker-bol-asa-talent-at-jobster-4468743557,https://nl.linkedin.com/company/jobster-com,4468743557
Jobster,Key Account Customer Service DHL Express - ASA Talent,Nijmegen,2026-09-21,klantadviseur,nee,https://nl.linkedin.com/jobs/view/key-account-customer-service-dhl-express-asa-talent-at-jobster-4468740984,https://nl.linkedin.com/company/jobster-com,4468740984
Jobster,Klantadviseur B2B BOL - ASA Talent,Utrecht,2026-09-21,klantadviseur,nee,https://nl.linkedin.com/jobs/view/klantadviseur-b2b-bol-asa-talent-at-jobster-4468743897,https://nl.linkedin.com/company/jobster-com,4468743897
Jobster,Key Account Customer Service DHL - ASA Talent,Amersfoort,2026-09-21,klantadviseur,nee,https://nl.linkedin.com/jobs/view/key-account-customer-service-dhl-asa-talent-at-jobster-4468757068,https://nl.linkedin.com/company/jobster-com,4468757068
Jobster,Medewerker Klantenservice Key Accounts - ASA Talent,Amersfoort,2026-09-21,klantadviseur,nee,https://nl.linkedin.com/jobs/view/medewerker-klantenservice-key-accounts-asa-talent-at-jobster-4468747007,https://nl.linkedin.com/company/jobster-com,4468747007
Jobster,Service Adviseur Trucks - Uitzendbureau.nl,Roosendaal,2026-09-21,klantadviseur,nee,https://nl.linkedin.com/jobs/view/service-adviseur-trucks-uitzendbureau-nl-at-jobster-4468754055,https://nl.linkedin.com/company/jobster-com,4468754055
Jobster,Medewerker Klantenservice DHL Express - ASA Talent,Amersfoort,2026-09-21,klantadviseur,nee,https://nl.linkedin.com/jobs/view/medewerker-klantenservice-dhl-express-asa-talent-at-jobster-4468754583,https://nl.linkedin.com/company/jobster-com,4468754583
Jobster,Technisch Adviseur Klantondersteuning - Uitzendbureau.nl,Nuenen,2026-09-21,klantadviseur,nee,https://nl.linkedin.com/jobs/view/technisch-adviseur-klantondersteuning-uitzendbureau-nl-at-jobster-4468742981,https://nl.linkedin.com/company/jobster-com,4468742981
Jobster,Klantenservice medewerker Leusden - Inspire,Leusden,2026-09-22,customer service,nee,https://nl.linkedin.com/jobs/view/klantenservice-medewerker-leusden-inspire-at-jobster-4470408674,https://nl.linkedin.com/company/jobster-com,4470408674
Joerns Healthcare bv,Klantadviseur Zorghulpmiddelen,Houten,2026-09-11,klantadviseur,nee,https://nl.linkedin.com/jobs/view/klantadviseur-zorghulpmiddelen-at-joerns-healthcare-bv-4466071775,https://nl.linkedin.com/company/joerns-healthcare-bv,4466071775
Joerns Healthcare bv,Klantadviseur Zorghulpmiddelen,Houten,2026-09-14,klantadviseur,nee,https://nl.linkedin.com/jobs/view/klantadviseur-zorghulpmiddelen-at-joerns-healthcare-bv-4467060921,https://nl.linkedin.com/company/joerns-healthcare-bv,4467060921
Johnson Controls,Customer Service Employee,Enschede,2026-09-12,customer service,nee,https://nl.linkedin.com/jobs/view/customer-service-employee-at-johnson-controls-4464268348,https://ie.linkedin.com/company/johnson-controls,4464268348
JouwWeb,Customer Support Employee - Evening Shifts,Eindhoven,2026-09-18,support medewerker webshop,nee,https://nl.linkedin.com/jobs/view/customer-support-employee-evening-shifts-at-jouwweb-4469189594,https://nl.linkedin.com/company/jouwweb,4469189594
JP Gray,Customer Service Representative,Rotterdam,2026-09-15,customer service,nee,https://nl.linkedin.com/jobs/view/customer-service-representative-at-jp-gray-4466501649,https://nl.linkedin.com/company/jp-gray,4466501649
JR286,Customer Service Representative (International Sales),Hilversum,2026-09-08,customer service,nee,https://nl.linkedin.com/jobs/view/customer-service-representative-international-sales-at-jr286-4458671910,https://www.linkedin.com/company/jr286,4458671910
Jumbo Supermarkten,Medewerker Proces &amp; Goederenverwerking,Zwolle,2026-09-01,webshop medewerker,nee,https://nl.linkedin.com/jobs/view/medewerker-proces-goederenverwerking-at-jumbo-supermarkten-4433694971,https://nl.linkedin.com/company/jumbo-supermarkten,4433694971
Jumbo Supermarkten,Medewerker Proces &amp; Goederenverwerking,Boxtel,2026-09-01,webshop medewerker,nee,https://nl.linkedin.com/jobs/view/medewerker-proces-goederenverwerking-at-jumbo-supermarkten-4460267960,https://nl.linkedin.com/company/jumbo-supermarkten,4460267960
Jumbo Supermarkten,Medewerker Proces &amp; Goederenverwerking,Berg en Dal,2026-09-01,webshop medewerker,nee,https://nl.linkedin.com/jobs/view/medewerker-proces-goederenverwerking-at-jumbo-supermarkten-4460282662,https://nl.linkedin.com/company/jumbo-supermarkten,4460282662
Jumbo Supermarkten,Medewerker Proces &amp; Goederenverwerking,Den Ham,2026-09-01,webshop medewerker,nee,https://nl.linkedin.com/jobs/view/medewerker-proces-goederenverwerking-at-jumbo-supermarkten-4460636276,https://nl.linkedin.com/company/jumbo-supermarkten,4460636276
Jumbo Supermarkten,Vulploegmedewerker,Tilburg,2026-09-01,webshop medewerker,nee,https://nl.linkedin.com/jobs/view/vulploegmedewerker-at-jumbo-supermarkten-4460274843,https://nl.linkedin.com/company/jumbo-supermarkten,4460274843
Jumbo Supermarkten,Vulploegmedewerker,Den Haag,2026-09-01,webshop medewerker,nee,https://nl.linkedin.com/jobs/view/vulploegmedewerker-at-jumbo-supermarkten-4374656956,https://nl.linkedin.com/company/jumbo-supermarkten,4374656956
Jumbo Supermarkten,Versmedewerker,Breda,2026-09-01,webshop medewerker,nee,https://nl.linkedin.com/jobs/view/versmedewerker-at-jumbo-supermarkten-4231944582,https://nl.linkedin.com/company/jumbo-supermarkten,4231944582
Jumbo Supermarkten,Medewerker Service,Oldenzaal,2026-09-01,support medewerker webshop,nee,https://nl.linkedin.com/jobs/view/medewerker-service-at-jumbo-supermarkten-4330864513,https://nl.linkedin.com/company/jumbo-supermarkten,4330864513
Jumbo Supermarkten,Medewerker Proces &amp; Goederenverwerking,Amsterdam,2026-09-02,webshop medewerker,nee,https://nl.linkedin.com/jobs/view/medewerker-proces-goederenverwerking-at-jumbo-supermarkten-4451663953,https://nl.linkedin.com/company/jumbo-supermarkten,4451663953
Jumbo Supermarkten,Medewerker Proces &amp; Goederenverwerking,Bodegraven,2026-09-02,webshop medewerker,nee,https://nl.linkedin.com/jobs/view/medewerker-proces-goederenverwerking-at-jumbo-supermarkten-4366891590,https://nl.linkedin.com/company/jumbo-supermarkten,4366891590
Jumbo Supermarkten,Medewerker Proces &amp; Goederenverwerking,Zevenhuizen,2026-09-02,webshop medewerker,nee,https://nl.linkedin.com/jobs/view/medewerker-proces-goederenverwerking-at-jumbo-supermarkten-4451663954,https://nl.linkedin.com/company/jumbo-supermarkten,4451663954
Jumbo Supermarkten,Medewerker Proces &amp; Goederenverwerking,Rosmalen,2026-09-02,webshop medewerker,nee,https://nl.linkedin.com/jobs/view/medewerker-proces-goederenverwerking-at-jumbo-supermarkten-4374380517,https://nl.linkedin.com/company/jumbo-supermarkten,4374380517
Jumbo Supermarkten,Vulploegmedewerker,Veenendaal,2026-09-02,webshop medewerker,nee,https://nl.linkedin.com/jobs/view/vulploegmedewerker-at-jumbo-supermarkten-4442664809,https://nl.linkedin.com/company/jumbo-supermarkten,4442664809
Jumbo Supermarkten,Medewerker Service,'s-Heerenberg,2026-09-02,support medewerker webshop,nee,https://nl.linkedin.com/jobs/view/medewerker-service-at-jumbo-supermarkten-4461310846,https://nl.linkedin.com/company/jumbo-supermarkten,4461310846
Jumbo Supermarkten,Medewerker Proces &amp; Goederenverwerking,Rotterdam,2026-09-03,webshop medewerker,nee,https://nl.linkedin.com/jobs/view/medewerker-proces-goederenverwerking-at-jumbo-supermarkten-4434318029,https://nl.linkedin.com/company/jumbo-supermarkten,4434318029
Jumbo Supermarkten,Medewerker Proces &amp; Goederenverwerking,Tilburg,2026-09-03,webshop medewerker,nee,https://nl.linkedin.com/jobs/view/medewerker-proces-goederenverwerking-at-jumbo-supermarkten-4367496380,https://nl.linkedin.com/company/jumbo-supermarkten,4367496380
Jumbo Supermarkten,Medewerker Proces &amp; Goederenverwerking,Surhuisterveen,2026-09-03,webshop medewerker,nee,https://nl.linkedin.com/jobs/view/medewerker-proces-goederenverwerking-at-jumbo-supermarkten-4461685752,https://nl.linkedin.com/company/jumbo-supermarkten,4461685752
Jumbo Supermarkten,Vulploegmedewerker,Rotterdam,2026-09-03,webshop medewerker,nee,https://nl.linkedin.com/jobs/view/vulploegmedewerker-at-jumbo-supermarkten-4434353236,https://nl.linkedin.com/company/jumbo-supermarkten,4434353236
Jumbo Supermarkten,Medewerker Proces &amp; Goederenverwerking,Leusden,2026-09-04,webshop medewerker,nee,https://nl.linkedin.com/jobs/view/medewerker-proces-goederenverwerking-at-jumbo-supermarkten-4257996960,https://nl.linkedin.com/company/jumbo-supermarkten,4257996960
Jumbo Supermarkten,Medewerker Proces &amp; Goederenverwerking,Oss,2026-09-04,webshop medewerker,nee,https://nl.linkedin.com/jobs/view/medewerker-proces-goederenverwerking-at-jumbo-supermarkten-4425279561,https://nl.linkedin.com/company/jumbo-supermarkten,4425279561
Jumbo Supermarkten,Vulploegmedewerker,Amsterdam,2026-09-04,webshop medewerker,nee,https://nl.linkedin.com/jobs/view/vulploegmedewerker-at-jumbo-supermarkten-4426035455,https://nl.linkedin.com/company/jumbo-supermarkten,4426035455
Jumbo Supermarkten,Medewerker Proces &amp; Goederenverwerking,Belfeld,2026-09-04,webshop medewerker,nee,https://nl.linkedin.com/jobs/view/medewerker-proces-goederenverwerking-at-jumbo-supermarkten-4434345480,https://nl.linkedin.com/company/jumbo-supermarkten,4434345480
Jumbo Supermarkten,Versmedewerker,Rotterdam,2026-09-04,webshop medewerker,nee,https://nl.linkedin.com/jobs/view/versmedewerker-at-jumbo-supermarkten-4461969349,https://nl.linkedin.com/company/jumbo-supermarkten,4461969349
Jumbo Supermarkten,Vulploegmedewerker,Helmond,2026-09-04,webshop medewerker,nee,https://nl.linkedin.com/jobs/view/vulploegmedewerker-at-jumbo-supermarkten-4443898643,https://nl.linkedin.com/company/jumbo-supermarkten,4443898643
Jumbo Supermarkten,Medewerker Proces &amp; Goederenverwerking,Houten,2026-09-05,webshop medewerker,nee,https://nl.linkedin.com/jobs/view/medewerker-proces-goederenverwerking-at-jumbo-supermarkten-4462622284,https://nl.linkedin.com/company/jumbo-supermarkten,4462622284
Jumbo Supermarkten,Medewerker Proces &amp; Goederenverwerking,Valkenburg aan de Geul,2026-09-05,webshop medewerker,nee,https://nl.linkedin.com/jobs/view/medewerker-proces-goederenverwerking-at-jumbo-supermarkten-4443862764,https://nl.linkedin.com/company/jumbo-supermarkten,4443862764
Jumbo Supermarkten,Medewerker Proces &amp; Goederenverwerking,Nijmegen,2026-09-05,webshop medewerker,nee,https://nl.linkedin.com/jobs/view/medewerker-proces-goederenverwerking-at-jumbo-supermarkten-4406518836,https://nl.linkedin.com/company/jumbo-supermarkten,4406518836
Jumbo Supermarkten,Vulploegmedewerker,Maartensdijk,2026-09-05,webshop medewerker,nee,https://nl.linkedin.com/jobs/view/vulploegmedewerker-at-jumbo-supermarkten-4435237922,https://nl.linkedin.com/company/jumbo-supermarkten,4435237922
Jumbo Supermarkten,Medewerker Service,Waalwijk,2026-09-05,support medewerker webshop,nee,https://nl.linkedin.com/jobs/view/medewerker-service-at-jumbo-supermarkten-4435440603,https://nl.linkedin.com/company/jumbo-supermarkten,4435440603
Jumbo Supermarkten,Medewerker Proces &amp; Goederenverwerking,Heemskerk,2026-09-06,webshop medewerker,nee,https://nl.linkedin.com/jobs/view/medewerker-proces-goederenverwerking-at-jumbo-supermarkten-4426650368,https://nl.linkedin.com/company/jumbo-supermarkten,4426650368
Jumbo Supermarkten,Vulploegmedewerker,Alkmaar,2026-09-06,webshop medewerker,nee,https://nl.linkedin.com/jobs/view/vulploegmedewerker-at-jumbo-supermarkten-4351812429,https://nl.linkedin.com/company/jumbo-supermarkten,4351812429
Jumbo Supermarkten,Versmedewerker,Boekel,2026-09-06,webshop medewerker,nee,https://nl.linkedin.com/jobs/view/versmedewerker-at-jumbo-supermarkten-4435237921,https://nl.linkedin.com/company/jumbo-supermarkten,4435237921
Jumbo Supermarkten,Medewerker Service,Vlijmen,2026-09-06,support medewerker webshop,nee,https://nl.linkedin.com/jobs/view/medewerker-service-at-jumbo-supermarkten-4407033599,https://nl.linkedin.com/company/jumbo-supermarkten,4407033599
Jumbo Supermarkten,Medewerker Proces &amp; Goederenverwerking,Berkel en Rodenrijs,2026-09-07,webshop medewerker,nee,https://nl.linkedin.com/jobs/view/medewerker-proces-goederenverwerking-at-jumbo-supermarkten-4453974884,https://nl.linkedin.com/company/jumbo-supermarkten,4453974884
Jumbo Supermarkten,Medewerker Proces &amp; Goederenverwerking,Barneveld,2026-09-07,webshop medewerker,nee,https://nl.linkedin.com/jobs/view/medewerker-proces-goederenverwerking-at-jumbo-supermarkten-4357630824,https://nl.linkedin.com/company/jumbo-supermarkten,4357630824
Jumbo Supermarkten,Medewerker Proces &amp; Goederenverwerking,Zutphen,2026-09-07,webshop medewerker,nee,https://nl.linkedin.com/jobs/view/medewerker-proces-goederenverwerking-at-jumbo-supermarkten-4407947151,https://nl.linkedin.com/company/jumbo-supermarkten,4407947151
Jumbo Supermarkten,Vulploegmedewerker,Amstelveen,2026-09-07,webshop medewerker,nee,https://nl.linkedin.com/jobs/view/vulploegmedewerker-at-jumbo-supermarkten-4385006461,https://nl.linkedin.com/company/jumbo-supermarkten,4385006461
Jumbo Supermarkten,Vulploegmedewerker,Den Haag,2026-09-07,webshop medewerker,nee,https://nl.linkedin.com/jobs/view/vulploegmedewerker-at-jumbo-supermarkten-4398119423,https://nl.linkedin.com/company/jumbo-supermarkten,4398119423
Jumbo Supermarkten,Medewerker Proces &amp; Goederenverwerking,Hulst,2026-09-08,webshop medewerker,nee,https://nl.linkedin.com/jobs/view/medewerker-proces-goederenverwerking-at-jumbo-supermarkten-4454253944,https://nl.linkedin.com/company/jumbo-supermarkten,4454253944
Jumbo Supermarkten,Medewerker Proces &amp; Goederenverwerking,Wijchen,2026-09-08,webshop medewerker,nee,https://nl.linkedin.com/jobs/view/medewerker-proces-goederenverwerking-at-jumbo-supermarkten-4463529417,https://nl.linkedin.com/company/jumbo-supermarkten,4463529417
Jumbo Supermarkten,Medewerker Service,Arnhem,2026-09-08,support medewerker webshop,nee,https://nl.linkedin.com/jobs/view/medewerker-service-at-jumbo-supermarkten-4463543285,https://nl.linkedin.com/company/jumbo-supermarkten,4463543285
Jumbo Supermarkten,Medewerker Proces &amp; Goederenverwerking,Alphen aan den Rijn,2026-09-09,webshop medewerker,nee,https://nl.linkedin.com/jobs/view/medewerker-proces-goederenverwerking-at-jumbo-supermarkten-4445160890,https://nl.linkedin.com/company/jumbo-supermarkten,4445160890
Jumbo Supermarkten,Medewerker Proces &amp; Goederenverwerking,Horst,2026-09-09,webshop medewerker,nee,https://nl.linkedin.com/jobs/view/medewerker-proces-goederenverwerking-at-jumbo-supermarkten-4273283818,https://nl.linkedin.com/company/jumbo-supermarkten,4273283818
Jumbo Supermarkten,Vulploegmedewerker,Driebergen,2026-09-09,webshop medewerker,nee,https://nl.linkedin.com/jobs/view/vulploegmedewerker-at-jumbo-supermarkten-4454755254,https://nl.linkedin.com/company/jumbo-supermarkten,4454755254
Jumbo Supermarkten,Medewerker Proces &amp; Goederenverwerking,Eindhoven,2026-09-09,webshop medewerker,nee,https://nl.linkedin.com/jobs/view/medewerker-proces-goederenverwerking-at-jumbo-supermarkten-4436048027,https://nl.linkedin.com/company/jumbo-supermarkten,4436048027
Jumbo Supermarkten,Versmedewerker,Oudewater,2026-09-09,webshop medewerker,nee,https://nl.linkedin.com/jobs/view/versmedewerker-at-jumbo-supermarkten-4354817360,https://nl.linkedin.com/company/jumbo-supermarkten,4354817360
Jumbo Supermarkten,Medewerker Proces &amp; Goederenverwerking,Zoeterwoude,2026-09-10,webshop medewerker,nee,https://nl.linkedin.com/jobs/view/medewerker-proces-goederenverwerking-at-jumbo-supermarkten-4408374869,https://nl.linkedin.com/company/jumbo-supermarkten,4408374869
Jumbo Supermarkten,Medewerker Proces &amp; Goederenverwerking,Zwolle,2026-09-10,webshop medewerker,nee,https://nl.linkedin.com/jobs/view/medewerker-proces-goederenverwerking-at-jumbo-supermarkten-4464558830,https://nl.linkedin.com/company/jumbo-supermarkten,4464558830
Jumbo Supermarkten,Medewerker Proces &amp; Goederenverwerking,Zwolle,2026-09-10,webshop medewerker,nee,https://nl.linkedin.com/jobs/view/medewerker-proces-goederenverwerking-at-jumbo-supermarkten-4464557880,https://nl.linkedin.com/company/jumbo-supermarkten,4464557880
Jumbo Supermarkten,Medewerker Proces &amp; Goederenverwerking,Reusel,2026-09-10,webshop medewerker,nee,https://nl.linkedin.com/jobs/view/medewerker-proces-goederenverwerking-at-jumbo-supermarkten-4427739212,https://nl.linkedin.com/company/jumbo-supermarkten,4427739212
Jumbo Supermarkten,Medewerker Proces &amp; Goederenverwerking,Heerde,2026-09-10,webshop medewerker,nee,https://nl.linkedin.com/jobs/view/medewerker-proces-goederenverwerking-at-jumbo-supermarkten-4418201469,https://nl.linkedin.com/company/jumbo-supermarkten,4418201469
Jumbo Supermarkten,Vulploegmedewerker,'s-Hertogenbosch,2026-09-10,webshop medewerker,nee,https://nl.linkedin.com/jobs/view/vulploegmedewerker-at-jumbo-supermarkten-4464513645,https://nl.linkedin.com/company/jumbo-supermarkten,4464513645
Jumbo Supermarkten,Vulploegmedewerker,Sint-Oedenrode,2026-09-10,webshop medewerker,nee,https://nl.linkedin.com/jobs/view/vulploegmedewerker-at-jumbo-supermarkten-4428495073,https://nl.linkedin.com/company/jumbo-supermarkten,4428495073
Jumbo Supermarkten,Vulploegmedewerker,IJmuiden,2026-09-10,webshop medewerker,nee,https://nl.linkedin.com/jobs/view/vulploegmedewerker-at-jumbo-supermarkten-4445756284,https://nl.linkedin.com/company/jumbo-supermarkten,4445756284
Jumbo Supermarkten,Medewerker Proces &amp; Goederenverwerking,Oudewater,2026-09-11,webshop medewerker,nee,https://nl.linkedin.com/jobs/view/medewerker-proces-goederenverwerking-at-jumbo-supermarkten-4359128223,https://nl.linkedin.com/company/jumbo-supermarkten,4359128223
Jumbo Supermarkten,Medewerker Proces &amp; Goederenverwerking,Bergen op Zoom,2026-09-11,webshop medewerker,nee,https://nl.linkedin.com/jobs/view/medewerker-proces-goederenverwerking-at-jumbo-supermarkten-4399199755,https://nl.linkedin.com/company/jumbo-supermarkten,4399199755
Jumbo Supermarkten,Medewerker Proces &amp; Goederenverwerking,Zoetermeer,2026-09-11,webshop medewerker,nee,https://nl.linkedin.com/jobs/view/medewerker-proces-goederenverwerking-at-jumbo-supermarkten-4408449091,https://nl.linkedin.com/company/jumbo-supermarkten,4408449091
Jumbo Supermarkten,Medewerker Proces &amp; Goederenverwerking,Zwolle,2026-09-11,webshop medewerker,nee,https://nl.linkedin.com/jobs/view/medewerker-proces-goederenverwerking-at-jumbo-supermarkten-4437054081,https://nl.linkedin.com/company/jumbo-supermarkten,4437054081
Jumbo Supermarkten,Medewerker Proces &amp; Goederenverwerking,Coevorden,2026-09-11,webshop medewerker,nee,https://nl.linkedin.com/jobs/view/medewerker-proces-goederenverwerking-at-jumbo-supermarkten-4307632895,https://nl.linkedin.com/company/jumbo-supermarkten,4307632895
Jumbo Supermarkten,Medewerker Proces &amp; Goederenverwerking,Bladel,2026-09-11,webshop medewerker,nee,https://nl.linkedin.com/jobs/view/medewerker-proces-goederenverwerking-at-jumbo-supermarkten-4465109585,https://nl.linkedin.com/company/jumbo-supermarkten,4465109585
Jumbo Supermarkten,Medewerker Proces &amp; Goederenverwerking,Marknesse,2026-09-11,webshop medewerker,nee,https://nl.linkedin.com/jobs/view/medewerker-proces-goederenverwerking-at-jumbo-supermarkten-4418285517,https://nl.linkedin.com/company/jumbo-supermarkten,4418285517
Jumbo Supermarkten,Medewerker Proces &amp; Goederenverwerking,Arnhem,2026-09-11,webshop medewerker,nee,https://nl.linkedin.com/jobs/view/medewerker-proces-goederenverwerking-at-jumbo-supermarkten-4436205124,https://nl.linkedin.com/company/jumbo-supermarkten,4436205124
Jumbo Supermarkten,Medewerker Proces &amp; Goederenverwerking,Sint-Oedenrode,2026-09-11,webshop medewerker,nee,https://nl.linkedin.com/jobs/view/medewerker-proces-goederenverwerking-at-jumbo-supermarkten-4428703014,https://nl.linkedin.com/company/jumbo-supermarkten,4428703014
Jumbo Supermarkten,Medewerker Proces &amp; Goederenverwerking,Sint-Oedenrode,2026-09-11,webshop medewerker,nee,https://nl.linkedin.com/jobs/view/medewerker-proces-goederenverwerking-at-jumbo-supermarkten-4464875684,https://nl.linkedin.com/company/jumbo-supermarkten,4464875684
Jumbo Supermarkten,Vulploegmedewerker,Amerongen,2026-09-11,webshop medewerker,nee,https://nl.linkedin.com/jobs/view/vulploegmedewerker-at-jumbo-supermarkten-4465126416,https://nl.linkedin.com/company/jumbo-supermarkten,4465126416
Jumbo Supermarkten,Medewerker Service,'s-Hertogenbosch,2026-09-11,support medewerker webshop,nee,https://nl.linkedin.com/jobs/view/medewerker-service-at-jumbo-supermarkten-4409730172,https://nl.linkedin.com/company/jumbo-supermarkten,4409730172
Jumbo Supermarkten,Medewerker Service,'s-Hertogenbosch,2026-09-11,support medewerker webshop,nee,https://nl.linkedin.com/jobs/view/medewerker-service-at-jumbo-supermarkten-4408434773,https://nl.linkedin.com/company/jumbo-supermarkten,4408434773
Jumbo Supermarkten,Medewerker Service,'s-Hertogenbosch,2026-09-11,support medewerker webshop,nee,https://nl.linkedin.com/jobs/view/medewerker-service-at-jumbo-supermarkten-4444580996,https://nl.linkedin.com/company/jumbo-supermarkten,4444580996
Jumbo Supermarkten,Medewerker Proces &amp; Goederenverwerking,Geffen,2026-09-12,webshop medewerker,nee,https://nl.linkedin.com/jobs/view/medewerker-proces-goederenverwerking-at-jumbo-supermarkten-4322058276,https://nl.linkedin.com/company/jumbo-supermarkten,4322058276
Jumbo Supermarkten,Medewerker Proces &amp; Goederenverwerking,Leidschendam,2026-09-12,webshop medewerker,nee,https://nl.linkedin.com/jobs/view/medewerker-proces-goederenverwerking-at-jumbo-supermarkten-4400738599,https://nl.linkedin.com/company/jumbo-supermarkten,4400738599
Jumbo Supermarkten,Vulploegmedewerker,Tilburg,2026-09-12,webshop medewerker,nee,https://nl.linkedin.com/jobs/view/vulploegmedewerker-at-jumbo-supermarkten-4465408627,https://nl.linkedin.com/company/jumbo-supermarkten,4465408627
Jumbo Supermarkten,Medewerker Proces &amp; Goederenverwerking,Son en Breugel,2026-09-13,webshop medewerker,nee,https://nl.linkedin.com/jobs/view/medewerker-proces-goederenverwerking-at-jumbo-supermarkten-4329479062,https://nl.linkedin.com/company/jumbo-supermarkten,4329479062
Jumbo Supermarkten,Medewerker Proces &amp; Goederenverwerking,Terneuzen,2026-09-13,webshop medewerker,nee,https://nl.linkedin.com/jobs/view/medewerker-proces-goederenverwerking-at-jumbo-supermarkten-4437538516,https://nl.linkedin.com/company/jumbo-supermarkten,4437538516
Jumbo Supermarkten,Medewerker Proces &amp; Goederenverwerking,Krimpen aan den IJssel,2026-09-13,webshop medewerker,nee,https://nl.linkedin.com/jobs/view/medewerker-proces-goederenverwerking-at-jumbo-supermarkten-4435201745,https://nl.linkedin.com/company/jumbo-supermarkten,4435201745
Jumbo Supermarkten,Medewerker Proces &amp; Goederenverwerking,Delfzijl,2026-09-13,webshop medewerker,nee,https://nl.linkedin.com/jobs/view/medewerker-proces-goederenverwerking-at-jumbo-supermarkten-4360905472,https://nl.linkedin.com/company/jumbo-supermarkten,4360905472
Jumbo Supermarkten,Medewerker Proces &amp; Goederenverwerking,Nijmegen,2026-09-13,webshop medewerker,nee,https://nl.linkedin.com/jobs/view/medewerker-proces-goederenverwerking-at-jumbo-supermarkten-4409974183,https://nl.linkedin.com/company/jumbo-supermarkten,4409974183
Jumbo Supermarkten,Vulploegmedewerker,Den Haag,2026-09-13,webshop medewerker,nee,https://nl.linkedin.com/jobs/view/vulploegmedewerker-at-jumbo-supermarkten-4402108624,https://nl.linkedin.com/company/jumbo-supermarkten,4402108624
Jumbo Supermarkten,Medewerker Service,Woudenberg,2026-09-13,support medewerker webshop,nee,https://nl.linkedin.com/jobs/view/medewerker-service-at-jumbo-supermarkten-4437594293,https://nl.linkedin.com/company/jumbo-supermarkten,4437594293
Jumbo Supermarkten,Medewerker Service,Valkenswaard,2026-09-13,support medewerker webshop,nee,https://nl.linkedin.com/jobs/view/medewerker-service-at-jumbo-supermarkten-4400740574,https://nl.linkedin.com/company/jumbo-supermarkten,4400740574
Jumbo Supermarkten,Medewerker Proces &amp; Goederenverwerking,Barendrecht,2026-09-14,webshop medewerker,nee,https://nl.linkedin.com/jobs/view/medewerker-proces-goederenverwerking-at-jumbo-supermarkten-4422526441,https://nl.linkedin.com/company/jumbo-supermarkten,4422526441
Jumbo Supermarkten,Medewerker Proces &amp; Goederenverwerking,Budel,2026-09-14,webshop medewerker,nee,https://nl.linkedin.com/jobs/view/medewerker-proces-goederenverwerking-at-jumbo-supermarkten-4401423733,https://nl.linkedin.com/company/jumbo-supermarkten,4401423733
Jumbo Supermarkten,Medewerker Proces &amp; Goederenverwerking,Zeist,2026-09-14,webshop medewerker,nee,https://nl.linkedin.com/jobs/view/medewerker-proces-goederenverwerking-at-jumbo-supermarkten-4466101698,https://nl.linkedin.com/company/jumbo-supermarkten,4466101698
Jumbo Supermarkten,Medewerker Proces &amp; Goederenverwerking,Purmerend,2026-09-14,webshop medewerker,nee,https://nl.linkedin.com/jobs/view/medewerker-proces-goederenverwerking-at-jumbo-supermarkten-4466106601,https://nl.linkedin.com/company/jumbo-supermarkten,4466106601
Jumbo Supermarkten,Medewerker Proces &amp; Goederenverwerking,Ulvenhout,2026-09-14,webshop medewerker,nee,https://nl.linkedin.com/jobs/view/medewerker-proces-goederenverwerking-at-jumbo-supermarkten-4430072683,https://nl.linkedin.com/company/jumbo-supermarkten,4430072683
Jumbo Supermarkten,Medewerker Proces &amp; Goederenverwerking,Emmen,2026-09-14,webshop medewerker,nee,https://nl.linkedin.com/jobs/view/medewerker-proces-goederenverwerking-at-jumbo-supermarkten-4465762321,https://nl.linkedin.com/company/jumbo-supermarkten,4465762321
Jumbo Supermarkten,Vulploegmedewerker,Son en Breugel,2026-09-14,webshop medewerker,nee,https://nl.linkedin.com/jobs/view/vulploegmedewerker-at-jumbo-supermarkten-4329469380,https://nl.linkedin.com/company/jumbo-supermarkten,4329469380
Jumbo Supermarkten,Medewerker Proces &amp; Goederenverwerking,'s-Hertogenbosch,2026-09-15,webshop medewerker,nee,https://nl.linkedin.com/jobs/view/medewerker-proces-goederenverwerking-at-jumbo-supermarkten-4379699218,https://nl.linkedin.com/company/jumbo-supermarkten,4379699218
Jumbo Supermarkten,Medewerker Proces &amp; Goederenverwerking,Veghel,2026-09-15,webshop medewerker,nee,https://nl.linkedin.com/jobs/view/medewerker-proces-goederenverwerking-at-jumbo-supermarkten-4390971484,https://nl.linkedin.com/company/jumbo-supermarkten,4390971484
Jumbo Supermarkten,Medewerker Proces &amp; Goederenverwerking,Barneveld,2026-09-15,webshop medewerker,nee,https://nl.linkedin.com/jobs/view/medewerker-proces-goederenverwerking-at-jumbo-supermarkten-4368028643,https://nl.linkedin.com/company/jumbo-supermarkten,4368028643
Jumbo Supermarkten,Medewerker Proces &amp; Goederenverwerking,Rosmalen,2026-09-15,webshop medewerker,nee,https://nl.linkedin.com/jobs/view/medewerker-proces-goederenverwerking-at-jumbo-supermarkten-4465901633,https://nl.linkedin.com/company/jumbo-supermarkten,4465901633
Jumbo Supermarkten,Medewerker Proces &amp; Goederenverwerking,Sint-Michielsgestel,2026-09-16,webshop medewerker,nee,https://nl.linkedin.com/jobs/view/medewerker-proces-goederenverwerking-at-jumbo-supermarkten-4457468362,https://nl.linkedin.com/company/jumbo-supermarkten,4457468362
Jumbo Supermarkten,Medewerker Proces &amp; Goederenverwerking,Amersfoort,2026-09-17,webshop medewerker,nee,https://nl.linkedin.com/jobs/view/medewerker-proces-goederenverwerking-at-jumbo-supermarkten-4391680268,https://nl.linkedin.com/company/jumbo-supermarkten,4391680268
Jumbo Supermarkten,Medewerker Proces &amp; Goederenverwerking,Arnhem,2026-09-17,webshop medewerker,nee,https://nl.linkedin.com/jobs/view/medewerker-proces-goederenverwerking-at-jumbo-supermarkten-4467559133,https://nl.linkedin.com/company/jumbo-supermarkten,4467559133
Jumbo Supermarkten,Medewerker Proces &amp; Goederenverwerking,Venray,2026-09-17,webshop medewerker,nee,https://nl.linkedin.com/jobs/view/medewerker-proces-goederenverwerking-at-jumbo-supermarkten-4240225250,https://nl.linkedin.com/company/jumbo-supermarkten,4240225250
Jumbo Supermarkten,Medewerker Proces &amp; Goederenverwerking,Hengelo,2026-09-17,webshop medewerker,nee,https://nl.linkedin.com/jobs/view/medewerker-proces-goederenverwerking-at-jumbo-supermarkten-4281340660,https://nl.linkedin.com/company/jumbo-supermarkten,4281340660
Jumbo Supermarkten,Medewerker Proces &amp; Goederenverwerking,Geleen,2026-09-17,webshop medewerker,nee,https://nl.linkedin.com/jobs/view/medewerker-proces-goederenverwerking-at-jumbo-supermarkten-4391910462,https://nl.linkedin.com/company/jumbo-supermarkten,4391910462
Jumbo Supermarkten,Medewerker Proces &amp; Goederenverwerking,Enschede,2026-09-17,webshop medewerker,nee,https://nl.linkedin.com/jobs/view/medewerker-proces-goederenverwerking-at-jumbo-supermarkten-4467546337,https://nl.linkedin.com/company/jumbo-supermarkten,4467546337
Jumbo Supermarkten,Medewerker Proces &amp; Goederenverwerking,Nuenen,2026-09-17,webshop medewerker,nee,https://nl.linkedin.com/jobs/view/medewerker-proces-goederenverwerking-at-jumbo-supermarkten-4467582606,https://nl.linkedin.com/company/jumbo-supermarkten,4467582606
Jumbo Supermarkten,Versmedewerker,Weert,2026-09-17,webshop medewerker,nee,https://nl.linkedin.com/jobs/view/versmedewerker-at-jumbo-supermarkten-4457986375,https://nl.linkedin.com/company/jumbo-supermarkten,4457986375
Jumbo Supermarkten,Medewerker Proces &amp; Goederenverwerking,Geldrop,2026-09-18,webshop medewerker,nee,https://nl.linkedin.com/jobs/view/medewerker-proces-goederenverwerking-at-jumbo-supermarkten-4432249703,https://nl.linkedin.com/company/jumbo-supermarkten,4432249703
Jumbo Supermarkten,Vulploegmedewerker,Middelburg,2026-09-18,webshop medewerker,nee,https://nl.linkedin.com/jobs/view/vulploegmedewerker-at-jumbo-supermarkten-4422868387,https://nl.linkedin.com/company/jumbo-supermarkten,4422868387
Jumbo Supermarkten,Medewerker Proces &amp; Goederenverwerking,Drachten,2026-09-18,webshop medewerker,nee,https://nl.linkedin.com/jobs/view/medewerker-proces-goederenverwerking-at-jumbo-supermarkten-4413810386,https://nl.linkedin.com/company/jumbo-supermarkten,4413810386
Jumbo Supermarkten,Medewerker Proces &amp; Goederenverwerking,Bolsward,2026-09-18,webshop medewerker,nee,https://nl.linkedin.com/jobs/view/medewerker-proces-goederenverwerking-at-jumbo-supermarkten-4404201247,https://nl.linkedin.com/company/jumbo-supermarkten,4404201247
Jumbo Supermarkten,Vulploegmedewerker,Amersfoort,2026-09-18,webshop medewerker,nee,https://nl.linkedin.com/jobs/view/vulploegmedewerker-at-jumbo-supermarkten-4440254463,https://nl.linkedin.com/company/jumbo-supermarkten,4440254463
Jumbo Supermarkten,Medewerker Proces &amp; Goederenverwerking,Coevorden,2026-09-19,orderverwerking medewerker,nee,https://nl.linkedin.com/jobs/view/medewerker-proces-goederenverwerking-at-jumbo-supermarkten-4265888463,https://nl.linkedin.com/company/jumbo-supermarkten,4265888463
Jumbo Supermarkten,Medewerker Proces &amp; Goederenverwerking,Maarheeze,2026-09-19,webshop medewerker,nee,https://nl.linkedin.com/jobs/view/medewerker-proces-goederenverwerking-at-jumbo-supermarkten-4459410179,https://nl.linkedin.com/company/jumbo-supermarkten,4459410179
Jumbo Supermarkten,Medewerker Proces &amp; Goederenverwerking,Leeuwarden,2026-09-19,webshop medewerker,nee,https://nl.linkedin.com/jobs/view/medewerker-proces-goederenverwerking-at-jumbo-supermarkten-4458954613,https://nl.linkedin.com/company/jumbo-supermarkten,4458954613
Jumbo Supermarkten,Vulploegmedewerker,Bodegraven,2026-09-19,webshop medewerker,nee,https://nl.linkedin.com/jobs/view/vulploegmedewerker-at-jumbo-supermarkten-4431825952,https://nl.linkedin.com/company/jumbo-supermarkten,4431825952
Jumbo Supermarkten,Vulploegmedewerker,Doorwerth,2026-09-19,webshop medewerker,nee,https://nl.linkedin.com/jobs/view/vulploegmedewerker-at-jumbo-supermarkten-4458968330,https://nl.linkedin.com/company/jumbo-supermarkten,4458968330
Jumbo Supermarkten,Medewerker Service,Budel,2026-09-19,support medewerker webshop,nee,https://nl.linkedin.com/jobs/view/medewerker-service-at-jumbo-supermarkten-4458948711,https://nl.linkedin.com/company/jumbo-supermarkten,4458948711
Jumbo Supermarkten,Medewerker Proces &amp; Goederenverwerking,Harderwijk,2026-09-20,webshop medewerker,nee,https://nl.linkedin.com/jobs/view/medewerker-proces-goederenverwerking-at-jumbo-supermarkten-4231944581,https://nl.linkedin.com/company/jumbo-supermarkten,4231944581
Jumbo Supermarkten,Medewerker Proces &amp; Goederenverwerking,Assen,2026-09-20,webshop medewerker,nee,https://nl.linkedin.com/jobs/view/medewerker-proces-goederenverwerking-at-jumbo-supermarkten-4459481438,https://nl.linkedin.com/company/jumbo-supermarkten,4459481438
Jumbo Supermarkten,Medewerker Proces &amp; Goederenverwerking,'s-Hertogenbosch,2026-09-20,webshop medewerker,nee,https://nl.linkedin.com/jobs/view/medewerker-proces-goederenverwerking-at-jumbo-supermarkten-4414163190,https://nl.linkedin.com/company/jumbo-supermarkten,4414163190
Jumbo Supermarkten,Medewerker Proces &amp; Goederenverwerking,Uden,2026-09-20,webshop medewerker,nee,https://nl.linkedin.com/jobs/view/medewerker-proces-goederenverwerking-at-jumbo-supermarkten-4413559519,https://nl.linkedin.com/company/jumbo-supermarkten,4413559519
Jumbo Supermarkten,Medewerker Proces &amp; Goederenverwerking,Bunde,2026-09-20,webshop medewerker,nee,https://nl.linkedin.com/jobs/view/medewerker-proces-goederenverwerking-at-jumbo-supermarkten-4256160174,https://nl.linkedin.com/company/jumbo-supermarkten,4256160174
Jumbo Supermarkten,Medewerker Proces &amp; Goederenverwerking,Bakel,2026-09-20,webshop medewerker,nee,https://nl.linkedin.com/jobs/view/medewerker-proces-goederenverwerking-at-jumbo-supermarkten-4459492285,https://nl.linkedin.com/company/jumbo-supermarkten,4459492285
Jumbo Supermarkten,Medewerker Proces &amp; Goederenverwerking,Noordwolde,2026-09-20,webshop medewerker,nee,https://nl.linkedin.com/jobs/view/medewerker-proces-goederenverwerking-at-jumbo-supermarkten-4448779437,https://nl.linkedin.com/company/jumbo-supermarkten,4448779437
Jumbo Supermarkten,Medewerker Proces &amp; Goederenverwerking,Enschede,2026-09-20,webshop medewerker,nee,https://nl.linkedin.com/jobs/view/medewerker-proces-goederenverwerking-at-jumbo-supermarkten-4415068465,https://nl.linkedin.com/company/jumbo-supermarkten,4415068465
Jumbo Supermarkten,Vulploegmedewerker,Den Haag,2026-09-20,webshop medewerker,nee,https://nl.linkedin.com/jobs/view/vulploegmedewerker-at-jumbo-supermarkten-4330455362,https://nl.linkedin.com/company/jumbo-supermarkten,4330455362
Jumbo Supermarkten,Medewerker Proces &amp; Goederenverwerking,Zwolle,2026-09-21,webshop medewerker,nee,https://nl.linkedin.com/jobs/view/medewerker-proces-goederenverwerking-at-jumbo-supermarkten-4468762696,https://nl.linkedin.com/company/jumbo-supermarkten,4468762696
Jumbo Supermarkten,Medewerker Proces &amp; Goederenverwerking,Panningen,2026-09-21,webshop medewerker,nee,https://nl.linkedin.com/jobs/view/medewerker-proces-goederenverwerking-at-jumbo-supermarkten-4382447390,https://nl.linkedin.com/company/jumbo-supermarkten,4382447390
Jumbo Supermarkten,Vulploegmedewerker,Weert,2026-09-21,webshop medewerker,nee,https://nl.linkedin.com/jobs/view/vulploegmedewerker-at-jumbo-supermarkten-3960753697,https://nl.linkedin.com/company/jumbo-supermarkten,3960753697
Jumbo Supermarkten,Versmedewerker,Veghel,2026-09-21,webshop medewerker,nee,https://nl.linkedin.com/jobs/view/versmedewerker-at-jumbo-supermarkten-4372560201,https://nl.linkedin.com/company/jumbo-supermarkten,4372560201
Jumbo Supermarkten,Medewerker Proces &amp; Goederenverwerking,Makkum,2026-09-21,webshop medewerker,nee,https://nl.linkedin.com/jobs/view/medewerker-proces-goederenverwerking-at-jumbo-supermarkten-4192701626,https://nl.linkedin.com/company/jumbo-supermarkten,4192701626
Jumbo Supermarkten,Medewerker Service,Amersfoort,2026-09-21,support medewerker webshop,nee,https://nl.linkedin.com/jobs/view/medewerker-service-at-jumbo-supermarkten-4061339675,https://nl.linkedin.com/company/jumbo-supermarkten,4061339675
Jumbo Supermarkten,Medewerker Proces &amp; Goederenverwerking,Gorssel,2026-09-22,webshop medewerker,nee,https://nl.linkedin.com/jobs/view/medewerker-proces-goederenverwerking-at-jumbo-supermarkten-4411173482,https://nl.linkedin.com/company/jumbo-supermarkten,4411173482
Jumbo Supermarkten,Medewerker Proces &amp; Goederenverwerking,Loosdrecht,2026-09-22,webshop medewerker,nee,https://nl.linkedin.com/jobs/view/medewerker-proces-goederenverwerking-at-jumbo-supermarkten-4225020542,https://nl.linkedin.com/company/jumbo-supermarkten,4225020542
Jumbo Supermarkten,Medewerker Proces &amp; Goederenverwerking,Cuijk,2026-09-22,webshop medewerker,nee,https://nl.linkedin.com/jobs/view/medewerker-proces-goederenverwerking-at-jumbo-supermarkten-4460051555,https://nl.linkedin.com/company/jumbo-supermarkten,4460051555
Jumbo Supermarkten,Medewerker Proces &amp; Goederenverwerking,Nieuwerkerk aan den IJssel,2026-09-22,webshop medewerker,nee,https://nl.linkedin.com/jobs/view/medewerker-proces-goederenverwerking-at-jumbo-supermarkten-4460005913,https://nl.linkedin.com/company/jumbo-supermarkten,4460005913
Jumbo Supermarkten,Vulploegmedewerker,Zeist,2026-09-22,webshop medewerker,nee,https://nl.linkedin.com/jobs/view/vulploegmedewerker-at-jumbo-supermarkten-4469008047,https://nl.linkedin.com/company/jumbo-supermarkten,4469008047
Jumbo Supermarkten,Versmedewerker,Harderwijk,2026-09-22,webshop medewerker,nee,https://nl.linkedin.com/jobs/view/versmedewerker-at-jumbo-supermarkten-4136766222,https://nl.linkedin.com/company/jumbo-supermarkten,4136766222
Just Brands - Fashion &amp; Retail,ECOMMERCE PRODUCT LAUNCH SPECIALIST,Lijnden,2026-09-05,e-commerce medewerker,nee,https://nl.linkedin.com/jobs/view/ecommerce-product-launch-specialist-at-just-brands-fashion-retail-4444710321,https://nl.linkedin.com/company/just-brands,4444710321
Justus People,Customer Care Representative,Badhoevedorp,2026-09-14,customer service,nee,https://nl.linkedin.com/jobs/view/customer-care-representative-at-justus-people-4466129270,https://nl.linkedin.com/company/justus-people,4466129270
JYSK,Customer Service Medewerker,Arnhem,2026-06-02,customer service,nee,https://nl.linkedin.com/jobs/view/customer-service-medewerker-at-jysk-4419284453,https://dk.linkedin.com/company/jysk,4419284453
JYSK,Klantenservice &amp; Sales Medewerker,Arnhem,2026-06-02,klantadviseur,nee,https://nl.linkedin.com/jobs/view/klantenservice-sales-medewerker-at-jysk-4419279426,https://dk.linkedin.com/company/jysk,4419279426
JYSK,Customer Service Medewerker,Arnhem,2026-07-07,customer service,nee,https://nl.linkedin.com/jobs/view/customer-service-medewerker-at-jysk-4434528177,https://dk.linkedin.com/company/jysk,4434528177
JYSK,Klantenservice &amp; Sales Medewerker,Arnhem,2026-07-07,klantadviseur,nee,https://nl.linkedin.com/jobs/view/klantenservice-sales-medewerker-at-jysk-4434529158,https://dk.linkedin.com/company/jysk,4434529158
JYSK,Customer Service Medewerker,Arnhem,2026-07-28,customer service,nee,https://nl.linkedin.com/jobs/view/customer-service-medewerker-at-jysk-4443281405,https://dk.linkedin.com/company/jysk,4443281405
JYSK,Klantenservice &amp; Sales Medewerker,Arnhem,2026-07-28,klantadviseur,nee,https://nl.linkedin.com/jobs/view/klantenservice-sales-medewerker-at-jysk-4443290224,https://dk.linkedin.com/company/jysk,4443290224
JYSK,Klantenservice &amp; Sales Medewerker,Arnhem,2026-09-15,klantadviseur,nee,https://nl.linkedin.com/jobs/view/klantenservice-sales-medewerker-at-jysk-4465551035,https://dk.linkedin.com/company/jysk,4465551035
Kaleido,Customer Care Specialist - Dutch speaking,Utrecht,2026-09-02,customer service,nee,https://nl.linkedin.com/jobs/view/customer-care-specialist-dutch-speaking-at-kaleido-4462131138,https://nl.linkedin.com/company/hellokaleido,4462131138
Kaleido,Customer Care Specialist - Dutch Speaking,"Utrecht, Nederland",2026-09-15,customer service,nee,https://nl.linkedin.com/jobs/view/customer-care-specialist-dutch-speaking-at-kaleido-4466508870,https://nl.linkedin.com/company/hellokaleido,4466508870
Kaleido,Customer Support Medewerker - Nederlandstalig,Utrecht,2026-09-18,customer service,nee,https://nl.linkedin.com/jobs/view/customer-support-medewerker-nederlandstalig-at-kaleido-4469158931,https://nl.linkedin.com/company/hellokaleido,4469158931
Kamera Express,Medewerker Retouren &amp; Reparaties,Capelle aan den IJssel,2026-09-02,webshop medewerker,nee,https://nl.linkedin.com/jobs/view/medewerker-retouren-reparaties-at-kamera-express-4460998560,https://nl.linkedin.com/company/kamera-express,4460998560
Kamera Express,Content Specialist Tweedehands,Capelle aan den IJssel,2026-09-07,e-commerce medewerker,nee,https://nl.linkedin.com/jobs/view/content-specialist-tweedehands-at-kamera-express-4462941649,https://nl.linkedin.com/company/kamera-express,4462941649
Karakter Traprenovaties en Interieurbouw,Verkoopadviseur Traprenovaties,Helmond,2026-06-29,klantadviseur,nee,https://nl.linkedin.com/jobs/view/verkoopadviseur-traprenovaties-at-karakter-traprenovaties-en-interieurbouw-4434499272,https://nl.linkedin.com/company/karakter-traprenovaties-en-interieurbouw,4434499272
Kemkens,Klantadviseur,Oss,2026-07-02,klantadviseur,nee,https://nl.linkedin.com/jobs/view/klantadviseur-at-kemkens-4436159337,https://nl.linkedin.com/company/kemkens,4436159337
Keter,E-Commerce Specialist,Rijen,2026-07-23,e-commerce medewerker,nee,https://nl.linkedin.com/jobs/view/e-commerce-specialist-at-keter-4444439140,https://uk.linkedin.com/company/keter,4444439140
Keter,Specialist eCommerce,Rijen,2026-08-24,e-commerce medewerker,nee,https://nl.linkedin.com/jobs/view/specialist-ecommerce-at-keter-4456862711,https://uk.linkedin.com/company/keter,4456862711
keukenvakhandel H. Stikker BV (Reddy keukens Alkmaar),Senior verkoopadviseur,Alkmaar,2026-09-03,klantadviseur,nee,,,4462849490
"Kibidango, Inc.",ECマネージャー,Eindhoven,2026-08-05,e-commerce medewerker,nee,https://nl.linkedin.com/jobs/view/ec%E3%83%9E%E3%83%8D%E3%83%BC%E3%82%B8%E3%83%A3%E3%83%BC-at-kibidango-inc-4447370247,https://jp.linkedin.com/company/kibidango,4447370247
Kidde Global Solutions,Commercieel Medewerker Binnendienst,Weert,2026-09-15,orderverwerking medewerker,nee,https://nl.linkedin.com/jobs/view/commercieel-medewerker-binnendienst-at-kidde-global-solutions-4466542297,https://www.linkedin.com/company/kidde-global-solutions,4466542297
Kidde Global Solutions,Commercieel Medewerker Binnendienst,Weert,2026-09-17,orderverwerking medewerker,nee,https://nl.linkedin.com/jobs/view/commercieel-medewerker-binnendienst-at-kidde-global-solutions-4429855462,https://www.linkedin.com/company/kidde-global-solutions,4429855462
Kimman - Jaguar &amp; Land Rover Dealer,Service Adviseur / Hospitality Specialist,Amsterdam,2026-09-17,klantadviseur,nee,https://nl.linkedin.com/jobs/view/service-adviseur-hospitality-specialist-at-kimman-4466294565,https://nl.linkedin.com/company/kimmancars,4466294565
Kivits Drunen,Customer Service Medewerker,Waalwijk,2026-09-02,customer service,nee,https://nl.linkedin.com/jobs/view/customer-service-medewerker-at-kivits-drunen-4443319622,https://nl.linkedin.com/company/kivits-drunen,4443319622
Klap verzekeringsmakelaar,Verzekeringsadviseur,Amstelveen,2026-09-08,klantadviseur,nee,https://nl.linkedin.com/jobs/view/verzekeringsadviseur-at-klap-insurance-brokers-4462299442,https://nl.linkedin.com/company/klap-verzekeringen,4462299442
KLG Europe,Key Account Representative,Venlo,2026-09-18,klantadviseur,nee,https://nl.linkedin.com/jobs/view/key-account-representative-at-klg-europe-4469147865,https://nl.linkedin.com/company/klg-europe-logistics,4469147865
Knivesandtools,Performance Marketeer Internationale E-commerce,Apeldoorn,2026-06-01,e-commerce medewerker,nee,https://nl.linkedin.com/jobs/view/performance-marketeer-internationale-e-commerce-at-knivesandtools-4421895814,https://nl.linkedin.com/company/knivesandtools-kato,4421895814
Knivesandtools,Klantenservice medewerker e-commerce Apeldoorn (32-40 uur),Apeldoorn,2026-07-17,e-commerce medewerker,nee,https://nl.linkedin.com/jobs/view/klantenservice-medewerker-e-commerce-apeldoorn-32-40-uur-at-knivesandtools-4441984192,https://nl.linkedin.com/company/knivesandtools-kato,4441984192
KONE,Customer Service Agent (KDB),Arnhem,2026-09-02,customer service,nee,https://nl.linkedin.com/jobs/view/customer-service-agent-kdb-at-kone-4434478590,https://fi.linkedin.com/company/kone,4434478590
KONE,Accountmanager Moderniseringen,Amersfoort,2026-09-09,klantadviseur,nee,https://nl.linkedin.com/jobs/view/accountmanager-moderniseringen-at-kone-4437792597,https://fi.linkedin.com/company/kone,4437792597
KONE,Accountmanager Moderniseringen,Zwolle,2026-09-09,klantadviseur,nee,https://nl.linkedin.com/jobs/view/accountmanager-moderniseringen-at-kone-4437797376,https://fi.linkedin.com/company/kone,4437797376
KONE,Accountmanager Moderniseringen,Apeldoorn,2026-09-10,klantadviseur,nee,https://nl.linkedin.com/jobs/view/accountmanager-moderniseringen-at-kone-4437796368,https://fi.linkedin.com/company/kone,4437796368
KONE,Accountmanager Moderniseringen,Arnhem,2026-09-10,klantadviseur,nee,https://nl.linkedin.com/jobs/view/accountmanager-moderniseringen-at-kone-4437798107,https://fi.linkedin.com/company/kone,4437798107
Kroon-Oil,Export Medewerker Binnendienst,Almelo,2026-08-31,orderverwerking medewerker,nee,https://nl.linkedin.com/jobs/view/export-medewerker-binnendienst-at-kroon-oil-4461082328,https://nl.linkedin.com/company/kroonoil,4461082328
Kuehne+Nagel,Customer Care Specialist Air Logistics,Schiphol-Rijk,2026-09-17,klantadviseur,nee,https://nl.linkedin.com/jobs/view/customer-care-specialist-air-logistics-at-kuehne%2Bnagel-4440859377,https://ch.linkedin.com/company/kuehne-nagel,4440859377
Kwantum,E commerce Specialist - Merchandising &amp; Content,Geertruidenberg,2026-08-18,e-commerce medewerker,nee,https://nl.linkedin.com/jobs/view/e-commerce-specialist-merchandising-content-at-kwantum-4454181057,https://nl.linkedin.com/company/kwantum,4454181057
Kwantum,Klantenservice medewerker (Chat),Tilburg,2026-08-25,support medewerker webshop,nee,https://nl.linkedin.com/jobs/view/klantenservice-medewerker-chat-at-kwantum-4445969347,https://nl.linkedin.com/company/kwantum,4445969347
Kwantum,Meewerkstage E-commerce bij Kwantum,Tilburg,2026-09-15,webshop medewerker,nee,https://nl.linkedin.com/jobs/view/meewerkstage-e-commerce-bij-kwantum-at-kwantum-4466951786,https://nl.linkedin.com/company/kwantum,4466951786
KYOCERA Fastening Solutions France,Internal Sales Consultant,Eindhoven,2026-09-10,klantadviseur,nee,https://nl.linkedin.com/jobs/view/internal-sales-consultant-at-kyocera-fastening-solutions-france-4464588676,https://fr.linkedin.com/company/kyocera-fastening-solutions-france,4464588676
L. ten Cate BV,Customer Service Medewerker,Enschede en omgeving,2026-09-11,e-commerce medewerker,nee,https://nl.linkedin.com/jobs/view/customer-service-medewerker-at-l-ten-cate-bv-4466347431,https://nl.linkedin.com/company/l.-ten-cate-bv,4466347431
Ledhandel24.nl,Klantenservice medewerker (24 uur),Ter Apel,2026-08-05,support medewerker webshop,nee,https://nl.linkedin.com/jobs/view/klantenservice-medewerker-24-uur-at-ledhandel24-nl-4449477460,https://nl.linkedin.com/company/ledhandel24-nl,4449477460
Leen Bakker,E commerce Specialist - Merchandising &amp; Content,Geertruidenberg,2026-08-18,e-commerce medewerker,nee,https://nl.linkedin.com/jobs/view/e-commerce-specialist-merchandising-content-at-leen-bakker-4454170846,https://nl.linkedin.com/company/leen-bakker,4454170846
Leonardo Hotels Benelux,GUEST RELATIONS OFFICER,Amsterdam,2026-09-03,customer service,nee,https://nl.linkedin.com/jobs/view/guest-relations-officer-at-leonardo-hotels-benelux-4444444477,https://nl.linkedin.com/company/leonardohotelsnl,4444444477
LeoVegas Group,Customer Experience Advisor - Dutch,Doetinchem,2026-09-09,customer service,nee,https://nl.linkedin.com/jobs/view/customer-experience-advisor-dutch-at-leovegas-group-4464117561,https://se.linkedin.com/company/leovegasgroup,4464117561
Lexrent B.V.,Verkoop Binnendienst,Westpoort,2026-09-11,klantadviseur,nee,https://nl.linkedin.com/jobs/view/verkoop-binnendienst-at-lexrent-b-v-4439208596,https://nl.linkedin.com/company/lexrent,4439208596
LG Electronics Benelux - Life's Good,Medewerker Salesondersteuning,Amstelveen,2026-08-26,orderverwerking medewerker,nee,https://nl.linkedin.com/jobs/view/medewerker-salesondersteuning-at-lg-electronics-benelux-4457265943,https://nl.linkedin.com/company/lg-electronics-benelux,4457265943
Life Fitness / Hammer Strength,Order Fulfillment Coordinator,Rotterdam,2026-09-17,orderverwerking medewerker,nee,https://nl.linkedin.com/jobs/view/order-fulfillment-coordinator-at-life-fitness-hammer-strength-4468624603,https://www.linkedin.com/company/life-fitness,4468624603
Life Recruitment BV,Administratief Medewerker Verkoop,Vlaardingen,2026-09-10,orderverwerking medewerker,nee,https://nl.linkedin.com/jobs/view/administratief-medewerker-verkoop-at-life-recruitment-bv-4464518411,https://nl.linkedin.com/company/liferecruitment,4464518411
Life Recruitment BV,Commercieel medewerker binnendienst,Vlaardingen,2026-09-10,orderverwerking medewerker,nee,https://nl.linkedin.com/jobs/view/commercieel-medewerker-binnendienst-at-life-recruitment-bv-4464510521,https://nl.linkedin.com/company/liferecruitment,4464510521
LifeGoods Group,Marketplace Manager Bol,Almere,2026-09-08,e-commerce medewerker,nee,https://nl.linkedin.com/jobs/view/marketplace-manager-bol-at-lifegoods-group-4464466402,https://nl.linkedin.com/company/lifegoodsgroup,4464466402
Lightspeed Commerce,Dutch speaking Support Specialist,Nederland,2026-09-17,support medewerker webshop,nee,https://nl.linkedin.com/jobs/view/dutch-speaking-support-specialist-at-lightspeed-commerce-4466286264,https://ca.linkedin.com/company/lightspeedcommerce,4466286264
Lightspeed Commerce,Dutch speaking Support Specialist,Amsterdam,2026-09-17,support medewerker webshop,nee,https://nl.linkedin.com/jobs/view/dutch-speaking-support-specialist-at-lightspeed-commerce-4466277327,https://ca.linkedin.com/company/lightspeedcommerce,4466277327
Lineage,Customer Service Representative,Nieuwdorp,2026-08-26,customer service,nee,https://nl.linkedin.com/jobs/view/customer-service-representative-at-lineage-4457945575,https://www.linkedin.com/company/onelineage,4457945575
Linkedtalent,Medewerker Klantenservice,Zwolle,2026-07-19,customer service,nee,https://nl.linkedin.com/jobs/view/medewerker-klantenservice-at-linkedtalent-4450800683,https://nl.linkedin.com/company/linkedtalent,4450800683
Linkedtalent,Medewerker Inside Sales,Zwartewaterland,2026-07-31,orderverwerking medewerker,nee,https://nl.linkedin.com/jobs/view/medewerker-inside-sales-at-linkedtalent-4456931919,https://nl.linkedin.com/company/linkedtalent,4456931919
Linkedtalent,Commercieel Medewerker Binnendienst,Zwolle,2026-07-31,orderverwerking medewerker,nee,https://nl.linkedin.com/jobs/view/commercieel-medewerker-binnendienst-at-linkedtalent-4456927878,https://nl.linkedin.com/company/linkedtalent,4456927878
Linkedtalent,MEDEWERKER KLANTENSERVICE VERKOOP,Zwolle,2026-07-31,support medewerker webshop,nee,https://nl.linkedin.com/jobs/view/medewerker-klantenservice-verkoop-at-linkedtalent-4456932867,https://nl.linkedin.com/company/linkedtalent,4456932867
Linkedtalent,Orderpicker Genemuiden,Genemuiden,2026-08-13,orderverwerking medewerker,nee,https://nl.linkedin.com/jobs/view/orderpicker-genemuiden-at-linkedtalent-4450488204,https://nl.linkedin.com/company/linkedtalent,4450488204
Linkedtalent,Customer Service Medewerker,Barendrecht,2026-08-14,customer service,nee,https://nl.linkedin.com/jobs/view/customer-service-medewerker-at-linkedtalent-4456941833,https://nl.linkedin.com/company/linkedtalent,4456941833
Linkedtalent,Customer Order Specialist,Etten-Leur,2026-08-14,orderverwerking medewerker,nee,https://nl.linkedin.com/jobs/view/customer-order-specialist-at-linkedtalent-4456943823,https://nl.linkedin.com/company/linkedtalent,4456943823
Linkedtalent,Medewerker Inside Sales,Dronten,2026-08-15,e-commerce medewerker,nee,https://nl.linkedin.com/jobs/view/medewerker-inside-sales-at-linkedtalent-4464148228,https://nl.linkedin.com/company/linkedtalent,4464148228
Linkedtalent,Customer Service Medewerker,Etten-Leur,2026-09-10,customer service,nee,https://nl.linkedin.com/jobs/view/customer-service-medewerker-at-linkedtalent-4463454133,https://nl.linkedin.com/company/linkedtalent,4463454133
Little Dutch,Digitaal ontwerper,Berkel en Rodenrijs,2026-09-08,support medewerker webshop,nee,https://nl.linkedin.com/jobs/view/digitaal-ontwerper-at-little-dutch-4463258174,https://nl.linkedin.com/company/littledutch,4463258174
LKQ Netherlands,Medewerker Verkoop Binnendienst,Venlo,2026-09-11,orderverwerking medewerker,nee,https://nl.linkedin.com/jobs/view/medewerker-verkoop-binnendienst-at-lkq-netherlands-4438200696,https://nl.linkedin.com/company/lkqnetherlands,4438200696
LKQ Netherlands,Medewerker Customer Support,Breda,2026-09-12,klantadviseur,nee,https://nl.linkedin.com/jobs/view/medewerker-customer-support-at-lkq-netherlands-4447563191,https://nl.linkedin.com/company/lkqnetherlands,4447563191
LKQ Netherlands,Medewerker Customer Support,Nieuwegein,2026-09-20,klantadviseur,nee,https://nl.linkedin.com/jobs/view/medewerker-customer-support-at-lkq-netherlands-4442138428,https://nl.linkedin.com/company/lkqnetherlands,4442138428
LMW,Medewerker Support,Breukelen,2026-07-10,support medewerker webshop,nee,https://nl.linkedin.com/jobs/view/medewerker-support-at-lmw-4439020724,https://nl.linkedin.com/company/linkedin-lmw,4439020724
Longchamp,Sales Advisor,Amsterdam,2026-09-03,klantadviseur,nee,https://nl.linkedin.com/jobs/view/sales-advisor-at-longchamp-4462784881,https://fr.linkedin.com/company/longchamp,4462784881
Louis Vuitton,CLIENT ADVISOR - AMSTERDAM,Amsterdam,2026-09-05,klantadviseur,nee,https://nl.linkedin.com/jobs/view/client-advisor-amsterdam-at-louis-vuitton-4454866431,https://fr.linkedin.com/company/louis-vuitton,4454866431
Lucid Motors,Customer Care Representative – German Speaking,Amsterdam,2026-07-13,customer service,nee,https://nl.linkedin.com/jobs/view/customer-care-representative-%E2%80%93-german-speaking-at-lucid-motors-4439415412,https://www.linkedin.com/company/lucidmotors,4439415412
LUMZ,Commercieel medewerker binnendienst,IJsselstein,2026-07-10,orderverwerking medewerker,nee,https://nl.linkedin.com/jobs/view/commercieel-medewerker-binnendienst-at-lumz-4439023555,https://nl.linkedin.com/company/lumz-bv,4439023555
Lupo Recruitment,Customer Service Medewerker,Huizen,2026-09-21,orderverwerking medewerker,nee,https://nl.linkedin.com/jobs/view/customer-service-medewerker-at-lupo-recruitment-4469892301,https://nl.linkedin.com/company/lupo-recruitment,4469892301
Lyreco Group,Customer Service Medewerker,Sliedrecht,2026-09-17,customer service,nee,https://nl.linkedin.com/jobs/view/customer-service-medewerker-at-lyreco-group-4468685349,https://fr.linkedin.com/company/lyreco-group,4468685349
Maandag®,Medewerker IT Servicedesk,Arnhem,2026-09-22,support medewerker webshop,nee,https://nl.linkedin.com/jobs/view/medewerker-it-servicedesk-at-maandag%C2%AE-4468594070,https://nl.linkedin.com/company/maandag,4468594070
MADA Connect,Medewerker verkoopondersteuning,Voorhout,2026-09-10,orderverwerking medewerker,nee,https://nl.linkedin.com/jobs/view/medewerker-verkoopondersteuning-at-mada-connect-4465805056,https://nl.linkedin.com/company/mada-connect,4465805056
Maiburg,Online Performance Marketeer,Waalwijk,2026-08-26,e-commerce medewerker,nee,https://nl.linkedin.com/jobs/view/online-performance-marketeer-at-maiburg-4459308136,https://nl.linkedin.com/company/maiburg,4459308136
mail.de,eine(n) Mitarbeiter(in) (m/w/d) für den französischen Kunden-Support,s-Hertogenbosch Area,2026-08-01,support medewerker webshop,nee,https://nl.linkedin.com/jobs/view/eine-n-mitarbeiter-in-m-w-d-f%C3%BCr-den-franz%C3%B6sischen-kunden-support-at-mail-de-4447606117,https://de.linkedin.com/company/mailde,4447606117
MANN+HUMMEL,S&amp;M IAM Customer Service,Nieuwegein,2026-06-23,customer service,nee,https://nl.linkedin.com/jobs/view/s-m-iam-customer-service-at-mann%2Bhummel-4430433324,https://de.linkedin.com/company/mannhummel,4430433324
Marcel's Green Soap,Operational Specialist,Haarlem,2026-07-24,orderverwerking medewerker,ja,https://nl.linkedin.com/jobs/view/operational-specialist-at-marcel-s-green-soap-4444946328,https://nl.linkedin.com/company/marcels-green-soap,4444946328
Marie-Stella-Maris (B Corp),E-commerce Specialist,Amsterdam,2026-09-09,e-commerce medewerker,nee,https://nl.linkedin.com/jobs/view/e-commerce-specialist-at-marie-stella-maris-b-corp-4465099318,https://nl.linkedin.com/company/marie-stella-maris,4465099318
Marie-Stella-Maris (B Corp),Care Advisor Amsterdam (oproepkracht),Amsterdam,2026-09-09,klantadviseur,nee,https://nl.linkedin.com/jobs/view/care-advisor-amsterdam-oproepkracht-at-marie-stella-maris-b-corp-4465086367,https://nl.linkedin.com/company/marie-stella-maris,4465086367
Marie-Stella-Maris (B Corp),Care Advisor Utrecht (oproepkracht),Utrecht,2026-09-09,klantadviseur,nee,https://nl.linkedin.com/jobs/view/care-advisor-utrecht-oproepkracht-at-marie-stella-maris-b-corp-4465300336,https://nl.linkedin.com/company/marie-stella-maris,4465300336
MarketPlace Expert,Project Manager,Koog aan de Zaan,2026-08-24,e-commerce medewerker,nee,https://nl.linkedin.com/jobs/view/project-manager-at-marketplace-expert-b-v-4456706850,https://nl.linkedin.com/company/mpexpert,4456706850
Matt Sleeps,E-commerce &amp; CRO specialist,Amsterdam,2026-05-29,e-commerce medewerker,ja,https://nl.linkedin.com/jobs/view/e-commerce-cro-specialist-at-matt-sleeps-4420925045,https://nl.linkedin.com/company/matt-sleeps,4420925045
Matt Sleeps,Senior Customer Support Agent,Amsterdam,2026-07-23,e-commerce medewerker,ja,https://nl.linkedin.com/jobs/view/senior-customer-support-agent-at-matt-sleeps-4444459103,https://nl.linkedin.com/company/matt-sleeps,4444459103
MCI,Remote Customer Service Agent,Middelburg,2025-10-27,customer service,nee,https://nl.linkedin.com/jobs/view/remote-customer-service-agent-at-mci-4318059417,https://www.linkedin.com/company/mci-bpo,4318059417
MCI,Remote Customer Service Agent,Middelburg,2025-10-27,customer service,nee,https://nl.linkedin.com/jobs/view/remote-customer-service-agent-at-mci-4318048446,https://www.linkedin.com/company/mci-bpo,4318048446
MCI,Remote Customer Service Agent,Middelburg,2025-10-27,customer service,nee,https://nl.linkedin.com/jobs/view/remote-customer-service-agent-at-mci-4318053390,https://www.linkedin.com/company/mci-bpo,4318053390
MCI,Remote Customer Service Agent,Middelburg,2025-10-31,customer service,nee,https://nl.linkedin.com/jobs/view/remote-customer-service-agent-at-mci-4331746962,https://www.linkedin.com/company/mci-bpo,4331746962
MCI,Remote Customer Service Agent,Middelburg,2025-10-31,customer service,nee,https://nl.linkedin.com/jobs/view/remote-customer-service-agent-at-mci-4331761143,https://www.linkedin.com/company/mci-bpo,4331761143
Media Vacatures,Multi Ratio: Marketingmedewerker,Zutphen,2026-02-23,e-commerce medewerker,nee,https://nl.linkedin.com/jobs/view/multi-ratio-marketingmedewerker-at-media-vacatures-4377014816,https://nl.linkedin.com/company/mediavacatures,4377014816
MediaMarkt Benelux,Accountmanager Marketplace,Rotterdam,2026-09-01,e-commerce medewerker,nee,https://nl.linkedin.com/jobs/view/accountmanager-marketplace-at-mediamarkt-benelux-4337872786,https://nl.linkedin.com/company/mediamarkt-benelux,4337872786
MediaMarkt Benelux,Customer Solution Expert,Rotterdam,2026-09-15,customer service,nee,https://nl.linkedin.com/jobs/view/customer-solution-expert-at-mediamarkt-benelux-4456517815,https://nl.linkedin.com/company/mediamarkt-benelux,4456517815
MediaMarkt Benelux,Customer Care Specialist Marketplace,Rotterdam,2026-09-17,customer service,nee,https://nl.linkedin.com/jobs/view/customer-care-specialist-marketplace-at-mediamarkt-benelux-4448057233,https://nl.linkedin.com/company/mediamarkt-benelux,4448057233
MediaMarkt Nederland,Verkoopmedewerker Retail Telecom &amp; IT Beek,Beek,2026-09-02,e-commerce medewerker,nee,https://nl.linkedin.com/jobs/view/verkoopmedewerker-retail-telecom-it-beek-at-mediamarkt-nederland-4451655983,https://nl.linkedin.com/company/media-markt-saturn-nederland,4451655983
MediaMarkt Nederland,Verkoopmedewerker Retail Hengelo,Hengelo,2026-09-02,webshop medewerker,nee,https://nl.linkedin.com/jobs/view/verkoopmedewerker-retail-hengelo-at-mediamarkt-nederland-4451666479,https://nl.linkedin.com/company/media-markt-saturn-nederland,4451666479
MediaMarkt Nederland,Verkoopmedewerker Apple (Shop-in-Shop) Zwolle,Zwolle,2026-09-04,webshop medewerker,nee,https://nl.linkedin.com/jobs/view/verkoopmedewerker-apple-shop-in-shop-zwolle-at-mediamarkt-nederland-4450492243,https://nl.linkedin.com/company/media-markt-saturn-nederland,4450492243
MediaMarkt Nederland,Verkoopmedewerker Retail Zwolle,Zwolle,2026-09-04,webshop medewerker,nee,https://nl.linkedin.com/jobs/view/verkoopmedewerker-retail-zwolle-at-mediamarkt-nederland-4450476482,https://nl.linkedin.com/company/media-markt-saturn-nederland,4450476482
MediaMarkt Nederland,Winkelmedewerker Kassa &amp; Service Amsterdam West,Amsterdam,2026-09-08,webshop medewerker,nee,https://nl.linkedin.com/jobs/view/winkelmedewerker-kassa-service-amsterdam-west-at-mediamarkt-nederland-4452272479,https://nl.linkedin.com/company/media-markt-saturn-nederland,4452272479
MediaMarkt Nederland,Verkoopmedewerker Retail Eindhoven,Eindhoven,2026-09-10,e-commerce medewerker,nee,https://nl.linkedin.com/jobs/view/verkoopmedewerker-retail-eindhoven-at-mediamarkt-nederland-4463930217,https://nl.linkedin.com/company/media-markt-saturn-nederland,4463930217
MediaMarkt Nederland,Verkoopmedewerker Retail Almere,Almere,2026-09-10,e-commerce medewerker,nee,https://nl.linkedin.com/jobs/view/verkoopmedewerker-retail-almere-at-mediamarkt-nederland-4463920284,https://nl.linkedin.com/company/media-markt-saturn-nederland,4463920284
MediaMarkt Nederland,Winkelmedewerker Kassa &amp; Service Amersfoort,Amersfoort,2026-09-10,webshop medewerker,nee,https://nl.linkedin.com/jobs/view/winkelmedewerker-kassa-service-amersfoort-at-mediamarkt-nederland-4434536086,https://nl.linkedin.com/company/media-markt-saturn-nederland,4434536086
MediaMarkt Nederland,Winkelmedewerker Kassa &amp; Service Middelburg,Middelburg,2026-09-10,webshop medewerker,nee,https://nl.linkedin.com/jobs/view/winkelmedewerker-kassa-service-middelburg-at-mediamarkt-nederland-4444141808,https://nl.linkedin.com/company/media-markt-saturn-nederland,4444141808
MediaMarkt Nederland,Winkelmedewerker Kassa &amp; Service Breda,Breda,2026-09-10,webshop medewerker,nee,https://nl.linkedin.com/jobs/view/winkelmedewerker-kassa-service-breda-at-mediamarkt-nederland-4453475197,https://nl.linkedin.com/company/media-markt-saturn-nederland,4453475197
MediaMarkt Nederland,Verkoopmedewerker Witgoed Heerhugowaard,Heerhugowaard,2026-09-13,webshop medewerker,nee,https://nl.linkedin.com/jobs/view/verkoopmedewerker-witgoed-heerhugowaard-at-mediamarkt-nederland-4445540035,https://nl.linkedin.com/company/media-markt-saturn-nederland,4445540035
MediaMarkt Nederland,Winkelmedewerker Kassa &amp; Service Zoetermeer,Zoetermeer,2026-09-14,webshop medewerker,nee,https://nl.linkedin.com/jobs/view/winkelmedewerker-kassa-service-zoetermeer-at-mediamarkt-nederland-4465229706,https://nl.linkedin.com/company/media-markt-saturn-nederland,4465229706
Mediq Nederland,Medewerker Customer Care - afdeling Special Care,De Meern,2026-09-12,customer service,nee,https://nl.linkedin.com/jobs/view/medewerker-customer-care-afdeling-special-care-at-mediq-nederland-4446908808,https://nl.linkedin.com/company/mediq-nv,4446908808
Medtronic,Customer Care Representative - Service &amp; Repair,Heerlen,2026-08-26,customer service,nee,https://nl.linkedin.com/jobs/view/customer-care-representative-service-repair-at-medtronic-4459331258,https://www.linkedin.com/company/medtronic,4459331258
Medtronic,"Patient Services Representative Dutch, German and English",Heerlen,2026-08-27,customer service,nee,https://nl.linkedin.com/jobs/view/patient-services-representative-dutch-german-and-english-at-medtronic-4458321507,https://www.linkedin.com/company/medtronic,4458321507
Medtronic,Customer Care Representative with Dutch language,Heerlen,2026-09-08,customer service,nee,https://nl.linkedin.com/jobs/view/customer-care-representative-with-dutch-language-at-medtronic-4464347358,https://www.linkedin.com/company/medtronic,4464347358
Medtronic,Customer Care Representative – Service &amp; Repair - English Speaker,Heerlen,2026-09-09,customer service,nee,https://nl.linkedin.com/jobs/view/customer-care-representative-%E2%80%93-service-repair-english-speaker-at-medtronic-4464665528,https://www.linkedin.com/company/medtronic,4464665528
Meliá Hotels International,Front Office Agent Full-time AMSTERDAM 1,Hoek van Holland,2026-09-07,customer service,nee,https://nl.linkedin.com/jobs/view/front-office-agent-full-time-amsterdam-1-at-meli%C3%A1-hotels-international-4464345475,https://es.linkedin.com/company/melia-hotels-international,4464345475
Mercantum Medical Care / Westender Pharmaceuticals,Sales Support and Logistics Specialist,Amsterdam,2026-08-27,orderverwerking medewerker,nee,https://nl.linkedin.com/jobs/view/sales-support-and-logistics-specialist-at-mercantum-medical-care-westender-pharmaceuticals-4459682904,https://nl.linkedin.com/company/mercantum-medical-care-bv,4459682904
Mercell,Join our Customer Service teams!,Utrecht,2026-07-04,customer service,nee,https://nl.linkedin.com/jobs/view/join-our-customer-service-teams%21-at-mercell-4435706727,https://no.linkedin.com/company/mercell-group,4435706727
Michael Page,Customer service medewerker,Rotterdam,2026-09-14,customer service,nee,https://nl.linkedin.com/jobs/view/customer-service-medewerker-at-michael-page-4466118500,https://uk.linkedin.com/company/michael-page,4466118500
Michael Page,Customer Service,Berkel en Rodenrijs,2026-09-14,customer service,nee,https://nl.linkedin.com/jobs/view/customer-service-at-michael-page-4466135337,https://uk.linkedin.com/company/michael-page,4466135337
Michael Page,Customer service medewerker,Rotterdam,2026-09-14,customer service,nee,https://nl.linkedin.com/jobs/view/customer-service-medewerker-at-michael-page-4465786609,https://uk.linkedin.com/company/michael-page,4465786609
Michael Page,Customer Service Medewerker,Rotterdam,2026-09-15,customer service,nee,https://nl.linkedin.com/jobs/view/customer-service-medewerker-at-michael-page-4466524462,https://uk.linkedin.com/company/michael-page,4466524462
Michael Page,Customer Service medewerker,Zevenhuizen,2026-09-16,customer service,nee,https://nl.linkedin.com/jobs/view/customer-service-medewerker-at-michael-page-4466894967,https://uk.linkedin.com/company/michael-page,4466894967
Michael Page,Customer Service Medewerker,Eindhoven,2026-09-21,customer service,nee,https://nl.linkedin.com/jobs/view/customer-service-medewerker-at-michael-page-4469970674,https://uk.linkedin.com/company/michael-page,4469970674
Midwich Benelux,Sales Support Employee,Ridderkerk,2026-06-19,orderverwerking medewerker,nee,https://nl.linkedin.com/jobs/view/sales-support-employee-at-midwich-benelux-4430953561,https://nl.linkedin.com/company/midwich-benelux,4430953561
Miele Nederland,Sales Advisor / Sales Adviseur,Amsterdam,2026-08-22,klantadviseur,nee,https://nl.linkedin.com/jobs/view/sales-advisor-sales-adviseur-at-miele-nederland-4456657123,https://nl.linkedin.com/company/miele-netherlands-b-v,4456657123
Mijndomein,Customer Success Specialist,Almere,2026-08-31,support medewerker webshop,nee,https://nl.linkedin.com/jobs/view/customer-success-specialist-at-mijndomein-4461083661,https://nl.linkedin.com/company/mijndomein,4461083661
Mindray,"Order Processor, Northwest EU",Hoevelaken,2026-09-17,orderverwerking medewerker,nee,https://nl.linkedin.com/jobs/view/order-processor-northwest-eu-at-mindray-4468372991,https://cn.linkedin.com/company/mindray,4468372991
MK Digital,Commercieel Medewerker Binnendienst,Amsterdam Area,2026-09-17,orderverwerking medewerker,nee,https://nl.linkedin.com/jobs/view/commercieel-medewerker-binnendienst-at-mk-digital-4466631254,https://nl.linkedin.com/company/mkdigitalwervingenselectie,4466631254
Modexpress,Assistant Team Leader in Training (40 hours),Helmond,2026-08-05,e-commerce medewerker,nee,https://nl.linkedin.com/jobs/view/assistant-team-leader-in-training-40-hours-at-modexpress-4449427325,https://nl.linkedin.com/company/fashionmodexpress,4449427325
Mollie,Technical Support Specialist,Maastricht,2026-09-11,support medewerker webshop,nee,https://nl.linkedin.com/jobs/view/technical-support-specialist-at-mollie-4456729735,https://nl.linkedin.com/company/mollie,4456729735
Mollie,Business Support Specialist - Dutch,Maastricht,2026-09-19,customer service,nee,https://nl.linkedin.com/jobs/view/business-support-specialist-dutch-at-mollie-4409407333,https://nl.linkedin.com/company/mollie,4409407333
Moma Beauty,WEBSHOPMANAGER – DERMAROLLING,Groenlo,2026-08-26,webshop medewerker,nee,https://nl.linkedin.com/jobs/view/webshopmanager-%E2%80%93-dermarolling-at-moma-beauty-4457292097,https://nl.linkedin.com/company/moma-beauty,4457292097
Momo Medical,Customer Support Specialist,Delft,2026-09-11,customer service,nee,https://nl.linkedin.com/jobs/view/customer-support-specialist-at-momo-medical-4464862454,https://nl.linkedin.com/company/momo-medical,4464862454
Monday Merch,Warehouse Help | Picking &amp; Packing of Merchandise | Rotterdam,Rotterdam,2026-07-24,e-commerce medewerker,nee,https://nl.linkedin.com/jobs/view/warehouse-help-picking-packing-of-merchandise-rotterdam-at-monday-merch-4444921686,https://nl.linkedin.com/company/mondaymerch,4444921686
Monday Merch,Junior Graphic Designer | Scale-up | Centre of Rotterdam,Rotterdam,2026-07-24,webshop medewerker,nee,https://nl.linkedin.com/jobs/view/junior-graphic-designer-scale-up-centre-of-rotterdam-at-monday-merch-4444948183,https://nl.linkedin.com/company/mondaymerch,4444948183
Mondi Group,Orderbegeleider,Breda,2026-09-12,orderverwerking medewerker,nee,https://nl.linkedin.com/jobs/view/orderbegeleider-at-mondi-group-4456286153,https://at.linkedin.com/company/mondi-group,4456286153
Monta,Inside Sales Medewerker,Breda,2026-09-09,orderverwerking medewerker,nee,https://nl.linkedin.com/jobs/view/inside-sales-medewerker-at-monta-4465019812,https://nl.linkedin.com/company/monta-bv,4465019812
Monta,Key Accountmanager Binnendienst,Breda,2026-09-09,e-commerce medewerker,nee,https://nl.linkedin.com/jobs/view/key-accountmanager-binnendienst-at-monta-4465056035,https://nl.linkedin.com/company/monta-bv,4465056035
Moolenaar,Internal Sales Assistant/Medewerker Verkoop Binnendienst,Sassenheim,2026-09-04,orderverwerking medewerker,nee,https://nl.linkedin.com/jobs/view/internal-sales-assistant-medewerker-verkoop-binnendienst-at-moolenaar-4463366187,https://nl.linkedin.com/company/moolenaar-b-v-,4463366187
Moolenaar,Medewerker Verkoop Binnendienst,Voorhout,2026-09-10,orderverwerking medewerker,nee,https://nl.linkedin.com/jobs/view/medewerker-verkoop-binnendienst-at-moolenaar-4465033387,https://nl.linkedin.com/company/moolenaar-b-v-,4465033387
More Recruitment,Customer Service Specialist,Amsterdam,2026-08-31,klantadviseur,nee,https://nl.linkedin.com/jobs/view/customer-service-specialist-at-more-recruitment-4461213083,https://nl.linkedin.com/company/more-recruitment-b-v-,4461213083
More Recruitment,Customer Service Specialist,Amsterdam Area,2026-09-04,klantadviseur,nee,https://nl.linkedin.com/jobs/view/customer-service-specialist-at-more-recruitment-4463347668,https://nl.linkedin.com/company/more-recruitment-b-v-,4463347668
More Recruitment,Customer Service Specialist,Amsterdam,2026-09-14,klantadviseur,nee,https://nl.linkedin.com/jobs/view/customer-service-specialist-at-more-recruitment-4455273272,https://nl.linkedin.com/company/more-recruitment-b-v-,4455273272
MostWare | Inspireren met IT,IT Servicedesk Medewerker,Leiden,2026-08-26,support medewerker webshop,nee,https://nl.linkedin.com/jobs/view/it-servicedesk-medewerker-at-mostware-4459179252,https://nl.linkedin.com/company/mostware,4459179252
MoVea,Adviseur Zakelijke Garageverzekeringen,Rotterdam,2026-09-09,klantadviseur,nee,https://nl.linkedin.com/jobs/view/adviseur-zakelijke-garageverzekeringen-at-movea-4464103485,https://nl.linkedin.com/company/wagenpark-verzekering-bv,4464103485
MPM International Oil Company B.V.,Customer Service Representative,Delft,2026-08-31,customer service,nee,https://nl.linkedin.com/jobs/view/customer-service-representative-at-mpm-international-oil-company-b-v-4461052787,https://nl.linkedin.com/company/mpm-oil,4461052787
MR MARVIS,CRM Specialist,Amsterdam,2026-09-22,e-commerce medewerker,nee,https://nl.linkedin.com/jobs/view/crm-specialist-at-mr-marvis-4468552827,https://nl.linkedin.com/company/mrmarvis,4468552827
MSC Mediterranean Shipping Company,Export Customer Service - Back Office Employee,Rotterdam,2026-09-14,orderverwerking medewerker,nee,https://nl.linkedin.com/jobs/view/export-customer-service-back-office-employee-at-msc-mediterranean-shipping-company-4465207880,https://ch.linkedin.com/company/msc-mediterranean-shipping-co--s-a-,4465207880
Multilingual Jobs Worldwide,Airline Customer Service Agent,Amsterdam Area,2026-09-04,customer service,nee,https://nl.linkedin.com/jobs/view/airline-customer-service-agent-at-multilingual-jobs-worldwide-4463321665,https://no.linkedin.com/company/multilingualjobsworldwide,4463321665
MultiTankcard,Customer Service Specialist,Schiphol-Rijk,2026-06-18,customer service,nee,https://nl.linkedin.com/jobs/view/customer-service-specialist-at-multitankcard-4439777523,https://nl.linkedin.com/company/multitankcard,4439777523
MV Kantoor,Medewerker Sales Support / Verkoop binnendienst,Zeist,2026-09-14,orderverwerking medewerker,nee,https://nl.linkedin.com/jobs/view/medewerker-sales-support-verkoop-binnendienst-at-mv-kantoor-4467064418,https://nl.linkedin.com/company/mv-kantoor,4467064418
My Jewellery,Data analist e-commerce,'s-Hertogenbosch,2026-09-19,e-commerce medewerker,nee,https://nl.linkedin.com/jobs/view/data-analist-e-commerce-at-my-jewellery-4468094821,https://nl.linkedin.com/company/my-jewellery,4468094821
My Jewellery,Verkoopmedewerker Utrecht,Utrecht,2026-09-19,support medewerker webshop,nee,https://nl.linkedin.com/jobs/view/verkoopmedewerker-utrecht-at-my-jewellery-4468404377,https://nl.linkedin.com/company/my-jewellery,4468404377
My Jewellery,Verkoopmedewerker Bijenkorf Eindhoven,Eindhoven,2026-09-22,webshop medewerker,nee,https://nl.linkedin.com/jobs/view/verkoopmedewerker-bijenkorf-eindhoven-at-my-jewellery-4470253492,https://nl.linkedin.com/company/my-jewellery,4470253492
Neele-Vat,Inbound Medewerker Shipspares,Hoofddorp,2026-09-07,orderverwerking medewerker,nee,https://nl.linkedin.com/jobs/view/inbound-medewerker-shipspares-at-neele-vat-4464343624,https://nl.linkedin.com/company/neelevat,4464343624
Netwerk,Sales support medewerker (key accounts),Dordrecht,2026-05-27,support medewerker webshop,nee,https://nl.linkedin.com/jobs/view/sales-support-medewerker-key-accounts-at-netwerk-nv-4419595965,https://nl.linkedin.com/company/netwerk-nv,4419595965
New Black,Support Engineer,Almere,2026-08-27,support medewerker webshop,nee,https://nl.linkedin.com/jobs/view/support-engineer-at-new-black-4459684644,https://nl.linkedin.com/company/newblackio,4459684644
New Flag GmbH,Junior E-Commerce Manager,Haarlem,2026-09-01,e-commerce medewerker,nee,https://nl.linkedin.com/jobs/view/junior-e-commerce-manager-at-new-flag-gmbh-4460363795,https://de.linkedin.com/company/new-flag-gmbh,4460363795
Neways Electronics International NV,Enterprise Planner Support,Son,2026-07-02,orderverwerking medewerker,nee,https://nl.linkedin.com/jobs/view/enterprise-planner-support-at-neways-electronics-international-nv-4436330906,https://nl.linkedin.com/company/neways-electronics,4436330906
Nieuwenhuijse Groep,Medewerker Verkoopadministratie bij Nieuwenhuijse (M/V),Apeldoorn,2026-07-17,orderverwerking medewerker,nee,https://nl.linkedin.com/jobs/view/medewerker-verkoopadministratie-bij-nieuwenhuijse-m-v-at-nieuwenhuijse-bv-4441977615,https://nl.linkedin.com/company/nieuwenhuijsegroep,4441977615
Nilfisk,Customer Service Employee,Almere,2026-09-05,customer service,nee,https://nl.linkedin.com/jobs/view/customer-service-employee-at-nilfisk-4463724526,https://dk.linkedin.com/company/nilfisk,4463724526
NRF (Nederlandse Radiateuren Fabriek),Customer Service Representative,Mill,2026-09-17,customer service,nee,https://nl.linkedin.com/jobs/view/customer-service-representative-at-nrf-nederlandse-radiateuren-fabriek-4467190041,https://nl.linkedin.com/company/nederlandse-radiateuren-fabriek,4467190041
Nutripack,Customer Service Medewerker,Oss,2026-06-18,orderverwerking medewerker,nee,https://nl.linkedin.com/jobs/view/customer-service-medewerker-at-nutripack-4428771478,https://www.linkedin.com/company/nutripack,4428771478
Odido Nederland,Backoffice Medewerker,Den Haag,2026-09-11,orderverwerking medewerker,nee,https://nl.linkedin.com/jobs/view/backoffice-medewerker-at-odido-nederland-4447045248,https://nl.linkedin.com/company/odidonederland,4447045248
Odyssey Hotel Group,Front Office Associate,Amsterdam,2026-09-03,customer service,nee,https://nl.linkedin.com/jobs/view/front-office-associate-at-odyssey-hotel-group-4461654165,https://nl.linkedin.com/company/odyssey-hotel-group,4461654165
Oerlemans Plastics,Commercieel Medewerker Binnendienst,Giessen,2026-09-15,orderverwerking medewerker,nee,https://nl.linkedin.com/jobs/view/commercieel-medewerker-binnendienst-at-oerlemans-plastics-4465915916,https://nl.linkedin.com/company/oerlemans-plastics-packaging,4465915916
OH Solutions,Medewerker Inkoop &amp; Orderverwerking,Almere,2026-09-11,orderverwerking medewerker,nee,https://nl.linkedin.com/jobs/view/medewerker-inkoop-orderverwerking-at-oh-solutions-4453138668,https://www.linkedin.com/company/oh-solutions-nl,4453138668
OH Solutions,Customer Experience Specialist,Almere,2026-09-11,e-commerce medewerker,nee,https://nl.linkedin.com/jobs/view/customer-experience-specialist-at-oh-solutions-4440950989,https://www.linkedin.com/company/oh-solutions-nl,4440950989
Olsam.,Avenir Collective - Account Manager (Bol.com),Utrecht,2026-09-15,e-commerce medewerker,nee,https://nl.linkedin.com/jobs/view/avenir-collective-account-manager-bol-com-at-olsam-4467781920,https://uk.linkedin.com/company/olsam,4467781920
ON THAT ASS,Junior Affiliate Marketeer,Rosmalen,2026-09-15,e-commerce medewerker,nee,https://nl.linkedin.com/jobs/view/junior-affiliate-marketeer-at-on-that-ass-4467499479,https://nl.linkedin.com/company/onthatass,4467499479
Oneway Bike,Inside Sales Medewerker,Rotterdam,2026-09-07,support medewerker webshop,nee,https://nl.linkedin.com/jobs/view/inside-sales-medewerker-at-oneway-bike-4462936055,https://nl.linkedin.com/company/oneway-bike,4462936055
Online Payment Platform,Customer Support Medewerker,Delft,2026-09-14,support medewerker webshop,nee,https://nl.linkedin.com/jobs/view/customer-support-medewerker-at-online-payment-platform-4466106901,https://nl.linkedin.com/company/online-payment-platform,4466106901
Onlineverf.nl,Medewerker klantenservice,Hengelo,2026-09-11,e-commerce medewerker,nee,https://nl.linkedin.com/jobs/view/medewerker-klantenservice-at-onlineverf-nl-4466058358,https://nl.linkedin.com/company/onlineverf,4466058358
Operai,Marketplace Seller Account Manager (English),Eindhoven Area,2026-07-12,e-commerce medewerker,nee,https://nl.linkedin.com/jobs/view/marketplace-seller-account-manager-english-at-operai-4438950843,https://nl.linkedin.com/company/operai,4438950843
Operai,Marketplace Business Developer (English),Eindhoven Area,2026-07-12,e-commerce medewerker,nee,https://nl.linkedin.com/jobs/view/marketplace-business-developer-english-at-operai-4438974083,https://nl.linkedin.com/company/operai,4438974083
Organic Assistance,Customer Service en Sales Assistant,Barneveld,2026-08-19,orderverwerking medewerker,nee,https://nl.linkedin.com/jobs/view/customer-service-en-sales-assistant-at-organic-assistance-4455414024,https://www.linkedin.com/company/organic-assistance,4455414024
Organic Assistance,Customer Service and Sales Assistant,Barneveld,2026-08-19,orderverwerking medewerker,nee,https://nl.linkedin.com/jobs/view/customer-service-and-sales-assistant-at-organic-assistance-4454996102,https://www.linkedin.com/company/organic-assistance,4454996102
OT design BV,Junior accountmanager,Nieuwegein,2026-09-10,e-commerce medewerker,nee,https://nl.linkedin.com/jobs/view/junior-accountmanager-at-ot-design-bv-4465682951,https://nl.linkedin.com/company/ot-design-bv,4465682951
Otolift Academy,Klantenservice medewerker,Bergambacht,2026-09-21,customer service,nee,https://nl.linkedin.com/jobs/view/klantenservice-medewerker-at-otolift-academy-4469877371,https://nl.linkedin.com/company/otolift-academy,4469877371
Oxford Global Resources,"Klantenservice Medewerker - Frans, Nederlands, Engels",Amsterdam,2026-08-31,customer service,nee,https://nl.linkedin.com/jobs/view/klantenservice-medewerker-frans-nederlands-engels-at-oxford-global-resources-4459792285,https://www.linkedin.com/company/oxford-global-resources,4459792285
Pageking® - Full Swing Digital Agency,Front-End Developer (Junior/Starter),Breda,2025-09-02,webshop medewerker,nee,https://nl.linkedin.com/jobs/view/front-end-developer-junior-starter-at-pageking%C2%AE-full-swing-digital-agency-4306048978,https://nl.linkedin.com/company/pageking,4306048978
PALMBERG Büroeinrichtungen + Service GmbH,"Medewerker orderinvoer/klantenservice Nederland, België en Luxemburg (m/v/x)",'s-Hertogenbosch,2026-05-20,orderverwerking medewerker,nee,https://nl.linkedin.com/jobs/view/medewerker-orderinvoer-klantenservice-nederland-belgi%C3%AB-en-luxemburg-m-v-x-at-palmberg-b%C3%BCroeinrichtungen-%2B-service-gmbh-4416168277,https://de.linkedin.com/company/palmberg-b%C3%BCroeinrichtungen-service-gmbh,4416168277
Parfumerie Douglas Nederland,Franstalige Customer Service Agent,Nijmegen,2025-01-16,customer service,nee,https://nl.linkedin.com/jobs/view/franstalige-customer-service-agent-at-parfumerie-douglas-nederland-4125917811,https://nl.linkedin.com/company/parfumerie-douglas-nederland,4125917811
Parfumerie Douglas Nederland,Specialist Online Product Data,Nijmegen,2026-08-26,e-commerce medewerker,nee,https://nl.linkedin.com/jobs/view/specialist-online-product-data-at-parfumerie-douglas-nederland-4457222323,https://nl.linkedin.com/company/parfumerie-douglas-nederland,4457222323
Parfums Christian Dior,Beauty consultant Den Haag,Den Haag,2026-09-09,klantadviseur,nee,https://nl.linkedin.com/jobs/view/beauty-consultant-den-haag-at-parfums-christian-dior-4446311799,https://fr.linkedin.com/company/parfums-christian-dior,4446311799
Parfums Christian Dior,Beauty Consultant Amsterdam,Amsterdam,2026-09-15,klantadviseur,nee,https://nl.linkedin.com/jobs/view/beauty-consultant-amsterdam-at-parfums-christian-dior-4467704566,https://fr.linkedin.com/company/parfums-christian-dior,4467704566
Paul Roescher,Orderverwerker,Rijssen,2026-08-05,orderverwerking medewerker,nee,https://nl.linkedin.com/jobs/view/orderverwerker-at-paul-roescher-4449101200,https://nl.linkedin.com/company/paul-roescher,4449101200
Paul Roescher,Medewerker Service Desk,Rijssen,2026-08-05,support medewerker webshop,nee,https://nl.linkedin.com/jobs/view/medewerker-service-desk-at-paul-roescher-4448995292,https://nl.linkedin.com/company/paul-roescher,4448995292
Permobil,Customer Support Representative,Oisterwijk,2026-09-06,customer service,nee,https://nl.linkedin.com/jobs/view/customer-support-representative-at-permobil-4400388875,https://se.linkedin.com/company/permobil,4400388875
Pets Place Boerenbond Retail B.V.,Category Assistent,Ede,2026-09-09,e-commerce medewerker,nee,https://nl.linkedin.com/jobs/view/category-assistent-at-pets-place-boerenbond-retail-b-v-4465085391,https://nl.linkedin.com/company/petsplace-boerenbond-retail-bv,4465085391
PGGM,Klantcontact medewerker klantcontact BPF Schilders,Zeist,2026-09-17,customer service,nee,https://nl.linkedin.com/jobs/view/klantcontact-medewerker-klantcontact-bpf-schilders-at-pggm-4468602316,https://nl.linkedin.com/company/pggm,4468602316
PharmaPartners,Customer Care Specialist,Oosterhout,2026-09-19,customer service,nee,https://nl.linkedin.com/jobs/view/customer-care-specialist-at-pharmapartners-4455856177,https://nl.linkedin.com/company/pharmapartners,4455856177
PinDirect by Cyber &amp; Mason,Medewerker Customer Support,Amersfoort,2026-09-14,support medewerker webshop,nee,https://nl.linkedin.com/jobs/view/medewerker-customer-support-at-pindirect-by-cyber-mason-4467070749,https://nl.linkedin.com/company/pindirect,4467070749
Platform Control,Marketplace Manager | E-commerce specialist | bol &amp; Amazon - Full Time - 2+ jaar ervaring,Dordrecht,2026-09-15,e-commerce medewerker,nee,https://nl.linkedin.com/jobs/view/marketplace-manager-e-commerce-specialist-bol-amazon-full-time-2%2B-jaar-ervaring-at-platform-control-4467710827,https://nl.linkedin.com/company/platform-control,4467710827
Platform Control,Brand manager / Marketplace specialist | bol &amp; Amazon - Full Time,Dordrecht,2026-09-17,e-commerce medewerker,nee,https://nl.linkedin.com/jobs/view/brand-manager-marketplace-specialist-bol-amazon-full-time-at-platform-control-4468354731,https://nl.linkedin.com/company/platform-control,4468354731
Platinum Outdoorable,Sales Support Medewerker,Breda,2026-09-11,support medewerker webshop,nee,https://nl.linkedin.com/jobs/view/sales-support-medewerker-at-platinum-outdoorable-4466044477,https://nl.linkedin.com/company/platinumbv,4466044477
Pluripharm Groep,Medewerker Customer Services,Alkmaar,2026-09-13,customer service,nee,https://nl.linkedin.com/jobs/view/medewerker-customer-services-at-pluripharm-groep-4439035928,https://nl.linkedin.com/company/pluripharm,4439035928
PLUS Retail,Medewerker Winkel Helpdesk,Utrecht,2026-09-04,support medewerker webshop,nee,https://nl.linkedin.com/jobs/view/medewerker-winkel-helpdesk-at-plus-retail-4340155657,https://nl.linkedin.com/company/plus-retail,4340155657
Pouw,Service Adviseur Volkswagen,Apeldoorn,2026-09-04,klantadviseur,nee,https://nl.linkedin.com/jobs/view/service-adviseur-volkswagen-at-pouw-automotive-4463365255,https://nl.linkedin.com/company/pouw,4463365255
Prada,"PRADA Client Advisor, Roermond",Roermond,2026-09-09,klantadviseur,nee,https://nl.linkedin.com/jobs/view/prada-client-advisor-roermond-at-prada-4463850024,https://it.linkedin.com/company/prada,4463850024
Prada,"PRADA Client Advisor MRTW (m/f/d), De Bijenkorf",Amsterdam,2026-09-18,klantadviseur,nee,https://nl.linkedin.com/jobs/view/prada-client-advisor-mrtw-m-f-d-de-bijenkorf-at-prada-4467886289,https://it.linkedin.com/company/prada,4467886289
Prada,"PRADA Client Advisor MRTW (m/f/d), PCH",Amsterdam,2026-09-18,klantadviseur,nee,https://nl.linkedin.com/jobs/view/prada-client-advisor-mrtw-m-f-d-pch-at-prada-4467857161,https://it.linkedin.com/company/prada,4467857161
Prada Group,"PRADA Client Advisor, Roermond",Roermond,2026-09-09,klantadviseur,nee,https://nl.linkedin.com/jobs/view/prada-client-advisor-roermond-at-prada-group-4463880366,https://it.linkedin.com/company/pradagroup,4463880366
Print.com,Klantenservice medewerker,Deventer,2025-09-02,klantadviseur,nee,https://nl.linkedin.com/jobs/view/klantenservice-medewerker-at-print-com-4294221522,https://nl.linkedin.com/company/printdotcom,4294221522
Pro Warehouse ,Klantenservicemedewerker,Amsterdam,2026-09-04,support medewerker webshop,nee,https://nl.linkedin.com/jobs/view/klantenservicemedewerker-at-pro-warehouse-%EF%A3%BF-4463370329,https://nl.linkedin.com/company/pro-warehouse,4463370329
Progressive,IT Servicedesk Medewerker | Zorg | Woerden,Woerden,2026-09-22,support medewerker webshop,nee,https://nl.linkedin.com/jobs/view/it-servicedesk-medewerker-zorg-woerden-at-progressive-4453117246,https://uk.linkedin.com/company/progressive-recruitment,4453117246
Prowise NL,Customer Service Medewerker (Duitstalig),Budel,2026-09-19,support medewerker webshop,nee,https://nl.linkedin.com/jobs/view/customer-service-medewerker-duitstalig-at-prowise-nl-4466934866,https://nl.linkedin.com/company/prowise-nl,4466934866
QLS,Fashion Medewerker,Dordrecht,2026-06-19,orderverwerking medewerker,nee,https://nl.linkedin.com/jobs/view/fashion-medewerker-at-qls-4412024459,https://nl.linkedin.com/company/qls-nl,4412024459
Quanterix,Customer Care Specialist,Nederland,2026-09-04,orderverwerking medewerker,nee,https://nl.linkedin.com/jobs/view/customer-care-specialist-at-quanterix-4463629859,https://www.linkedin.com/company/quanterix,4463629859
Quooker,Applicatiebeheerder,Ridderkerk,2026-09-01,support medewerker webshop,nee,https://nl.linkedin.com/jobs/view/applicatiebeheerder-at-quooker-4461557867,https://nl.linkedin.com/company/quooker,4461557867
Rabobank,Adviseur Klantenservice Midden -en Kleinbedrijf (MKB) - Omgeving Utrecht,Zeist,2026-09-03,klantadviseur,nee,https://nl.linkedin.com/jobs/view/adviseur-klantenservice-midden-en-kleinbedrijf-mkb-omgeving-utrecht-at-rabobank-4404841495,https://nl.linkedin.com/company/rabobank,4404841495
Rabobank,Adviseur Klantenservice Midden -en Kleinbedrijf (MKB) - Regio Twente en Apeldoorn,Apeldoorn,2026-09-18,klantadviseur,nee,https://nl.linkedin.com/jobs/view/adviseur-klantenservice-midden-en-kleinbedrijf-mkb-regio-twente-en-apeldoorn-at-rabobank-4404825716,https://nl.linkedin.com/company/rabobank,4404825716
Rabobank,Adviseur Klantenservice Midden -en Kleinbedrijf (MKB) Alkmaar,Alkmaar,2026-09-21,klantadviseur,nee,https://nl.linkedin.com/jobs/view/adviseur-klantenservice-midden-en-kleinbedrijf-mkb-alkmaar-at-rabobank-4366383122,https://nl.linkedin.com/company/rabobank,4366383122
Rabobank,Adviseur Klantenservice Midden -en Kleinbedrijf (MKB) Landelijk,Utrecht,2026-09-21,klantadviseur,nee,https://nl.linkedin.com/jobs/view/adviseur-klantenservice-midden-en-kleinbedrijf-mkb-landelijk-at-rabobank-4366376645,https://nl.linkedin.com/company/rabobank,4366376645
Ravago,CUSTOMER ORDER &amp; EXPORT COORDINATOR ( DRI Rubber),Waalwijk,2026-08-24,orderverwerking medewerker,nee,https://nl.linkedin.com/jobs/view/customer-order-export-coordinator-dri-rubber-at-ravago-4456506207,https://be.linkedin.com/company/ravago,4456506207
Redcare Pharmacy,Mitarbeiter Kundenservice (m/w/d),Sevenum,2026-09-14,customer service,nee,https://nl.linkedin.com/jobs/view/mitarbeiter-kundenservice-m-w-d-at-redcare-pharmacy-4455863555,https://nl.linkedin.com/company/redcare-pharmacy-com,4455863555
RedCarpet®,Klantenservicemedewerker met ervaring,Amsterdam,2026-09-22,customer service,nee,https://nl.linkedin.com/jobs/view/klantenservicemedewerker-met-ervaring-at-redcarpet%C2%AE-4470290922,https://nl.linkedin.com/company/redcarpet-careers,4470290922
REMONDIS Nederland,Medewerker Weegbrug- en Order administratie – Veldhoven,Veldhoven,2026-07-14,orderverwerking medewerker,nee,https://nl.linkedin.com/jobs/view/medewerker-weegbrug-en-order-administratie-%E2%80%93-veldhoven-at-remondis-nederland-4440541356,https://nl.linkedin.com/company/remondis-nederland,4440541356
Rensa Family Company,E-Commerce Search &amp; Merchandising Specialist,Doetinchem,2026-09-08,e-commerce medewerker,nee,https://nl.linkedin.com/jobs/view/e-commerce-search-merchandising-specialist-at-rensa-family-company-4464454587,https://nl.linkedin.com/company/rensa-family-company,4464454587
Rensa Verwarming + Ventilatie,E-Commerce Search &amp; Merchandising Specialist,Doetinchem,2026-09-01,e-commerce medewerker,nee,https://nl.linkedin.com/jobs/view/e-commerce-search-merchandising-specialist-at-rensa-verwarming-%2B-ventilatie-4460236851,https://nl.linkedin.com/company/rensa,4460236851
Richemont,E-Boutique Client Advisor French Speaking,Amsterdam,2026-09-18,customer service,nee,https://nl.linkedin.com/jobs/view/e-boutique-client-advisor-french-speaking-at-richemont-4467886933,https://ch.linkedin.com/company/richemont,4467886933
RIMOWA,Client Advisor - AMSTERDAM DE BIJENKORF (m/f/d),Amsterdam,2026-09-17,klantadviseur,nee,https://nl.linkedin.com/jobs/view/client-advisor-amsterdam-de-bijenkorf-m-f-d-at-rimowa-4449018386,https://de.linkedin.com/company/rimowa,4449018386
Rituals (B Corp™),Customer Relations &amp; Sales Ambassador French – CHO EDGE Amsterdam | 32-40h,Amsterdam,2026-09-10,klantadviseur,nee,https://nl.linkedin.com/jobs/view/customer-relations-sales-ambassador-french-%E2%80%93-cho-edge-amsterdam-32-40h-at-rituals-b-corp%E2%84%A2-4446576580,https://nl.linkedin.com/company/rituals,4446576580
Rituals (B Corp™),Senior Digital Merchandiser,Amsterdam,2026-09-11,e-commerce medewerker,nee,https://nl.linkedin.com/jobs/view/senior-digital-merchandiser-at-rituals-b-corp%E2%84%A2-4446834690,https://nl.linkedin.com/company/rituals,4446834690
Robert Walters,Vastgoed Klantenservice Medewerker,Amsterdam,2026-08-25,customer service,nee,https://nl.linkedin.com/jobs/view/vastgoed-klantenservice-medewerker-at-robert-walters-4457474243,https://uk.linkedin.com/company/robert-walters,4457474243
ROCKWOOL Group,Customer Service Representative,Roermond,2026-09-10,customer service,nee,https://nl.linkedin.com/jobs/view/customer-service-representative-at-rockwool-group-4465686734,https://dk.linkedin.com/company/rockwool-group,4465686734
ROCKWOOL Group,Customer Services Employee,Roermond,2026-09-14,customer service,nee,https://nl.linkedin.com/jobs/view/customer-services-employee-at-rockwool-group-4467030929,https://dk.linkedin.com/company/rockwool-group,4467030929
Rotom Nederland B.V.,Customer Service Medewerker Webshop,Eerbeek,2026-04-07,orderverwerking medewerker,nee,https://nl.linkedin.com/jobs/view/customer-service-medewerker-webshop-at-rotom-nederland-b-v-4395476141,https://nl.linkedin.com/company/rotom-nederland-b.v.,4395476141
Royal A-ware,Medewerker Customer Care,Almere,2026-09-07,customer service,nee,https://nl.linkedin.com/jobs/view/medewerker-customer-care-at-royal-a-ware-4425632190,https://nl.linkedin.com/company/a-ware-food-group-b-v-,4425632190
Royal A-ware,Medewerker Customer Care,Almere,2026-09-07,orderverwerking medewerker,nee,https://nl.linkedin.com/jobs/view/medewerker-customer-care-at-royal-a-ware-4337138666,https://nl.linkedin.com/company/a-ware-food-group-b-v-,4337138666
Royal A-ware,Medewerker Customer Care,Almere,2026-09-09,orderverwerking medewerker,nee,https://nl.linkedin.com/jobs/view/medewerker-customer-care-at-royal-a-ware-4465069656,https://nl.linkedin.com/company/a-ware-food-group-b-v-,4465069656
Royal Brinkman,Traineeship E-commerce,'s-Gravenzande,2026-06-30,e-commerce medewerker,nee,https://nl.linkedin.com/jobs/view/traineeship-e-commerce-at-royal-brinkman-4431924589,https://nl.linkedin.com/company/brinkman-agro-b-v-,4431924589
Royal FloraHolland,Product Support Medewerker,Honselersdijk,2026-07-17,support medewerker webshop,nee,https://nl.linkedin.com/jobs/view/product-support-medewerker-at-royal-floraholland-4452443158,https://nl.linkedin.com/company/floraholland,4452443158
Royal Meilink,Commercieel medewerker binnendienst - Administratief,Boxmeer,2026-07-21,orderverwerking medewerker,nee,https://nl.linkedin.com/jobs/view/commercieel-medewerker-binnendienst-administratief-at-royal-meilink-4443378694,https://nl.linkedin.com/company/meilink,4443378694
Royal Swinkels,Global Marketplace Specialist,Lieshout,2026-09-08,e-commerce medewerker,nee,https://nl.linkedin.com/jobs/view/global-marketplace-specialist-at-royal-swinkels-4464474042,https://nl.linkedin.com/company/royalswinkels,4464474042
Royal Van Zanten,Commercieel Medewerker Customer Service,Rijsenhout,2026-09-09,orderverwerking medewerker,nee,https://nl.linkedin.com/jobs/view/commercieel-medewerker-customer-service-at-royal-van-zanten-4463877729,https://nl.linkedin.com/company/royal-van-zanten,4463877729
RX Group,MARKETPLACE SPECIALIST GEZOCHT,Gemert,2026-08-27,e-commerce medewerker,nee,https://nl.linkedin.com/jobs/view/marketplace-specialist-gezocht-at-rx-group-4459684973,https://nl.linkedin.com/company/rx-group,4459684973
S-Recruitment - Fashion &amp; Lifestyle,E-commercemanager,'s-Hertogenbosch,2026-09-04,e-commerce medewerker,nee,https://nl.linkedin.com/jobs/view/e-commercemanager-at-s-recruitment-4461184009,https://nl.linkedin.com/company/s-recruitment-fashion-&amp;-lifestyle-recruitment-,4461184009
Salesrecruiters,Customer Care Professional,Amsterdam,2026-09-16,klantadviseur,nee,https://nl.linkedin.com/jobs/view/customer-care-professional-at-salesrecruiters-4468225734,https://nl.linkedin.com/company/salesrecruiters,4468225734
Salta Group,Klantenservice Medewerker,Hilversum,2026-09-09,klantadviseur,nee,https://nl.linkedin.com/jobs/view/klantenservice-medewerker-at-salta-group-4445700000,https://nl.linkedin.com/company/saltagroup,4445700000
Sanbio B.V.,Medewerker Binnendienst,Uden,2026-09-10,orderverwerking medewerker,nee,https://nl.linkedin.com/jobs/view/medewerker-binnendienst-at-sanbio-b-v-4465609918,https://nl.linkedin.com/company/sanbio-bv-uden,4465609918
SanLucar Company,MEDEWERKER COMMERCIËLE ADMINISTRATIE,Ridderkerk,2026-09-11,orderverwerking medewerker,nee,https://nl.linkedin.com/jobs/view/medewerker-commerci%C3%ABle-administratie-at-sanlucar-company-4464881539,https://es.linkedin.com/company/sanlucar,4464881539
Satechi,Order Fulfillment Specialist,Nederland,2026-08-24,orderverwerking medewerker,nee,https://nl.linkedin.com/jobs/view/order-fulfillment-specialist-at-satechi-4458531021,https://www.linkedin.com/company/satechi,4458531021
Saxo Bank,Client Service Associate (Dutch and German Speaking),Amsterdam,2026-09-10,klantadviseur,nee,https://nl.linkedin.com/jobs/view/client-service-associate-dutch-and-german-speaking-at-saxo-bank-4204848275,https://dk.linkedin.com/company/saxo-bank,4204848275
Saxo Bank,Client Service Associate (Dutch speaking),Amsterdam,2026-09-11,klantadviseur,nee,https://nl.linkedin.com/jobs/view/client-service-associate-dutch-speaking-at-saxo-bank-4053356189,https://dk.linkedin.com/company/saxo-bank,4053356189
Saxo Bank,Client Service Associate (French + Dutch Speaking),Amsterdam,2026-09-12,klantadviseur,nee,https://nl.linkedin.com/jobs/view/client-service-associate-french-%2B-dutch-speaking-at-saxo-bank-4036618828,https://dk.linkedin.com/company/saxo-bank,4036618828
Schuit Totaal Wonen,Backofficemedewerker,Putten,2026-09-22,orderverwerking medewerker,nee,https://nl.linkedin.com/jobs/view/backofficemedewerker-at-schuit-totaal-wonen-1708382084,https://nl.linkedin.com/company/schuit-totaal-wonen,1708382084
Schuitemaker,Stage/afstuderen: E-commerce &amp; Digital Commerce (MBO/HBO),Rijssen,2026-08-11,webshop medewerker,nee,https://nl.linkedin.com/jobs/view/stage-afstuderen-e-commerce-digital-commerce-mbo-hbo-at-schuitemaker-4452106308,https://www.linkedin.com/company/schuitemaker-excellent-winter-management,4452106308
Schuurman Groothandel in Elektrotechniek,Commercieel medewerker,Raamsdonksveer,2026-08-28,orderverwerking medewerker,nee,https://nl.linkedin.com/jobs/view/commercieel-medewerker-at-schuurman-groothandel-in-elektrotechniek-4458947514,https://nl.linkedin.com/company/schuurman-groothandelinelektrotechniek,4458947514
SECRID,Logistiek Allrounder,Den Haag,2026-09-12,orderverwerking medewerker,nee,https://nl.linkedin.com/jobs/view/logistiek-allrounder-at-secrid-4464249590,https://nl.linkedin.com/company/secrid,4464249590
SECRID,Logistiek Allrounder,Randstad,2026-09-16,orderverwerking medewerker,nee,https://nl.linkedin.com/jobs/view/logistiek-allrounder-at-secrid-4468218180,https://nl.linkedin.com/company/secrid,4468218180
Seed Valley,Medewerker Customer Service,Noord-Scharwoude,2026-08-21,support medewerker webshop,nee,https://nl.linkedin.com/jobs/view/medewerker-customer-service-at-seed-valley-4457351891,https://nl.linkedin.com/company/seed-valley,4457351891
Select Courier International B.V.,CUSTOMER SERVICE,Rotterdam,2026-07-21,customer service,nee,https://nl.linkedin.com/jobs/view/customer-service-at-select-courier-international-b-v-4442661805,https://nl.linkedin.com/company/select-courier-international,4442661805
Sendcloud,Customer Support Consultant - Benelux,Eindhoven,2026-09-22,customer service,nee,https://nl.linkedin.com/jobs/view/customer-support-consultant-benelux-at-sendcloud-4460023105,https://nl.linkedin.com/company/sendcloud,4460023105
Sense Company,Customer Care Specialist,Tilburg,2026-09-16,customer service,nee,https://nl.linkedin.com/jobs/view/customer-care-specialist-at-sense-company-4467079261,https://nl.linkedin.com/company/sense-company,4467079261
Sentyron,Junior medewerker Supply Chain &amp; Purchasing,Delft,2026-08-13,orderverwerking medewerker,nee,https://nl.linkedin.com/jobs/view/junior-medewerker-supply-chain-purchasing-at-sentyron-4464321562,https://nl.linkedin.com/company/sentyron,4464321562
SharkNinja,Ecommerce &amp; Merchandising Executive – Benelux,Amsterdam,2026-09-18,e-commerce medewerker,nee,https://nl.linkedin.com/jobs/view/ecommerce-merchandising-executive-%E2%80%93-benelux-at-sharkninja-4450230207,https://www.linkedin.com/company/sharkninja,4450230207
ShipBob,Operations Support Manager,Rilland,2026-09-17,support medewerker webshop,nee,https://nl.linkedin.com/jobs/view/operations-support-manager-at-shipbob-4467560533,https://www.linkedin.com/company/shipbob,4467560533
Shoppartners B.V.,Klantenservice medewerker - parttime/fulltime,Heerhugowaard,2026-08-20,e-commerce medewerker,nee,https://nl.linkedin.com/jobs/view/klantenservice-medewerker-parttime-fulltime-at-shoppartners-b-v-4455642292,https://nl.linkedin.com/company/shoppartners,4455642292
Shoppartners B.V.,Junior Content medewerker - 32 tot 40 uur per week,Heerhugowaard,2026-09-11,e-commerce medewerker,nee,https://nl.linkedin.com/jobs/view/junior-content-medewerker-32-tot-40-uur-per-week-at-shoppartners-b-v-4465148462,https://nl.linkedin.com/company/shoppartners,4465148462
Shoppartners B.V.,Medior Content medewerker - 32 tot 40 uur per week,Heerhugowaard,2026-09-11,e-commerce medewerker,nee,https://nl.linkedin.com/jobs/view/medior-content-medewerker-32-tot-40-uur-per-week-at-shoppartners-b-v-4465155507,https://nl.linkedin.com/company/shoppartners,4465155507
Sidekix,ORDERPICKER E-FULFILMENT,Uden,2026-09-11,orderverwerking medewerker,nee,https://nl.linkedin.com/jobs/view/orderpicker-e-fulfilment-at-sidekix-4463996411,https://nl.linkedin.com/company/sidekixnl,4463996411
Signify,Key Account Manager eCommerce,Eindhoven,2026-09-15,e-commerce medewerker,nee,https://nl.linkedin.com/jobs/view/key-account-manager-ecommerce-at-signify-4466524130,https://nl.linkedin.com/company/signifycompany,4466524130
Simply Green,Operations Manager,Almere,2026-09-18,support medewerker webshop,nee,https://nl.linkedin.com/jobs/view/operations-manager-at-simply-green-4466686903,https://nl.linkedin.com/company/simply-green-trade,4466686903
Skil B.V.,E-Commerce Specialist (EMEA),Breda-Tilburg Area,2026-08-28,e-commerce medewerker,nee,https://nl.linkedin.com/jobs/view/e-commerce-specialist-emea-at-skil-b-v-4458085317,https://nl.linkedin.com/company/skil-b.v.,4458085317
Skil B.V.,E-Commerce Specialist (EMEA),Breda-Tilburg Area,2026-09-04,e-commerce medewerker,nee,https://nl.linkedin.com/jobs/view/e-commerce-specialist-emea-at-skil-b-v-4461166211,https://nl.linkedin.com/company/skil-b.v.,4461166211
Sligro Food Group,Medewerker Customer Care,Breda,2026-09-22,customer service,nee,https://nl.linkedin.com/jobs/view/medewerker-customer-care-at-sligro-food-group-4470293178,https://nl.linkedin.com/company/sligro-food-group,4470293178
Smartphonehoesjes.nl,Customer Journey Specialist,Leusden,2026-06-16,e-commerce medewerker,nee,https://nl.linkedin.com/jobs/view/customer-journey-specialist-at-smartphonehoesjes-nl-4429546635,https://nl.linkedin.com/company/smartphonehoesjes-nl,4429546635
Smartphonehoesjes.nl,Junior accountmanager,Leusden,2026-09-22,e-commerce medewerker,nee,https://nl.linkedin.com/jobs/view/junior-accountmanager-at-smartphonehoesjes-nl-4470277504,https://nl.linkedin.com/company/smartphonehoesjes-nl,4470277504
Smartwares Group,Sales Support Employee,Tilburg,2026-09-08,orderverwerking medewerker,nee,https://nl.linkedin.com/jobs/view/sales-support-employee-at-smartwares-group-4462509609,https://nl.linkedin.com/company/smartwaresgroup,4462509609
Smartwares Group,Customer Contact Specialist (E-commerce),Tilburg,2026-09-08,e-commerce medewerker,nee,https://nl.linkedin.com/jobs/view/customer-contact-specialist-e-commerce-at-smartwares-group-4462505766,https://nl.linkedin.com/company/smartwaresgroup,4462505766
Smartwares Group,Marketplace specialist,Tilburg,2026-09-14,e-commerce medewerker,nee,https://nl.linkedin.com/jobs/view/marketplace-specialist-at-smartwares-group-4465203872,https://nl.linkedin.com/company/smartwaresgroup,4465203872
Snelstart,Klantenservice Medewerker Amersfoort,Amersfoort,2026-08-25,customer service,nee,https://nl.linkedin.com/jobs/view/klantenservice-medewerker-amersfoort-at-snelstart-4447533157,https://nl.linkedin.com/company/snelstart,4447533157
Snelstart,Klantadviseur,Amersfoort,2026-08-25,klantadviseur,nee,https://nl.linkedin.com/jobs/view/klantadviseur-at-snelstart-4445465941,https://nl.linkedin.com/company/snelstart,4445465941
Social Deal,Klantenservice Medewerker (parttime/fulltime),'s-Hertogenbosch,2026-05-13,support medewerker webshop,nee,https://nl.linkedin.com/jobs/view/klantenservice-medewerker-parttime-fulltime-at-social-deal-4413991785,https://nl.linkedin.com/company/social-deal,4413991785
Social Deal,Franstalige Klantenservice Medewerker (Flexibel),'s-Hertogenbosch,2026-05-28,support medewerker webshop,nee,https://nl.linkedin.com/jobs/view/franstalige-klantenservice-medewerker-flexibel-at-social-deal-4420412173,https://nl.linkedin.com/company/social-deal,4420412173
Sockshouse,Inkoopmedewerker,'s-Hertogenbosch,2026-09-08,support medewerker webshop,nee,https://nl.linkedin.com/jobs/view/inkoopmedewerker-at-sockshouse-4464456614,https://nl.linkedin.com/company/sockshouse2,4464456614
SoftwareOne,Klantenservice,Amsterdam,2026-09-08,customer service,nee,https://nl.linkedin.com/jobs/view/klantenservice-at-softwareone-4463245596,https://ch.linkedin.com/company/softwareone,4463245596
SomnoMed France,Customer service Medewerker (Dutch fluent),Arnhem,2026-01-08,customer service,nee,https://nl.linkedin.com/jobs/view/customer-service-medewerker-dutch-fluent-at-somnomed-france-4330913083,https://fr.linkedin.com/company/somnomedfrance,4330913083
Sonova Group,Customer Service employee,Vianen,2026-09-18,customer service,nee,https://nl.linkedin.com/jobs/view/customer-service-employee-at-sonova-group-4383396850,https://ch.linkedin.com/company/sonovagroup,4383396850
Specialized Bicycle Components,Digital Merchandising Specialist EMEA,Arnhem,2026-09-17,e-commerce medewerker,nee,https://nl.linkedin.com/jobs/view/digital-merchandising-specialist-emea-at-specialized-bicycle-components-4459178706,https://www.linkedin.com/company/specialized-bicycle-components,4459178706
SPINO Managed Services,Medewerker Servicedesk,Nieuwegein,2026-08-18,support medewerker webshop,nee,https://nl.linkedin.com/jobs/view/medewerker-servicedesk-at-spino-managed-services-4455720453,https://nl.linkedin.com/company/spinomanagedservices,4455720453
SRS,Retail Support Agent,Almere,2025-09-29,support medewerker webshop,nee,https://nl.linkedin.com/jobs/view/retail-support-agent-at-srs-4305383527,https://nl.linkedin.com/company/srsretail,4305383527
Staay Food Group,BACKOFFICE MEDEWERKER,Papendrecht,2026-08-04,orderverwerking medewerker,nee,https://nl.linkedin.com/jobs/view/backoffice-medewerker-at-staay-food-group-4448582767,https://nl.linkedin.com/company/staay-food-group,4448582767
stichd,Customer Service Representative (Formula 1 &amp; Football),'s-Hertogenbosch,2026-09-17,customer service,nee,https://nl.linkedin.com/jobs/view/customer-service-representative-formula-1-football-at-stichd-4468608843,https://nl.linkedin.com/company/stichdofficial,4468608843
STOX Energy Socks,Customer Service Specialist,Amsterdam,2026-09-04,customer service,nee,https://nl.linkedin.com/jobs/view/customer-service-specialist-at-stox-energy-socks-4463382019,https://nl.linkedin.com/company/stox-energy-socks,4463382019
Studenten.net,Zakelijke klantenservice medewerker Bol,Utrecht,2026-08-02,e-commerce medewerker,nee,https://nl.linkedin.com/jobs/view/zakelijke-klantenservice-medewerker-bol-at-studenten-net-4447881511,https://nl.linkedin.com/company/studenten-net,4447881511
Studenten.net,Klantadviseur Zakelijk E-Commerce,'s-Hertogenbosch,2026-08-19,e-commerce medewerker,nee,https://nl.linkedin.com/jobs/view/klantadviseur-zakelijk-e-commerce-at-studenten-net-4456180800,https://nl.linkedin.com/company/studenten-net,4456180800
Studenten.net,Partnerspecialist E-Commerce,'s-Hertogenbosch,2026-08-19,e-commerce medewerker,nee,https://nl.linkedin.com/jobs/view/partnerspecialist-e-commerce-at-studenten-net-4456180824,https://nl.linkedin.com/company/studenten-net,4456180824
Studenten.net,Klantadviseur B2B BOL,Utrecht,2026-08-19,e-commerce medewerker,nee,https://nl.linkedin.com/jobs/view/klantadviseur-b2b-bol-at-studenten-net-4456172834,https://nl.linkedin.com/company/studenten-net,4456172834
Studenten.net,Zakelijke klantenservice E-Commerce,Arnhem,2026-08-19,e-commerce medewerker,nee,https://nl.linkedin.com/jobs/view/zakelijke-klantenservice-e-commerce-at-studenten-net-4456181838,https://nl.linkedin.com/company/studenten-net,4456181838
Studenten.net,Partnerspecialist Bol,Utrecht,2026-08-19,e-commerce medewerker,nee,https://nl.linkedin.com/jobs/view/partnerspecialist-bol-at-studenten-net-4456166904,https://nl.linkedin.com/company/studenten-net,4456166904
Studenten.net,Klantenservice medewerker B2B Bol,Arnhem,2026-08-19,e-commerce medewerker,nee,https://nl.linkedin.com/jobs/view/klantenservice-medewerker-b2b-bol-at-studenten-net-4456173913,https://nl.linkedin.com/company/studenten-net,4456173913
Studenten.net,Klantenservice medewerker b2b,Utrecht,2026-09-04,e-commerce medewerker,nee,https://nl.linkedin.com/jobs/view/klantenservice-medewerker-b2b-at-studenten-net-4461401872,https://nl.linkedin.com/company/studenten-net,4461401872
Studenten.net,Klantenservice medewerker b2b,Arnhem,2026-09-04,e-commerce medewerker,nee,https://nl.linkedin.com/jobs/view/klantenservice-medewerker-b2b-at-studenten-net-4461402787,https://nl.linkedin.com/company/studenten-net,4461402787
Studenten.net,Medewerker Klantenservice Key Accounts,Amersfoort,2026-09-09,klantadviseur,nee,https://nl.linkedin.com/jobs/view/medewerker-klantenservice-key-accounts-at-studenten-net-4463088311,https://nl.linkedin.com/company/studenten-net,4463088311
Studenten.net,Key Account Manager DHL Express,Utrecht,2026-09-10,klantadviseur,nee,https://nl.linkedin.com/jobs/view/key-account-manager-dhl-express-at-studenten-net-4465649204,https://nl.linkedin.com/company/studenten-net,4465649204
Studenten.net,Key Account Customer Service DHL Express,Nijmegen,2026-09-11,klantadviseur,nee,https://nl.linkedin.com/jobs/view/key-account-customer-service-dhl-express-at-studenten-net-4466083005,https://nl.linkedin.com/company/studenten-net,4466083005
Studenten.net,Medewerker Klantenservice DHL Express,Amersfoort,2026-09-15,klantadviseur,nee,https://nl.linkedin.com/jobs/view/medewerker-klantenservice-dhl-express-at-studenten-net-4467710889,https://nl.linkedin.com/company/studenten-net,4467710889
Studenten.net,e-commerce account support,Nieuwegein,2026-09-16,e-commerce medewerker,nee,https://nl.linkedin.com/jobs/view/e-commerce-account-support-at-studenten-net-4468312052,https://nl.linkedin.com/company/studenten-net,4468312052
Studenten.net,Klantadviseur Key Account Amersfoort,Hilversum,2026-09-17,klantadviseur,nee,https://nl.linkedin.com/jobs/view/klantadviseur-key-account-amersfoort-at-studenten-net-4468824591,https://nl.linkedin.com/company/studenten-net,4468824591
Studenten.net,Klantenservice medewerker B2B,Zeist,2026-09-17,support medewerker webshop,nee,https://nl.linkedin.com/jobs/view/klantenservice-medewerker-b2b-at-studenten-net-4468844194,https://nl.linkedin.com/company/studenten-net,4468844194
Studenten.net,Key Account Customer Service DHL,Amersfoort,2026-09-18,klantadviseur,nee,https://nl.linkedin.com/jobs/view/key-account-customer-service-dhl-at-studenten-net-4469245838,https://nl.linkedin.com/company/studenten-net,4469245838
Studenten.net,Zakelijke klantenservice,Utrecht,2026-09-19,support medewerker webshop,nee,https://nl.linkedin.com/jobs/view/zakelijke-klantenservice-at-studenten-net-4469525287,https://nl.linkedin.com/company/studenten-net,4469525287
Studenten.net,Zakelijke Klantenservice E-Commerce,Utrecht,2026-09-22,e-commerce medewerker,nee,https://nl.linkedin.com/jobs/view/zakelijke-klantenservice-e-commerce-at-studenten-net-4468567887,https://nl.linkedin.com/company/studenten-net,4468567887
Studenten.net,Partnerspecialist Zakelijk E-Commerce,'s-Hertogenbosch,2026-09-22,e-commerce medewerker,nee,https://nl.linkedin.com/jobs/view/partnerspecialist-zakelijk-e-commerce-at-studenten-net-4468567891,https://nl.linkedin.com/company/studenten-net,4468567891
STUDIOVEGTER,Wholesale Operations &amp; Customer Support Coördinator,Utrecht Area,2026-07-05,orderverwerking medewerker,nee,https://nl.linkedin.com/jobs/view/wholesale-operations-customer-support-co%C3%B6rdinator-at-studiovegter-4436991174,https://nl.linkedin.com/company/studiovegter,4436991174
STUDIOVEGTER,Administratief Medewerker Finance &amp; E-commerce,Utrecht Area,2026-07-16,e-commerce medewerker,nee,https://nl.linkedin.com/jobs/view/administratief-medewerker-finance-e-commerce-at-studiovegter-4441642212,https://nl.linkedin.com/company/studiovegter,4441642212
SUITSUIT | Certified B Corp,Marketplace Specialist,Randstad,2026-09-02,e-commerce medewerker,nee,https://nl.linkedin.com/jobs/view/marketplace-specialist-at-suitsuit-certified-b-corp-4459969550,https://nl.linkedin.com/company/suitsuit,4459969550
Suitsupply,Customer Service Specialist,Amsterdam,2026-09-22,customer service,nee,https://nl.linkedin.com/jobs/view/customer-service-specialist-at-suitsupply-4326536412,https://nl.linkedin.com/company/suitsupply,4326536412
SumUp,Customer Support Agent,Amsterdam,2026-09-02,customer service,nee,https://nl.linkedin.com/jobs/view/customer-support-agent-at-sumup-4421965211,https://uk.linkedin.com/company/sumup,4421965211
Sunny Cars,Customer Service Expert (24-40 uur),Haarlem,2026-09-09,customer service,nee,https://nl.linkedin.com/jobs/view/customer-service-expert-24-40-uur-at-sunny-cars-4465026977,https://nl.linkedin.com/company/sunny-cars-nederland,4465026977
Sunware,Marketplace Specialist (32 - 40 uur),Tilburg,2026-09-14,e-commerce medewerker,nee,https://nl.linkedin.com/jobs/view/marketplace-specialist-32-40-uur-at-sunware-4467048859,https://nl.linkedin.com/company/sunware-perfectlyorganised,4467048859
Supermicro,Customer Service Coordinator,'s-Hertogenbosch,2026-09-12,customer service,nee,https://nl.linkedin.com/jobs/view/customer-service-coordinator-at-supermicro-4457517642,https://www.linkedin.com/company/supermicro,4457517642
Supermicro,eCommerce Product Specialist,'s-Hertogenbosch,2026-09-16,e-commerce medewerker,nee,https://nl.linkedin.com/jobs/view/ecommerce-product-specialist-at-supermicro-4432038155,https://www.linkedin.com/company/supermicro,4432038155
Swiss Sense,Web Analist Digital Commerce,Uden,2026-09-14,e-commerce medewerker,nee,https://nl.linkedin.com/jobs/view/web-analist-digital-commerce-at-swiss-sense-4467094489,https://nl.linkedin.com/company/swisssense,4467094489
Swissôtel Hotels &amp; Resorts,Front Office Agent (Full-time),Amsterdam,2026-07-20,customer service,nee,https://nl.linkedin.com/jobs/view/front-office-agent-full-time-at-swiss%C3%B4tel-hotels-resorts-4442078328,https://fr.linkedin.com/company/swissotel,4442078328
Tarkett,Customer Service Representative,Waalwijk,2026-06-26,customer service,nee,https://nl.linkedin.com/jobs/view/customer-service-representative-at-tarkett-4431709604,https://fr.linkedin.com/company/tarkett,4431709604
team.blue,Agent - Customer Support,Leiden,2026-09-18,customer service,nee,https://nl.linkedin.com/jobs/view/agent-customer-support-at-team-blue-4469171885,https://be.linkedin.com/company/teamblue,4469171885
Technische Unie,Customer Service Medewerker,Eindhoven,2026-08-24,customer service,nee,https://nl.linkedin.com/jobs/view/customer-service-medewerker-at-technische-unie-4458474159,https://nl.linkedin.com/company/technische-unie,4458474159
Technische Unie,Search and Merchandise E-commerce Specialist,Amstelveen,2026-08-27,e-commerce medewerker,nee,https://nl.linkedin.com/jobs/view/search-and-merchandise-e-commerce-specialist-at-technische-unie-4458456331,https://nl.linkedin.com/company/technische-unie,4458456331
Technische Unie,Customer Service Medewerker,Dordrecht,2026-09-16,customer service,nee,https://nl.linkedin.com/jobs/view/customer-service-medewerker-at-technische-unie-4466953716,https://nl.linkedin.com/company/technische-unie,4466953716
Technische Unie,Customer Service Medewerker,Zwolle,2026-09-17,customer service,nee,https://nl.linkedin.com/jobs/view/customer-service-medewerker-at-technische-unie-4466956665,https://nl.linkedin.com/company/technische-unie,4466956665
Tegeltje.nl,Sales medewerker B2B (24-40 uur),Bodegraven,2026-09-18,e-commerce medewerker,nee,https://nl.linkedin.com/jobs/view/sales-medewerker-b2b-24-40-uur-at-tegeltje-nl-4469197217,https://www.linkedin.com/company/tegeltje.nl,4469197217
Telco Accessories Group,Medewerker Order- en Voorraadmanagement,Houten,2026-09-03,orderverwerking medewerker,nee,https://nl.linkedin.com/jobs/view/medewerker-order-en-voorraadmanagement-at-telco-accessories-group-4460493576,https://nl.linkedin.com/company/telco-accessories-group,4460493576
Telco Accessories Group,Klantenservicemedewerker,Houten,2026-09-21,e-commerce medewerker,nee,https://nl.linkedin.com/jobs/view/klantenservicemedewerker-at-telco-accessories-group-4467395413,https://nl.linkedin.com/company/telco-accessories-group,4467395413
Telco Accessories Group,Klantenservicemedewerker,Lichtenvoorde,2026-09-21,e-commerce medewerker,nee,https://nl.linkedin.com/jobs/view/klantenservicemedewerker-at-telco-accessories-group-4467383708,https://nl.linkedin.com/company/telco-accessories-group,4467383708
Temu,Business Development Manager,Nederland,2026-09-02,e-commerce medewerker,nee,https://nl.linkedin.com/jobs/view/business-development-manager-at-temu-4460961550,https://www.linkedin.com/company/temuapp,4460961550
Temu,Business Development Manager,Nederland,2026-09-06,e-commerce medewerker,nee,https://nl.linkedin.com/jobs/view/business-development-manager-at-temu-4462685492,https://www.linkedin.com/company/temuapp,4462685492
Termeer Groep,Webshopmedewerker (maandag),Tilburg,2026-09-16,orderverwerking medewerker,nee,https://nl.linkedin.com/jobs/view/webshopmedewerker-maandag-at-termeer-groep-4371879320,https://nl.linkedin.com/company/termeergroep,4371879320
The Estée Lauder Companies Inc.,Le Labo Sales Advisor - Bijenkorf Rotterdam (FT),Rotterdam,2026-09-16,klantadviseur,nee,https://nl.linkedin.com/jobs/view/le-labo-sales-advisor-bijenkorf-rotterdam-ft-at-the-est%C3%A9e-lauder-companies-inc-4466512938,https://www.linkedin.com/company/the-estee-lauder-companies-inc,4466512938
The Lemon Consulting,Klantenservicemedewerker,Rotterdam,2026-08-19,customer service,nee,https://nl.linkedin.com/jobs/view/klantenservicemedewerker-at-the-lemon-consulting-4455401717,https://www.linkedin.com/company/the-lemon-consulting,4455401717
The Lemon Consulting,Klantenservicemedewerker,Amsterdam,2026-08-19,customer service,nee,https://nl.linkedin.com/jobs/view/klantenservicemedewerker-at-the-lemon-consulting-4455400755,https://www.linkedin.com/company/the-lemon-consulting,4455400755
The Lemon Consulting,Klantenservicemedewerker,Utrecht,2026-08-19,customer service,nee,https://nl.linkedin.com/jobs/view/klantenservicemedewerker-at-the-lemon-consulting-4454998808,https://www.linkedin.com/company/the-lemon-consulting,4454998808
The Lemon Consulting,Klantenservicemedewerker,Arnhem,2026-08-19,customer service,nee,https://nl.linkedin.com/jobs/view/klantenservicemedewerker-at-the-lemon-consulting-4455417585,https://www.linkedin.com/company/the-lemon-consulting,4455417585
The Lemon Consulting,Klantenservicemedewerker,Nijmegen,2026-08-19,klantadviseur,nee,https://nl.linkedin.com/jobs/view/klantenservicemedewerker-at-the-lemon-consulting-4455415712,https://www.linkedin.com/company/the-lemon-consulting,4455415712
The Lemon Consulting,Klantenservicemedewerker,Den Haag,2026-08-19,klantadviseur,nee,https://nl.linkedin.com/jobs/view/klantenservicemedewerker-at-the-lemon-consulting-4455411705,https://www.linkedin.com/company/the-lemon-consulting,4455411705
The Lemon Consulting,Klantenservicemedewerker,Haarlem,2026-08-19,klantadviseur,nee,https://nl.linkedin.com/jobs/view/klantenservicemedewerker-at-the-lemon-consulting-4454995730,https://www.linkedin.com/company/the-lemon-consulting,4454995730
The Lemon Consulting,Klantenservicemedewerker,Eindhoven,2026-08-19,klantadviseur,nee,https://nl.linkedin.com/jobs/view/klantenservicemedewerker-at-the-lemon-consulting-4454996801,https://www.linkedin.com/company/the-lemon-consulting,4454996801
The Photo Company,Winkelmedewerker (8-38 uur),Amersfoort,2026-09-13,webshop medewerker,nee,https://nl.linkedin.com/jobs/view/winkelmedewerker-8-38-uur-at-the-photo-company-4466771175,https://www.linkedin.com/company/uwfotozaak,4466771175
The Rent Company,Medewerker Klantenservice,'s-Hertogenbosch,2026-09-03,customer service,nee,https://nl.linkedin.com/jobs/view/medewerker-klantenservice-at-the-rent-company-4460421208,https://nl.linkedin.com/company/the-rent-company-bv,4460421208
The Schippers Group,E-Commerce Specialist,Hapert,2026-08-26,e-commerce medewerker,nee,https://nl.linkedin.com/jobs/view/e-commerce-specialist-at-the-schippers-group-4457922027,https://nl.linkedin.com/company/theschippersgroup,4457922027
The Social Pact - staffing &amp; recruitment,Commercieel adviseur,Den Haag,2026-09-21,klantadviseur,nee,https://nl.linkedin.com/jobs/view/commercieel-adviseur-at-the-social-pact-staffing-recruitment-4469847785,https://nl.linkedin.com/company/the-social-pact,4469847785
Three Birds Recruitment,Specialist eCommerce,Aalsmeer,2026-08-28,e-commerce medewerker,nee,https://nl.linkedin.com/jobs/view/specialist-ecommerce-at-three-birds-recruitment-4458065678,https://nl.linkedin.com/company/threebirdsrecruitment,4458065678
Tibber,Customer Support Specialist,Amsterdam,2026-09-08,customer service,nee,https://nl.linkedin.com/jobs/view/customer-support-specialist-at-tibber-4414816920,https://no.linkedin.com/company/tibber,4414816920
Timber and Building Supplies Holland N.V,Online Merchandiser,Zaandam,2026-09-04,e-commerce medewerker,nee,https://nl.linkedin.com/jobs/view/online-merchandiser-at-timber-and-building-supplies-holland-n-v-4410078937,https://nl.linkedin.com/company/timber-and-building-supplies-holland-n-v-,4410078937
ToExplore B.V.,COMMERCIËLE TEAMPLAYER,Amsterdam,2026-08-28,e-commerce medewerker,nee,https://nl.linkedin.com/jobs/view/commerci%C3%ABle-teamplayer-at-toexplore-b-v-4460365032,https://nl.linkedin.com/company/toexplore,4460365032
Tomorrowmen™,MARKETPLACE SPECIALIST,Groningen,2026-06-12,e-commerce medewerker,nee,https://nl.linkedin.com/jobs/view/marketplace-specialist-at-tomorrowmen%E2%84%A2-4424813927,https://nl.linkedin.com/company/tomorrowmen,4424813927
Ton van Kuijk B.V.,Service Adviseur,Alkmaar,2026-08-18,klantadviseur,nee,https://nl.linkedin.com/jobs/view/service-adviseur-at-ton-van-kuijk-b-v-4455935267,https://www.linkedin.com/company/ton-van-kuijk-b.v.,4455935267
Toppy,E-commerce meewerkstage,Veghel,2026-04-07,webshop medewerker,nee,https://nl.linkedin.com/jobs/view/e-commerce-meewerkstage-at-toppy-4398365727,https://nl.linkedin.com/company/dastoppy,4398365727
TotaalPartnerTechniek,Vacature Commercieel Medewerker Ordermanagement,Dordrecht,2026-08-04,orderverwerking medewerker,nee,https://nl.linkedin.com/jobs/view/vacature-commercieel-medewerker-ordermanagement-at-totaalpartnertechniek-4449073333,https://nl.linkedin.com/company/totaalpartnertechniek,4449073333
Treatwell,Customer Experience Specialist NL (32-40 hours),Amsterdam,2026-09-02,customer service,nee,https://nl.linkedin.com/jobs/view/customer-experience-specialist-nl-32-40-hours-at-treatwell-4462189897,https://uk.linkedin.com/company/treatwell-com,4462189897
Trend People,Commercieel administratief medewerker,Oudewater,2026-09-09,orderverwerking medewerker,nee,https://nl.linkedin.com/jobs/view/commercieel-administratief-medewerker-at-trend-people-4439906546,https://nl.linkedin.com/company/trend-office-people,4439906546
Triple A Internetshops GmbH,Store Assistant (alle genderidentiteiten welkom) – tot 34 € per uur - Satisfyer &amp; Geske Beauty Tech Store,'s-Hertogenbosch,2026-08-21,webshop medewerker,nee,https://nl.linkedin.com/jobs/view/store-assistant-alle-genderidentiteiten-welkom-%E2%80%93-tot-34-%E2%82%AC-per-uur-satisfyer-geske-beauty-tech-store-at-triple-a-internetshops-gmbh-4454602473,https://de.linkedin.com/company/aaa-internetshops,4454602473
Triple A Internetshops GmbH,Store Assistant (alle genderidentiteiten welkom) – tot 34 € per uur - Satisfyer &amp; Geske Beauty Tech Store,Amsterdam,2026-08-21,support medewerker webshop,nee,https://nl.linkedin.com/jobs/view/store-assistant-alle-genderidentiteiten-welkom-%E2%80%93-tot-34-%E2%82%AC-per-uur-satisfyer-geske-beauty-tech-store-at-triple-a-internetshops-gmbh-4454602472,https://de.linkedin.com/company/aaa-internetshops,4454602472
Troostwijk Auctions,Klantenservice Medewerker,Amsterdam,2025-10-22,customer service,nee,https://nl.linkedin.com/jobs/view/klantenservice-medewerker-at-troostwijk-auctions-4317481945,https://nl.linkedin.com/company/troostwijk-auctions,4317481945
Troostwijk Auctions,Klantenservice medewerker,Amsterdam,2026-09-02,support medewerker webshop,nee,https://nl.linkedin.com/jobs/view/klantenservice-medewerker-at-troostwijk-auctions-4457342326,https://nl.linkedin.com/company/troostwijk-auctions,4457342326
TSC Life,Customer Service Agent,Amsterdam,2026-09-18,orderverwerking medewerker,nee,https://nl.linkedin.com/jobs/view/customer-service-agent-at-tsc-life-4469160348,https://nl.linkedin.com/company/tsc-life,4469160348
Ultimesh,E-commerce Medewerker,Hellevoetsluis,2026-09-11,e-commerce medewerker,nee,https://nl.linkedin.com/jobs/view/e-commerce-medewerker-at-ultimesh-4466068170,https://nl.linkedin.com/company/ultimesh,4466068170
Under Armour,"Sr. Professional, Digital Marketplace Sales",Amsterdam,2026-09-03,e-commerce medewerker,nee,https://nl.linkedin.com/jobs/view/sr-professional-digital-marketplace-sales-at-under-armour-4453152174,https://www.linkedin.com/company/under-armour,4453152174
United Petfood,Internal Sales Medewerker,Coevorden,2026-01-08,orderverwerking medewerker,nee,https://nl.linkedin.com/jobs/view/internal-sales-medewerker-at-united-petfood-4359380644,https://be.linkedin.com/company/united-petfood,4359380644
United Petfood,Commercieel Medewerker Binnendienst,Waalwijk,2026-08-14,orderverwerking medewerker,nee,https://nl.linkedin.com/jobs/view/commercieel-medewerker-binnendienst-at-united-petfood-4454526510,https://be.linkedin.com/company/united-petfood,4454526510
Vakgarage,Service Adviseur in Mijdrecht,Mijdrecht,2026-07-10,klantadviseur,nee,https://nl.linkedin.com/jobs/view/service-adviseur-in-mijdrecht-at-vakgarage-4438893621,https://nl.linkedin.com/company/vakgarage,4438893621
valantic NL,E-commerce Solution Consultant,Rotterdam,2026-08-27,support medewerker webshop,nee,https://nl.linkedin.com/jobs/view/e-commerce-solution-consultant-at-valantic-nl-4431659692,https://nl.linkedin.com/company/valanticnl,4431659692
Valk Design,Customer Service &amp; Operations Medewerker | Valk at Home,Eemnes,2026-09-08,orderverwerking medewerker,nee,https://nl.linkedin.com/jobs/view/customer-service-operations-medewerker-valk-at-home-at-valk-design-4464472421,https://nl.linkedin.com/company/valk-design,4464472421
VAMAT,Medewerker Customer Service,"Utrecht, Nederland",2026-09-08,orderverwerking medewerker,nee,https://nl.linkedin.com/jobs/view/medewerker-customer-service-at-vamat-4464449514,https://nl.linkedin.com/company/vamat,4464449514
Van den Bosch,Klantenservicemedewerker,Erp,2026-09-03,klantadviseur,nee,https://nl.linkedin.com/jobs/view/klantenservicemedewerker-at-van-den-bosch-4462788081,https://nl.linkedin.com/company/van-den-bosch,4462788081
Van den Udenhout Groep,Verkoopadviseur Škoda I Breda,Breda,2026-08-31,klantadviseur,nee,https://nl.linkedin.com/jobs/view/verkoopadviseur-%C5%A1koda-i-breda-at-van-den-udenhout-groep-4461085246,https://nl.linkedin.com/company/van-den-udenhout-groep,4461085246
Van der Burgh,Service Adviseur - Van der Burgh Brielle,Brielle,2026-09-21,klantadviseur,nee,https://nl.linkedin.com/jobs/view/service-adviseur-van-der-burgh-brielle-at-van-der-burgh-4468722463,https://nl.linkedin.com/company/van-der-burgh,4468722463
Van der Heide,Accountmanager binnendienst,Drachten,2026-06-07,klantadviseur,nee,https://nl.linkedin.com/jobs/view/accountmanager-binnendienst-at-van-der-heide-4436317544,https://nl.linkedin.com/company/van-der-heide-groep,4436317544
Van der Valk Hotel Groningen - Zuidbroek A7,Front Office Medewerker,Zuidbroek,2026-06-16,customer service,nee,https://nl.linkedin.com/jobs/view/front-office-medewerker-at-van-der-valk-hotel-groningen-zuidbroek-a7-4429241442,https://nl.linkedin.com/company/vandervalkhotelzuidbroek,4429241442
Van der Valk Hotel Sassenheim-Leiden,Front Office Medewerker,Sassenheim,2026-09-22,customer service,nee,https://nl.linkedin.com/jobs/view/front-office-medewerker-at-van-der-valk-hotel-sassenheim-leiden-4470276423,https://nl.linkedin.com/company/van-der-valk-hotel-sassenheim-leiden,4470276423
Van der Wal,Customer Service Specialist,Utrecht,2026-09-11,customer service,nee,https://nl.linkedin.com/jobs/view/customer-service-specialist-at-van-der-wal-4464869166,https://nl.linkedin.com/company/van-der-wal-transport,4464869166
Van der Wal,Administratief Customer Service Medewerker,Utrecht,2026-09-11,orderverwerking medewerker,nee,https://nl.linkedin.com/jobs/view/administratief-customer-service-medewerker-at-van-der-wal-4464851986,https://nl.linkedin.com/company/van-der-wal-transport,4464851986
Van Dorp,Helpdeskmedewerker ICT | Nieuwegein,Nieuwegein,2026-07-10,support medewerker webshop,nee,https://nl.linkedin.com/jobs/view/helpdeskmedewerker-ict-nieuwegein-at-van-dorp-4435990557,https://nl.linkedin.com/company/van-dorp,4435990557
Van Happen Containers,Orderinvoer,Eindhoven,2026-08-25,orderverwerking medewerker,nee,https://nl.linkedin.com/jobs/view/orderinvoer-at-van-happen-containers-4458717105,https://nl.linkedin.com/company/van-happen-containers,4458717105
Van Herk Kaas,"Vacature: Backoffice medewerker – klantcontact, inkoop &amp; verkoop (Fulltime)",Bodegraven,2026-08-26,orderverwerking medewerker,nee,https://nl.linkedin.com/jobs/view/vacature-backoffice-medewerker-%E2%80%93-klantcontact-inkoop-verkoop-fulltime-at-van-herk-kaas-4459316365,https://nl.linkedin.com/company/van-herk-kaas,4459316365
Van Leeuwen Stainless,Inside Sales Medewerker,Beesd,2026-06-12,orderverwerking medewerker,nee,https://nl.linkedin.com/jobs/view/inside-sales-medewerker-at-van-leeuwen-stainless-4425967935,https://nl.linkedin.com/company/van-leeuwen-stainless,4425967935
Van Mierlo BV Technische Handelsonderneming,E-Commerce Coördinator,Helmond,2026-08-27,e-commerce medewerker,nee,https://nl.linkedin.com/jobs/view/e-commerce-co%C3%B6rdinator-at-van-mierlo-bv-technische-handelsonderneming-4459677154,https://nl.linkedin.com/company/van-mierlo-bv-technische-handelsonderneming,4459677154
Van Mossel Automotive Group,Klantenservice medewerker,Amsterdam-Zuid,2026-07-23,customer service,nee,https://nl.linkedin.com/jobs/view/klantenservice-medewerker-at-van-mossel-automotive-group-4455290901,https://nl.linkedin.com/company/van-mossel-group,4455290901
Van Mossel Automotive Group,Klantenservice Medewerker,Zwolle,2026-07-23,customer service,nee,https://nl.linkedin.com/jobs/view/klantenservice-medewerker-at-van-mossel-automotive-group-4455308014,https://nl.linkedin.com/company/van-mossel-group,4455308014
Van Mossel Automotive Group,Medewerker verkoopadministratie,Amsterdam-Zuid,2026-07-23,orderverwerking medewerker,nee,https://nl.linkedin.com/jobs/view/medewerker-verkoopadministratie-at-van-mossel-automotive-group-4455302817,https://nl.linkedin.com/company/van-mossel-group,4455302817
Van Mossel Automotive Group,Serviceadviseur,Mijdrecht,2026-07-23,klantadviseur,nee,https://nl.linkedin.com/jobs/view/serviceadviseur-at-van-mossel-automotive-group-4455297930,https://nl.linkedin.com/company/van-mossel-group,4455297930
Van Mossel Automotive Group,Magazijnmedewerker Parts,Bergschenhoek,2026-07-28,orderverwerking medewerker,nee,https://nl.linkedin.com/jobs/view/magazijnmedewerker-parts-at-van-mossel-automotive-group-4455289978,https://nl.linkedin.com/company/van-mossel-group,4455289978
Van Mossel Automotive Group,Medewerker Klantenservice,Tilburg,2026-08-11,customer service,nee,https://nl.linkedin.com/jobs/view/medewerker-klantenservice-at-van-mossel-automotive-group-4455292954,https://nl.linkedin.com/company/van-mossel-group,4455292954
Van Nifterik Holland BV,Commercieel Medewerker Binnendienst,Ede,2026-09-21,orderverwerking medewerker,nee,https://nl.linkedin.com/jobs/view/commercieel-medewerker-binnendienst-at-van-nifterik-holland-bv-4469891044,https://nl.linkedin.com/company/van-nifterik-holland-bv,4469891044
Van Vulpen,Junior Servicedesk Medewerker IT,Gorinchem,2026-09-04,support medewerker webshop,nee,https://nl.linkedin.com/jobs/view/junior-servicedesk-medewerker-it-at-van-vulpen-4461985459,https://nl.linkedin.com/company/vanvulpen,4461985459
Van Walraven,Magazijnmedewerker,Bussum,2026-02-11,orderverwerking medewerker,nee,https://nl.linkedin.com/jobs/view/magazijnmedewerker-at-van-walraven-4371416276,https://nl.linkedin.com/company/walraven,4371416276
Van Walraven,Medewerker Verkoopbalie,Mijdrecht,2026-06-03,webshop medewerker,nee,https://nl.linkedin.com/jobs/view/medewerker-verkoopbalie-at-van-walraven-4422929633,https://nl.linkedin.com/company/walraven,4422929633
Vandebron,Customer Service Medewerker,Amsterdam,2026-05-28,customer service,nee,https://nl.linkedin.com/jobs/view/customer-service-medewerker-at-vandebron-4431658020,https://nl.linkedin.com/company/vandebron,4431658020
Vandersterre,Verkoopondersteuning,Bodegraven,2026-09-21,orderverwerking medewerker,nee,https://nl.linkedin.com/jobs/view/verkoopondersteuning-at-vandersterre-4469874021,https://nl.linkedin.com/company/vandersterre,4469874021
vanHaren Schoenen BV,Logistiek Medewerker Online Shop (avonddienst),Waalwijk,2026-07-30,orderverwerking medewerker,nee,https://nl.linkedin.com/jobs/view/logistiek-medewerker-online-shop-avonddienst-at-vanharen-schoenen-bv-4447015362,https://nl.linkedin.com/company/vanharenschoenen,4447015362
vanHaren Schoenen BV,Logistiek Medewerker Online Shop,Waalwijk,2026-07-30,e-commerce medewerker,nee,https://nl.linkedin.com/jobs/view/logistiek-medewerker-online-shop-at-vanharen-schoenen-bv-4447020222,https://nl.linkedin.com/company/vanharenschoenen,4447020222
VAST.,E‑commerce Specialist,'s-Heerenberg,2026-07-14,e-commerce medewerker,nee,https://nl.linkedin.com/jobs/view/e%E2%80%91commerce-specialist-at-vast-4440568385,https://nl.linkedin.com/company/vastnu,4440568385
vb&amp;t Vastgoed en Huisvesting,Medewerker Klantenservice Vastgoed,Eindhoven,2026-09-02,customer service,nee,https://nl.linkedin.com/jobs/view/medewerker-klantenservice-vastgoed-at-vb-t-vastgoed-en-huisvesting-4462410073,https://nl.linkedin.com/company/vb&amp;t-groep,4462410073
VCSW - Specialist in sociale zekerheid,Customer Excellence medewerker,Den Haag,2026-09-06,customer service,nee,https://nl.linkedin.com/jobs/view/customer-excellence-medewerker-at-vcsw-4444413436,https://nl.linkedin.com/company/vcsw,4444413436
VDL Agrotech,Commercieel Medewerker Binnendienst,Eindhoven,2026-09-07,orderverwerking medewerker,nee,https://nl.linkedin.com/jobs/view/commercieel-medewerker-binnendienst-at-vdl-agrotech-4464370174,https://nl.linkedin.com/company/vdlagrotech,4464370174
Veldsink Advies,Adviseur Binnendienst Particulier,Valkenswaard,2026-09-10,klantadviseur,nee,https://nl.linkedin.com/jobs/view/adviseur-binnendienst-particulier-at-veldsink-advies-4465631007,https://nl.linkedin.com/company/veldsink-advies,4465631007
Veldsink Advies,Adviseur Binnendienst Particulier,Breda,2026-09-10,klantadviseur,nee,https://nl.linkedin.com/jobs/view/adviseur-binnendienst-particulier-at-veldsink-advies-4465648141,https://nl.linkedin.com/company/veldsink-advies,4465648141
Veldsink Advies,Adviseur Binnendienst Particulier en ASN,Budel,2026-09-10,klantadviseur,nee,https://nl.linkedin.com/jobs/view/adviseur-binnendienst-particulier-en-asn-at-veldsink-advies-4465619866,https://nl.linkedin.com/company/veldsink-advies,4465619866
Veldsink Advies,Adviseur Binnendienst Particulier,Zevenbergen,2026-09-10,klantadviseur,nee,https://nl.linkedin.com/jobs/view/adviseur-binnendienst-particulier-at-veldsink-advies-4465640280,https://nl.linkedin.com/company/veldsink-advies,4465640280
Veldsink Advies,Adviseur Binnendienst Particulier en ASN Bank,Eersel,2026-09-10,klantadviseur,nee,https://nl.linkedin.com/jobs/view/adviseur-binnendienst-particulier-en-asn-bank-at-veldsink-advies-4465621942,https://nl.linkedin.com/company/veldsink-advies,4465621942
Veldsink Advies,Particulier Adviseur Verzekeringen,Wageningen,2026-09-10,klantadviseur,nee,https://nl.linkedin.com/jobs/view/particulier-adviseur-verzekeringen-at-veldsink-advies-4465632240,https://nl.linkedin.com/company/veldsink-advies,4465632240
Veldsink Advies,Adviseur Binnendienst Verzekeringen,Vijfheerenlanden,2026-09-10,klantadviseur,nee,https://nl.linkedin.com/jobs/view/adviseur-binnendienst-verzekeringen-at-veldsink-advies-4465631253,https://nl.linkedin.com/company/veldsink-advies,4465631253
VELUX,Customer Service &amp; Support Professional,De Meern,2026-09-05,customer service,nee,https://nl.linkedin.com/jobs/view/customer-service-support-professional-at-velux-4445212191,https://dk.linkedin.com/company/velux,4445212191
VELUX,Customer Service Advisor,De Meern,2026-09-08,customer service,nee,https://nl.linkedin.com/jobs/view/customer-service-advisor-at-velux-4255717803,https://dk.linkedin.com/company/velux,4255717803
VELUX,Customer Service Professional met technische affiniteit,De Meern,2026-09-09,customer service,nee,https://nl.linkedin.com/jobs/view/customer-service-professional-met-technische-affiniteit-at-velux-4465054190,https://dk.linkedin.com/company/velux,4465054190
Veneta.com,Customer Service Specialist-Second Line,Zwolle,2026-07-22,customer service,nee,https://nl.linkedin.com/jobs/view/customer-service-specialist-second-line-at-veneta-com-4443147476,https://nl.linkedin.com/company/veneta-bv,4443147476
Verano®,Commercieel medewerker binnendienst export,Best,2026-06-27,orderverwerking medewerker,nee,https://nl.linkedin.com/jobs/view/commercieel-medewerker-binnendienst-export-at-verano-b-v-4434223397,https://nl.linkedin.com/company/verano-b.v.,4434223397
Verathon,Customer Service Specialist,Amsterdam,2026-08-31,customer service,nee,https://nl.linkedin.com/jobs/view/customer-service-specialist-at-verathon-4460070748,https://www.linkedin.com/company/verathon,4460070748
Verisure,Klantenservice medewerker Inbound,Amsterdam,2026-09-17,customer service,nee,https://nl.linkedin.com/jobs/view/klantenservice-medewerker-inbound-at-verisure-4466254242,https://ch.linkedin.com/company/verisure,4466254242
Verisure,Klantbehoud medewerker,Amsterdam,2026-09-17,klantadviseur,nee,https://nl.linkedin.com/jobs/view/klantbehoud-medewerker-at-verisure-4466246423,https://ch.linkedin.com/company/verisure,4466246423
VERO MODA,Verkoopmedewerker weekendhulp/oproepkracht VERO MODA Haarlem,Haarlem,2026-05-04,support medewerker webshop,nee,https://nl.linkedin.com/jobs/view/verkoopmedewerker-weekendhulp-oproepkracht-vero-moda-haarlem-at-vero-moda-4410058193,https://dk.linkedin.com/company/vero-moda,4410058193
VERO MODA,Verkoopmedewerker VERO MODA Zwolle,Zwolle,2026-06-17,support medewerker webshop,nee,https://nl.linkedin.com/jobs/view/verkoopmedewerker-vero-moda-zwolle-at-vero-moda-4429939849,https://dk.linkedin.com/company/vero-moda,4429939849
versAlert B.V.,Klantsupport medewerker,Utrecht,2026-09-10,customer service,nee,https://nl.linkedin.com/jobs/view/klantsupport-medewerker-at-versalert-b-v-4463455293,https://www.linkedin.com/company/versalert-b.v.,4463455293
Viking Europe,Local Commercial Web Manager NLD,Venlo,2026-09-16,e-commerce medewerker,nee,https://nl.linkedin.com/jobs/view/local-commercial-web-manager-nld-at-viking-europe-4468262157,https://nl.linkedin.com/company/viking-europe,4468262157
Viking Nederland,Local Commercial Web Manager NLD,Venlo,2026-09-16,e-commerce medewerker,nee,https://nl.linkedin.com/jobs/view/local-commercial-web-manager-nld-at-viking-nederland-4468261625,https://nl.linkedin.com/company/vikingnederland,4468261625
VILA,Verkoopmedewerker fulltime VILA Rotterdam Alexandrium (New Store),Rotterdam,2026-08-13,support medewerker webshop,nee,https://nl.linkedin.com/jobs/view/verkoopmedewerker-fulltime-vila-rotterdam-alexandrium-new-store-at-vila-4453674488,https://dk.linkedin.com/company/vila,4453674488
Vintage.com,German Customer Experience Agent,Duiven,2026-09-09,customer service,nee,https://nl.linkedin.com/jobs/view/german-customer-experience-agent-at-vintage-com-4464128593,https://nl.linkedin.com/company/vintage-com,4464128593
Vintage.com,Junior Product Assessor - Watches,Dieren,2026-09-10,e-commerce medewerker,nee,https://nl.linkedin.com/jobs/view/junior-product-assessor-watches-at-vintage-com-4461915477,https://nl.linkedin.com/company/vintage-com,4461915477
Vintage.com,French Customer Experience Agent,Duiven,2026-09-15,customer service,nee,https://nl.linkedin.com/jobs/view/french-customer-experience-agent-at-vintage-com-4464134036,https://nl.linkedin.com/company/vintage-com,4464134036
Vintage.com,French Customer Experience Agent,Arnhem,2026-09-15,customer service,nee,https://nl.linkedin.com/jobs/view/french-customer-experience-agent-at-vintage-com-4465596031,https://nl.linkedin.com/company/vintage-com,4465596031
Vintage.com,Junior Product Assessor - Jewellery,Arnhem,2026-09-15,e-commerce medewerker,nee,https://nl.linkedin.com/jobs/view/junior-product-assessor-jewellery-at-vintage-com-4465819603,https://nl.linkedin.com/company/vintage-com,4465819603
Vintage.com,Junior Product Assessor - Jewellery,Dieren,2026-09-15,e-commerce medewerker,nee,https://nl.linkedin.com/jobs/view/junior-product-assessor-jewellery-at-vintage-com-4457995378,https://nl.linkedin.com/company/vintage-com,4457995378
Vintage.com,Junior Jewellery Product Assessor,"Gelderland, Nederland",2026-09-15,e-commerce medewerker,nee,https://nl.linkedin.com/jobs/view/junior-jewellery-product-assessor-at-vintage-com-4459671284,https://nl.linkedin.com/company/vintage-com,4459671284
Vinted,"Partner Success Coordinator (Dutch Speaking), VintedGo Member Support",Amsterdam,2026-09-21,support medewerker webshop,nee,https://nl.linkedin.com/jobs/view/partner-success-coordinator-dutch-speaking-vintedgo-member-support-at-vinted-4461082335,https://lt.linkedin.com/company/vinted,4461082335
VINVIN Wines,Commercieel medewerker binnendienst,Rotterdam,2026-09-17,orderverwerking medewerker,nee,https://nl.linkedin.com/jobs/view/commercieel-medewerker-binnendienst-at-vinvin-wines-4468693688,https://nl.linkedin.com/company/vinvin-wines,4468693688
Vion Food Group,Medewerker Backoffice Verkoop,Enschede,2026-09-22,orderverwerking medewerker,nee,https://nl.linkedin.com/jobs/view/medewerker-backoffice-verkoop-at-vion-food-group-4463509690,https://nl.linkedin.com/company/vion,4463509690
Voetencentrum Wender,Medewerker Servicedesk,Hengelo,2026-09-09,support medewerker webshop,nee,https://nl.linkedin.com/jobs/view/medewerker-servicedesk-at-voetencentrum-wender-4465058771,https://nl.linkedin.com/company/voetencentrum-wender,4465058771
VolkerWessels Infra Digital,Servicedeskmedewerker,Vianen,2026-07-08,support medewerker webshop,nee,https://nl.linkedin.com/jobs/view/servicedeskmedewerker-at-volkerwessels-infra-digital-4437066756,https://nl.linkedin.com/company/volkerwesselsinfradigital,4437066756
Volkswagen Pon Financial Services,Klantadviseur Lease,Amersfoort,2026-09-04,klantadviseur,nee,https://nl.linkedin.com/jobs/view/klantadviseur-lease-at-volkswagen-pon-financial-services-4463307063,https://nl.linkedin.com/company/volkswagen-pon-financial-services,4463307063
Vulpes Goods,Customer Experience Specialist,Bunnik,2026-08-25,customer service,ja,https://nl.linkedin.com/jobs/view/customer-experience-specialist-at-vulpes-goods-4458599796,https://nl.linkedin.com/company/vulpes-goods,4458599796
Waldom,Customer Experience Specialist - German Speaking,Amsterdam Area,2026-09-21,customer service,nee,https://nl.linkedin.com/jobs/view/customer-experience-specialist-german-speaking-at-waldom-4467556585,https://www.linkedin.com/company/waldom,4467556585
Walraven Nederland,Medewerker Internal Sales,Mijdrecht,2026-09-01,orderverwerking medewerker,nee,https://nl.linkedin.com/jobs/view/medewerker-internal-sales-at-walraven-nederland-4461743440,https://nl.linkedin.com/company/walraven-nl,4461743440
waterdrop®,Sales Assistant - Hydrista (w/m/d),Roermond,2026-08-28,webshop medewerker,nee,https://nl.linkedin.com/jobs/view/sales-assistant-hydrista-w-m-d-at-waterdrop%C2%AE-4455346916,https://at.linkedin.com/company/waterdrop-official,4455346916
WebElephant,Open sollicitatie,Breda,2025-05-24,webshop medewerker,nee,https://nl.linkedin.com/jobs/view/open-sollicitatie-at-webelephant-4234647037,https://nl.linkedin.com/company/webelephant,4234647037
Webgrade,WordPress Developer,Den Haag,2026-08-12,webshop medewerker,nee,https://nl.linkedin.com/jobs/view/wordpress-developer-at-webgrade-4450196396,https://nl.linkedin.com/company/webgradenl,4450196396
Weir,Customer Service &amp; Logistics medewerker,Nederweert,2026-09-10,orderverwerking medewerker,nee,https://nl.linkedin.com/jobs/view/customer-service-logistics-medewerker-at-weir-4463474507,https://uk.linkedin.com/company/weir-plc,4463474507
Welcom Noordwijk,Verkoopadviseur Welcom bij Kivits Venray,Venray,2026-08-05,klantadviseur,nee,https://nl.linkedin.com/jobs/view/verkoopadviseur-welcom-bij-kivits-venray-at-welcom-noordwijk-4449436068,https://nl.linkedin.com/company/welcom-noordwijk,4449436068
Werken bij Technische Unie,Verkoopmedewerker (winkel),Utrecht,2026-09-02,webshop medewerker,nee,https://nl.linkedin.com/jobs/view/verkoopmedewerker-winkel-at-werken-bij-technische-unie-4443322775,https://www.linkedin.com/company/werken-bij-technische-unie,4443322775
Werken bij Technische Unie,Commercieel Medewerker,Gouda,2026-09-09,orderverwerking medewerker,nee,https://nl.linkedin.com/jobs/view/commercieel-medewerker-at-werken-bij-technische-unie-4455755527,https://www.linkedin.com/company/werken-bij-technische-unie,4455755527
Werken bij Technische Unie,Verkoopmedewerker (winkel),Alkmaar,2026-09-10,webshop medewerker,nee,https://nl.linkedin.com/jobs/view/verkoopmedewerker-winkel-at-werken-bij-technische-unie-4465693990,https://www.linkedin.com/company/werken-bij-technische-unie,4465693990
Werken bij Technische Unie,Customer Service Medewerker,Eindhoven,2026-09-15,customer service,nee,https://nl.linkedin.com/jobs/view/customer-service-medewerker-at-werken-bij-technische-unie-4458177733,https://www.linkedin.com/company/werken-bij-technische-unie,4458177733
Werken bij Technische Unie,Verkoopmedewerker (winkel),Venlo,2026-09-15,webshop medewerker,nee,https://nl.linkedin.com/jobs/view/verkoopmedewerker-winkel-at-werken-bij-technische-unie-4458208969,https://www.linkedin.com/company/werken-bij-technische-unie,4458208969
Werken bij Technische Unie,Customer Service Medewerker,Dordrecht,2026-09-16,customer service,nee,https://nl.linkedin.com/jobs/view/customer-service-medewerker-at-werken-bij-technische-unie-4468215955,https://www.linkedin.com/company/werken-bij-technische-unie,4468215955
Werken bij Technische Unie,Customer Service Medewerker,Zwolle,2026-09-17,customer service,nee,https://nl.linkedin.com/jobs/view/customer-service-medewerker-at-werken-bij-technische-unie-4467194467,https://www.linkedin.com/company/werken-bij-technische-unie,4467194467
Werken bij Technische Unie,Search and Merchandise E-commerce Specialist,Amstelveen,2026-09-18,e-commerce medewerker,nee,https://nl.linkedin.com/jobs/view/search-and-merchandise-e-commerce-specialist-at-werken-bij-technische-unie-4459841269,https://www.linkedin.com/company/werken-bij-technische-unie,4459841269
Werving op Maat,IT support specialist,Wijchen,2026-09-15,support medewerker webshop,nee,https://nl.linkedin.com/jobs/view/it-support-specialist-at-werving-op-maat-4445481709,https://nl.linkedin.com/company/werving-op-maat,4445481709
Whiskybase,Content Producer,Rotterdam,2026-09-17,webshop medewerker,nee,https://nl.linkedin.com/jobs/view/content-producer-at-whiskybase-4467206587,https://nl.linkedin.com/company/whiskybase,4467206587
wienerberger Nederland,Medewerker Binnendienst | Customer Service | 32 tot 40 uur | Elst,Elst,2026-09-10,orderverwerking medewerker,nee,https://nl.linkedin.com/jobs/view/medewerker-binnendienst-customer-service-32-tot-40-uur-elst-at-wienerberger-nederland-4463477410,https://nl.linkedin.com/company/wienerberger-nederland,4463477410
WilroffReitsma,Commercieel Medewerker Binnendienst,Halfweg,2026-09-10,orderverwerking medewerker,nee,https://nl.linkedin.com/jobs/view/commercieel-medewerker-binnendienst-at-wilroffreitsma-4464520981,https://nl.linkedin.com/company/wilroffreitsma,4464520981
WINSEARCH Netherlands,Commercieel medewerker,Zwaag,2026-09-14,orderverwerking medewerker,nee,https://nl.linkedin.com/jobs/view/commercieel-medewerker-at-winsearch-netherlands-4464786207,https://nl.linkedin.com/company/winsearch-netherlands,4464786207
Woertman Nederland B.V.,Backoffice &amp; Operations Coördinator,Nieuwegein,2026-09-10,orderverwerking medewerker,nee,https://nl.linkedin.com/jobs/view/backoffice-operations-co%C3%B6rdinator-at-woertman-nederland-b-v-4464095561,https://nl.linkedin.com/company/woertman-nederland-b.v.,4464095561
Wolf Steel Ltd,Technical Support Associate,Tiel,2026-06-11,support medewerker webshop,nee,https://nl.linkedin.com/jobs/view/technical-support-associate-at-wolf-steel-ltd-4424830485,https://ca.linkedin.com/company/wolf-steel-ltd,4424830485
Wolters Kluwer,Customer Success Specialist (Dutch speaking),Hoevelaken,2026-09-11,klantadviseur,nee,https://nl.linkedin.com/jobs/view/customer-success-specialist-dutch-speaking-at-wolters-kluwer-4426643798,https://nl.linkedin.com/company/wolters-kluwer,4426643798
Womanly Jobs,Customer Support Specialist,Delft,2026-09-21,customer service,nee,https://nl.linkedin.com/jobs/view/customer-support-specialist-at-womanly-jobs-4468712438,https://nl.linkedin.com/company/womanlyjobs,4468712438
Womanly Jobs,Customer Support Specialist,Zwolle,2026-09-21,customer service,nee,https://nl.linkedin.com/jobs/view/customer-support-specialist-at-womanly-jobs-4468494736,https://nl.linkedin.com/company/womanlyjobs,4468494736
Woonstad Rotterdam,Klantadviseur,Rotterdam,2026-09-21,klantadviseur,nee,https://nl.linkedin.com/jobs/view/klantadviseur-at-woonstad-rotterdam-4372858831,https://nl.linkedin.com/company/woonstad-rotterdam,4372858831
WorkingED - (Inter)national Recruitment Germany &amp; Netherlands,Customer Service Export Representative,Urmond,2026-08-31,orderverwerking medewerker,nee,https://nl.linkedin.com/jobs/view/customer-service-export-representative-at-workinged-inter-national-recruitment-germany-netherlands-4459759940,https://de.linkedin.com/company/workinged---recruitment-for-the-industry,4459759940
Workodo,Support medewerker,Amsterdam,2026-07-22,support medewerker webshop,nee,https://nl.linkedin.com/jobs/view/support-medewerker-at-workodo-4443413393,https://nl.linkedin.com/company/workodo,4443413393
WP SEO AI,Wordpress Developer (German/Dutch Speaking),Amsterdam,2026-08-31,webshop medewerker,nee,https://nl.linkedin.com/jobs/view/wordpress-developer-german-dutch-speaking-at-wp-seo-ai-4461201969,https://nl.linkedin.com/company/seoai,4461201969
X2O Badkamers Nederland,Showroom Adviseur (Zaandam),Zaandam,2026-07-23,klantadviseur,nee,https://nl.linkedin.com/jobs/view/showroom-adviseur-zaandam-at-x2o-badkamers-nederland-4444403974,https://nl.linkedin.com/company/x2o-badkamers-nederland,4444403974
Xeltis,Customer Service Specialist,Eindhoven,2026-08-18,customer service,nee,https://nl.linkedin.com/jobs/view/customer-service-specialist-at-xeltis-4454901454,https://nl.linkedin.com/company/xeltis,4454901454
X²O Badkamers,Adviseur,Zaandam,2026-09-16,klantadviseur,nee,https://nl.linkedin.com/jobs/view/adviseur-at-x2o-badkamers-4468204261,https://be.linkedin.com/company/x2o,4468204261
Yex B.V.,Commercial Support Medewerker,Naaldwijk,2025-08-14,orderverwerking medewerker,nee,https://nl.linkedin.com/jobs/view/commercial-support-medewerker-at-yex-b-v-4282866294,https://nl.linkedin.com/company/yex-b-v-,4282866294
Yielder,Sales Support Medewerker/ Inside Sales Specialist,Rijswijk,2026-07-18,orderverwerking medewerker,nee,https://nl.linkedin.com/jobs/view/sales-support-medewerker-inside-sales-specialist-at-yielder-4453136212,https://nl.linkedin.com/company/yieldergroup,4453136212
You Sure,Customer Support Medewerker,Hoofddorp,2026-06-22,customer service,nee,https://nl.linkedin.com/jobs/view/customer-support-medewerker-at-you-sure-4430584617,https://nl.linkedin.com/company/you-sure,4430584617
You Sure,Customer Support Medewerker,Hoofddorp,2026-09-20,customer service,nee,https://nl.linkedin.com/jobs/view/customer-support-medewerker-at-you-sure-4372512433,https://nl.linkedin.com/company/you-sure,4372512433
Youvia,Website &amp; Service Specialist,Amsterdam,2026-07-17,webshop medewerker,nee,https://nl.linkedin.com/jobs/view/website-service-specialist-at-youvia-4451630881,https://nl.linkedin.com/company/youvia,4451630881
Yusen Logistics,Customer Service Employee,Moerdijk,2026-09-18,customer service,nee,https://nl.linkedin.com/jobs/view/customer-service-employee-at-yusen-logistics-4412798148,https://jp.linkedin.com/company/yusen-logistics-,4412798148
Zeeuw &amp; Zeeuw Renault/ Dacia,Serviceadviseur,Den Haag,2026-09-21,klantadviseur,nee,https://nl.linkedin.com/jobs/view/serviceadviseur-at-zeeuw-zeeuw-renault-dacia-4469857030,https://nl.linkedin.com/company/zeeuwenzeeuw-renault,4469857030
Zelesta,E-commerce Specialist,Soesterberg,2026-09-21,e-commerce medewerker,nee,https://nl.linkedin.com/jobs/view/e-commerce-specialist-at-zelesta-4469874193,https://nl.linkedin.com/company/zelesta,4469874193
ZENGGI,Digital Marketing Growth Specialist,Amsterdam,2026-08-29,e-commerce medewerker,ja,https://nl.linkedin.com/jobs/view/digital-marketing-growth-specialist-at-zenggi-4460856187,https://nl.linkedin.com/company/zenggi.com,4460856187
Zimmer Biomet,Customer Experience - Local Strategic Partner,Breda,2026-09-10,klantadviseur,nee,https://nl.linkedin.com/jobs/view/customer-experience-local-strategic-partner-at-zimmer-biomet-4454995782,https://www.linkedin.com/company/zimmerbiomet,4454995782
Zimmermann,Client Advisor - Opening in Amsterdam - December 2026,Amsterdam,2026-09-08,klantadviseur,nee,https://nl.linkedin.com/jobs/view/client-advisor-opening-in-amsterdam-december-2026-at-zimmermann-4452396516,https://au.linkedin.com/company/zimmermann-wear-pty-ltd,4452396516
Zitmaxx Wonen,Klantenservice Medewerker,Ter Aar,2026-07-09,support medewerker webshop,nee,https://nl.linkedin.com/jobs/view/klantenservice-medewerker-at-zitmaxx-wonen-4438588826,https://nl.linkedin.com/company/zitmaxx-wonen,4438588826
Zitmaxx Wonen,Verkoopmedewerker Outlet / Logistiek Medewerker Outlet,Ter Aar,2026-07-15,webshop medewerker,nee,https://nl.linkedin.com/jobs/view/verkoopmedewerker-outlet-logistiek-medewerker-outlet-at-zitmaxx-wonen-4441256859,https://nl.linkedin.com/company/zitmaxx-wonen,4441256859
Zitmaxx Wonen,Product Content Specialist,Ter Aar,2026-08-11,e-commerce medewerker,nee,https://nl.linkedin.com/jobs/view/product-content-specialist-at-zitmaxx-wonen-4452686271,https://nl.linkedin.com/company/zitmaxx-wonen,4452686271
Zitmaxx Wonen,Medewerker Productcontent en Prijsbeheer,Ter Aar,2026-08-20,e-commerce medewerker,nee,https://nl.linkedin.com/jobs/view/medewerker-productcontent-en-prijsbeheer-at-zitmaxx-wonen-4457013131,https://nl.linkedin.com/company/zitmaxx-wonen,4457013131
Zitmaxx Wonen,Photoshopper / Beeldbewerker,Ter Aar,2026-09-15,webshop medewerker,nee,https://nl.linkedin.com/jobs/view/photoshopper-beeldbewerker-at-zitmaxx-wonen-4467778899,https://nl.linkedin.com/company/zitmaxx-wonen,4467778899
Zonneplan,Customer Support Specialist,Zwolle,2026-09-15,customer service,nee,https://nl.linkedin.com/jobs/view/customer-support-specialist-at-zonneplan-4324809529,https://nl.linkedin.com/company/zonneplan,4324809529
Zuiver Recruitment: vacatures Hypotheken -Verzekeringen- Financiële Dienstverlening,Adviseur Binnendienst Particulier,Lekkerkerk,2026-04-08,klantadviseur,nee,https://nl.linkedin.com/jobs/view/adviseur-binnendienst-particulier-at-zuiver-recruitment-vacatures-hypotheken-verzekeringen-financi%C3%ABle-dienstverlening-4395921511,https://nl.linkedin.com/company/zuiver-recruitment,4395921511
Zuiver Recruitment: vacatures Hypotheken -Verzekeringen- Financiële Dienstverlening,Adviseur Particulieren Binnendienst,Oosterbeek,2026-04-08,klantadviseur,nee,https://nl.linkedin.com/jobs/view/adviseur-particulieren-binnendienst-at-zuiver-recruitment-vacatures-hypotheken-verzekeringen-financi%C3%ABle-dienstverlening-4395919511,https://nl.linkedin.com/company/zuiver-recruitment,4395919511
zvoove Germany,Supportmedewerker,Amersfoort,2026-06-23,support medewerker webshop,nee,https://nl.linkedin.com/jobs/view/supportmedewerker-at-zvoove-4431242028,https://de.linkedin.com/company/zvoove-germany,4431242028
ZwolleDoet!,Word onze nieuwe Winkelmedewerker in Zwolle!,Zwolle,2026-08-05,webshop medewerker,nee,https://nl.linkedin.com/jobs/view/word-onze-nieuwe-winkelmedewerker-in-zwolle%21-at-zwolledoet%21-4447333272,https://nl.linkedin.com/company/zwolledoet,4447333272
