bedrijf,domein,domein_bron,functie,datum,plaats,aantal_vacatures,al_in_pool,vacature_url,zoekterm
123inkt.nl,123inkt.nl,geraden en bevestigd,Klantenservice Medewerker,2026-09-16,Veenendaal,8,nee,https://nl.linkedin.com/jobs/view/klantenservice-medewerker-at-123inkt-nl-4459198463,klantenservice medewerker
123schoon.nl,123schoon.nl,geraden en bevestigd,Klantenservice Medewerker,2026-09-10,Nederhorst den Berg,1,nee,https://nl.linkedin.com/jobs/view/klantenservice-medewerker-at-123schoon-nl-4465393012,klantenservice medewerker
3Shape,3shape.com,geraden en bevestigd,Customer Success Manager BeNeLux,2026-09-22,Amsterdam,2,nee,https://nl.linkedin.com/jobs/view/customer-success-manager-benelux-at-3shape-4470298062,customer happiness
4shipping,4shipping.com,geraden en bevestigd,Customer Success Specialist,2026-08-25,Zwijndrecht,1,nee,https://nl.linkedin.com/jobs/view/customer-success-specialist-at-4shipping-4458745711,customer happiness
Aarnink Vleeswaren,aarninkvleeswaren.nl,geraden en bevestigd,COMMERCIEEL MEDEWERKER BINNENDIENST (LOCHEM),2026-08-05,Lochem,1,nee,https://nl.linkedin.com/jobs/view/commercieel-medewerker-binnendienst-lochem-at-aarnink-vleeswaren-4448900769,orderverwerking medewerker
ABD,abd.nl,geraden en bevestigd,Verkoopadviseur,2026-08-11,Heerenveen,1,nee,https://nl.linkedin.com/jobs/view/verkoopadviseur-at-abd-renault-nissan-dacia-4452447964,klantadviseur
ABENA,abena.nl,geraden en bevestigd,Order Entry &amp; Sales Support Medewerker,2026-09-03,Haps,1,nee,https://nl.linkedin.com/jobs/view/order-entry-sales-support-medewerker-at-abena-4462837755,orderverwerking medewerker
Abiom,abiom.nl,geraden en bevestigd,Servicedesk Medewerker,2026-09-17,Houten,1,nee,https://nl.linkedin.com/jobs/view/servicedesk-medewerker-at-abiom-4468622719,webcare medewerker
AEP International B.V.,aep.com,geraden en bevestigd,Commercieel Medewerker Binnendienst,2026-09-10,Alblasserdam,1,nee,https://nl.linkedin.com/jobs/view/commercieel-medewerker-binnendienst-at-aep-international-b-v-4463481660,orderverwerking medewerker
AIMMS,aimms.nl,geraden en bevestigd,sr. Customer Success Manager Supply Chain,2026-07-02,Haarlem,1,nee,https://nl.linkedin.com/jobs/view/sr-customer-success-manager-supply-chain-at-aimms-4435569864,customer happiness
AkzoNobel,akzonobel.com,geraden en bevestigd,Customer Service Representative,2026-09-18,Sassenheim,1,nee,https://nl.linkedin.com/jobs/view/customer-service-representative-at-akzonobel-4469125291,klantenservice medewerker
ALKU,alku.nl,geraden en bevestigd,Verkoopadviseur,2026-09-04,Tilburg,2,nee,https://nl.linkedin.com/jobs/view/verkoopadviseur-at-alku-4461984846,klantadviseur
All About Work,allaboutwork.com,geraden en bevestigd,Communicatiemedewerker,2026-09-11,Stadskanaal,1,nee,https://nl.linkedin.com/jobs/view/communicatiemedewerker-at-all-about-work-4466099513,webcare medewerker
Allegion,allegion.com,geraden en bevestigd,Customer Experience Manager,2026-07-01,Veenendaal,1,nee,https://nl.linkedin.com/jobs/view/customer-experience-manager-at-allegion-4434639725,customer happiness
Allianz Direct,allianzdirect.nl,geraden en bevestigd,Client Success Medewerker,2025-06-02,Rotterdam,1,nee,https://nl.linkedin.com/jobs/view/client-success-medewerker-at-allianz-direct-4242804934,klantadviseur
Alloga,alloga.com,geraden en bevestigd,Employee customer service X 5,2026-05-27,Veghel,1,nee,https://nl.linkedin.com/jobs/view/employee-customer-service-x-5-at-alloga-4417214824,orderverwerking medewerker
Almotion B.V.,almotion.nl,geraden en bevestigd,Medewerker commerciële binnendienst,2026-09-22,Elst,1,nee,https://nl.linkedin.com/jobs/view/medewerker-commerci%C3%ABle-binnendienst-at-almotion-b-v-4470287628,orderverwerking medewerker
Alphenix Bouwgroep B.V.,alphenixbouwgroep.nl,geraden en bevestigd,Representante de atendimento ao cliente,2026-09-11,Amsterdam,1,nee,,klantenservice medewerker
Alpina Group,alpina.com,geraden en bevestigd,Adviseur binnendienst agrarisch,2026-09-06,Hoogeveen,2,nee,https://nl.linkedin.com/jobs/view/adviseur-binnendienst-agrarisch-at-alpina-group-4426608510,klantadviseur
Amacx Sports Nutrition,amacx.com,geraden en bevestigd,AI-Driven Email &amp; Marketplace Specialist,2026-08-21,Noordwijk-Binnen,1,nee,https://nl.linkedin.com/jobs/view/ai-driven-email-marketplace-specialist-at-amacx-sports-nutrition-4457346846,e-commerce medewerker
Amdax,amdax.com,geraden en bevestigd,Customer Success Coordinator,2026-09-09,Amsterdam,1,nee,https://nl.linkedin.com/jobs/view/customer-success-coordinator-at-amdax-4465011695,customer happiness
Amega,amega.nl,geraden en bevestigd,Service &amp; support medewerker Inbound,2026-09-21,Dordrecht,1,nee,https://nl.linkedin.com/jobs/view/service-support-medewerker-inbound-at-amega-4468720965,klantenservice medewerker
American Express,americanexpress.com,geraden en bevestigd,American Express - Centurion Lounge Ambassador,2026-09-08,Amsterdam,1,nee,https://nl.linkedin.com/jobs/view/american-express-centurion-lounge-ambassador-at-american-express-4463531151,customer happiness
Ames Autobedrijf,ames.nl,geraden en bevestigd,Medewerker Sales Support - Ames,2026-09-21,Dordrecht,1,nee,https://nl.linkedin.com/jobs/view/medewerker-sales-support-ames-at-ames-autobedrijf-4468727578,orderverwerking medewerker
Anteryon B.V.,anteryon.com,geraden en bevestigd,Inside Sales Specialist,2026-09-16,Eindhoven,1,nee,https://nl.linkedin.com/jobs/view/inside-sales-specialist-at-anteryon-b-v-4454182530,orderverwerking medewerker
Aon,aon.com,geraden en bevestigd,Junior Website Specialist,2026-09-19,Rotterdam,3,nee,https://nl.linkedin.com/jobs/view/junior-website-specialist-at-aon-4458595737,webcare medewerker
Applied Medical,appliedmedical.com,geraden en bevestigd,Associate Customer Relations Representative - Italian and German speaking,2026-09-08,Amersfoort,2,nee,https://nl.linkedin.com/jobs/view/associate-customer-relations-representative-italian-and-german-speaking-at-applied-medical-4462526342,customer service
Ardagh Group,ardagh.com,geraden en bevestigd,Supply &amp; Demand Employee,2026-06-22,Oss,1,nee,https://nl.linkedin.com/jobs/view/supply-demand-employee-at-ardagh-group-4422369204,orderverwerking medewerker
Arie Bouman Green Outdoor B.V.,ariebouman.nl,geraden en bevestigd,Backoffice Medewerker Inkoop,2026-09-08,Wijk en Aalburg,1,nee,https://nl.linkedin.com/jobs/view/backoffice-medewerker-inkoop-at-arie-bouman-green-outdoor-b-v-4464492064,orderverwerking medewerker
ARP Nederland B.V.,arp.nl,geraden en bevestigd,Sales Support Medewerker,2026-09-22,Maastricht,2,nee,https://nl.linkedin.com/jobs/view/sales-support-medewerker-at-arp-nederland-b-v-4468589525,orderverwerking medewerker
ASAPCLOUD,asapcloud.com,geraden en bevestigd,Customer Success Manager,2026-09-21,Houten,1,nee,https://nl.linkedin.com/jobs/view/customer-success-manager-at-asapcloud-4467603330,customer happiness
Ascom,ascom.com,geraden en bevestigd,First Line Support Engineer,2026-08-18,Utrecht,1,nee,https://nl.linkedin.com/jobs/view/first-line-support-engineer-at-ascom-4454455600,webcare medewerker
Asendia,asendiabenelux.com,geraden en bevestigd,Customer Success Manager,2026-08-25,Eindhoven,1,nee,https://nl.linkedin.com/jobs/view/customer-success-manager-at-asendia-4457491307,customer happiness
Athlon Nederland,athlon.com:443,geraden en bevestigd,Klantadviseur,2026-09-16,Nieuwegein,1,nee,https://nl.linkedin.com/jobs/view/klantadviseur-at-athlon-nederland-4456467591,klantadviseur
Atlassian,atlassian.com,geraden en bevestigd,"Principal Customer Success Manager, Strategic DACH",2026-09-22,Amsterdam,2,nee,https://nl.linkedin.com/jobs/view/principal-customer-success-manager-strategic-dach-at-atlassian-4451509548,customer happiness
Atos Medical,atosmedical.nl,geraden en bevestigd,Consumer Care Specialist,2026-09-19,Amersfoort,1,nee,https://nl.linkedin.com/jobs/view/consumer-care-specialist-at-atos-medical-4440770846,customer happiness
Audax Nederland,audax.nl,geraden en bevestigd,Medewerker klantenservice,2026-09-08,Almere,1,nee,https://nl.linkedin.com/jobs/view/medewerker-klantenservice-at-audax-netherlands-4440551063,klantenservice medewerker
Autodistribution Nederland,autodistribution.nl,geraden en bevestigd,Customer Support Medewerker,2026-08-31,'s-Hertogenbosch,1,nee,https://nl.linkedin.com/jobs/view/customer-support-medewerker-at-autodistribution-nederland-4450612001,klantenservice medewerker
Autoflex Automotive Software,autoflex.nl,geraden en bevestigd,Medewerker Klantenservice &amp; Support,2026-09-14,Putten,1,nee,https://nl.linkedin.com/jobs/view/medewerker-klantenservice-support-at-autoflex-4467070838,klantenservice medewerker
Avenir Collective,avenircollective.com,geraden en bevestigd,Account Manager (Bol.com),2026-09-15,"Utrecht, Nederland",1,nee,https://nl.linkedin.com/jobs/view/account-manager-bol-com-at-avenir-collective-4465599184,e-commerce medewerker
AVR,avr.nl,geraden en bevestigd,Sales Support Medewerker,2026-08-17,Rozenburg,1,nee,https://nl.linkedin.com/jobs/view/sales-support-medewerker-at-avr-4466064506,orderverwerking medewerker
Axians NL,axians.nl,geraden en bevestigd,Customer Care Specialist,2026-09-10,Eindhoven,2,nee,https://nl.linkedin.com/jobs/view/customer-care-specialist-at-axians-nl-4456487800,klantenservice medewerker
AxionContinu,axioncontinu.nl,geraden en bevestigd,Medewerker ICT-Servicedesk,2026-08-25,Utrecht,1,nee,https://nl.linkedin.com/jobs/view/medewerker-ict-servicedesk-at-axioncontinu-4466945841,webcare medewerker
Axivate Horeca Group,axivatehoreca.nl,geraden en bevestigd,Medewerker Bediening (Nieuw concept),2026-09-18,Utrecht,1,nee,https://nl.linkedin.com/jobs/view/medewerker-bediening-nieuw-concept-at-axivate-horeca-group-4469115573,webcare medewerker
Ayvens,ayvens.com:443,geraden en bevestigd,Accountmanager Binnendienst,2026-09-11,Rotterdam,5,nee,https://nl.linkedin.com/jobs/view/accountmanager-binnendienst-at-ayvens-4463022522,klantadviseur
BAIYILED EUROPE B.V.,baiyiled.nl,geraden en bevestigd,Technisch Commercieel Medewerker Binnendienst &amp; Operations.,2026-08-21,Almere,1,nee,https://nl.linkedin.com/jobs/view/technisch-commercieel-medewerker-binnendienst-operations-at-baiyiled-europe-b-v-4457078701,orderverwerking medewerker
BAM Nederland,bam.com,geraden en bevestigd,Klantadviseur,2026-09-11,Bunnik,1,nee,,klantadviseur
Bauder Nederland,bauder.nl,geraden en bevestigd,Medewerker Verkoop Binnendienst / Sales Coördinator,2026-09-22,Houten,1,nee,https://nl.linkedin.com/jobs/view/medewerker-verkoop-binnendienst-sales-co%C3%B6rdinator-at-bauder-nederland-4470282621,orderverwerking medewerker
Bax Music,bax-shop.com,geraden en bevestigd,Marketplace-marketeer,2026-08-28,Goes,4,nee,https://nl.linkedin.com/jobs/view/marketplace-marketeer-at-bax-music-4458091991,e-commerce medewerker
Bear Optima Wood B.V.,bearoptimawood.nl,geraden en bevestigd,Commercieel medewerker binnendienst,2026-08-28,Nijverdal,1,nee,https://nl.linkedin.com/jobs/view/commercieel-medewerker-binnendienst-at-bear-optima-wood-b-v-4460325998,orderverwerking medewerker
Bechtle NV,bechtle.com,geraden en bevestigd,Sales Support Medewerker,2026-09-15,Nederland,1,nee,https://nl.linkedin.com/jobs/view/sales-support-medewerker-at-bechtle-nv-4465538475,orderverwerking medewerker
Bedrijfsfitness Nederland,bedrijfsfitness.nl,geraden en bevestigd,Customer Support Specialist,2026-09-11,Heerenveen,1,nee,https://nl.linkedin.com/jobs/view/customer-support-specialist-at-bedrijfsfitness-nederland-by-epassi-4457324263,klantenservice medewerker
Bejo,bejo.nl,geraden en bevestigd,Sales Support Employee,2026-09-17,Schagen,1,nee,https://nl.linkedin.com/jobs/view/sales-support-employee-at-bejo-4466958651,orderverwerking medewerker
Belsimpel,belsimpel.nl,geraden en bevestigd,Commercieel Data Analist voor Gomibo.de,2026-09-02,Groningen,1,nee,https://nl.linkedin.com/jobs/view/commercieel-data-analist-voor-gomibo-de-at-gomibo-l-belsimpel-4442750204,e-commerce medewerker
Bergman Clinics,bergmanclinics.nl,geraden en bevestigd,CSA Medewerker,2026-09-07,Capelle aan den IJssel,1,nee,https://nl.linkedin.com/jobs/view/csa-medewerker-at-bergman-clinics-4464325862,webcare medewerker
Beter Horen,beterhoren.nl,geraden en bevestigd,Verkoopadviseur bij Beter Horen Rotterdam,2026-09-09,Rotterdam,4,nee,https://nl.linkedin.com/jobs/view/verkoopadviseur-bij-beter-horen-rotterdam-at-beter-horen-4465019621,klantadviseur
Bever,bever.nl,geraden en bevestigd,E-commerce Specialist Germany,2026-09-15,Pijnacker,1,nee,https://nl.linkedin.com/jobs/view/e-commerce-specialist-germany-at-bever-4466505111,e-commerce medewerker
Big Bazar,bigbazar.com,geraden en bevestigd,Vulploegmedewerker in Eindhoven,2026-08-25,Eindhoven,18,nee,https://nl.linkedin.com/jobs/view/vulploegmedewerker-in-eindhoven-at-big-bazar-4456967386,support medewerker webshop
Billink,billink.nl,geraden en bevestigd,Customer Success Manager,2026-08-18,Gouda,1,nee,https://nl.linkedin.com/jobs/view/customer-success-manager-at-billink-4455757456,customer happiness
Biscuit International Netherlands,jeurgens.nl,geraden en bevestigd,Customer Service Medewerker,2026-09-09,Dordrecht,1,nee,https://nl.linkedin.com/jobs/view/customer-service-medewerker-at-biscuit-international-netherlands-4449830753,orderverwerking medewerker
Bizzdesign,bizzdesign.com,geraden en bevestigd,Senior Customer Success Manager,2026-09-09,Utrecht,1,nee,https://nl.linkedin.com/jobs/view/senior-customer-success-manager-at-bizzdesign-4463808925,customer happiness
Bloom & Wild,bloomwild.com,geraden en bevestigd,Customer Delight Talent Pool,2026-09-13,Amsterdam,2,nee,https://nl.linkedin.com/jobs/view/customer-delight-talent-pool-at-bloom-wild-4466735976,klantenservice medewerker
Bloom & Wolf,bloomwolf.nl,geraden en bevestigd,🌸 VACATURE: House-of-Rituals medewerker bij Bloom &amp; Wolf,2026-07-06,Randstad,1,nee,https://nl.linkedin.com/jobs/view/%F0%9F%8C%B8-vacature-house-of-rituals-medewerker-bij-bloom-wolf-at-bloom-wolf-4437410088,webshop medewerker
bloomon,bloomon.nl,geraden en bevestigd,Customer Support Senior Associate (Dutch or German Speaking),2026-09-15,Amsterdam Area,1,ja,https://nl.linkedin.com/jobs/view/customer-support-senior-associate-dutch-or-german-speaking-at-bloomon-4467727735,klantenservice medewerker
Booking Boosters,bookingexperts.com,geraden en bevestigd,Customer Support Specialist DACH,2026-09-16,Enschede,1,nee,https://nl.linkedin.com/jobs/view/customer-support-specialist-dach-at-booking-boosters-4468318072,customer happiness
Booking Experts,bookingexperts.com,geraden en bevestigd,Customer Support Specialist DACH,2026-09-17,Enschede,4,nee,https://nl.linkedin.com/jobs/view/customer-support-specialist-dach-at-booking-experts-b-v-4467141096,customer happiness
BOSKA Food Tools,boska.com,geraden en bevestigd,Medewerker klantenservice,2026-09-14,Bodegraven,1,nee,https://nl.linkedin.com/jobs/view/medewerker-klantenservice-at-boska-food-tools-4467034939,e-commerce medewerker
BridgeFund,bridgefund.nl,geraden en bevestigd,Customer Service Representative,2026-09-09,Amsterdam,1,nee,https://nl.linkedin.com/jobs/view/customer-service-representative-at-bridgefund-4445916609,klantenservice medewerker
Brighteq,brighteq.nl,geraden en bevestigd,Medior frontend developer,2026-08-01,Utrecht Area,1,nee,https://nl.linkedin.com/jobs/view/medior-frontend-developer-at-brighteq-4447616074,webshop medewerker
Brightways - Marketplace Accelerators,brightways.nl,geraden en bevestigd,Marketplace Manager Amazon &amp; Bol Focused - Client Facing,2026-09-15,Rotterdam,1,nee,https://nl.linkedin.com/jobs/view/marketplace-manager-amazon-bol-focused-client-facing-at-brightways-marketplace-accelerators-4464543208,e-commerce medewerker
Brivo,brivo.com,geraden en bevestigd,Customer Care Receptionist,2026-09-18,Amsterdam,1,nee,https://nl.linkedin.com/jobs/view/customer-care-receptionist-at-brivo-4466671816,customer service
Brocacef,brocacef.nl,geraden en bevestigd,Medewerker contact en support,2026-09-14,Maarssen,3,nee,https://nl.linkedin.com/jobs/view/medewerker-contact-en-support-at-brocacef-4376576436,klantenservice medewerker
Brother International (Nederland) BV,brother.nl,geraden en bevestigd,Medewerker Sales Support,2026-09-10,Amstelveen,1,nee,https://nl.linkedin.com/jobs/view/medewerker-sales-support-at-brother-international-nederland-bv-4465818043,orderverwerking medewerker
Bruynzeel Keukens,bruynzeelkeukens.nl,geraden en bevestigd,Klantbegeleider Retail,2026-09-15,Bergen op Zoom,3,nee,https://nl.linkedin.com/jobs/view/klantbegeleider-retail-at-bruynzeel-keukens-4458070511,customer happiness
BTE Nederland B.V.,bte.nl,geraden en bevestigd,Medewerker Verkoop Binnendienst,2026-09-01,Heumen,1,nee,https://nl.linkedin.com/jobs/view/medewerker-verkoop-binnendienst-at-bte-nederland-b-v-4460632832,orderverwerking medewerker
Bugaboo Group,bugaboo.com,geraden en bevestigd,Growth Content &amp; Product Data Specialist,2026-09-18,Amsterdam,1,nee,https://nl.linkedin.com/jobs/view/growth-content-product-data-specialist-at-bugaboo-group-4466683442,webcare medewerker
Burger Support BV,burgersupport.nl,geraden en bevestigd,Customer Service Medewerker,2026-09-17,Lelystad,3,nee,https://nl.linkedin.com/jobs/view/customer-service-medewerker-at-burger-support-bv-4468602778,klantenservice medewerker
BUX,bux.nl,geraden en bevestigd,Customer Support Representative (deutschsprachig),2026-09-08,Amsterdam,2,nee,https://nl.linkedin.com/jobs/view/customer-support-representative-deutschsprachig-at-bux-4463286894,klantenservice medewerker
BYZZ,byzz.nl,geraden en bevestigd,Commercieel Medewerker binnendienst (jr),2026-08-31,Leusden,1,nee,https://nl.linkedin.com/jobs/view/commercieel-medewerker-binnendienst-jr-at-byzz-4461066818,orderverwerking medewerker
Cabau Lifestyle,cabaulifestyle.com,geraden en bevestigd,CRO Specialist,2026-08-21,Arnhem,1,ja,https://nl.linkedin.com/jobs/view/cro-specialist-at-cabau-lifestyle-4457305819,webcare medewerker
Cable Partners B.V.,cablepartners.nl,geraden en bevestigd,Ervaren medewerker verkoop binnendienst,2026-08-04,Roosendaal,1,nee,https://nl.linkedin.com/jobs/view/ervaren-medewerker-verkoop-binnendienst-at-cable-partners-b-v-4448300405,orderverwerking medewerker
Cadmes,cadmes.com,geraden en bevestigd,Senior Customer Care medewerker,2026-09-21,'s-Hertogenbosch,1,nee,https://nl.linkedin.com/jobs/view/senior-customer-care-medewerker-at-cadmes-4366756757,klantadviseur
Camfil Nederland,camfil.com,geraden en bevestigd,E-Commerce &amp; Digital Operations Specialist,2026-09-22,Ede,1,nee,https://nl.linkedin.com/jobs/view/e-commerce-digital-operations-specialist-at-camfil-nederland-4468577637,e-commerce medewerker
Capgemini,capgemini.com,geraden en bevestigd,Frontend Developer - NL,2026-06-03,Utrecht,2,nee,https://nl.linkedin.com/jobs/view/frontend-developer-nl-at-capgemini-4418513610,webcare medewerker
Cardano,cardano.nl,geraden en bevestigd,Digital Marketing Coordinator,2026-09-04,Rotterdam,1,nee,https://nl.linkedin.com/jobs/view/digital-marketing-coordinator-at-cardano-4463379096,webcare medewerker
Cartouche Fashion,cartouchefashion.com,geraden en bevestigd,E-commerce &amp; Social Media Specialist Cartouche Fashion,2026-09-09,Bodegraven,1,nee,,e-commerce medewerker
CAVALLARO NAPOLI,cavallaronapoli.com,geraden en bevestigd,Online Merchandiser,2026-09-08,Haarlem,1,nee,https://nl.linkedin.com/jobs/view/online-merchandiser-at-cavallaro-napoli-4452705820,e-commerce medewerker
CDA,cda.nl,geraden en bevestigd,Digital marketeer,2026-09-18,Den Haag,1,nee,https://nl.linkedin.com/jobs/view/digital-marketeer-at-cda-4251674255,webcare medewerker
Cedrah,cedrah.nl,geraden en bevestigd,Senior medewerker ICT,2026-08-04,Barendrecht,1,nee,https://nl.linkedin.com/jobs/view/senior-medewerker-ict-at-cedrah-4447372315,webcare medewerker
Cegeka,cegeka.com,geraden en bevestigd,Onsite Support,2026-09-15,"Utrecht, Nederland",1,nee,https://nl.linkedin.com/jobs/view/onsite-support-at-cegeka-4465913004,webcare medewerker
Cemex B.V.,cemex.com,geraden en bevestigd,Commercieel medewerker,2026-09-19,Bleiswijk,1,nee,https://nl.linkedin.com/jobs/view/commercieel-medewerker-at-cemex-b-v-4464548001,orderverwerking medewerker
CGI Nederland,cgi.com,geraden en bevestigd,On Site Support Specialist - Global Technology Operations,2026-09-05,Schaijk,1,nee,https://nl.linkedin.com/jobs/view/on-site-support-specialist-global-technology-operations-at-cgi-nederland-4445232652,webcare medewerker
Chane,shopswellophonic.com,geraden en bevestigd,IT Service Desk Medewerker,2026-09-04,Rotterdam,1,nee,https://nl.linkedin.com/jobs/view/it-service-desk-medewerker-at-chane-4429332633,webcare medewerker
Change,change.nl,geraden en bevestigd,Klantenservice medewerker E-commerce Frans/Vlaams - Change,2026-09-10,Rotterdam,2,nee,https://nl.linkedin.com/jobs/view/klantenservice-medewerker-e-commerce-frans-vlaams-change-at-change-4462959103,e-commerce medewerker
ChannelEngine,channelengine.com,geraden en bevestigd,Implementation Specialist,2026-08-24,Leiden,1,nee,https://nl.linkedin.com/jobs/view/implementation-specialist-at-channelengine-4455857973,e-commerce medewerker
ChannelMojo,channelmojo.com,geraden en bevestigd,Marketplaces Specialist,2026-07-27,Amsterdam,3,nee,https://nl.linkedin.com/jobs/view/marketplaces-specialist-at-channelmojo-4442829773,e-commerce medewerker
ChipSoft Nederland,chipsoft.com,geraden en bevestigd,Growth Marketeer,2026-09-15,Amsterdam,1,nee,https://nl.linkedin.com/jobs/view/growth-marketeer-at-chipsoft-nederland-4448895867,webcare medewerker
CIMSOLUTIONS,cimsolutions.nl,geraden en bevestigd,Front-end Developer,2026-09-22,Utrecht Area,1,nee,https://nl.linkedin.com/jobs/view/front-end-developer-at-cimsolutions-4468540428,webcare medewerker
Cleve & Zonen,cleve.nl,geraden en bevestigd,Customer Service Medewerker,2026-08-21,Rotterdam,3,nee,https://nl.linkedin.com/jobs/view/customer-service-medewerker-at-cleve-zonen-4457524926,klantenservice medewerker
Cleverbase,cleverbase.com,geraden en bevestigd,Front Desk Employee,2026-07-23,Den Haag,3,nee,https://nl.linkedin.com/jobs/view/front-desk-employee-at-cleverbase-4444435854,webcare medewerker
Cloudpillo,cloudpillo.com,geraden en bevestigd,Klantenservice Medewerker - Duits / Engels,2026-09-14,'s-Hertogenbosch,1,nee,https://nl.linkedin.com/jobs/view/klantenservice-medewerker-duits-engels-at-cloudpillo-4446056309,klantenservice medewerker
ClubCollect,clubcollect.com,geraden en bevestigd,Customer Support Representative,2025-10-26,Assen,1,nee,https://nl.linkedin.com/jobs/view/customer-support-representative-at-clubcollect-4317637159,klantenservice medewerker
Colosseum Dental Benelux,colosseumdental.nl,geraden en bevestigd,Baliemedewerker,2026-02-24,Den Haag,1,nee,https://nl.linkedin.com/jobs/view/baliemedewerker-at-colosseum-dental-benelux-4376438027,webcare medewerker
Commaxx Group,commaxxgroup.com,geraden en bevestigd,ONLINE MARKETEER (WEBSHOP SPECIALIST) - COMMAXX KERKRADE,2026-08-05,Kerkrade,3,nee,https://nl.linkedin.com/jobs/view/online-marketeer-webshop-specialist-commaxx-kerkrade-at-commaxx-group-4449483048,webcare medewerker
CompuGroup Medical SE & Co. KGaA,cgm.com,geraden en bevestigd,L1 Support Professional,2026-09-02,Echt,1,nee,https://nl.linkedin.com/jobs/view/l1-support-professional-at-compugroup-medical-se-co-kgaa-4415662858,webcare medewerker
Concentrix,concentrix.com,geraden en bevestigd,Klantenservicemedewerker BMW Customer Service - Rijswijk,2026-09-07,Rijswijk,2,nee,https://nl.linkedin.com/jobs/view/klantenservicemedewerker-bmw-customer-service-rijswijk-at-concentrix-4462215965,klantenservice medewerker
CowManager,cowmanager.nl,geraden en bevestigd,Full stack-ontwikkelaar,2026-09-18,Harmelen,1,nee,https://nl.linkedin.com/jobs/view/full-stack-ontwikkelaar-at-cowmanager-4467829869,webcare medewerker
Cqure,cqure.nl,geraden en bevestigd,Junior SOC Analist,2026-09-18,"Flevoland, Nederland",1,nee,https://nl.linkedin.com/jobs/view/junior-soc-analist-at-cqure-4466689593,webcare medewerker
Currentt,currentt.nl,geraden en bevestigd,Technical Support &amp; Customer Success Manager,2026-07-20,Amsterdam,1,nee,https://nl.linkedin.com/jobs/view/technical-support-customer-success-manager-at-currentt-4442781365,customer happiness
CWS Hygiene Nederland,cws.com,geraden en bevestigd,Medewerker customer care | 32-40 uur,2026-08-28,Den Bosch,2,nee,https://nl.linkedin.com/jobs/view/medewerker-customer-care-32-40-uur-at-cws-hygiene-nederland-4460301689,klantenservice medewerker
CycleSoftware,cyclesoftware.nl,geraden en bevestigd,Servicemedewerker,2026-07-29,Nistelrode,1,nee,https://nl.linkedin.com/jobs/view/servicemedewerker-at-cyclesoftware-4446816034,support medewerker webshop
D2-PC,d2-pc.nl,geraden en bevestigd,Servicedesk medewerker,2026-07-21,Utrecht Area,1,nee,https://nl.linkedin.com/jobs/view/servicedesk-medewerker-at-d2-pc-4443524720,support medewerker webshop
DataSnipper,datasnipper.com,geraden en bevestigd,Strategic Customer Success Manager,2026-09-16,Amsterdam,2,nee,https://nl.linkedin.com/jobs/view/strategic-customer-success-manager-at-datasnipper-4467963733,customer happiness
de Bijenkorf,de-bijenkorf.nl,geraden en bevestigd,Senior Medewerker Klantenservice,2026-09-21,Amsterdam,4,nee,https://nl.linkedin.com/jobs/view/senior-medewerker-klantenservice-at-de-bijenkorf-4433891476,klantenservice medewerker
De Haan IT,dehaanit.com,geraden en bevestigd,Servicedeskmedewerker / Klantenservice medewerker ICT / Application Service Engineer,2026-09-14,Almere,1,nee,https://nl.linkedin.com/jobs/view/servicedeskmedewerker-klantenservice-medewerker-ict-application-service-engineer-at-de-haan-it-4467062948,webcare medewerker
De Heer Medicom,deheermedicom.nl,geraden en bevestigd,Helpdeskmedewerker,2026-09-10,"Limburg, Nederland",1,nee,https://nl.linkedin.com/jobs/view/helpdeskmedewerker-at-de-heer-medicom-4464505220,webcare medewerker
De Klok Banden B.V.,deklokbanden.com,geraden en bevestigd,Meewerkend Voorman E-commerce,2026-09-14,Oud-Beijerland,1,nee,https://nl.linkedin.com/jobs/view/meewerkend-voorman-e-commerce-at-de-klok-banden-b-v-4467059030,e-commerce medewerker
De L'Europe,deleurope.com,geraden en bevestigd,Guest Service Agent,2026-09-09,Amsterdam,2,nee,https://nl.linkedin.com/jobs/view/guest-service-agent-at-de-l-europe-amsterdam-4455732694,customer service
De Wit B.V.,dewit.nl,geraden en bevestigd,Administratief commercieel medewerker,2026-09-22,Helmond,1,nee,https://nl.linkedin.com/jobs/view/administratief-commercieel-medewerker-at-de-wit-b-v-4468707838,orderverwerking medewerker
Decent,decent.nl,geraden en bevestigd,Marketplace Manager,2026-09-06,Dordrecht,1,nee,https://nl.linkedin.com/jobs/view/marketplace-manager-at-decent-4462673285,e-commerce medewerker
DeJong Cheese - Alphenaer,dejongcheese.nl,geraden en bevestigd,E-commerce Medewerker (24 uur),2026-07-28,Alphen,2,nee,https://nl.linkedin.com/jobs/view/e-commerce-medewerker-24-uur-at-dejong-cheese-alphenaer-4446156538,webcare medewerker
Del Monte Corporation,delmontecorporation.com,geraden en bevestigd,Back office medewerker,2026-08-11,Rotterdam,1,nee,https://nl.linkedin.com/jobs/view/back-office-medewerker-at-del-monte-corporation-4429641720,orderverwerking medewerker
Deloox,deloox.nl,geraden en bevestigd,Customer Care Medewerker,2026-06-04,Eindhoven,1,nee,https://nl.linkedin.com/jobs/view/customer-care-medewerker-at-deloox-4420161438,klantenservice medewerker
Dentalair,dentalair.nl,geraden en bevestigd,MEDEWERKER WEBSHOP &amp; SUPPORT,2026-09-04,Dordrecht,1,nee,https://nl.linkedin.com/jobs/view/medewerker-webshop-support-at-dentalair-4461970298,webcare medewerker
DentalZorg Tandheelkunde,dentalzorg.nl,geraden en bevestigd,Medewerker Online Marketing,2025-12-01,Amsterdam,1,nee,https://nl.linkedin.com/jobs/view/medewerker-online-marketing-at-dentalzorg-tandheelkunde-4324997576,webcare medewerker
Deployteq,deployteq.com,geraden en bevestigd,ICT-servicedeskmedewerker,2026-09-01,Ter Heijde,1,nee,https://nl.linkedin.com/jobs/view/ict-servicedeskmedewerker-at-deployteq-4449849329,webcare medewerker
Deponti,deponti.com,geraden en bevestigd,Customer Service Medewerker – 32-40 uur | Oss,2026-07-03,Oss,1,nee,https://nl.linkedin.com/jobs/view/customer-service-medewerker-%E2%80%93-32-40-uur-oss-at-deponti-4433144047,klantenservice medewerker
DETEC Beveiliging,detec.nl,geraden en bevestigd,Klantenservice medewerker,2025-12-12,Purmerend,1,nee,https://nl.linkedin.com/jobs/view/klantenservice-medewerker-at-detec-beveiliging-4330525254,klantenservice medewerker
DeWarmte,dewarmte.nl,geraden en bevestigd,Customer Experience Manager,2026-09-09,'s-Gravenhage,1,nee,https://nl.linkedin.com/jobs/view/customer-experience-manager-at-dewarmte-4465075329,customer happiness
DHL eCommerce Nederland,dhlecommerce.nl,geraden en bevestigd,Sales Support Medewerker,2026-08-12,Utrecht,2,nee,https://nl.linkedin.com/jobs/view/sales-support-medewerker-at-dhl-ecommerce-nederland-4453344942,e-commerce medewerker
Digital Newsgroup (DNG),digitalnewsgroup.com,geraden en bevestigd,Linkbuildingspecialist,2026-08-26,Tilburg,1,nee,https://nl.linkedin.com/jobs/view/linkbuildingspecialist-at-digital-newsgroup-bv-4459177785,webcare medewerker
DNA Services B.V.,dnaservices.nl,geraden en bevestigd,ServiceDesk medewerker,2026-08-21,Hendrik-Ido-Ambacht,1,nee,https://nl.linkedin.com/jobs/view/servicedesk-medewerker-at-dna-services-b-v-4456744810,webcare medewerker
DogSuppy,dogsuppy.com,geraden en bevestigd,Growth Associate,2026-08-21,Amsterdam,1,ja,https://nl.linkedin.com/jobs/view/growth-associate-at-dogsuppy-4457343940,e-commerce medewerker
DroneShield,droneshield.com,geraden en bevestigd,Customer Success Manager - EMEA,2026-09-14,Amsterdam,1,nee,https://nl.linkedin.com/jobs/view/customer-success-manager-emea-at-droneshield-4465784581,customer happiness
Drukwerkdeal,drukwerkdeal.nl,geraden en bevestigd,Customer Care Specialist/ Klantenservice medewerker,2026-09-05,Deventer,1,nee,https://nl.linkedin.com/jobs/view/customer-care-specialist-klantenservice-medewerker-at-drukwerkdeal-4435854127,support medewerker webshop
Dutchwebdesign,dutchwebdesign.nl,geraden en bevestigd,Projectmanager e-commerce,2026-09-22,Breda,2,nee,https://nl.linkedin.com/jobs/view/projectmanager-e-commerce-at-dutchwebdesign-4470299147,webshop medewerker
DYKA Group,dyka.nl,geraden en bevestigd,Baliemedewerker / Magazijnmedewerker | DYKA Eindhoven,2026-05-22,Eindhoven,2,nee,https://nl.linkedin.com/jobs/view/baliemedewerker-magazijnmedewerker-dyka-eindhoven-at-dyka-group-4414311547,orderverwerking medewerker
Dynamic People B.V. | Amsterdam | The Netherlands,dynamicpeople.nl,geraden en bevestigd,Customer Success Manager,2026-09-14,Amsterdam Area,1,nee,https://nl.linkedin.com/jobs/view/customer-success-manager-at-dynamic-people-4463877500,customer happiness
e-Quest,equest.com,geraden en bevestigd,Servicedeskmedewerker Breedband Helmond,2026-08-04,Helmond,1,nee,https://nl.linkedin.com/jobs/view/servicedeskmedewerker-breedband-helmond-at-e-quest-4449071697,webcare medewerker
Eastman,eastman.com,geraden en bevestigd,Customer Service Representative - Chemical Intermediates - German speaker,2026-09-19,Rotterdam,1,nee,https://nl.linkedin.com/jobs/view/customer-service-representative-chemical-intermediates-german-speaker-at-eastman-4440254476,customer service
Economy,economy.nl,geraden en bevestigd,Online marketeer in Delft,2026-06-06,Delft,1,nee,https://nl.linkedin.com/jobs/view/online-marketeer-in-delft-at-economy-4432302999,e-commerce medewerker
Eddy Grid,eddygrid.com,geraden en bevestigd,Customer Success Manager - Customer Relations,2026-09-22,"Utrecht, Nederland",2,nee,https://nl.linkedin.com/jobs/view/customer-success-manager-customer-relations-at-eddy-grid-4470261983,customer happiness
EerstelijnsZorg Zoetermeer,eerstelijnszorgzoetermeer.nl,geraden en bevestigd,Servicedeskmedewerker ICT &amp; Facilitaire Dienstverlening (fulltime),2026-08-24,Zoetermeer,1,nee,https://nl.linkedin.com/jobs/view/servicedeskmedewerker-ict-facilitaire-dienstverlening-fulltime-at-eerstelijnszorg-zoetermeer-4455842587,webcare medewerker
Effectory,effectory.com,geraden en bevestigd,Customer Success Manager - Public sector,2026-09-15,Amsterdam,2,nee,https://nl.linkedin.com/jobs/view/customer-success-manager-public-sector-at-effectory-4467761203,customer happiness
Elektramat B.V.,elektramat.nl,geraden en bevestigd,Merchandiser &amp; Search specialist,2026-03-28,Enschede en omgeving,2,nee,https://nl.linkedin.com/jobs/view/merchandiser-search-specialist-at-elektramat-b-v-4392006945,e-commerce medewerker
Elektrobode B.V.,elektrobode.nl,geraden en bevestigd,Medewerker klantenservice,2026-09-08,Assen,1,nee,https://nl.linkedin.com/jobs/view/medewerker-klantenservice-at-elektrobode-b-v-4464322167,klantenservice medewerker
Elektrototaalmarkt,elektrototaalmarkt.nl,geraden en bevestigd,Klantenservicemedewerker,2026-09-09,Nistelrode,1,nee,https://nl.linkedin.com/jobs/view/klantenservicemedewerker-at-elektrototaalmarkt-nl-4464498258,support medewerker webshop
Element Logic®,elementlogic.net,geraden en bevestigd,Global Head of Customer Programs,2026-09-03,Bemmel,1,nee,https://nl.linkedin.com/jobs/view/global-head-of-customer-programs-at-element-logic%C2%AE-4463270811,customer happiness
Elevation Group,elevation.nl,geraden en bevestigd,Administratief Medewerker Inkoop,2026-09-08,'s-Gravenhage,1,nee,https://nl.linkedin.com/jobs/view/administratief-medewerker-inkoop-at-elevation-group-4464623531,orderverwerking medewerker
Elevation Partners,elevationpartners.nl,geraden en bevestigd,Manager klantsuccessen,2026-08-27,Amersfoort,1,nee,https://nl.linkedin.com/jobs/view/manager-klantsuccessen-at-elevation-partners-4459828399,customer happiness
ELIS,nl.elis.com,geraden en bevestigd,Customer Relations Medewerker,2026-09-17,Schiedam,1,nee,https://nl.linkedin.com/jobs/view/customer-relations-medewerker-at-elis-4465088471,klantenservice medewerker
Endeavour,endeavour.nl,geraden en bevestigd,Medior Allround Online Marketeer,2026-07-30,Haarlem,1,nee,https://nl.linkedin.com/jobs/view/medior-allround-online-marketeer-at-endeavour-4446747400,webcare medewerker
Equalture,equalture.com,geraden en bevestigd,Customer Success Manager,2026-09-15,Rotterdam,1,nee,https://nl.linkedin.com/jobs/view/customer-success-manager-at-equalture-4467736231,customer happiness
Equinix,equinix.com,geraden en bevestigd,Regional Customer Success Management - Enterprise,2026-09-21,Amsterdam,1,nee,https://nl.linkedin.com/jobs/view/regional-customer-success-management-enterprise-at-equinix-4467605803,customer happiness
ERIKS Netherlands,eriks.com,geraden en bevestigd,Medewerker Order Service Team,2026-09-22,Alkmaar,1,nee,https://nl.linkedin.com/jobs/view/medewerker-order-service-team-at-eriks-netherlands-4470402866,orderverwerking medewerker
Essity,essity.com,geraden en bevestigd,Customer Facing &amp; Order Management Representative,2026-08-28,Zeist,1,nee,https://nl.linkedin.com/jobs/view/customer-facing-order-management-representative-at-essity-4458075797,klantenservice medewerker
Euro Pizza Products,europizzaproducts.com,geraden en bevestigd,Business Support Medewerker,2026-09-03,Amstelveen,1,nee,https://nl.linkedin.com/jobs/view/business-support-medewerker-at-euro-pizza-products-4462780476,support medewerker webshop
Eurofins,eurofins.com,geraden en bevestigd,Customer Support Medewerker,2026-07-09,Amersfoort,1,nee,https://nl.linkedin.com/jobs/view/customer-support-medewerker-at-eurofins-4438595647,customer service
Europe Cycle Company,europecycle.com,geraden en bevestigd,Klantenservice/Aftersales,2025-12-03,Aalsmeer,1,nee,https://nl.linkedin.com/jobs/view/klantenservice-aftersales-at-europe-cycle-company-4341551459,klantenservice medewerker
Evers Kassasystemen bv,evers-kassasystemen.nl,geraden en bevestigd,Junior Support Medewerker,2026-08-27,'s-Hertogenbosch,1,nee,https://nl.linkedin.com/jobs/view/junior-support-medewerker-at-evers-kassasystemen-bv-4457744746,webcare medewerker
Eye Security,eye.security,geraden en bevestigd,Customer Success Manager Netherlands (m/f/x),2026-09-01,Rotterdam and The Hague,2,nee,https://nl.linkedin.com/jobs/view/customer-success-manager-netherlands-m-f-x-at-eye-security-4442097035,customer happiness
Facilicom Groep,facilicom.nl,geraden en bevestigd,Senior Digital Marketeer,2026-09-18,Schiedam,1,nee,https://nl.linkedin.com/jobs/view/senior-digital-marketeer-at-facilicom-groep-4469172168,webcare medewerker
Farm Frites,farmfrites.com,geraden en bevestigd,Customer Service Medewerker,2026-09-19,"Zuid-Holland, Nederland",1,nee,https://nl.linkedin.com/jobs/view/customer-service-medewerker-at-farm-frites-4441375026,klantenservice medewerker
Fashion Cloud,fashion.cloud,geraden en bevestigd,Product Success Manager - EDI,2026-08-10,Amsterdam,1,nee,https://nl.linkedin.com/jobs/view/product-success-manager-edi-at-fashion-cloud-4451568032,support medewerker webshop
Felix NL,felix.nl,geraden en bevestigd,Customer Service Representative Belgium &amp; Luxemburg,2026-09-20,Helmond,1,nee,https://nl.linkedin.com/jobs/view/customer-service-representative-belgium-luxemburg-at-felix-nl-4468447647,klantenservice medewerker
Ferdinand Zandbergen B.V.,fzandbergen.nl,geraden en bevestigd,Sales Support Medewerker,2026-09-09,Woudenberg,1,nee,https://nl.linkedin.com/jobs/view/sales-support-medewerker-at-ferdinand-zandbergen-b-v-4465051599,orderverwerking medewerker
Fidus,fidus.nl,geraden en bevestigd,Adviseur Particuliere Verzekeringen,2026-09-03,Huizen,1,nee,https://nl.linkedin.com/jobs/view/adviseur-particuliere-verzekeringen-at-fidus-4450704441,klantadviseur
Findwhere,findwhere.com,geraden en bevestigd,Growth Marketeer,2026-09-14,Noordwijk aan Zee,1,nee,https://nl.linkedin.com/jobs/view/growth-marketeer-at-findwhere-4467089736,webcare medewerker
Fixami,fixami.com,geraden en bevestigd,Franse Customer Service Medewerker,2026-07-28,Tilburg,1,nee,https://nl.linkedin.com/jobs/view/franse-customer-service-medewerker-at-fixami-4445449934,support medewerker webshop
Flatline Agency ™️,flatlineagency.com,geraden en bevestigd,Shopify Consultant,2026-07-28,Amsterdam,2,nee,https://nl.linkedin.com/jobs/view/shopify-consultant-at-flatline-agency-%E2%84%A2%EF%B8%8F-4445412861,support medewerker webshop
Flatpay,flatpay.com,geraden en bevestigd,Customer Support Agent,2026-09-05,Amsterdam,1,nee,https://nl.linkedin.com/jobs/view/customer-support-agent-at-flatpay-4454509382,customer service
Flitsmeister,flitsmeister.nl,geraden en bevestigd,Customer Support Specialist,2026-09-09,Veenendaal,1,nee,https://nl.linkedin.com/jobs/view/customer-support-specialist-at-flitsmeister-4445733076,customer service
Flokk Nederland,flokk.com,geraden en bevestigd,Customer service medewerker Benelux,2026-07-27,Rotterdam,1,nee,https://nl.linkedin.com/jobs/view/customer-service-medewerker-benelux-at-flokk-nederland-4445900924,klantenservice medewerker
Forbo Group,forbo.nl,geraden en bevestigd,Website Specialist,2026-09-09,Assendelft,1,nee,https://nl.linkedin.com/jobs/view/website-specialist-at-forbo-group-4465066016,webcare medewerker
Fortezza Groep,fortezza.com,geraden en bevestigd,Servicedesk Medewerker,2026-08-26,Zoetermeer,1,nee,https://nl.linkedin.com/jobs/view/servicedesk-medewerker-at-fortezza-4459307317,webcare medewerker
Foxelli Group,foxelli.com,geraden en bevestigd,Email Marketing Specialist| DTC E-commerce | 100% Remote EU,2026-07-31,Amsterdam Area,1,nee,https://nl.linkedin.com/jobs/view/email-marketing-specialist-dtc-e-commerce-100%25-remote-eu-at-foxelli-group-4447525692,e-commerce medewerker
Fresh 'n Rebel,freshnrebel.com,geraden en bevestigd,Medewerker Commercial Backoffice Rotterdam HQ 32h-40h,2026-08-05,Rotterdam,1,ja,https://nl.linkedin.com/jobs/view/medewerker-commercial-backoffice%0Arotterdam-hq%0A32h-40h-at-fresh-n-rebel-4447308836,orderverwerking medewerker
Fresh People,freshpeople.nl,geraden en bevestigd,online merchandiser,2026-08-31,Zaandam,1,nee,https://nl.linkedin.com/jobs/view/online-merchandiser-at-fresh-people-4461205780,e-commerce medewerker
Funda,funda.nl,geraden en bevestigd,Frontend Developer,2026-09-17,Amsterdam Area,1,nee,https://nl.linkedin.com/jobs/view/frontend-developer-at-funda-4458164601,webcare medewerker
Fyffes,fyffes.com,geraden en bevestigd,OTC Analyst,2026-09-03,Rotterdam,1,nee,https://nl.linkedin.com/jobs/view/otc-analyst-at-fyffes-4434988333,orderverwerking medewerker
GANNI,ganni.com,geraden en bevestigd,"Full-time Client Advisor - Runstraat, Amsterdam",2026-09-18,Amsterdam,2,nee,https://nl.linkedin.com/jobs/view/full-time-client-advisor-runstraat-amsterdam-at-ganni-4440901648,klantadviseur
Garanti BBVA International,garantibbva.com.tr,geraden en bevestigd,Klantcontactadviseur Sparen,2026-05-18,Amsterdam,1,nee,https://nl.linkedin.com/jobs/view/klantcontactadviseur-sparen-at-garanti-bbva-international-4403973280,klantenservice medewerker
GDB Logistics,gdblogistics.com,geraden en bevestigd,Customer Support Specialist,2026-08-10,Alkmaar,1,nee,https://nl.linkedin.com/jobs/view/customer-support-specialist-at-gdb-logistics-4451529684,customer service
Gemeente Krimpenerwaard,gemeentekrimpenerwaard.nl,geraden en bevestigd,Medewerker Klantcontact,2026-09-17,Bergambacht,1,nee,https://nl.linkedin.com/jobs/view/medewerker-klantcontact-at-gemeente-krimpenerwaard-4468643620,klantenservice medewerker
Genesys,genesys.nl,geraden en bevestigd,Customer Success Director,2026-07-16,Amsterdam Area,1,nee,https://nl.linkedin.com/jobs/view/customer-success-director-at-genesys-4436073958,customer happiness
Geotab,geotab.com,geraden en bevestigd,SMB Senior Customer Success Manager (CSM) Netherlands,2026-09-18,Amsterdam,1,nee,https://nl.linkedin.com/jobs/view/smb-senior-customer-success-manager-csm-netherlands-at-geotab-4467845183,customer happiness
Get-e,gete.nl,geraden en bevestigd,Client Relationship Manager,2026-09-10,Hoofddorp,1,nee,https://nl.linkedin.com/jobs/view/client-relationship-manager-at-get-e-4465648005,customer happiness
Giga Meubel,gigameubel.nl,geraden en bevestigd,Klantenservice medewerker 32-40 uur,2026-09-08,Barneveld,1,nee,https://nl.linkedin.com/jobs/view/klantenservice-medewerker-32-40-uur-at-giga-meubel-4462523800,klantenservice medewerker
Globus Medical,globusmedical.com,geraden en bevestigd,Operations Shipping Clerk,2025-12-15,Brunssum,2,nee,https://nl.linkedin.com/jobs/view/operations-shipping-clerk-at-globus-medical-4350103888,orderverwerking medewerker
GO! Express & Logistics,goexpresslogistics.com,geraden en bevestigd,Customer Service Agent (40 uur),2026-09-08,Veenendaal,1,nee,https://nl.linkedin.com/jobs/view/customer-service-agent-40-uur-at-go%21-express-logistics-4462293610,klantenservice medewerker
GoDutch,godutch.com,geraden en bevestigd,Customer Operations Agent,2026-01-13,Amsterdam,1,nee,https://nl.linkedin.com/jobs/view/customer-operations-agent-at-godutch-4354448067,klantenservice medewerker
GoedGepickt Webwinkel Magazijnsoftware,goedgepickt.nl,geraden en bevestigd,Customer Success &amp; Support Specialist,2026-07-02,Etten-Leur,1,nee,https://nl.linkedin.com/jobs/view/customer-success-support-specialist-at-goedgepickt-webwinkel-magazijnsoftware-4435018603,customer happiness
Goldbergh,goldbergh.com,geraden en bevestigd,Email &amp; CRM Marketeer,2026-08-27,Amsterdam,1,nee,https://nl.linkedin.com/jobs/view/email-crm-marketeer-at-goldbergh-4459803918,e-commerce medewerker
GoodHabitz,goodhabitz.com,geraden en bevestigd,Webflow Developer (Marketing),2026-08-27,Eindhoven,1,nee,https://nl.linkedin.com/jobs/view/webflow-developer-marketing-at-goodhabitz-4457754763,webcare medewerker
GoSpooky,gospooky.com,geraden en bevestigd,TikTok Shop Manager,2026-09-08,Amsterdam,1,nee,https://nl.linkedin.com/jobs/view/tiktok-shop-manager-at-gospooky-4409438011,e-commerce medewerker
Greenchoice,greenchoice.nl,geraden en bevestigd,Commercieel Adviseur MKB,2026-09-14,Nijmegen,2,nee,https://nl.linkedin.com/jobs/view/commercieel-adviseur-mkb-at-greenchoice-4455280040,klantadviseur
Grozette BV,grozette.com,geraden en bevestigd,Medewerker Binnendienst,2026-07-30,Woerden,1,nee,https://nl.linkedin.com/jobs/view/medewerker-binnendienst-at-grozette-bv-4446568559,orderverwerking medewerker
GTE,gte-shop.com,geraden en bevestigd,E-mail Marketeer,2026-09-07,Nieuwegein,9,nee,https://nl.linkedin.com/jobs/view/e-mail-marketeer-at-gte-4462984203,e-commerce medewerker
HabitasConnects,habitasconnects.nl,geraden en bevestigd,Senior E-commerce &amp; Marketplace Medewerker | 24-32 uur | Oud-Beijerland,2026-09-14,Oud-Beijerland,1,nee,https://nl.linkedin.com/jobs/view/senior-e-commerce-marketplace-medewerker-24-32-uur-oud-beijerland-at-habitasconnects-4465220223,e-commerce medewerker
Hager Nederland,hager.com,geraden en bevestigd,Medewerker Ordermanagement,2026-09-11,'s-Hertogenbosch,1,nee,https://nl.linkedin.com/jobs/view/medewerker-ordermanagement-at-hager-netherlands-4466042094,orderverwerking medewerker
Hammer IT Services B.V.,hammerit.nl,geraden en bevestigd,Allround Medewerker IT &amp; Klantenservice,2026-08-26,Zevenaar,1,nee,https://nl.linkedin.com/jobs/view/allround-medewerker-it-klantenservice-at-hammer-it-services-b-v-4459328254,webcare medewerker
Happy Hair Service,happyhairservice.nl,geraden en bevestigd,E-commerce &amp; Content Specialist,2026-09-15,Berkel en Rodenrijs,1,nee,https://nl.linkedin.com/jobs/view/e-commerce-content-specialist-at-happy-hair-service-4467753157,webcare medewerker
Happy On Web B.V.,happyonweb.nl,geraden en bevestigd,Fulltime Klantenservice &amp; Webshop medewerker Eindhoven,2026-08-05,Eindhoven Area,1,nee,https://nl.linkedin.com/jobs/view/fulltime-klantenservice-webshop-medewerker-eindhoven-at-happy-on-web-b-v-4449629126,e-commerce medewerker
Harmony Auto Netherlands,harmonyauto.com,geraden en bevestigd,Sales Consultant,2026-09-11,Rotterdam,1,nee,https://nl.linkedin.com/jobs/view/sales-consultant-at-harmony-auto-netherlands-4466090723,klantadviseur
Hart Beach,hartbeach.nl,geraden en bevestigd,Website &amp; Webshop Beheerder,2026-09-19,'s-Gravenhage,1,nee,https://nl.linkedin.com/jobs/view/website-webshop-beheerder-at-hart-beach-4469525581,webcare medewerker
Haselhoff Groep,haselhoff.nl,geraden en bevestigd,ICT Supportdesk Medewerker 1e en 2e lijns,2026-07-27,Utrecht,1,nee,https://nl.linkedin.com/jobs/view/ict-supportdesk-medewerker-1e-en-2e-lijns-at-haselhoff-groep-4428635483,webcare medewerker
HAVI,havi.com,geraden en bevestigd,Customer Service medewerker,2026-09-10,Amersfoort,1,nee,https://nl.linkedin.com/jobs/view/customer-service-medewerker-at-havi-4428890417,klantenservice medewerker
Haystack People,haystackpeople.nl,geraden en bevestigd,Customer Support Specialist,2026-09-18,Haarlem,2,nee,https://nl.linkedin.com/jobs/view/customer-support-specialist-at-haystack-people-4467860501,customer service
HealthConnected (NL),healthconnected.nl,geraden en bevestigd,Customer Succes Specialist,2026-09-11,Alkmaar,1,nee,https://nl.linkedin.com/jobs/view/customer-succes-specialist-at-healthconnected-nl-4466090452,customer happiness
HeatTransformers,heattransformers.com,geraden en bevestigd,Sales Agent (Commercieel Adviseur),2026-07-09,Woerden,1,nee,https://nl.linkedin.com/jobs/view/sales-agent-commercieel-adviseur-at-heattransformers-4438607247,klantadviseur
Hedin Automotive NL,hedinautomotive.nl,geraden en bevestigd,Service Support Medewerker BMW en MINI,2026-09-21,Breda,8,nee,https://nl.linkedin.com/jobs/view/service-support-medewerker-bmw-en-mini-at-hedin-automotive-nl-4468761964,klantadviseur
Hemubo,hemubo.nl,geraden en bevestigd,Support medewerker ICT,2026-09-17,Almere,1,nee,https://nl.linkedin.com/jobs/view/support-medewerker-ict-at-hemubo-4457974171,webcare medewerker
Herbalife,herbalife.com,geraden en bevestigd,Customer Service Representative with English and Dutch - Netherlands and Belgium,2026-09-04,Utrecht,1,nee,https://nl.linkedin.com/jobs/view/customer-service-representative-with-english-and-dutch-netherlands-and-belgium-at-herbalife-4434132710,klantenservice medewerker
Het Notarieel,hetnotarieel.nl,geraden en bevestigd,Frontoffice medewerker,2026-08-31,Zwolle,1,nee,https://nl.linkedin.com/jobs/view/frontoffice-medewerker-at-het-notarieel-4461094787,webcare medewerker
Hilti Nederland BV,hilti.nl,geraden en bevestigd,Customer Service Agent,2026-07-07,Berkel en Rodenrijs,1,nee,https://nl.linkedin.com/jobs/view/customer-service-agent-at-hilti-nederland-bv-4432261574,customer service
Holmen,holmen.com,geraden en bevestigd,Customer Service employee DACH,2026-09-21,Amsterdam,1,nee,https://nl.linkedin.com/jobs/view/customer-service-employee-dach-at-holmen-4458134943,klantenservice medewerker
Hostnet,hostnet.nl,geraden en bevestigd,Customer Success Representative,2026-09-17,Amsterdam,2,nee,https://nl.linkedin.com/jobs/view/customer-success-representative-at-hostnet-bv-4456027234,customer happiness
Hotelprofessionals,hotelprofessionals.nl,geraden en bevestigd,Guest Service Agent,2026-09-21,Amsterdam,18,nee,https://nl.linkedin.com/jobs/view/guest-service-agent-at-hotelprofessionals-4468781335,customer service
HousApp,housapp.com,geraden en bevestigd,Customer Success Manager,2026-06-01,Amsterdam,1,nee,https://nl.linkedin.com/jobs/view/customer-success-manager-at-housapp-4421803765,customer happiness
Houthoff,houthoff.com,geraden en bevestigd,Marketing- &amp; Communicatiemedewerker,2026-09-01,Amsterdam,1,nee,https://nl.linkedin.com/jobs/view/marketing-communicatiemedewerker-at-houthoff-4461708868,webcare medewerker
HUGO BOSS,hugoboss.com,geraden en bevestigd,Service &amp; Process Assistant - Commercial Operations (m/f) I Fulltime (40h),2026-09-04,Amsterdam Area,1,nee,https://nl.linkedin.com/jobs/view/service-process-assistant-commercial-operations-m-f-i-fulltime-40h-at-hugo-boss-4461195761,e-commerce medewerker
"Hunter Douglas, Inc.",hunterdouglasarchitectural.eu,geraden en bevestigd,Customer Service Representative,2026-09-17,Boxtel,1,nee,https://nl.linkedin.com/jobs/view/customer-service-representative-at-hunter-douglas-inc-4439193599,klantenservice medewerker
Icetubs,icetubs.com,geraden en bevestigd,Webflow &amp; Shopify Developer,2026-07-13,Amsterdam-West,1,nee,https://nl.linkedin.com/jobs/view/webflow-shopify-developer-at-icetubs-4440044522,webcare medewerker
ID-ware,id-ware.com,geraden en bevestigd,Logistiek Medewerker,2026-09-14,Den Haag,1,nee,https://nl.linkedin.com/jobs/view/logistiek-medewerker-at-id-ware-4464773907,orderverwerking medewerker
IGO Promo NL,igopromo.nl,geraden en bevestigd,Customer Service Medewerker,2026-06-04,Helmond,1,nee,https://nl.linkedin.com/jobs/view/customer-service-medewerker-at-igo-promo-4393526741,klantenservice medewerker
Impact Group,impact.nl,geraden en bevestigd,Customer Service Medewerker,2026-06-17,Oss,1,nee,https://nl.linkedin.com/jobs/view/customer-service-medewerker-at-impact-group-4428767212,orderverwerking medewerker
Incision,incision.nl,geraden en bevestigd,Customer Success Manager – Benelux,2026-09-14,Amsterdam,1,nee,https://nl.linkedin.com/jobs/view/customer-success-manager-%E2%80%93-benelux-at-incision-4438340131,customer happiness
Inktweb.nl,inktweb.nl,geraden en bevestigd,Customer Support,2026-08-07,Alkmaar,5,nee,https://nl.linkedin.com/jobs/view/customer-support-at-inktweb-nl-4450703072,klantenservice medewerker
Innomotion,innomotion.eu,geraden en bevestigd,Coördinator binnendienst,2026-08-28,Varsseveld,1,nee,https://nl.linkedin.com/jobs/view/co%C3%B6rdinator-binnendienst-at-innomotion-4460347043,orderverwerking medewerker
InShared,inshared.nl,geraden en bevestigd,Web Analytics Specialist,2026-07-27,Leusden,1,nee,https://nl.linkedin.com/jobs/view/web-analytics-specialist-at-inshared-4445943002,webcare medewerker
Insify,insify.nl,geraden en bevestigd,Customer Support Specialist,2026-09-14,Amsterdam,1,nee,https://nl.linkedin.com/jobs/view/customer-support-specialist-at-insify-4371506602,klantenservice medewerker
Insight,insight.nl,geraden en bevestigd,Client Operations Specialist,2026-09-16,Apeldoorn,1,nee,https://nl.linkedin.com/jobs/view/client-operations-specialist-at-insight-4450141051,orderverwerking medewerker
Instabee,instabee.com,geraden en bevestigd,Partner Success Associate,2026-09-04,Amsterdam,1,nee,https://nl.linkedin.com/jobs/view/partner-success-associate-at-instabee-4462320033,e-commerce medewerker
Intergamma,intergamma.nl,geraden en bevestigd,Frontend ontwikkelaar,2026-08-24,Leusden,1,nee,https://nl.linkedin.com/jobs/view/frontend-ontwikkelaar-at-intergamma-4419813509,webcare medewerker
Interieurwereld van de Belt,interieurwereld.nl,geraden en bevestigd,Verkoopmedewerker diverse afdelingen,2026-09-21,Meppel,1,nee,https://nl.linkedin.com/jobs/view/verkoopmedewerker-diverse-afdelingen-at-interieurwereld-van-de-belt-4468770119,webshop medewerker
Intralox,intralox.com,geraden en bevestigd,Customer Service Account Representative - Danish speaking,2026-09-21,Hoofddorp,3,nee,https://nl.linkedin.com/jobs/view/customer-service-account-representative-danish-speaking-at-intralox-4463385139,customer happiness
Invorderingsbedrijf,invorderingsbedrijf.nl,geraden en bevestigd,Klantenservice Medewerker,2026-07-13,Den Haag,1,nee,https://nl.linkedin.com/jobs/view/klantenservice-medewerker-at-invorderingsbedrijf-4440044391,klantenservice medewerker
InVue,invue.com,geraden en bevestigd,Customer Support Specialist - German Speaking,2026-09-04,Hoofddorp,1,nee,https://nl.linkedin.com/jobs/view/customer-support-specialist-german-speaking-at-invue-4453255708,customer service
iSpeedToLead,ispeedtolead.com,geraden en bevestigd,Customer Success Manager,2026-09-01,Amsterdam,1,nee,https://nl.linkedin.com/jobs/view/customer-success-manager-at-ispeedtolead-4462031875,customer happiness
ista Nederland,ista.com,geraden en bevestigd,Klantenservicemedewerker,2026-09-16,Schiedam,1,nee,https://nl.linkedin.com/jobs/view/klantenservicemedewerker-at-ista-nederland-b-v-4468276179,klantenservice medewerker
IT-Wizzard,itwizzard.com,geraden en bevestigd,Eerstelijns support medewerker ICT,2026-09-15,Harlingen,1,nee,https://nl.linkedin.com/jobs/view/eerstelijns-support-medewerker-ict-at-it-wizzard-4467471105,webcare medewerker
Jansen Totaal Wonen,jansentotaalwonen.nl,geraden en bevestigd,Orderverwerker keukens,2026-06-02,Huissen,1,nee,https://nl.linkedin.com/jobs/view/orderverwerker-keukens-at-jansen-totaal-wonen-b-v-4422362748,orderverwerking medewerker
JBT Marel,jbtmarel.com,geraden en bevestigd,"Coordinator, Customer Support",2026-09-10,Boxmeer,1,nee,https://nl.linkedin.com/jobs/view/coordinator-customer-support-at-jbt-marel-4444144373,customer service
JD.COM,global.jd.com,geraden en bevestigd,Customer Service Specialist,2026-09-22,Rotterdam and The Hague,2,nee,https://nl.linkedin.com/jobs/view/customer-service-specialist-at-jd-com-4414673937,klantenservice medewerker
Jobgether,jobgether.com,geraden en bevestigd,Customer Care Poker Specialist,2026-09-22,Nederland,5,nee,https://nl.linkedin.com/jobs/view/customer-care-poker-specialist-at-jobgether-4468543207,customer happiness
JOBR.,jobr.nl,geraden en bevestigd,Commercieel medewerker,2026-09-14,Nijmegen,1,nee,https://nl.linkedin.com/jobs/view/commercieel-medewerker-at-jobr-4467034776,orderverwerking medewerker
Joerns Healthcare bv,joerns.nl,geraden en bevestigd,Klantadviseur Zorghulpmiddelen,2026-09-14,Houten,3,nee,https://nl.linkedin.com/jobs/view/klantadviseur-zorghulpmiddelen-at-joerns-healthcare-bv-4467060921,klantadviseur
Johnson Controls,johnsoncontrols.nl,geraden en bevestigd,Customer Service Employee,2026-09-12,Enschede,1,nee,https://nl.linkedin.com/jobs/view/customer-service-employee-at-johnson-controls-4464268348,klantenservice medewerker
JouwWeb,jouwweb.nl,geraden en bevestigd,Customer Support Employee - Evening Shifts,2026-09-18,Eindhoven,2,nee,https://nl.linkedin.com/jobs/view/customer-support-employee-evening-shifts-at-jouwweb-4469189594,webcare medewerker
JR286,jr286.com,geraden en bevestigd,Customer Service Representative (International Sales),2026-09-08,Hilversum,1,nee,https://nl.linkedin.com/jobs/view/customer-service-representative-international-sales-at-jr286-4458671910,klantenservice medewerker
Justus People,justuspeople.nl,geraden en bevestigd,Customer Care Representative,2026-09-14,Badhoevedorp,1,nee,https://nl.linkedin.com/jobs/view/customer-care-representative-at-justus-people-4466129270,klantenservice medewerker
Kaliber,kaliber.nl,geraden en bevestigd,Conversion &amp; Growth Specialist,2026-09-22,Utrecht,2,nee,https://nl.linkedin.com/jobs/view/conversion-growth-specialist-at-kaliber-4470404906,webcare medewerker
Kemkens,kemkens.nl,geraden en bevestigd,Klantadviseur,2026-07-02,Oss,1,nee,https://nl.linkedin.com/jobs/view/klantadviseur-at-kemkens-4436159337,klantadviseur
KernGezond,kerngezond.nl,geraden en bevestigd,Vacature: Front Office Medewerk(st)er Lelystad – 16u (waarneming),2026-09-03,Lelystad,1,nee,https://nl.linkedin.com/jobs/view/vacature-front-office-medewerk-st-er-lelystad-%E2%80%93-16u-waarneming-at-kerngezond-4460749394,webcare medewerker
Keter,keter.com,geraden en bevestigd,Specialist eCommerce,2026-08-24,Rijen,2,nee,https://nl.linkedin.com/jobs/view/specialist-ecommerce-at-keter-4456862711,webcare medewerker
Keywords Studios,keywordsstudios.com,geraden en bevestigd,Customer Success Manager - Video Games - Remote,2026-07-31,Nederland,1,nee,https://nl.linkedin.com/jobs/view/customer-success-manager-video-games-remote-at-keywords-studios-4447524776,customer happiness
"Kibidango, Inc.",kibidango.com,geraden en bevestigd,ECマネージャー,2026-08-05,Eindhoven,1,nee,https://nl.linkedin.com/jobs/view/ec%E3%83%9E%E3%83%8D%E3%83%BC%E3%82%B8%E3%83%A3%E3%83%BC-at-kibidango-inc-4447370247,e-commerce medewerker
Kidde Global Solutions,kiddeglobalsolutions.com,geraden en bevestigd,Commercieel Medewerker Binnendienst,2026-09-17,Weert,2,nee,https://nl.linkedin.com/jobs/view/commercieel-medewerker-binnendienst-at-kidde-global-solutions-4429855462,orderverwerking medewerker
Klap verzekeringsmakelaar,klap.com,geraden en bevestigd,Verzekeringsadviseur,2026-09-08,Amstelveen,1,nee,https://nl.linkedin.com/jobs/view/verzekeringsadviseur-at-klap-insurance-brokers-4462299442,klantadviseur
KLG Europe,klgeurope.com,geraden en bevestigd,Key Account Representative,2026-09-18,Venlo,1,nee,https://nl.linkedin.com/jobs/view/key-account-representative-at-klg-europe-4469147865,klantadviseur
Knivesandtools,knivesandtools.nl,geraden en bevestigd,Klantenservice medewerker e-commerce Apeldoorn (32-40 uur),2026-07-17,Apeldoorn,2,nee,https://nl.linkedin.com/jobs/view/klantenservice-medewerker-e-commerce-apeldoorn-32-40-uur-at-knivesandtools-4441984192,klantenservice medewerker
KONE,kone.nl,geraden en bevestigd,Accountmanager Moderniseringen,2026-09-10,Apeldoorn,5,nee,https://nl.linkedin.com/jobs/view/accountmanager-moderniseringen-at-kone-4437796368,klantadviseur
Kwantum,kwantum.nl,geraden en bevestigd,Meewerkstage E-commerce bij Kwantum,2026-09-15,Tilburg,3,nee,https://nl.linkedin.com/jobs/view/meewerkstage-e-commerce-bij-kwantum-at-kwantum-4466951786,webshop medewerker
La Souris,lasouris.com,geraden en bevestigd,Customer Succes Medewerker,2026-06-01,Doetinchem,1,nee,https://nl.linkedin.com/jobs/view/customer-succes-medewerker-at-la-souris-4421659410,customer happiness
Ledhandel24.nl,ledhandel24.nl,geraden en bevestigd,Klantenservice medewerker (24 uur),2026-08-05,Ter Apel,1,nee,https://nl.linkedin.com/jobs/view/klantenservice-medewerker-24-uur-at-ledhandel24-nl-4449477460,support medewerker webshop
Leen Bakker,leenbakker.nl,geraden en bevestigd,E commerce Specialist - Merchandising &amp; Content,2026-08-18,Geertruidenberg,1,nee,https://nl.linkedin.com/jobs/view/e-commerce-specialist-merchandising-content-at-leen-bakker-4454170846,webcare medewerker
Lekkerland Nederland B.V.,lekkerland.nl,geraden en bevestigd,Webanalist,2026-09-18,Son en Breugel,1,nee,https://nl.linkedin.com/jobs/view/webanalist-at-lekkerland-nederland-b-v-4469128135,webcare medewerker
LG Electronics Benelux - Life's Good,lgelectronics.nl,geraden en bevestigd,Medewerker Salesondersteuning,2026-08-26,Amstelveen,1,nee,https://nl.linkedin.com/jobs/view/medewerker-salesondersteuning-at-lg-electronics-benelux-4457265943,orderverwerking medewerker
LifeGoods Group,lifegoods.nl,geraden en bevestigd,Marketplace Manager Bol,2026-09-08,Almere,1,nee,https://nl.linkedin.com/jobs/view/marketplace-manager-bol-at-lifegoods-group-4464466402,e-commerce medewerker
Little Dutch,little-dutch.com,geraden en bevestigd,Digitaal ontwerper,2026-09-08,Berkel en Rodenrijs,1,nee,https://nl.linkedin.com/jobs/view/digitaal-ontwerper-at-little-dutch-4463258174,support medewerker webshop
Longchamp,longchamp.com,geraden en bevestigd,Sales Advisor,2026-09-03,Amsterdam,1,nee,https://nl.linkedin.com/jobs/view/sales-advisor-at-longchamp-4462784881,klantadviseur
Lucid Motors,lucidmotors.com:443,geraden en bevestigd,Customer Care Representative – German Speaking,2026-07-13,Amsterdam,1,nee,https://nl.linkedin.com/jobs/view/customer-care-representative-%E2%80%93-german-speaking-at-lucid-motors-4439415412,klantenservice medewerker
Lucid Software,lucid-software.com,geraden en bevestigd,"EMEA Customer Success Manager, Nordic Speaker",2026-09-14,Amsterdam,2,nee,https://nl.linkedin.com/jobs/view/emea-customer-success-manager-nordic-speaker-at-lucid-software-4467251933,customer happiness
LUMZ,lumz.nl,geraden en bevestigd,Commercieel medewerker binnendienst,2026-07-10,IJsselstein,1,nee,https://nl.linkedin.com/jobs/view/commercieel-medewerker-binnendienst-at-lumz-4439023555,orderverwerking medewerker
Maas-De Koning,maasdekoning.nl,geraden en bevestigd,Medewerker KCC – Telefonie,2026-09-14,Moordrecht,1,nee,https://nl.linkedin.com/jobs/view/medewerker-kcc-%E2%80%93-telefonie-at-maas-de-koning-4467091310,klantenservice medewerker
MADA Connect,madaconnect.nl,geraden en bevestigd,Medewerker verkoopondersteuning,2026-09-10,Voorhout,1,nee,https://nl.linkedin.com/jobs/view/medewerker-verkoopondersteuning-at-mada-connect-4465805056,orderverwerking medewerker
Magnet.me,magnet.me,geraden en bevestigd,Customer Success Manager,2026-09-08,Rotterdam,1,nee,https://nl.linkedin.com/jobs/view/customer-success-manager-at-magnet-me-4464481159,customer happiness
Maiburg,maiburg.nl,geraden en bevestigd,Online Performance Marketeer,2026-08-26,Waalwijk,1,nee,https://nl.linkedin.com/jobs/view/online-performance-marketeer-at-maiburg-4459308136,e-commerce medewerker
MANN+HUMMEL,mann-hummel.com,geraden en bevestigd,S&amp;M IAM Customer Service,2026-06-23,Nieuwegein,1,nee,https://nl.linkedin.com/jobs/view/s-m-iam-customer-service-at-mann%2Bhummel-4430433324,klantenservice medewerker
Marente,marente.nl,geraden en bevestigd,Helpende (plus) + verzorgende IG flexpool in Sassenheim,2026-06-26,Sassenheim,1,nee,https://nl.linkedin.com/jobs/view/helpende-plus-%2B-verzorgende-ig-flexpool-in-sassenheim-at-marente-4433894426,webcare medewerker
Marie-Stella-Maris (B Corp),mariestellamaris.nl,geraden en bevestigd,E-commerce Specialist,2026-09-09,Amsterdam,3,nee,https://nl.linkedin.com/jobs/view/e-commerce-specialist-at-marie-stella-maris-b-corp-4465099318,webcare medewerker
Matt Sleeps,mattsleeps.com,geraden en bevestigd,Senior Customer Support Agent,2026-07-23,Amsterdam,2,ja,https://nl.linkedin.com/jobs/view/senior-customer-support-agent-at-matt-sleeps-4444459103,e-commerce medewerker
MCI,mci.com,geraden en bevestigd,Remote Customer Service Agent,2025-10-31,Middelburg,5,nee,https://nl.linkedin.com/jobs/view/remote-customer-service-agent-at-mci-4331761143,klantenservice medewerker
MediaMarkt Benelux,mediamarkt.nl,geraden en bevestigd,Customer Care Specialist Marketplace,2026-09-17,Rotterdam,3,nee,https://nl.linkedin.com/jobs/view/customer-care-specialist-marketplace-at-mediamarkt-benelux-4448057233,klantenservice medewerker
MediaMarkt Nederland,mediamarkt.nl,geraden en bevestigd,Winkelmedewerker Kassa &amp; Service Zoetermeer,2026-09-14,Zoetermeer,12,nee,https://nl.linkedin.com/jobs/view/winkelmedewerker-kassa-service-zoetermeer-at-mediamarkt-nederland-4465229706,webshop medewerker
Medipoint,medipoint.nl,geraden en bevestigd,Productiemedewerker reiniging,2026-06-12,Helmond,1,nee,https://nl.linkedin.com/jobs/view/productiemedewerker-reiniging-at-medipoint-4427942440,webcare medewerker
Medtronic,medtronic.com,geraden en bevestigd,Customer Care Representative – Service &amp; Repair - English Speaker,2026-09-09,Heerlen,4,nee,https://nl.linkedin.com/jobs/view/customer-care-representative-%E2%80%93-service-repair-english-speaker-at-medtronic-4464665528,klantenservice medewerker
Meltwater,meltwater.com,geraden en bevestigd,Customer Success Manager,2026-09-01,Amsterdam Area,1,nee,https://nl.linkedin.com/jobs/view/customer-success-manager-at-meltwater-4460672135,customer happiness
Mendix,mendix.com,geraden en bevestigd,Junior Front-end Developer,2026-09-16,Rotterdam,1,nee,https://nl.linkedin.com/jobs/view/junior-front-end-developer-at-mendix-4456943543,webcare medewerker
Mercantum Medical Care / Westender Pharmaceuticals,mercantummedical.com,geraden en bevestigd,Sales Support and Logistics Specialist,2026-08-27,Amsterdam,1,nee,https://nl.linkedin.com/jobs/view/sales-support-and-logistics-specialist-at-mercantum-medical-care-westender-pharmaceuticals-4459682904,orderverwerking medewerker
Mercell,info.mercell.com,geraden en bevestigd,Join our Customer Service teams!,2026-07-04,Utrecht,1,nee,https://nl.linkedin.com/jobs/view/join-our-customer-service-teams%21-at-mercell-4435706727,klantenservice medewerker
Merz Therapeutics,merztherapeutics.com,geraden en bevestigd,Junior Brand &amp; Digital Manager,2026-09-04,Terheijden,1,nee,https://nl.linkedin.com/jobs/view/junior-brand-digital-manager-at-merz-therapeutics-4440753053,webcare medewerker
Miele Nederland,miele.com,geraden en bevestigd,Sales Advisor / Sales Adviseur,2026-08-22,Amsterdam,1,nee,https://nl.linkedin.com/jobs/view/sales-advisor-sales-adviseur-at-miele-nederland-4456657123,klantadviseur
Mijndomein,mijndomein.nl,geraden en bevestigd,Customer Success Specialist,2026-08-31,Almere,1,nee,https://nl.linkedin.com/jobs/view/customer-success-specialist-at-mijndomein-4461083661,webcare medewerker
Mila Health,milahealth.com,geraden en bevestigd,Customer success lead,2026-07-21,Amsterdam,1,nee,https://nl.linkedin.com/jobs/view/customer-success-lead-at-mila-health-4441009278,customer happiness
Mindray,mindray.com,geraden en bevestigd,"Order Processor, Northwest EU",2026-09-17,Hoevelaken,1,nee,https://nl.linkedin.com/jobs/view/order-processor-northwest-eu-at-mindray-4468372991,orderverwerking medewerker
MK Digital,mk-digital.com,geraden en bevestigd,Commercieel Medewerker Binnendienst,2026-09-17,Amsterdam Area,1,nee,https://nl.linkedin.com/jobs/view/commercieel-medewerker-binnendienst-at-mk-digital-4466631254,orderverwerking medewerker
Modexpress,modexpress.com,geraden en bevestigd,Assistant Team Leader in Training (40 hours),2026-08-05,Helmond,1,nee,https://nl.linkedin.com/jobs/view/assistant-team-leader-in-training-40-hours-at-modexpress-4449427325,e-commerce medewerker
Mollie,mollie.com,geraden en bevestigd,Customer Success Manager - Benelux,2026-09-21,Amsterdam,3,nee,https://nl.linkedin.com/jobs/view/customer-success-manager-benelux-at-mollie-4469895606,customer happiness
Moma Beauty,momabeauty.nl,geraden en bevestigd,WEBSHOPMANAGER – DERMAROLLING,2026-08-26,Groenlo,1,nee,https://nl.linkedin.com/jobs/view/webshopmanager-%E2%80%93-dermarolling-at-moma-beauty-4457292097,webshop medewerker
Momo Medical,momomedical.nl,geraden en bevestigd,Customer Support Specialist,2026-09-11,Delft,1,nee,https://nl.linkedin.com/jobs/view/customer-support-specialist-at-momo-medical-4464862454,klantenservice medewerker
Mondi Group,mondi.nl,geraden en bevestigd,Orderbegeleider,2026-09-12,Breda,1,nee,https://nl.linkedin.com/jobs/view/orderbegeleider-at-mondi-group-4456286153,orderverwerking medewerker
Monta,gomonta.com,geraden en bevestigd,Inside Sales Medewerker,2026-09-09,Breda,2,nee,https://nl.linkedin.com/jobs/view/inside-sales-medewerker-at-monta-4465019812,orderverwerking medewerker
Moolenaar,moolenaar.nl,geraden en bevestigd,Medewerker Verkoop Binnendienst,2026-09-10,Voorhout,2,nee,https://nl.linkedin.com/jobs/view/medewerker-verkoop-binnendienst-at-moolenaar-4465033387,orderverwerking medewerker
MoreCareClinics,morecareclinics.nl,geraden en bevestigd,SEO &amp; AI Search Marketeer,2026-09-10,Randstad,1,nee,https://nl.linkedin.com/jobs/view/seo-ai-search-marketeer-at-morecareclinics-4463875820,webcare medewerker
Morgan Stanley,morganstanley.com,geraden en bevestigd,Investment Management - EMEA Client Relationship Management - Vice President,2026-09-09,Amsterdam,1,nee,https://nl.linkedin.com/jobs/view/investment-management-emea-client-relationship-management-vice-president-at-morgan-stanley-4463832383,customer happiness
MostWare | Inspireren met IT,mostware.nl,geraden en bevestigd,IT Servicedesk Medewerker,2026-08-26,Leiden,1,nee,https://nl.linkedin.com/jobs/view/it-servicedesk-medewerker-at-mostware-4459179252,webcare medewerker
MoVea,movea.nl,geraden en bevestigd,Adviseur Zakelijke Garageverzekeringen,2026-09-09,Rotterdam,1,nee,https://nl.linkedin.com/jobs/view/adviseur-zakelijke-garageverzekeringen-at-movea-4464103485,klantadviseur
MPM International Oil Company B.V.,mpmoil.nl,geraden en bevestigd,Customer Service Representative,2026-08-31,Delft,1,nee,https://nl.linkedin.com/jobs/view/customer-service-representative-at-mpm-international-oil-company-b-v-4461052787,klantenservice medewerker
MR MARVIS,forsale.dynadot.com,geraden en bevestigd,CRM Specialist,2026-09-22,Amsterdam,1,nee,https://nl.linkedin.com/jobs/view/crm-specialist-at-mr-marvis-4468552827,e-commerce medewerker
MultiTankcard,mtc.nl,geraden en bevestigd,Customer Service Specialist,2026-06-18,Schiphol-Rijk,1,nee,https://nl.linkedin.com/jobs/view/customer-service-specialist-at-multitankcard-4439777523,klantenservice medewerker
MV Kantoor,mvkantoor.com,geraden en bevestigd,Medewerker Sales Support / Verkoop binnendienst,2026-09-14,Zeist,1,nee,https://nl.linkedin.com/jobs/view/medewerker-sales-support-verkoop-binnendienst-at-mv-kantoor-4467064418,orderverwerking medewerker
My Jewellery,my-jewellery.com,geraden en bevestigd,Verkoopmedewerker Bijenkorf Eindhoven,2026-09-22,Eindhoven,3,nee,https://nl.linkedin.com/jobs/view/verkoopmedewerker-bijenkorf-eindhoven-at-my-jewellery-4470253492,webshop medewerker
myTomorrows,mytomorrows.com,geraden en bevestigd,Full Stack Engineer,2026-09-22,Amsterdam,1,nee,https://nl.linkedin.com/jobs/view/full-stack-engineer-at-mytomorrows-4469909379,webcare medewerker
NCR Voyix,ncrvoyix.com,geraden en bevestigd,Customer Success Manager - Amsterdam,2026-09-18,Amsterdam,1,nee,https://nl.linkedin.com/jobs/view/customer-success-manager-amsterdam-at-ncr-voyix-4401623072,customer happiness
Nedap,nedap.com,geraden en bevestigd,Junior/Medior Full-Stack Ruby Developer .,2026-08-17,Groenlo,2,nee,https://nl.linkedin.com/jobs/view/junior-medior-full-stack-ruby-developer-at-nedap-4452413236,webcare medewerker
Netpoint group,netpoint.nl,geraden en bevestigd,(Ervaren) Web Developer - Waalwijk,2026-07-17,Waalwijk,1,nee,https://nl.linkedin.com/jobs/view/ervaren-web-developer-waalwijk-at-netpoint-group-4442179400,webcare medewerker
New Black,newblack.com,geraden en bevestigd,Support Engineer,2026-08-27,Almere,1,nee,https://nl.linkedin.com/jobs/view/support-engineer-at-new-black-4459684644,support medewerker webshop
Neways Electronics International NV,newayselectronics.com,geraden en bevestigd,Enterprise Planner Support,2026-07-02,Son,1,nee,https://nl.linkedin.com/jobs/view/enterprise-planner-support-at-neways-electronics-international-nv-4436330906,orderverwerking medewerker
Nieuwenhuijse Groep,nieuwenhuijse.nl,geraden en bevestigd,Medewerker Verkoopadministratie bij Nieuwenhuijse (M/V),2026-07-17,Apeldoorn,1,nee,https://nl.linkedin.com/jobs/view/medewerker-verkoopadministratie-bij-nieuwenhuijse-m-v-at-nieuwenhuijse-bv-4441977615,orderverwerking medewerker
NieuweStroom,nieuwestroom.nl,geraden en bevestigd,Medewerker Customer Operations,2026-09-17,Maastricht,1,nee,https://nl.linkedin.com/jobs/view/medewerker-customer-operations-at-nieuwestroom-4468605295,klantenservice medewerker
Nilfisk,nilfisk-shop.nl,geraden en bevestigd,Customer Service Employee,2026-09-05,Almere,1,nee,https://nl.linkedin.com/jobs/view/customer-service-employee-at-nilfisk-4463724526,klantenservice medewerker
NORNORM,nornorm.com,geraden en bevestigd,Customer Success Coordinator,2026-08-28,Amsterdam Area,1,nee,https://nl.linkedin.com/jobs/view/customer-success-coordinator-at-nornorm-4460356148,customer happiness
Notuly.,notuly.nl,geraden en bevestigd,Customer succes &amp; support medewerker,2026-08-26,Deventer,1,nee,https://nl.linkedin.com/jobs/view/customer-succes-support-medewerker-at-notuly-4459189122,customer happiness
Nutanix,nutanix.com,geraden en bevestigd,"Senior Staff Customer Experience Manager, Dutch speaker",2026-09-09,Amsterdam,2,nee,https://nl.linkedin.com/jobs/view/senior-staff-customer-experience-manager-dutch-speaker-at-nutanix-4461295968,customer happiness
Octiva,octiva.tech,geraden en bevestigd,Head of Customer Success,2026-05-04,Breda,2,nee,https://nl.linkedin.com/jobs/view/head-of-customer-success-at-octiva-4420942347,customer happiness
Oerlemans Plastics,oerlemansplastics.nl,geraden en bevestigd,Commercieel Medewerker Binnendienst,2026-09-15,Giessen,1,nee,https://nl.linkedin.com/jobs/view/commercieel-medewerker-binnendienst-at-oerlemans-plastics-4465915916,orderverwerking medewerker
OH Solutions,oh-solutions.nl,geraden en bevestigd,Customer Experience Specialist,2026-09-11,Almere,2,nee,https://nl.linkedin.com/jobs/view/customer-experience-specialist-at-oh-solutions-4440950989,customer happiness
Olsam.,olsam.com,geraden en bevestigd,Avenir Collective - Account Manager (Bol.com),2026-09-15,Utrecht,1,nee,https://nl.linkedin.com/jobs/view/avenir-collective-account-manager-bol-com-at-olsam-4467781920,e-commerce medewerker
Olyslager,olyslager.nl,geraden en bevestigd,Customer Success Manager,2026-09-18,Bunschoten-Spakenburg,1,nee,https://nl.linkedin.com/jobs/view/customer-success-manager-at-olyslager-4430926312,customer happiness
ON THAT ASS,onthatass.com,geraden en bevestigd,Junior Affiliate Marketeer,2026-09-15,Rosmalen,1,nee,https://nl.linkedin.com/jobs/view/junior-affiliate-marketeer-at-on-that-ass-4467499479,e-commerce medewerker
Online Payment Platform,onlinepaymentplatform.com,geraden en bevestigd,Customer Support Medewerker,2026-09-14,Delft,1,nee,https://nl.linkedin.com/jobs/view/customer-support-medewerker-at-online-payment-platform-4466106901,support medewerker webshop
Onlineverf.nl,onlineverf.nl,geraden en bevestigd,Medewerker klantenservice,2026-09-11,Hengelo,1,nee,https://nl.linkedin.com/jobs/view/medewerker-klantenservice-at-onlineverf-nl-4466058358,klantenservice medewerker
OPENRED,openred.nl,geraden en bevestigd,Customer Succes Lead,2026-08-13,Rotterdam,1,nee,https://nl.linkedin.com/jobs/view/customer-succes-lead-at-openred-4453604681,customer happiness
Operai,operai.eu,geraden en bevestigd,Marketplace Seller Account Manager (English),2026-07-12,Eindhoven Area,2,nee,https://nl.linkedin.com/jobs/view/marketplace-seller-account-manager-english-at-operai-4438950843,e-commerce medewerker
OrbusNeich Medical Company Ltd.,orbusneich.com,geraden en bevestigd,Customer Relations Coordinator,2026-09-22,Hoevelaken,1,nee,https://nl.linkedin.com/jobs/view/customer-relations-coordinator-at-orbusneich-medical-company-ltd-4470286316,customer happiness
Organic Assistance,organicassistance.com,geraden en bevestigd,Customer Service en Sales Assistant,2026-08-19,Barneveld,2,nee,https://nl.linkedin.com/jobs/view/customer-service-en-sales-assistant-at-organic-assistance-4455414024,orderverwerking medewerker
OT design BV,otdesign.com,geraden en bevestigd,Junior accountmanager,2026-09-10,Nieuwegein,1,nee,https://nl.linkedin.com/jobs/view/junior-accountmanager-at-ot-design-bv-4465682951,e-commerce medewerker
Oxford Global Resources,oxfordglobal.com,geraden en bevestigd,"Klantenservice Medewerker - Frans, Nederlands, Engels",2026-08-31,Amsterdam,1,nee,https://nl.linkedin.com/jobs/view/klantenservice-medewerker-frans-nederlands-engels-at-oxford-global-resources-4459792285,klantenservice medewerker
Palo Alto Networks,paloaltonetworks.com,geraden en bevestigd,Staff Customer Success Engineer,2026-09-18,Amsterdam,2,nee,https://nl.linkedin.com/jobs/view/staff-customer-success-engineer-at-palo-alto-networks-4466683134,customer happiness
Paul Roescher,paulroescher.nl,geraden en bevestigd,Orderverwerker,2026-08-05,Rijssen,2,nee,https://nl.linkedin.com/jobs/view/orderverwerker-at-paul-roescher-4449101200,orderverwerking medewerker
Pensify,pensify.com,geraden en bevestigd,Customer Success Manager,2026-09-10,Amsterdam,1,nee,https://nl.linkedin.com/jobs/view/customer-success-manager-at-pensify-4465684096,customer happiness
Permobil,permobil.com,geraden en bevestigd,Customer Support Representative,2026-09-06,Oisterwijk,1,nee,https://nl.linkedin.com/jobs/view/customer-support-representative-at-permobil-4400388875,klantenservice medewerker
PGGM,pggm.nl,geraden en bevestigd,Klantcontact medewerker klantcontact BPF Schilders,2026-09-17,Zeist,1,nee,https://nl.linkedin.com/jobs/view/klantcontact-medewerker-klantcontact-bpf-schilders-at-pggm-4468602316,klantenservice medewerker
PharmaPartners,pharmapartners.nl,geraden en bevestigd,Customer Care Specialist,2026-09-19,Oosterhout,1,nee,https://nl.linkedin.com/jobs/view/customer-care-specialist-at-pharmapartners-4455856177,klantenservice medewerker
PinkRoccade Local Government,pinkroccadelocalgovernment.nl,geraden en bevestigd,Manager Customer Care Samenlevingszaken (lid MT),2026-09-21,s-Hertogenbosch Area,1,nee,https://nl.linkedin.com/jobs/view/manager-customer-care-samenlevingszaken-lid-mt-at-pinkroccade-local-government-4468750854,customer happiness
Platform Control,platformcontrol.com,geraden en bevestigd,Brand manager / Marketplace specialist | bol &amp; Amazon - Full Time,2026-09-17,Dordrecht,2,nee,https://nl.linkedin.com/jobs/view/brand-manager-marketplace-specialist-bol-amazon-full-time-at-platform-control-4468354731,e-commerce medewerker
Plieger,plieger.nl,geraden en bevestigd,IT Support Medewerker,2026-06-17,Zaltbommel,1,nee,https://nl.linkedin.com/jobs/view/it-support-medewerker-at-plieger-4426882717,webcare medewerker
Pluripharm Groep,pluripharm.com,geraden en bevestigd,Medewerker Customer Services,2026-09-13,Alkmaar,1,nee,https://nl.linkedin.com/jobs/view/medewerker-customer-services-at-pluripharm-groep-4439035928,klantenservice medewerker
Pluvo,pluvo.com,geraden en bevestigd,Customer Success Manager,2026-09-11,Amsterdam Area,1,nee,https://nl.linkedin.com/jobs/view/customer-success-manager-at-pluvo-4466060567,customer happiness
Pouw,pouw.nl,geraden en bevestigd,Service Adviseur Volkswagen,2026-09-04,Apeldoorn,1,nee,https://nl.linkedin.com/jobs/view/service-adviseur-volkswagen-at-pouw-automotive-4463365255,klantadviseur
Prada,prada.com,geraden en bevestigd,"PRADA Client Advisor MRTW (m/f/d), De Bijenkorf",2026-09-18,Amsterdam,4,nee,https://nl.linkedin.com/jobs/view/prada-client-advisor-mrtw-m-f-d-de-bijenkorf-at-prada-4467886289,customer happiness
Print.com,print.com,geraden en bevestigd,After Sales Specialist - Klantrelatie &amp; Complaints,2026-09-10,Deventer,3,nee,https://nl.linkedin.com/jobs/view/after-sales-specialist-klantrelatie-complaints-at-print-com-4465607153,customer happiness
project44,project44.com,geraden en bevestigd,Customer Success Manager,2026-09-15,Amsterdam,1,nee,https://nl.linkedin.com/jobs/view/customer-success-manager-at-project44-4465266062,customer happiness
Property Plan,propertyplan.com,geraden en bevestigd,Front-end Developer,2026-09-10,'s-Hertogenbosch,1,nee,https://nl.linkedin.com/jobs/view/front-end-developer-at-property-plan-4463437958,webcare medewerker
Proprli,proprli.com,geraden en bevestigd,Customer Support Professional at team Proprli (NL),2026-07-17,Heerde,1,nee,https://nl.linkedin.com/jobs/view/customer-support-professional%0Aat-team-proprli-nl-at-proprli-4441325540,customer happiness
Proxsys,proxsys.nl,geraden en bevestigd,Skilled Servicedesk Medewerker,2026-06-18,Rotterdam,1,nee,https://nl.linkedin.com/jobs/view/skilled-servicedesk-medewerker-at-proxsys-4439773635,webcare medewerker
PS Calamiteiten,pscalamiteiten.nl,geraden en bevestigd,Medewerker Calamiteiten,2026-06-03,Almere,1,nee,https://nl.linkedin.com/jobs/view/medewerker-calamiteiten-at-ps-calamiteiten-4422942508,webcare medewerker
PSI CRO,psi-cro.com,geraden en bevestigd,Site Management Associate,2026-09-15,Amsterdam,1,nee,https://nl.linkedin.com/jobs/view/site-management-associate-at-psi-cro-4465542548,webcare medewerker
QLS,qls.com,geraden en bevestigd,Fashion Medewerker,2026-06-19,Dordrecht,1,nee,https://nl.linkedin.com/jobs/view/fashion-medewerker-at-qls-4412024459,orderverwerking medewerker
Quanterix,quanterix.com,geraden en bevestigd,Customer Care Specialist,2026-09-04,Nederland,1,nee,https://nl.linkedin.com/jobs/view/customer-care-specialist-at-quanterix-4463629859,orderverwerking medewerker
Quatt,quatt.io,geraden en bevestigd,Customer Success Manager - Installations,2026-09-08,Amsterdam,1,nee,https://nl.linkedin.com/jobs/view/customer-success-manager-installations-at-quatt-4462418926,customer happiness
Quooker,quooker.nl,geraden en bevestigd,Information Technology Support Specialist,2026-09-16,Ridderkerk,2,nee,https://nl.linkedin.com/jobs/view/information-technology-support-specialist-at-quooker-4455729021,webcare medewerker
Redcare Pharmacy,redcarepharmacy.com,geraden en bevestigd,Magazijnmedewerker (m/v/x) Fulltime in Sevenum,2026-09-18,Sevenum,2,nee,https://nl.linkedin.com/jobs/view/magazijnmedewerker-m-v-x-fulltime-in-sevenum-at-redcare-pharmacy-4466672636,webcare medewerker
RedCarpet®,redcarpet.com,geraden en bevestigd,Klantenservicemedewerker met ervaring,2026-09-22,Amsterdam,1,nee,https://nl.linkedin.com/jobs/view/klantenservicemedewerker-met-ervaring-at-redcarpet%C2%AE-4470290922,klantenservice medewerker
REMONDIS Nederland,remondis-shop.nl,geraden en bevestigd,Medewerker Weegbrug- en Order administratie – Veldhoven,2026-07-14,Veldhoven,1,nee,https://nl.linkedin.com/jobs/view/medewerker-weegbrug-en-order-administratie-%E2%80%93-veldhoven-at-remondis-nederland-4440541356,orderverwerking medewerker
Richemont,richemont.com,geraden en bevestigd,E-Boutique Client Advisor French Speaking,2026-09-18,Amsterdam,1,nee,https://nl.linkedin.com/jobs/view/e-boutique-client-advisor-french-speaking-at-richemont-4467886933,customer happiness
Ricoh Nederland,ricoh.nl,geraden en bevestigd,Key Account Customer Service Agent | Den Bosch | Hybrid,2026-07-29,'s-Hertogenbosch,1,nee,https://nl.linkedin.com/jobs/view/key-account-customer-service-agent-den-bosch-hybrid-at-ricoh-nederland-4444962081,klantenservice medewerker
Roadsoft,roadsoft.com,geraden en bevestigd,Customer Success Specialist (Onboarding &amp; Support),2026-09-17,Amsterdam,1,nee,https://nl.linkedin.com/jobs/view/customer-success-specialist-onboarding-support-at-roadsoft-4468663286,customer happiness
ROCKWOOL Group,rockwool.com,geraden en bevestigd,Customer Services Employee,2026-09-14,Roermond,2,nee,https://nl.linkedin.com/jobs/view/customer-services-employee-at-rockwool-group-4467030929,klantenservice medewerker
Rotom Nederland B.V.,rotom.nl,geraden en bevestigd,Customer Service Medewerker Webshop,2026-04-07,Eerbeek,1,nee,https://nl.linkedin.com/jobs/view/customer-service-medewerker-webshop-at-rotom-nederland-b-v-4395476141,orderverwerking medewerker
Royal A-ware,royal-aware.com,geraden en bevestigd,Medewerker Customer Care,2026-09-09,Almere,3,nee,https://nl.linkedin.com/jobs/view/medewerker-customer-care-at-royal-a-ware-4465069656,orderverwerking medewerker
Royal Brinkman,royalbrinkman.nl,geraden en bevestigd,Traineeship E-commerce,2026-06-30,'s-Gravenzande,1,nee,https://nl.linkedin.com/jobs/view/traineeship-e-commerce-at-royal-brinkman-4431924589,e-commerce medewerker
Royal Van Zanten,royalvanzanten.com,geraden en bevestigd,Commercieel Medewerker Customer Service,2026-09-09,Rijsenhout,1,nee,https://nl.linkedin.com/jobs/view/commercieel-medewerker-customer-service-at-royal-van-zanten-4463877729,orderverwerking medewerker
RVS Clean,rvs-clean.nl,geraden en bevestigd,Cleanroom medewerker,2026-05-23,Bergeyk,1,nee,https://nl.linkedin.com/jobs/view/cleanroom-medewerker-at-rvs-clean-4429783675,webcare medewerker
Salta Group,salta.nl,geraden en bevestigd,Klantenservice Medewerker,2026-09-09,Hilversum,1,nee,https://nl.linkedin.com/jobs/view/klantenservice-medewerker-at-salta-group-4445700000,klantadviseur
Salute,salute.nl,geraden en bevestigd,Data Centre NOC Operator,2026-08-07,Amsterdam,1,nee,https://nl.linkedin.com/jobs/view/data-centre-noc-operator-at-salute-4460250542,webcare medewerker
Sanbio B.V.,sanbio.nl,geraden en bevestigd,Medewerker Binnendienst,2026-09-10,Uden,1,nee,https://nl.linkedin.com/jobs/view/medewerker-binnendienst-at-sanbio-b-v-4465609918,orderverwerking medewerker
SanLucar Company,sanlucar.com,geraden en bevestigd,MEDEWERKER COMMERCIËLE ADMINISTRATIE,2026-09-11,Ridderkerk,1,nee,https://nl.linkedin.com/jobs/view/medewerker-commerci%C3%ABle-administratie-at-sanlucar-company-4464881539,orderverwerking medewerker
Satechi,satechi.com,geraden en bevestigd,Order Fulfillment Specialist,2026-08-24,Nederland,1,nee,https://nl.linkedin.com/jobs/view/order-fulfillment-specialist-at-satechi-4458531021,orderverwerking medewerker
Saxo Bank,home.saxo,geraden en bevestigd,Client Service Associate (French + Dutch Speaking),2026-09-12,Amsterdam,3,nee,https://nl.linkedin.com/jobs/view/client-service-associate-french-%2B-dutch-speaking-at-saxo-bank-4036618828,customer happiness
Schuit Totaal Wonen,schuittotaalwonen.nl,geraden en bevestigd,Backofficemedewerker,2026-09-22,Putten,1,nee,https://nl.linkedin.com/jobs/view/backofficemedewerker-at-schuit-totaal-wonen-1708382084,orderverwerking medewerker
Schuitemaker,schuitemaker.nl,geraden en bevestigd,Stage/afstuderen: E-commerce &amp; Digital Commerce (MBO/HBO),2026-08-11,Rijssen,1,nee,https://nl.linkedin.com/jobs/view/stage-afstuderen-e-commerce-digital-commerce-mbo-hbo-at-schuitemaker-4452106308,webshop medewerker
Schuurman Groothandel in Elektrotechniek,schuurman.nl,geraden en bevestigd,Commercieel medewerker,2026-08-28,Raamsdonksveer,1,nee,https://nl.linkedin.com/jobs/view/commercieel-medewerker-at-schuurman-groothandel-in-elektrotechniek-4458947514,orderverwerking medewerker
SECRID,secrid.com,geraden en bevestigd,Logistiek Allrounder,2026-09-16,Randstad,2,nee,https://nl.linkedin.com/jobs/view/logistiek-allrounder-at-secrid-4468218180,orderverwerking medewerker
Secure Design Webdevelopment,securedesign.nl,geraden en bevestigd,"Vacature front-end developer (mbo / hbo, Leiden, 32-40 uur)",2026-07-09,Leiden,3,nee,https://nl.linkedin.com/jobs/view/vacature-front-end-developer-mbo-hbo-leiden-32-40-uur-at-secure-design-webdevelopment-4448391541,webcare medewerker
Sedgwick,sedgwick.com,geraden en bevestigd,Administratief Medewerker,2026-09-03,Amstelveen,1,nee,https://nl.linkedin.com/jobs/view/administratief-medewerker-at-sedgwick-4256918853,webcare medewerker
Seed Valley,seedvalley.nl,geraden en bevestigd,Medewerker Customer Service,2026-08-21,Noord-Scharwoude,1,nee,https://nl.linkedin.com/jobs/view/medewerker-customer-service-at-seed-valley-4457351891,support medewerker webshop
Select Courier International B.V.,selectcourier.com,geraden en bevestigd,CUSTOMER SERVICE,2026-07-21,Rotterdam,1,nee,https://nl.linkedin.com/jobs/view/customer-service-at-select-courier-international-b-v-4442661805,klantenservice medewerker
Sendcloud,sendcloud.com,geraden en bevestigd,Customer Support Consultant - Benelux,2026-08-31,Eindhoven,1,nee,https://nl.linkedin.com/jobs/view/customer-support-consultant-benelux-at-sendcloud-4460023105,klantenservice medewerker
Sense Company,sense-company.com,geraden en bevestigd,Customer Care Specialist,2026-09-16,Tilburg,1,nee,https://nl.linkedin.com/jobs/view/customer-care-specialist-at-sense-company-4467079261,customer happiness
SharkNinja,sharkninja.nl,geraden en bevestigd,Ecommerce &amp; Merchandising Executive – Benelux,2026-09-18,Amsterdam,1,nee,https://nl.linkedin.com/jobs/view/ecommerce-merchandising-executive-%E2%80%93-benelux-at-sharkninja-4450230207,e-commerce medewerker
Shoppartners B.V.,shoppartners.nl,geraden en bevestigd,Junior Content medewerker - 32 tot 40 uur per week,2026-09-11,Heerhugowaard,3,nee,https://nl.linkedin.com/jobs/view/junior-content-medewerker-32-tot-40-uur-per-week-at-shoppartners-b-v-4465148462,webcare medewerker
Sidekix,sidekix.nl,geraden en bevestigd,ORDERPICKER E-FULFILMENT,2026-09-11,Uden,1,nee,https://nl.linkedin.com/jobs/view/orderpicker-e-fulfilment-at-sidekix-4463996411,orderverwerking medewerker
Signify,signify.com,geraden en bevestigd,Key Account Manager eCommerce,2026-09-15,Eindhoven,1,nee,https://nl.linkedin.com/jobs/view/key-account-manager-ecommerce-at-signify-4466524130,e-commerce medewerker
Simac,simac.com,geraden en bevestigd,Customer Experience Manager Healthcare (regio Den Haag/Rotterdam),2026-02-27,Utrecht,2,nee,https://nl.linkedin.com/jobs/view/customer-experience-manager-healthcare-regio-den-haag-rotterdam-at-simac-4377933710,customer happiness
Simply Green,simply-green.nl,geraden en bevestigd,Operations Manager,2026-09-18,Almere,1,nee,https://nl.linkedin.com/jobs/view/operations-manager-at-simply-green-4466686903,support medewerker webshop
Simvia,simvia.com,geraden en bevestigd,Customer Success Manager - Benelux - Growing Impact Scale Up,2026-09-21,Amsterdam,3,nee,https://nl.linkedin.com/jobs/view/customer-success-manager-benelux-growing-impact-scale-up-at-simvia-4469842764,customer happiness
Skil B.V.,skil.com,geraden en bevestigd,E-Commerce Specialist (EMEA),2026-09-04,Breda-Tilburg Area,2,nee,https://nl.linkedin.com/jobs/view/e-commerce-specialist-emea-at-skil-b-v-4461166211,e-commerce medewerker
Sligro Food Group,sligrofood.com,geraden en bevestigd,Medewerker Customer Care,2026-09-22,Breda,1,nee,https://nl.linkedin.com/jobs/view/medewerker-customer-care-at-sligro-food-group-4470293178,klantenservice medewerker
Smart Health,smarthealth.live,geraden en bevestigd,Online marketeer,2026-04-07,Rotterdam,1,nee,https://nl.linkedin.com/jobs/view/online-marketeer-at-smart-health-4398376296,webcare medewerker
Smartwares Group,smartwares.eu,geraden en bevestigd,Marketplace specialist,2026-09-14,Tilburg,3,nee,https://nl.linkedin.com/jobs/view/marketplace-specialist-at-smartwares-group-4465203872,e-commerce medewerker
Smollan Netherlands,smollan.com,geraden en bevestigd,Customer Success Medewerker,2026-08-21,Amsterdam,1,nee,https://nl.linkedin.com/jobs/view/customer-success-medewerker-at-smollan-netherlands-4447520039,customer happiness
Snelstart,snelstart.nl,geraden en bevestigd,Klantenservice Medewerker Amersfoort,2026-08-25,Amersfoort,2,nee,https://nl.linkedin.com/jobs/view/klantenservice-medewerker-amersfoort-at-snelstart-4447533157,klantenservice medewerker
Social Deal,socialdeal.nl,geraden en bevestigd,Franstalige Klantenservice Medewerker (Flexibel),2026-05-28,'s-Hertogenbosch,2,nee,https://nl.linkedin.com/jobs/view/franstalige-klantenservice-medewerker-flexibel-at-social-deal-4420412173,support medewerker webshop
Sockshouse,sockshouse.nl,geraden en bevestigd,Inkoopmedewerker,2026-09-08,'s-Hertogenbosch,1,nee,https://nl.linkedin.com/jobs/view/inkoopmedewerker-at-sockshouse-4464456614,support medewerker webshop
Solid Partners ICT Groep,solidpartners.nl,geraden en bevestigd,ServiceDesk Medewerker (IT Support Engineer),2026-07-23,Raalte,1,nee,https://nl.linkedin.com/jobs/view/servicedesk-medewerker-it-support-engineer-at-solid-partners-ict-groep-4441553368,webcare medewerker
Sonova Group,sonova.com,geraden en bevestigd,Customer Service employee,2026-09-18,Vianen,1,nee,https://nl.linkedin.com/jobs/view/customer-service-employee-at-sonova-group-4383396850,klantenservice medewerker
Spacewell,spacewell.com,geraden en bevestigd,Customer Success Manager,2026-04-30,Arnhem,1,nee,https://nl.linkedin.com/jobs/view/customer-success-manager-at-spacewell-4408796947,customer happiness
Spectrum Equity,spectrumequity.com,geraden en bevestigd,"EMEA Customer Success Manager, Nordic Speaker",2026-09-15,Amsterdam,1,nee,https://nl.linkedin.com/jobs/view/emea-customer-success-manager-nordic-speaker-at-spectrum-equity-4465563415,customer happiness
SPS Commerce,spscommerce.com,geraden en bevestigd,Customer Success Manager III,2026-09-03,Breukelen,1,nee,https://nl.linkedin.com/jobs/view/customer-success-manager-iii-at-sps-commerce-4461695365,customer happiness
SRS,srs.nl,geraden en bevestigd,Retail Support Agent,2025-09-29,Almere,1,nee,https://nl.linkedin.com/jobs/view/retail-support-agent-at-srs-4305383527,support medewerker webshop
stichd,stichd.com,geraden en bevestigd,Customer Service Representative (Formula 1 &amp; Football),2026-09-17,'s-Hertogenbosch,1,nee,https://nl.linkedin.com/jobs/view/customer-service-representative-formula-1-football-at-stichd-4468608843,klantenservice medewerker
STOX Energy Socks,stoxenergy.com,geraden en bevestigd,Customer Service Specialist,2026-09-04,Amsterdam,1,nee,https://nl.linkedin.com/jobs/view/customer-service-specialist-at-stox-energy-socks-4463382019,klantenservice medewerker
Studenten.net,studentennet.com,geraden en bevestigd,Zakelijke Klantenservice E-Commerce,2026-09-22,Utrecht,23,nee,https://nl.linkedin.com/jobs/view/zakelijke-klantenservice-e-commerce-at-studenten-net-4468567887,e-commerce medewerker
STUDIOVEGTER,studiovegter.com,geraden en bevestigd,Administratief Medewerker Finance &amp; E-commerce,2026-07-16,Utrecht Area,2,nee,https://nl.linkedin.com/jobs/view/administratief-medewerker-finance-e-commerce-at-studiovegter-4441642212,e-commerce medewerker
Suitsupply,suitsupply.com,geraden en bevestigd,Customer Service Specialist,2026-09-22,Amsterdam,1,nee,https://nl.linkedin.com/jobs/view/customer-service-specialist-at-suitsupply-4326536412,klantenservice medewerker
SumUp,sumup.com,geraden en bevestigd,Customer Support Agent,2026-09-02,Amsterdam,1,nee,https://nl.linkedin.com/jobs/view/customer-support-agent-at-sumup-4421965211,klantenservice medewerker
Sunny Cars,sunnycars.nl,geraden en bevestigd,Customer Service Expert (24-40 uur),2026-09-09,Haarlem,1,nee,https://nl.linkedin.com/jobs/view/customer-service-expert-24-40-uur-at-sunny-cars-4465026977,klantenservice medewerker
Sunware,sunware.com,geraden en bevestigd,Marketplace Specialist (32 - 40 uur),2026-09-14,Tilburg,1,nee,https://nl.linkedin.com/jobs/view/marketplace-specialist-32-40-uur-at-sunware-4467048859,e-commerce medewerker
Swiss Sense,swisssense.nl,geraden en bevestigd,Web Analist Digital Commerce,2026-09-14,Uden,1,nee,https://nl.linkedin.com/jobs/view/web-analist-digital-commerce-at-swiss-sense-4467094489,webcare medewerker
Tangent,tangent.com,geraden en bevestigd,Entry level Customer Success Manager (€30-€60k salary + commission),2026-09-04,Amsterdam Area,1,nee,https://nl.linkedin.com/jobs/view/entry-level-customer-success-manager-%E2%82%AC30-%E2%82%AC60k-salary-%2B-commission-at-tangent-4463361874,customer happiness
Tarkett,tarkett.nl,geraden en bevestigd,Customer Service Representative,2026-06-26,Waalwijk,1,nee,https://nl.linkedin.com/jobs/view/customer-service-representative-at-tarkett-4431709604,klantenservice medewerker
team.blue,domaincontactservice.com,geraden en bevestigd,Agent - Customer Support,2026-09-18,Leiden,1,nee,https://nl.linkedin.com/jobs/view/agent-customer-support-at-team-blue-4469171885,customer service
Tech Rise,techrise.nl,geraden en bevestigd,Head of Customer Success,2026-09-22,Amsterdam,1,nee,https://nl.linkedin.com/jobs/view/head-of-customer-success-at-tech-rise-4456583876,customer happiness
Tegeltje.nl,tegeltje.nl,geraden en bevestigd,Sales medewerker B2B (24-40 uur),2026-09-18,Bodegraven,1,nee,https://nl.linkedin.com/jobs/view/sales-medewerker-b2b-24-40-uur-at-tegeltje-nl-4469197217,e-commerce medewerker
Tellent,tellent.com,geraden en bevestigd,Digital Customer Success Manager - Benelux,2026-09-21,Amsterdam,2,nee,https://nl.linkedin.com/jobs/view/digital-customer-success-manager-benelux-at-tellent-4467383612,customer happiness
Temu,sites.google.com,geraden en bevestigd,Business Development Manager,2026-09-06,Nederland,2,nee,https://nl.linkedin.com/jobs/view/business-development-manager-at-temu-4462685492,e-commerce medewerker
Termeer Groep,mooiedomeinnaam.nl,geraden en bevestigd,Webshopmedewerker (maandag),2026-09-16,Tilburg,1,nee,https://nl.linkedin.com/jobs/view/webshopmedewerker-maandag-at-termeer-groep-4371879320,webcare medewerker
The Dare Company,thedarecompany.com,geraden en bevestigd,Vacature Front end developer,2026-07-10,Rotterdam,3,nee,https://nl.linkedin.com/jobs/view/vacature-front-end-developer-at-the-dare-company-4449069211,webcare medewerker
The Photo Company,thephotocompany.com,geraden en bevestigd,Winkelmedewerker (8-38 uur),2026-09-13,Amersfoort,1,nee,https://nl.linkedin.com/jobs/view/winkelmedewerker-8-38-uur-at-the-photo-company-4466771175,webshop medewerker
Tibber,tibber.com:443,geraden en bevestigd,Customer Support Specialist,2026-09-08,Amsterdam,1,nee,https://nl.linkedin.com/jobs/view/customer-support-specialist-at-tibber-4414816920,klantenservice medewerker
TOPdesk,topdesk.com,geraden en bevestigd,Customer Succes Manager (NL),2026-09-14,Delft,1,nee,https://nl.linkedin.com/jobs/view/customer-succes-manager-nl-at-topdesk-4465762335,customer happiness
Toppy,toppy.nl,geraden en bevestigd,E-commerce meewerkstage,2026-04-07,Veghel,1,nee,https://nl.linkedin.com/jobs/view/e-commerce-meewerkstage-at-toppy-4398365727,webshop medewerker
Treatwell,treatwell.nl,geraden en bevestigd,Customer Success Manager NL,2026-09-18,Amsterdam,2,nee,https://nl.linkedin.com/jobs/view/customer-success-manager-nl-at-treatwell-4469133608,webcare medewerker
Trend People,trend.nl,geraden en bevestigd,Commercieel administratief medewerker,2026-09-09,Oudewater,1,nee,https://nl.linkedin.com/jobs/view/commercieel-administratief-medewerker-at-trend-people-4439906546,orderverwerking medewerker
Triodos Bank,triodos.nl,geraden en bevestigd,Head of Customer Services TBNL,2026-09-02,Driebergen-Rijsenburg,1,nee,https://nl.linkedin.com/jobs/view/head-of-customer-services-tbnl-at-triodos-bank-4462440160,customer happiness
Troostwijk Auctions,troostwijkauctions.com,geraden en bevestigd,Klantenservice medewerker,2026-09-02,Amsterdam,2,nee,https://nl.linkedin.com/jobs/view/klantenservice-medewerker-at-troostwijk-auctions-4457342326,klantenservice medewerker
Trusted Shops,trustedshops.nl,geraden en bevestigd,Customer Success Manager Benelux (f/m/d),2026-09-07,Amsterdam,1,nee,https://nl.linkedin.com/jobs/view/customer-success-manager-benelux-f-m-d-at-trusted-shops-4461893682,customer happiness
Trustoo.nl,trustoo.nl,geraden en bevestigd,Customer Success Manager,2026-09-03,Amsterdam,2,nee,https://nl.linkedin.com/jobs/view/customer-success-manager-at-trustoo-nl-4460735308,customer happiness
TSC Life,tsc-life.com,geraden en bevestigd,Customer Service Agent,2026-09-18,Amsterdam,1,nee,https://nl.linkedin.com/jobs/view/customer-service-agent-at-tsc-life-4469160348,orderverwerking medewerker
Twentyseven,hoteltwentyseven.com,geraden en bevestigd,Open sollicitatie - Twentyseven,2024-11-26,Eindhoven,1,nee,https://nl.linkedin.com/jobs/view/open-sollicitatie-twentyseven-at-twentyseven-4085642446,webcare medewerker
Ultimesh,ultimesh.nl,geraden en bevestigd,E-commerce Medewerker,2026-09-11,Hellevoetsluis,1,nee,https://nl.linkedin.com/jobs/view/e-commerce-medewerker-at-ultimesh-4466068170,webcare medewerker
UMC Utrecht,umcutrecht.nl,geraden en bevestigd,Medewerker schoonmaak &amp; services,2026-04-14,Utrecht,1,nee,https://nl.linkedin.com/jobs/view/medewerker-schoonmaak-services-at-umc-utrecht-4392436330,webcare medewerker
Under Armour,underarmour.nl,geraden en bevestigd,"Sr. Professional, Digital Marketplace Sales",2026-09-03,Amsterdam,1,nee,https://nl.linkedin.com/jobs/view/sr-professional-digital-marketplace-sales-at-under-armour-4453152174,e-commerce medewerker
United Petfood,unitedpetfood.eu,geraden en bevestigd,Commercieel Medewerker Binnendienst,2026-08-14,Waalwijk,2,nee,https://nl.linkedin.com/jobs/view/commercieel-medewerker-binnendienst-at-united-petfood-4454526510,orderverwerking medewerker
Vakgarage,vakgarage.nl,geraden en bevestigd,Service Adviseur in Mijdrecht,2026-07-10,Mijdrecht,1,nee,https://nl.linkedin.com/jobs/view/service-adviseur-in-mijdrecht-at-vakgarage-4438893621,klantadviseur
Valicare,valicare.nl,geraden en bevestigd,PHP Developer,2026-08-01,Den Haag,2,nee,https://nl.linkedin.com/jobs/view/php-developer-at-valicare-4445558465,webcare medewerker
Valk Design,valkdesign.nl,geraden en bevestigd,Customer Service &amp; Operations Medewerker | Valk at Home,2026-09-08,Eemnes,1,nee,https://nl.linkedin.com/jobs/view/customer-service-operations-medewerker-valk-at-home-at-valk-design-4464472421,orderverwerking medewerker
VAMAT,vamat.nl,geraden en bevestigd,Medewerker Customer Service,2026-09-08,"Utrecht, Nederland",1,nee,https://nl.linkedin.com/jobs/view/medewerker-customer-service-at-vamat-4464449514,klantenservice medewerker
Van den Bosch,vandenbosch.nl,geraden en bevestigd,Klantenservicemedewerker,2026-09-03,Erp,1,nee,https://nl.linkedin.com/jobs/view/klantenservicemedewerker-at-van-den-bosch-4462788081,klantenservice medewerker
Van der Heide,vanderheide.nl,geraden en bevestigd,Accountmanager binnendienst,2026-06-07,Drachten,1,nee,https://nl.linkedin.com/jobs/view/accountmanager-binnendienst-at-van-der-heide-4436317544,klantadviseur
Van der Hoeven Kliniek,hoevenkliniek.nl,geraden en bevestigd,Medewerker beveiliging en receptie,2026-09-16,Utrecht,1,nee,https://nl.linkedin.com/jobs/view/medewerker-beveiliging-en-receptie-at-van-der-hoeven-kliniek-4459146998,webcare medewerker
Van der Knaap,vanderknaap.nl,geraden en bevestigd,"Medewerker marketing, communicatie en events",2026-09-14,Kwintsheul,1,nee,https://nl.linkedin.com/jobs/view/medewerker-marketing-communicatie-en-events-at-van-der-knaap-4467073432,webcare medewerker
Van der Wal,vanderwal.nl,geraden en bevestigd,Customer Service Specialist,2026-09-11,Utrecht,2,nee,https://nl.linkedin.com/jobs/view/customer-service-specialist-at-van-der-wal-4464869166,customer service
Van Dorp,vandorp.nl,geraden en bevestigd,Helpdeskmedewerker ICT | Nieuwegein,2026-07-10,Nieuwegein,1,nee,https://nl.linkedin.com/jobs/view/helpdeskmedewerker-ict-nieuwegein-at-van-dorp-4435990557,support medewerker webshop
Van Gooi,vangooi.com,geraden en bevestigd,Front-end Developer (Energy Systems),2026-08-18,Utrecht,1,nee,https://nl.linkedin.com/jobs/view/front-end-developer-energy-systems-at-van-gooi-4452846493,webcare medewerker
Van Happen Containers,vanhappencontainers.nl,geraden en bevestigd,Orderinvoer,2026-08-25,Eindhoven,1,nee,https://nl.linkedin.com/jobs/view/orderinvoer-at-van-happen-containers-4458717105,orderverwerking medewerker
Van Herk Kaas,vanherkkaas.nl,geraden en bevestigd,"Vacature: Backoffice medewerker – klantcontact, inkoop &amp; verkoop (Fulltime)",2026-08-26,Bodegraven,1,nee,https://nl.linkedin.com/jobs/view/vacature-backoffice-medewerker-%E2%80%93-klantcontact-inkoop-verkoop-fulltime-at-van-herk-kaas-4459316365,orderverwerking medewerker
Van Leeuwen Stainless,vanleeuwen.com,geraden en bevestigd,Inside Sales Medewerker,2026-06-12,Beesd,1,nee,https://nl.linkedin.com/jobs/view/inside-sales-medewerker-at-van-leeuwen-stainless-4425967935,orderverwerking medewerker
Van Mossel Automotive Group,vanmossel.nl,geraden en bevestigd,Medewerker Klantenservice,2026-08-11,Tilburg,6,nee,https://nl.linkedin.com/jobs/view/medewerker-klantenservice-at-van-mossel-automotive-group-4455292954,klantenservice medewerker
Van Nieuwpoort Groep,vannieuwpoort.com,geraden en bevestigd,Medewerker marketingcommunicatie,2026-09-04,Gouda,1,nee,https://nl.linkedin.com/jobs/view/medewerker-marketingcommunicatie-at-van-nieuwpoort-groep-4461171249,webcare medewerker
Vandebron,vandebron.nl,geraden en bevestigd,Customer Service Medewerker,2026-05-28,Amsterdam,1,nee,https://nl.linkedin.com/jobs/view/customer-service-medewerker-at-vandebron-4431658020,klantenservice medewerker
Vandersterre,vandersterre.com,geraden en bevestigd,Verkoopondersteuning,2026-09-21,Bodegraven,1,nee,https://nl.linkedin.com/jobs/view/verkoopondersteuning-at-vandersterre-4469874021,orderverwerking medewerker
VAST.,vast.nl,geraden en bevestigd,E‑commerce Specialist,2026-07-14,'s-Heerenberg,1,nee,https://nl.linkedin.com/jobs/view/e%E2%80%91commerce-specialist-at-vast-4440568385,webcare medewerker
VDL Agrotech,vdlagrotech.nl,geraden en bevestigd,Commercieel Medewerker Binnendienst,2026-09-07,Eindhoven,1,nee,https://nl.linkedin.com/jobs/view/commercieel-medewerker-binnendienst-at-vdl-agrotech-4464370174,orderverwerking medewerker
Vecht en IJssel,vechtenijssel.nl,geraden en bevestigd,Open sollicitatie,2025-03-26,IJsselstein,1,nee,https://nl.linkedin.com/jobs/view/open-sollicitatie-at-vecht-en-ijssel-4190977851,webcare medewerker
Veldsink Advies,veldsink.nl,geraden en bevestigd,Adviseur Binnendienst Particulier,2026-09-10,Valkenswaard,7,nee,https://nl.linkedin.com/jobs/view/adviseur-binnendienst-particulier-at-veldsink-advies-4465631007,klantadviseur
VELUX,velux.nl,geraden en bevestigd,Customer Service Professional met technische affiniteit,2026-09-09,De Meern,3,nee,https://nl.linkedin.com/jobs/view/customer-service-professional-met-technische-affiniteit-at-velux-4465054190,klantenservice medewerker
Verano®,verano.nl,geraden en bevestigd,Commercieel medewerker binnendienst export,2026-06-27,Best,1,nee,https://nl.linkedin.com/jobs/view/commercieel-medewerker-binnendienst-export-at-verano-b-v-4434223397,orderverwerking medewerker
Verathon,verathon.com,geraden en bevestigd,Customer Service Specialist,2026-08-31,Amsterdam,1,nee,https://nl.linkedin.com/jobs/view/customer-service-specialist-at-verathon-4460070748,klantenservice medewerker
Verisure,verisure.nl,geraden en bevestigd,Klantenservice medewerker Inbound,2026-09-17,Amsterdam,3,nee,https://nl.linkedin.com/jobs/view/klantenservice-medewerker-inbound-at-verisure-4466254242,klantenservice medewerker
Vermaat,linkedin.com,geraden en bevestigd,Horecamedewerker Antoni van Leeuwenhoek,2026-08-26,Amsterdam,1,nee,https://nl.linkedin.com/jobs/view/horecamedewerker-antoni-van-leeuwenhoek-at-vermaat-4461442279,webcare medewerker
VERO MODA,veromoda.com,geraden en bevestigd,Verkoopmedewerker VERO MODA Zwolle,2026-06-17,Zwolle,2,nee,https://nl.linkedin.com/jobs/view/verkoopmedewerker-vero-moda-zwolle-at-vero-moda-4429939849,support medewerker webshop
versAlert B.V.,versalert.nl,geraden en bevestigd,Klantsupport medewerker,2026-09-10,Utrecht,1,nee,https://nl.linkedin.com/jobs/view/klantsupport-medewerker-at-versalert-b-v-4463455293,klantenservice medewerker
Verzuimdata,verzuimdata.nl,geraden en bevestigd,Medewerker Service &amp; Support,2026-09-14,Ridderkerk,1,nee,https://nl.linkedin.com/jobs/view/medewerker-service-support-at-verzuimdata-b-v-4440557380,webcare medewerker
Veynex Embedded Software,veynex.com,geraden en bevestigd,ICT Support Medewerker,2026-07-03,Maastricht,3,nee,https://nl.linkedin.com/jobs/view/ict-support-medewerker-at-veynex-embedded-software-4446509258,webcare medewerker
Viamanta,viamanta.com,geraden en bevestigd,Partner Success Specialist (m/f/x),2026-06-02,Amsterdam,1,nee,https://nl.linkedin.com/jobs/view/partner-success-specialist-m-f-x-at-viamanta-4423923357,customer happiness
ViewSonic,viewsonic.com,geraden en bevestigd,Customer Success Coordinator German,2026-09-04,Weesp,1,nee,https://nl.linkedin.com/jobs/view/customer-success-coordinator-german-at-viewsonic-4461974451,customer happiness
Viking Europe,viking-europe.com,geraden en bevestigd,Local Commercial Web Manager NLD,2026-09-16,Venlo,1,nee,https://nl.linkedin.com/jobs/view/local-commercial-web-manager-nld-at-viking-europe-4468262157,webcare medewerker
Viking Nederland,viking.nl,geraden en bevestigd,Local Commercial Web Manager NLD,2026-09-16,Venlo,1,nee,https://nl.linkedin.com/jobs/view/local-commercial-web-manager-nld-at-viking-nederland-4468261625,webcare medewerker
VIKTOR,viktor.com,geraden en bevestigd,Customer Success Manager,2026-09-15,Rotterdam,1,nee,https://nl.linkedin.com/jobs/view/customer-success-manager-at-viktor-4467494832,customer happiness
VILA,vila.nl,geraden en bevestigd,Verkoopmedewerker fulltime VILA Rotterdam Alexandrium (New Store),2026-08-13,Rotterdam,1,nee,https://nl.linkedin.com/jobs/view/verkoopmedewerker-fulltime-vila-rotterdam-alexandrium-new-store-at-vila-4453674488,support medewerker webshop
Vintage.com,vintage.com,geraden en bevestigd,French Customer Experience Agent,2026-09-15,Duiven,7,nee,https://nl.linkedin.com/jobs/view/french-customer-experience-agent-at-vintage-com-4464134036,klantenservice medewerker
Vinted,vinted.nl,geraden en bevestigd,"Partner Success Coordinator (Dutch Speaking), VintedGo Member Support",2026-09-21,Amsterdam,1,nee,https://nl.linkedin.com/jobs/view/partner-success-coordinator-dutch-speaking-vintedgo-member-support-at-vinted-4461082335,support medewerker webshop
VINVIN Wines,vinvinwines.nl,geraden en bevestigd,Commercieel medewerker binnendienst,2026-09-17,Rotterdam,1,nee,https://nl.linkedin.com/jobs/view/commercieel-medewerker-binnendienst-at-vinvin-wines-4468693688,orderverwerking medewerker
Vion Food Group,vionfoodgroup.com,geraden en bevestigd,Medewerker Backoffice Verkoop,2026-09-22,Enschede,1,nee,https://nl.linkedin.com/jobs/view/medewerker-backoffice-verkoop-at-vion-food-group-4463509690,orderverwerking medewerker
VIPS PMS,vipspms.com,geraden en bevestigd,Customer Success &amp; Accountmanager VIPS PMS,2026-08-27,Nieuwegein,1,nee,https://nl.linkedin.com/jobs/view/customer-success-accountmanager-vips-pms-at-vips-pms-4458962293,customer happiness
Virtual Assistant Team,virtualassistantteam.com.au,geraden en bevestigd,Digital Marketer with Click Funnels,2025-04-03,Est,1,nee,https://nl.linkedin.com/jobs/view/digital-marketer-with-click-funnels-at-virtual-assistant-team-4197787540,webcare medewerker
Voetencentrum Wender,voetencentrumnoordwijk.nl,geraden en bevestigd,Medewerker Servicedesk,2026-09-09,Hengelo,1,nee,https://nl.linkedin.com/jobs/view/medewerker-servicedesk-at-voetencentrum-wender-4465058771,webcare medewerker
VolkerWessels Infra Digital,volkerwessels.com,geraden en bevestigd,Servicedeskmedewerker,2026-07-08,Vianen,1,nee,https://nl.linkedin.com/jobs/view/servicedeskmedewerker-at-volkerwessels-infra-digital-4437066756,webcare medewerker
Vondel Hotels,vondelhotels.com,geraden en bevestigd,Medewerker Bediening,2026-06-04,Amsterdam,1,nee,https://nl.linkedin.com/jobs/view/medewerker-bediening-at-vondel-hotels-4423376761,webcare medewerker
Voordeeluitjes,voordeeluitjes.nl,geraden en bevestigd,Klantenservicemedewerker Voordeeluitjes.nl,2026-07-21,Deventer,1,nee,https://nl.linkedin.com/jobs/view/klantenservicemedewerker-voordeeluitjes-nl-at-voordeeluitjes-nl-4442996961,klantenservice medewerker
Vulpes Goods,vulpesgoods.com,geraden en bevestigd,Customer Experience Specialist,2026-08-25,Bunnik,1,ja,https://nl.linkedin.com/jobs/view/customer-experience-specialist-at-vulpes-goods-4458599796,customer happiness
Waldom,waldom.com,geraden en bevestigd,Customer Experience Specialist - German Speaking,2026-09-21,Amsterdam Area,2,nee,https://nl.linkedin.com/jobs/view/customer-experience-specialist-german-speaking-at-waldom-4467556585,customer happiness
Walraven Nederland,walraven.com,geraden en bevestigd,Medewerker Internal Sales,2026-09-01,Mijdrecht,1,nee,https://nl.linkedin.com/jobs/view/medewerker-internal-sales-at-walraven-nederland-4461743440,orderverwerking medewerker
waterdrop®,waterdrop.nl,geraden en bevestigd,Sales Assistant - Hydrista (w/m/d),2026-08-28,Roermond,1,nee,https://nl.linkedin.com/jobs/view/sales-assistant-hydrista-w-m-d-at-waterdrop%C2%AE-4455346916,webshop medewerker
WebElephant,webelephant.nl,geraden en bevestigd,Open sollicitatie,2025-05-24,Breda,1,nee,https://nl.linkedin.com/jobs/view/open-sollicitatie-at-webelephant-4234647037,webshop medewerker
Webgrade,webgrade.nl,geraden en bevestigd,WordPress Developer,2026-08-12,Den Haag,1,nee,https://nl.linkedin.com/jobs/view/wordpress-developer-at-webgrade-4450196396,webcare medewerker
Webstijl B.V.,webstijl.nl,geraden en bevestigd,Traineeship/junior medewerker online marketing bij Webstijl,2026-07-03,Alphen aan den Rijn,1,nee,https://nl.linkedin.com/jobs/view/traineeship-junior-medewerker-online-marketing-bij-webstijl-at-webstijl-b-v-4436904592,webcare medewerker
Weeztix,weeztix.com,geraden en bevestigd,Customer Succes Manager Cashless,2026-08-19,Amsterdam,1,nee,https://nl.linkedin.com/jobs/view/customer-succes-manager-cashless-at-weeztix-4456157968,customer happiness
Weight Doctors,weight-doctors.nl,geraden en bevestigd,Patiënten Coördinator / Receptioniste / Medisch Assistent(e),2026-09-18,Waalre,1,nee,https://nl.linkedin.com/jobs/view/pati%C3%ABnten-co%C3%B6rdinator-receptioniste-medisch-assistent-e-at-weight-doctors-4466633992,webcare medewerker
Welcom Noordwijk,welcombij.nl,geraden en bevestigd,Verkoopadviseur Welcom bij Kivits Venray,2026-08-05,Venray,1,nee,https://nl.linkedin.com/jobs/view/verkoopadviseur-welcom-bij-kivits-venray-at-welcom-noordwijk-4449436068,klantadviseur
Werken bij Technische Unie,technischeunie.nl,geraden en bevestigd,Search and Merchandise E-commerce Specialist,2026-09-18,Amstelveen,12,nee,https://nl.linkedin.com/jobs/view/search-and-merchandise-e-commerce-specialist-at-werken-bij-technische-unie-4459841269,e-commerce medewerker
Werken in Gelderland,werkeningelderland.nl,geraden en bevestigd,Web- en contentspecialist,2026-09-17,Zwolle,2,nee,https://nl.linkedin.com/jobs/view/web-en-contentspecialist-at-werken-in-gelderland-4467543315,webcare medewerker
WestCord Hotels,westcordhotels.nl,geraden en bevestigd,Medewerker Bediening Fulltime,2026-09-14,Groningen,6,nee,https://nl.linkedin.com/jobs/view/medewerker-bediening-fulltime-at-westcord-hotels-4464799747,webcare medewerker
Whitevision,whitevision.com,geraden en bevestigd,"Service Medewerker, €3.000 - €3.500 | Rotterdam/Zoetermeer",2026-08-06,Rotterdam,1,nee,https://nl.linkedin.com/jobs/view/service-medewerker-%E2%82%AC3-000-%E2%82%AC3-500-rotterdam-zoetermeer-at-whitevision-4448820634,webcare medewerker
wienerberger Nederland,wienerberger.nl,geraden en bevestigd,Medewerker Binnendienst | Customer Service | 32 tot 40 uur | Elst,2026-09-10,Elst,1,nee,https://nl.linkedin.com/jobs/view/medewerker-binnendienst-customer-service-32-tot-40-uur-elst-at-wienerberger-nederland-4463477410,orderverwerking medewerker
WilroffReitsma,wilroffreitsma.nl,geraden en bevestigd,Commercieel Medewerker Binnendienst,2026-09-10,Halfweg,1,nee,https://nl.linkedin.com/jobs/view/commercieel-medewerker-binnendienst-at-wilroffreitsma-4464520981,orderverwerking medewerker
WINSEARCH Netherlands,winsearch.nl,geraden en bevestigd,Commercieel medewerker,2026-09-14,Zwaag,1,nee,https://nl.linkedin.com/jobs/view/commercieel-medewerker-at-winsearch-netherlands-4464786207,orderverwerking medewerker
Woertman Nederland B.V.,woertman.nl,geraden en bevestigd,Backoffice &amp; Operations Coördinator,2026-09-10,Nieuwegein,1,nee,https://nl.linkedin.com/jobs/view/backoffice-operations-co%C3%B6rdinator-at-woertman-nederland-b-v-4464095561,orderverwerking medewerker
Woonstad Rotterdam,woonstadrotterdam.nl,geraden en bevestigd,Klantadviseur,2026-09-21,Rotterdam,1,nee,https://nl.linkedin.com/jobs/view/klantadviseur-at-woonstad-rotterdam-4372858831,klantadviseur
Workiva,workiva.com,geraden en bevestigd,Customer Success Manager - German Speaking,2026-09-14,Amsterdam,1,nee,https://nl.linkedin.com/jobs/view/customer-success-manager-german-speaking-at-workiva-4465763814,customer happiness
Workodo,workodo.com,geraden en bevestigd,Support medewerker,2026-07-22,Amsterdam,1,nee,https://nl.linkedin.com/jobs/view/support-medewerker-at-workodo-4443413393,support medewerker webshop
WorkplaceBuddy,workplacebuddy.com,geraden en bevestigd,Customer Success Manager (Dutch speaking),2026-09-21,Amsterdam,1,nee,https://nl.linkedin.com/jobs/view/customer-success-manager-dutch-speaking-at-workplacebuddy-4469867784,customer happiness
WP Masters,wpmasters.nl,geraden en bevestigd,SEO Specialist (junior),2026-08-05,Amsterdam,1,nee,https://nl.linkedin.com/jobs/view/seo-specialist-junior-at-wp-masters-4448906732,webcare medewerker
WP SEO AI,wpseoai.com,geraden en bevestigd,Wordpress Developer (German/Dutch Speaking),2026-08-31,Amsterdam,1,nee,https://nl.linkedin.com/jobs/view/wordpress-developer-german-dutch-speaking-at-wp-seo-ai-4461201969,webcare medewerker
X2O Badkamers Nederland,x2o.nl,geraden en bevestigd,Showroom Adviseur (Zaandam),2026-07-23,Zaandam,1,nee,https://nl.linkedin.com/jobs/view/showroom-adviseur-zaandam-at-x2o-badkamers-nederland-4444403974,klantadviseur
Xeltis,xeltis.com,geraden en bevestigd,Customer Service Specialist,2026-08-18,Eindhoven,1,nee,https://nl.linkedin.com/jobs/view/customer-service-specialist-at-xeltis-4454901454,customer service
Yex B.V.,yex.nl,geraden en bevestigd,Commercial Support Medewerker,2025-08-14,Naaldwijk,1,nee,https://nl.linkedin.com/jobs/view/commercial-support-medewerker-at-yex-b-v-4282866294,orderverwerking medewerker
You Sure,yousure.nl,geraden en bevestigd,Customer Support Medewerker,2026-09-20,Hoofddorp,2,nee,https://nl.linkedin.com/jobs/view/customer-support-medewerker-at-you-sure-4372512433,klantenservice medewerker
Zelesta,zelesta.nl,geraden en bevestigd,E-commerce Specialist,2026-09-21,Soesterberg,1,nee,https://nl.linkedin.com/jobs/view/e-commerce-specialist-at-zelesta-4469874193,webcare medewerker
ZENGGI,zenggi.com,geraden en bevestigd,Digital Marketing Growth Specialist,2026-08-29,Amsterdam,1,ja,https://nl.linkedin.com/jobs/view/digital-marketing-growth-specialist-at-zenggi-4460856187,e-commerce medewerker
Zimmer Biomet,zimmerbiomet.com,geraden en bevestigd,Customer Experience - Local Strategic Partner,2026-09-10,Breda,1,nee,https://nl.linkedin.com/jobs/view/customer-experience-local-strategic-partner-at-zimmer-biomet-4454995782,customer happiness
Zimmermann,zimmermann.nl,geraden en bevestigd,Client Advisor - Opening in Amsterdam - December 2026,2026-09-08,Amsterdam,1,nee,https://nl.linkedin.com/jobs/view/client-advisor-opening-in-amsterdam-december-2026-at-zimmermann-4452396516,klantadviseur
Zitmaxx Wonen,zitmaxx.nl,geraden en bevestigd,Photoshopper / Beeldbewerker,2026-09-15,Ter Aar,5,nee,https://nl.linkedin.com/jobs/view/photoshopper-beeldbewerker-at-zitmaxx-wonen-4467778899,webshop medewerker
Zonneplan,zonneplan.nl,geraden en bevestigd,Customer Support Specialist,2026-09-15,Zwolle,2,nee,https://nl.linkedin.com/jobs/view/customer-support-specialist-at-zonneplan-4324809529,klantenservice medewerker
Zorg en Zekerheid,zorgenzekerheid.nl,geraden en bevestigd,Senior (Lead) Front-end Developer,2026-08-31,Leiden,1,nee,https://nl.linkedin.com/jobs/view/senior-lead-front-end-developer-at-zorg-en-zekerheid-4460030095,webcare medewerker
Zorg+Welzijn,zorgwelzijn.nl,geraden en bevestigd,Huiskamer medewerker | PG,2026-07-24,Hilversum,1,nee,https://nl.linkedin.com/jobs/view/huiskamer-medewerker-pg-at-zorg%2Bwelzijn-4444975815,webcare medewerker
ZwolleDoet!,zwolledoet.nl,geraden en bevestigd,Webredacteur voor IVN Zwolle,2026-09-13,Zwolle,2,nee,https://nl.linkedin.com/jobs/view/webredacteur-voor-ivn-zwolle-at-zwolledoet%21-4466765993,webcare medewerker
A.P. Moller - Maersk,,domein niet gevonden,Service Delivery Manager,2026-09-10,Rotterdam,2,nee,https://nl.linkedin.com/jobs/view/service-delivery-manager-at-a-p-moller-maersk-4465629892,customer happiness
Aareon NL,,domein niet gevonden,Klantencoach,2026-08-31,Oosterhout,1,nee,https://nl.linkedin.com/jobs/view/klantencoach-at-aareon-nl-4461233108,customer happiness
adidas,,domein niet gevonden,Sales Consultant - Rotterdam,2026-09-04,Rotterdam,1,nee,https://nl.linkedin.com/jobs/view/sales-consultant-rotterdam-at-adidas-4441513187,klantadviseur
AgruniekRijnvallei,,domein niet gevonden,Vacature: Medewerker Verkoopadministratie en Masterdatabeheer - Wageningen,2026-07-09,Wageningen,1,nee,https://nl.linkedin.com/jobs/view/vacature-medewerker-verkoopadministratie-en-masterdatabeheer-wageningen-at-agruniekrijnvallei-4438629880,orderverwerking medewerker
Allianz Trade in Nederland,,domein niet gevonden,CUSTOMER LINE OFFICER,2026-09-17,'s-Hertogenbosch,1,nee,https://nl.linkedin.com/jobs/view/customer-line-officer-at-allianz-trade-in-the-netherlands-4468675649,klantenservice medewerker
Amazon,,domein niet gevonden,"Selling Partner Support Associate — Korean Speaker, Selling Partner Support",2026-09-18,Middelburg,1,nee,https://nl.linkedin.com/jobs/view/selling-partner-support-associate-%E2%80%94-korean-speaker-selling-partner-support-at-amazon-4469141601,customer happiness
Aquaculture Stewardship Council (ASC),,domein niet gevonden,Traceability Coordinator,2026-08-27,Nederland,1,nee,https://nl.linkedin.com/jobs/view/traceability-coordinator-at-aquaculture-stewardship-council-asc-4458652020,webcare medewerker
Arlon Graphics,,domein niet gevonden,Customer Support Specialist EMEA,2026-09-03,Den Haag,1,nee,https://nl.linkedin.com/jobs/view/customer-support-specialist-emea-at-arlon-graphics-4461654441,klantenservice medewerker
Arval BNP Paribas Group,,domein niet gevonden,Accountmanager B2B,2026-09-08,Houten,2,nee,https://nl.linkedin.com/jobs/view/accountmanager-b2b-at-arval-bnp-paribas-group-4463508168,klantadviseur
Ashby,,domein niet gevonden,Mid-Market Customer Success Manager - EMEA,2026-09-18,Amsterdam,1,nee,https://nl.linkedin.com/jobs/view/mid-market-customer-success-manager-emea-at-ashby-4468016415,customer happiness
Autobedrijf Bochane,,domein niet gevonden,Junior Service Adviseur,2026-09-12,Harderwijk,1,nee,https://nl.linkedin.com/jobs/view/junior-service-adviseur-at-autobedrijf-bochane-4438306474,klantadviseur
AVH Outdoor Tuinmeubelen,,domein niet gevonden,Verkoopmedewerk(st)er,2026-03-20,Numansdorp,3,nee,https://nl.linkedin.com/jobs/view/verkoopmedewerk-st-er-at-avh-outdoor-tuinmeubelen-4388596338,support medewerker webshop
Axians NL | Data Analytics,,domein niet gevonden,Customer Care Specialist,2026-08-20,Eindhoven,2,nee,https://nl.linkedin.com/jobs/view/customer-care-specialist-at-axians-data-ai-4453869579,klantenservice medewerker
Barista-Essentials,,domein niet gevonden,Klantenservice manager I Chef blije thuisbarista's,2026-08-07,Utrecht,1,nee,https://nl.linkedin.com/jobs/view/klantenservice-manager-i-chef-blije-thuisbarista-s-at-barista-essentials-4450737905,customer happiness
BCS HR Software,,domein niet gevonden,Customer Success Manager,2026-07-29,'s-Hertogenbosch,1,nee,https://nl.linkedin.com/jobs/view/customer-success-manager-at-bcs-hr-software-4446743358,customer happiness
Bezos.AI,,domein niet gevonden,Graduate Business Operations Associate,2026-07-05,Amsterdam,1,nee,https://nl.linkedin.com/jobs/view/graduate-business-operations-associate-at-gonini-formerly-bezos-ai-4437127111,e-commerce medewerker
Bluebird Day. | B Corp,,domein niet gevonden,AI Commerce Front-end Engineer,2026-05-19,Breda,1,nee,https://nl.linkedin.com/jobs/view/ai-commerce-front-end-engineer-at-bluebird-day-4416675385,webshop medewerker
Boels Rental,,domein niet gevonden,Manager Customer Service,2026-09-08,Sittard,1,nee,https://nl.linkedin.com/jobs/view/manager-customer-service-at-boels-rental-4464469303,customer happiness
BoF Careers,,domein niet gevonden,"PRADA Client Advisor, Roermond",2026-09-11,Roermond,2,nee,https://nl.linkedin.com/jobs/view/prada-client-advisor-roermond-at-bof-careers-4464851884,klantadviseur
Bolsius | B Corp™,,domein niet gevonden,Customer Service Specialist (B2B),2026-08-20,Schijndel,1,nee,https://nl.linkedin.com/jobs/view/customer-service-specialist-b2b-at-bolsius-b-corp%E2%84%A2-4454107329,customer service
Booston.io,,domein niet gevonden,Cleanroom Medewerker 2-ploegen (Bergeijk) | NL or ENG,2026-09-21,Bergeyk,3,nee,https://nl.linkedin.com/jobs/view/cleanroom-medewerker-2-ploegen-bergeijk-nl-or-eng-at-booston-io-4468736436,webcare medewerker
Breville | Sage,,domein niet gevonden,Beanz EU Co-ordinator,2026-08-26,Amsterdam,1,nee,https://nl.linkedin.com/jobs/view/beanz-eu-co-ordinator-at-breville-sage-4459164905,e-commerce medewerker
Brink's Solutions Nederland,,domein niet gevonden,Customer Success Agent (32-40 uur),2026-09-08,"Utrecht, Nederland",1,nee,https://nl.linkedin.com/jobs/view/customer-success-agent-32-40-uur-at-brink-s-solutions-nederland-4462295963,customer happiness
Carhartt EMEA/PAC,,domein niet gevonden,Customer Operations Associate,2026-09-07,Amsterdam,1,nee,https://nl.linkedin.com/jobs/view/customer-operations-associate-at-carhartt-emea-pac-4461885185,e-commerce medewerker
Cartier,,domein niet gevonden,Client Advisor - Greek and Italian,2026-09-18,Amsterdam,1,nee,https://nl.linkedin.com/jobs/view/client-advisor-greek-and-italian-at-cartier-4449738381,customer happiness
Catawiki,,domein niet gevonden,Frontend Engineer,2026-09-21,Randstad,1,nee,https://nl.linkedin.com/jobs/view/frontend-engineer-at-catawiki-4467372028,webcare medewerker
Cato Networks,,domein niet gevonden,Customer Success Manager,2026-08-31,Amsterdam,1,nee,https://nl.linkedin.com/jobs/view/customer-success-manager-at-cato-networks-4440136307,customer happiness
CCL Solar Benelux,,domein niet gevonden,Logistics Coordinator,2026-09-07,Houten,1,nee,https://nl.linkedin.com/jobs/view/logistics-coordinator-at-ccl-solar-benelux-4464385834,orderverwerking medewerker
CEVA Logistics,,domein niet gevonden,Sales Support Executive,2026-09-22,Nijmegen,2,nee,https://nl.linkedin.com/jobs/view/sales-support-executive-at-ceva-logistics-4468572747,e-commerce medewerker
Channable,,domein niet gevonden,Technical Customer Support Benelux - Dutch speaking,2026-09-18,Utrecht,3,nee,https://nl.linkedin.com/jobs/view/technical-customer-support-benelux-dutch-speaking-at-channable-4458970254,e-commerce medewerker
Check Point Software,,domein niet gevonden,Customer Success Manager,2026-09-21,Utrecht,1,nee,https://nl.linkedin.com/jobs/view/customer-success-manager-at-check-point-software-4442515867,customer happiness
Cold Care Group,,domein niet gevonden,Office &amp; Marketing Medewerker,2026-08-13,Apeldoorn,1,nee,https://nl.linkedin.com/jobs/view/office-marketing-medewerker-at-cold-care-group-4454012970,webcare medewerker
Colliers,,domein niet gevonden,Customer Support Specialist,2026-09-08,Nieuwegein,1,nee,https://nl.linkedin.com/jobs/view/customer-support-specialist-at-colliers-4464492902,klantenservice medewerker
Convatec,,domein niet gevonden,Patient Support Specialist - Dutch Speaker,2026-09-08,Utrecht,1,nee,https://nl.linkedin.com/jobs/view/patient-support-specialist-dutch-speaker-at-convatec-4455755288,klantadviseur
Copaco,,domein niet gevonden,Junior Customer Success Medewerker,2026-09-16,Eindhoven,3,nee,https://nl.linkedin.com/jobs/view/junior-customer-success-medewerker-at-copaco-4465979845,customer happiness
Corendon Hotels & Resorts,,domein niet gevonden,Front Office Associate - Residence Inn by Marriott,2026-09-21,Amsterdam,2,nee,https://nl.linkedin.com/jobs/view/front-office-associate-residence-inn-by-marriott-at-corendon-hotels-resorts-4469860465,customer service
Daifuku Airport Netherlands,,domein niet gevonden,Medewerker IT Servicedesk,2026-08-04,Hoofddorp,1,nee,https://nl.linkedin.com/jobs/view/medewerker-it-servicedesk-at-daifuku-airport-netherlands-4449010191,webcare medewerker
Dalux,,domein niet gevonden,Customer Success Manager - Rotterdam,2026-09-08,Rotterdam,1,nee,https://nl.linkedin.com/jobs/view/customer-success-manager-rotterdam-at-dalux-4437181382,customer happiness
Dawn Foods Global,,domein niet gevonden,Customer Service Employee,2026-09-08,Vlaardingen,1,nee,https://nl.linkedin.com/jobs/view/customer-service-employee-at-dawn-foods-global-4462503620,klantenservice medewerker
De Mandemakers Groep,,domein niet gevonden,Technisch web analist,2026-09-11,Waalwijk,1,nee,https://nl.linkedin.com/jobs/view/technisch-web-analist-at-de-mandemakers-groep-4466320062,webcare medewerker
DeepHealth,,domein niet gevonden,Technical Support Engineer,2026-06-01,Nederland,1,nee,https://nl.linkedin.com/jobs/view/technical-support-engineer-at-deephealth-4421858266,webcare medewerker
Delta Electronics EMEA,,domein niet gevonden,Logistics Specialist,2026-09-04,Hoofddorp,1,nee,https://nl.linkedin.com/jobs/view/logistics-specialist-at-delta-electronics-emea-4460258045,orderverwerking medewerker
Den Ouden,,domein niet gevonden,Medewerker Customer Service,2026-09-07,Schijndel,1,nee,https://nl.linkedin.com/jobs/view/medewerker-customer-service-at-den-ouden-groep-4464314677,klantenservice medewerker
DHL Freight,,domein niet gevonden,Customer Service Representative,2026-09-03,Eindhoven,2,nee,https://nl.linkedin.com/jobs/view/customer-service-representative-at-dhl-freight-4461763311,klantadviseur
"DHOMUS | partner voor keukens, sanitair & tegels",,domein niet gevonden,Senior Medewerker Orderverwerking Keukens,2026-05-08,Waardenburg,1,nee,https://nl.linkedin.com/jobs/view/senior-medewerker-orderverwerking-keukens-at-dhomus-partner-for-kitchens-sanitary-ware-tiles-4422415657,orderverwerking medewerker
Dimplex Consumer Products,,domein niet gevonden,Customer Experience Representative,2026-09-14,Heerenveen,1,nee,https://nl.linkedin.com/jobs/view/customer-experience-representative-at-dimplex-consumer-products-4467074522,klantenservice medewerker
Dirk Rossmann GmbH,,domein niet gevonden,Operativer Einkäufer (m/w/d) eCommerce ROSSMANN-Apotheke B.V.,2026-09-12,Emmen,1,nee,https://nl.linkedin.com/jobs/view/operativer-eink%C3%A4ufer-m-w-d-ecommerce-rossmann-apotheke-b-v-at-dirk-rossmann-gmbh-4457339910,e-commerce medewerker
Dirk van den Broek,,domein niet gevonden,Medewerker Klantenservice en Servicedesk,2026-09-17,Alphen aan den Rijn,1,nee,https://nl.linkedin.com/jobs/view/medewerker-klantenservice-en-servicedesk-at-dirk-van-den-broek-4467506639,klantenservice medewerker
DO IT Organic (B Corp™),,domein niet gevonden,Customer Service and Sales Assistant,2026-08-19,Barneveld,2,nee,https://nl.linkedin.com/jobs/view/customer-service-and-sales-assistant-at-do-it-organic-b-corp%E2%84%A2-4455460040,e-commerce medewerker
DotControl,,domein niet gevonden,Medior Front-End Developer,2025-03-17,Rotterdam,1,nee,https://nl.linkedin.com/jobs/view/medior-front-end-developer-at-dotcontrol-4184477436,webcare medewerker
DPA Professionals,,domein niet gevonden,"Klantadviseur Banken, Verzekeringen &amp; Pensioenen",2026-09-21,Utrecht,3,nee,https://nl.linkedin.com/jobs/view/klantadviseur-banken-verzekeringen-pensioenen-at-dpa-professionals-4460039157,klantadviseur
Dripps.ai,,domein niet gevonden,Customer Success Manager,2026-07-21,Utrecht,1,nee,https://nl.linkedin.com/jobs/view/customer-success-manager-at-dripps-ai-4442680636,customer happiness
dsm-firmenich,,domein niet gevonden,"Lead Expert, Regional Customer Experience, ISOL",2026-09-17,Delft,1,nee,https://nl.linkedin.com/jobs/view/lead-expert-regional-customer-experience-isol-at-dsm-firmenich-4466262477,customer happiness
DSV - Global Transport and Logistics,,domein niet gevonden,Customer Service Representative,2026-09-21,Venlo,5,nee,https://nl.linkedin.com/jobs/view/customer-service-representative-at-dsv-global-transport-and-logistics-4459798043,klantenservice medewerker
dutchtel het enige transparante telecom bedrijf van Nederland,,domein niet gevonden,Klant adviseur Telecom,2026-08-09,Breukelen,1,nee,https://nl.linkedin.com/jobs/view/klant-adviseur-telecom-at-dutchtel-4451324370,klantadviseur
E-WISE Nederland,,domein niet gevonden,Commercieel Medewerker Binnendienst (Inside Sales),2026-03-10,Utrecht,1,nee,https://nl.linkedin.com/jobs/view/commercieel-medewerker-binnendienst-inside-sales-at-e-wise-nederland-4382027982,e-commerce medewerker
efficy CRM,,domein niet gevonden,Customer Care Officer (Dutch speaker),2026-09-10,Utrecht,1,nee,https://nl.linkedin.com/jobs/view/customer-care-officer-dutch-speaker-at-efficy-crm-4463431909,klantenservice medewerker
efficy Group,,domein niet gevonden,Customer Care Officer (Dutch speaker),2026-09-07,Utrecht,2,nee,https://nl.linkedin.com/jobs/view/customer-care-officer-dutch-speaker-at-efficy-group-4452436527,klantenservice medewerker
Efulfilment Europe,,domein niet gevonden,Online Marketeer,2026-09-10,Almere,3,nee,https://nl.linkedin.com/jobs/view/online-marketeer-at-efulfilment-europe-4463494033,e-commerce medewerker
Ekco,,domein niet gevonden,Support Engineer,2026-07-24,Veenendaal,1,nee,https://nl.linkedin.com/jobs/view/support-engineer-at-ekco-4454901763,webcare medewerker
Energie VanOns,,domein niet gevonden,Medewerker klantenservice,2026-09-17,"Groningen, Nederland",1,nee,https://nl.linkedin.com/jobs/view/medewerker-klantenservice-at-energie-vanons-4468636614,klantenservice medewerker
ennovationHUB,,domein niet gevonden,Senior Google Ads Specialist | International E-commerce | Remote ASAP,2026-09-18,Nederland,1,nee,https://nl.linkedin.com/jobs/view/senior-google-ads-specialist-international-e-commerce-remote-asap-at-ennovationhub-4469156300,e-commerce medewerker
EssilorLuxottica,,domein niet gevonden,Optician - Customer Service Executive,2026-09-05,Zevenaar,1,nee,https://nl.linkedin.com/jobs/view/optician-customer-service-executive-at-essilorluxottica-4294584765,customer service
Everflow - Partner Marketing Platform,,domein niet gevonden,"Customer Success Manager, Support - EU",2026-09-09,Amsterdam,1,nee,https://nl.linkedin.com/jobs/view/customer-success-manager-support-eu-at-everflow-partner-marketing-platform-4465016580,customer happiness
Evoke,,domein niet gevonden,Customer Service Specialist,2026-09-18,Geleen,1,nee,https://nl.linkedin.com/jobs/view/customer-service-specialist-at-evoke-4467898800,orderverwerking medewerker
Figo Pet Nederland,,domein niet gevonden,Conseiller(ère) clientèle,2026-09-16,Amsterdam Area,1,nee,https://nl.linkedin.com/jobs/view/conseiller-%C3%A8re-client%C3%A8le-at-figo-pet-nederland-4466866292,klantadviseur
Fleetport.nl,,domein niet gevonden,Klantenservice medewerker (Pooldesk),2026-07-30,Bleiswijk,1,nee,https://nl.linkedin.com/jobs/view/klantenservice-medewerker-pooldesk-at-fleetport-nl-4446464750,klantenservice medewerker
FOOX Bergsma Franeker BV,,domein niet gevonden,Binnendienst Medewerker Webshop Foods &amp; Goods - (fulltime),2026-09-17,Franeker,1,nee,https://nl.linkedin.com/jobs/view/binnendienst-medewerker-webshop-foods-goods-fulltime-at-foox-bergsma-franeker-bv-4468637112,webcare medewerker
Fortifi Food Processing Solutions,,domein niet gevonden,Customer Service Representative,2026-09-18,Huizen,1,nee,https://nl.linkedin.com/jobs/view/customer-service-representative-at-fortifi-food-processing-solutions-4466224666,klantenservice medewerker
GAC Motor Europe,,domein niet gevonden,Digital Marketing &amp; Social Media Specialist,2026-08-20,Amsterdam,1,nee,https://nl.linkedin.com/jobs/view/digital-marketing-social-media-specialist-at-gac-motor-europe-4455474595,webcare medewerker
Gall & Gall,,domein niet gevonden,Specialist Online Merchandiser,2026-09-11,Zaandam,1,nee,https://nl.linkedin.com/jobs/view/specialist-online-merchandiser-at-gall-gall-4463962737,e-commerce medewerker
Gilde-BT,,domein niet gevonden,ONLINE MARKETEER,2026-09-08,Venlo,1,nee,https://nl.linkedin.com/jobs/view/online-marketeer-at-gilde-bt-4464446931,webcare medewerker
Giorgio Armani,,domein niet gevonden,Client Advisor,2026-09-16,'s-Gravenhage,1,nee,https://nl.linkedin.com/jobs/view/client-advisor-at-giorgio-armani-4442722796,klantadviseur
GUILLIN ESPAÑA,,domein niet gevonden,SERVICEMEDEWERKER - GUILLIN NEDERLAND - BUNSCHOTEN (NETHERLANDS),2026-07-22,Bunschoten,1,nee,https://nl.linkedin.com/jobs/view/servicemedewerker-guillin-nederland-bunschoten-netherlands-at-guillin-espa%C3%B1a-4444214677,orderverwerking medewerker
"GXO Logistics, Inc.",,domein niet gevonden,Customer Service Representative,2026-09-03,Amsterdam Area,2,nee,https://nl.linkedin.com/jobs/view/customer-service-representative-at-gxo-logistics-inc-4460475892,klantenservice medewerker
Hamulight | Outdoor Lighting,,domein niet gevonden,Medewerker operations &amp; commerciële binnendienst,2026-09-08,Panningen,1,nee,https://nl.linkedin.com/jobs/view/medewerker-operations-commerci%C3%ABle-binnendienst-at-hamulight-outdoor-lighting-4464478338,orderverwerking medewerker
Hans Boodt Mannequins,,domein niet gevonden,Customer Support Employee,2026-09-16,Zwijndrecht,1,nee,https://nl.linkedin.com/jobs/view/customer-support-employee-at-hans-boodt-mannequins-4465926563,klantenservice medewerker
Harnham,,domein niet gevonden,Customer success manager - retail experience required,2026-08-27,Randstad,1,nee,https://nl.linkedin.com/jobs/view/customer-success-manager-retail-experience-required-at-harnham-4416264605,customer happiness
HCI - Health Cloud Initiative,,domein niet gevonden,Customer Service Medewerker,2026-09-09,Haarlem,2,nee,https://nl.linkedin.com/jobs/view/customer-service-medewerker-at-health-cloud-initiative-4463836184,klantenservice medewerker
Hemelaer,,domein niet gevonden,Orderpicker (binnenland),2026-08-07,Binnenland,1,nee,https://nl.linkedin.com/jobs/view/orderpicker-binnenland-at-hemelaer-4450301015,orderverwerking medewerker
Heras Mobile Fencing & Security,,domein niet gevonden,Content Performance Specialist,2026-09-16,Best,1,nee,https://nl.linkedin.com/jobs/view/content-performance-specialist-at-heras-mobile-fencing-security-4467979817,webcare medewerker
Heuschen & Schrouff Oriental Food,,domein niet gevonden,(Junior) Commercieel Medewerker Binnendienst,2026-06-15,Landgraaf,1,nee,https://nl.linkedin.com/jobs/view/junior-commercieel-medewerker-binnendienst-at-heuschen-schrouff-oriental-food-4430407283,orderverwerking medewerker
HiBob,,domein niet gevonden,Dutch speaking Enterprise Customer Success Manager,2026-09-22,Amsterdam,1,nee,https://nl.linkedin.com/jobs/view/dutch-speaking-enterprise-customer-success-manager-at-hibob-4470298188,customer happiness
Hisense Benelux,,domein niet gevonden,Account Manager Online Retail,2026-08-28,Duiven,1,nee,https://nl.linkedin.com/jobs/view/account-manager-online-retail-at-hisense-benelux-4458072494,e-commerce medewerker
Holland & Barrett Benelux,,domein niet gevonden,Customer Service Advisor,2026-08-05,Amsterdam,1,nee,https://nl.linkedin.com/jobs/view/customer-service-advisor-at-holland-barrett-benelux-4449659814,klantenservice medewerker
Homefashion Group B.V.,,domein niet gevonden,Meewerkstage E-commerce bij Kwantum,2026-09-15,Tilburg,2,nee,https://nl.linkedin.com/jobs/view/meewerkstage-e-commerce-bij-kwantum-at-homefashion-group-b-v-4466943892,webshop medewerker
Hotel-Congrescentrum De Zeeuwse Stromen,,domein niet gevonden,Medewerker bediening,2026-01-16,Zierikzee,1,nee,https://nl.linkedin.com/jobs/view/medewerker-bediening-at-hotel-congrescentrum-de-zeeuwse-stromen-4362985125,webcare medewerker
Husol Zonwering,,domein niet gevonden,Commercieel Medewerker Binnendienst,2026-09-18,Genemuiden,1,nee,https://nl.linkedin.com/jobs/view/commercieel-medewerker-binnendienst-at-husol-zonwering-4469150276,orderverwerking medewerker
Hyatt Regency,,domein niet gevonden,Front Office Host / Receptionist,2026-09-01,Amsterdam,1,nee,https://nl.linkedin.com/jobs/view/front-office-host-receptionist-at-hyatt-regency-4461772155,customer service
i-Aspect B.V.,,domein niet gevonden,SEO- en contentspecialist,2026-08-26,Utrecht,1,nee,https://nl.linkedin.com/jobs/view/seo-en-contentspecialist-at-i-aspect-b-v-4457277027,webcare medewerker
iBOOD.com,,domein niet gevonden,Specialist Retouren &amp; Garanties,2026-06-02,Amsterdam,1,nee,https://nl.linkedin.com/jobs/view/specialist-retouren-garanties-at-ibood-com-4419282505,e-commerce medewerker
IHG Hotels & Resorts,,domein niet gevonden,Front Office Agent,2026-09-03,Amsterdam,1,nee,https://nl.linkedin.com/jobs/view/front-office-agent-at-ihg-hotels-resorts-4460743412,customer service
ilionx healthcare,,domein niet gevonden,Customer Succes Manager,2026-08-10,'s-Hertogenbosch,1,nee,https://nl.linkedin.com/jobs/view/customer-succes-manager-at-ilionx-healthcare-4451844098,customer happiness
IMCD Benelux BV,,domein niet gevonden,Customer Service Representative,2026-09-02,Rotterdam,1,nee,https://nl.linkedin.com/jobs/view/customer-service-representative-at-imcd-benelux-bv-4451501939,orderverwerking medewerker
Infra Light Engineering,,domein niet gevonden,Medewerker Klantenservice,2026-07-31,Hoofddorp,1,nee,https://nl.linkedin.com/jobs/view/medewerker-klantenservice-at-infra-light-engineering-4447141253,klantenservice medewerker
Inspired Thinking Group (ITG),,domein niet gevonden,ICT-servicedeskmedewerker,2026-09-02,Utrecht,1,nee,https://nl.linkedin.com/jobs/view/ict-servicedeskmedewerker-at-inspired-thinking-group-itg-4452465029,webcare medewerker
Insulcon B.V. - Leader in High Temperature Solutions,,domein niet gevonden,Customer Service Medewerker | 32-40 uur,2026-09-11,Rotterdam,1,nee,https://nl.linkedin.com/jobs/view/customer-service-medewerker-32-40-uur-at-insulcon-b-v-leader-in-high-temperature-solutions-4466062577,orderverwerking medewerker
Insulet Corporation,,domein niet gevonden,Associate Marketing Specialist BLX,2026-09-01,"Overijssel, Nederland",1,nee,https://nl.linkedin.com/jobs/view/associate-marketing-specialist-blx-at-insulet-corporation-4460615289,webcare medewerker
Interu - built by iov42,,domein niet gevonden,Customer Success Manager - Dutch Speaker,2026-09-04,Amsterdam Area,1,nee,https://nl.linkedin.com/jobs/view/customer-success-manager-dutch-speaker-at-interu-built-by-iov42-4463348829,customer happiness
iO,,domein niet gevonden,Webredacteur (Rijks)overheid,2026-09-21,Amsterdam,2,nee,https://nl.linkedin.com/jobs/view/webredacteur-rijks-overheid-at-io-4294348340,webcare medewerker
itsme.,,domein niet gevonden,Commercieel medewerker,2026-09-10,Rotterdam,3,nee,https://nl.linkedin.com/jobs/view/commercieel-medewerker-at-itsme-4464534095,orderverwerking medewerker
IVO Rechtspraak,,domein niet gevonden,Medewerker KlantContact IT (Utrecht),2026-09-15,Utrecht,1,nee,https://nl.linkedin.com/jobs/view/medewerker-klantcontact-it-utrecht-at-ivo-rechtspraak-4466197404,support medewerker webshop
Jaarverslag.org,,domein niet gevonden,Medewerker klantgeluk,2026-09-22,Apeldoorn,2,nee,https://nl.linkedin.com/jobs/view/medewerker-klantgeluk-at-jaarverslag-org-4470282794,webcare medewerker
Jac Hensen,,domein niet gevonden,E-commerce &amp; Online-Marketing Specialist,2026-09-21,Amersfoort,1,nee,https://nl.linkedin.com/jobs/view/e-commerce-online-marketing-specialist-at-jac-hensen-4469885136,webcare medewerker
Jellema Automatiseringsservice B.V.,,domein niet gevonden,Support Medewerker (met doorgroeimogelijkheid),2026-08-01,Nieuwleusen,1,nee,https://nl.linkedin.com/jobs/view/support-medewerker-met-doorgroeimogelijkheid-at-jellema-automatiseringsservice-b-v-4447824701,webcare medewerker
JP Gray,,domein niet gevonden,Customer Service Representative,2026-09-15,Rotterdam,1,nee,https://nl.linkedin.com/jobs/view/customer-service-representative-at-jp-gray-4466501649,klantenservice medewerker
JP.cars,,domein niet gevonden,Customer Success Manager Benelux,2026-09-14,Randstad,2,nee,https://nl.linkedin.com/jobs/view/customer-success-manager-benelux-at-jp-cars-4455180949,customer happiness
Jumbo Supermarkten,,domein niet gevonden,Medewerker Proces &amp; Goederenverwerking,2026-09-22,Gorssel,132,nee,https://nl.linkedin.com/jobs/view/medewerker-proces-goederenverwerking-at-jumbo-supermarkten-4411173482,webshop medewerker
Just Brands - Fashion & Retail,,domein niet gevonden,ECOMMERCE PRODUCT LAUNCH SPECIALIST,2026-09-05,Lijnden,1,nee,https://nl.linkedin.com/jobs/view/ecommerce-product-launch-specialist-at-just-brands-fashion-retail-4444710321,e-commerce medewerker
Kamera Express,,domein niet gevonden,Content Specialist Tweedehands,2026-09-07,Capelle aan den IJssel,2,nee,https://nl.linkedin.com/jobs/view/content-specialist-tweedehands-at-kamera-express-4462941649,e-commerce medewerker
Karakter Traprenovaties en Interieurbouw,,domein niet gevonden,Verkoopadviseur Traprenovaties,2026-06-29,Helmond,1,nee,https://nl.linkedin.com/jobs/view/verkoopadviseur-traprenovaties-at-karakter-traprenovaties-en-interieurbouw-4434499272,klantadviseur
keukenvakhandel H. Stikker BV (Reddy keukens Alkmaar),,domein niet gevonden,Senior verkoopadviseur,2026-09-03,Alkmaar,1,nee,,klantadviseur
Kimman - Jaguar & Land Rover Dealer,,domein niet gevonden,Service Adviseur / Hospitality Specialist,2026-09-17,Amsterdam,1,nee,https://nl.linkedin.com/jobs/view/service-adviseur-hospitality-specialist-at-kimman-4466294565,klantadviseur
Kivits Drunen,,domein niet gevonden,Customer Service Medewerker,2026-09-02,Waalwijk,1,nee,https://nl.linkedin.com/jobs/view/customer-service-medewerker-at-kivits-drunen-4443319622,klantenservice medewerker
KnappeKoppen.work,,domein niet gevonden,Customer Success Manager Automotive,2026-09-15,Amsterdam,1,nee,https://nl.linkedin.com/jobs/view/customer-success-manager-automotive-at-knappekoppen-work-4467740959,customer happiness
Kroon-Oil,,domein niet gevonden,Export Medewerker Binnendienst,2026-08-31,Almelo,1,nee,https://nl.linkedin.com/jobs/view/export-medewerker-binnendienst-at-kroon-oil-4461082328,orderverwerking medewerker
Kuehne+Nagel,,domein niet gevonden,Customer Care Specialist Air Logistics,2026-09-17,Schiphol-Rijk,1,nee,https://nl.linkedin.com/jobs/view/customer-care-specialist-air-logistics-at-kuehne%2Bnagel-4440859377,klantadviseur
KYOCERA Fastening Solutions France,,domein niet gevonden,Internal Sales Consultant,2026-09-10,Eindhoven,1,nee,https://nl.linkedin.com/jobs/view/internal-sales-consultant-at-kyocera-fastening-solutions-france-4464588676,klantadviseur
L. ten Cate BV,,domein niet gevonden,Customer Service Medewerker,2026-09-11,Enschede en omgeving,1,nee,https://nl.linkedin.com/jobs/view/customer-service-medewerker-at-l-ten-cate-bv-4466347431,e-commerce medewerker
Laminaat en Parket Almere,,domein niet gevonden,E-commerce Specialist,2026-08-31,Den Haag,1,nee,https://nl.linkedin.com/jobs/view/e-commerce-specialist-at-laminaat-en-parket-almere-4460019168,webcare medewerker
Leonardo Hotels Benelux,,domein niet gevonden,GUEST RELATIONS OFFICER,2026-09-03,Amsterdam,1,nee,https://nl.linkedin.com/jobs/view/guest-relations-officer-at-leonardo-hotels-benelux-4444444477,customer happiness
LessonUp,,domein niet gevonden,Customer Success Manager,2026-09-07,Den Haag,1,nee,https://nl.linkedin.com/jobs/view/customer-success-manager-at-lessonup-4464092647,customer happiness
Lexrent B.V.,,domein niet gevonden,Verkoop Binnendienst,2026-09-11,Westpoort,1,nee,https://nl.linkedin.com/jobs/view/verkoop-binnendienst-at-lexrent-b-v-4439208596,klantadviseur
Life Fitness / Hammer Strength,,domein niet gevonden,Order Fulfillment Coordinator,2026-09-17,Rotterdam,1,nee,https://nl.linkedin.com/jobs/view/order-fulfillment-coordinator-at-life-fitness-hammer-strength-4468624603,orderverwerking medewerker
Lightspeed Commerce,,domein niet gevonden,Dutch speaking Support Specialist,2026-09-17,Nederland,4,nee,https://nl.linkedin.com/jobs/view/dutch-speaking-support-specialist-at-lightspeed-commerce-4466286264,support medewerker webshop
Lineage,,domein niet gevonden,Customer Service Representative,2026-08-26,Nieuwdorp,1,nee,https://nl.linkedin.com/jobs/view/customer-service-representative-at-lineage-4457945575,customer service
LKQ Netherlands,,domein niet gevonden,Medewerker Customer Support,2026-09-20,Nieuwegein,3,nee,https://nl.linkedin.com/jobs/view/medewerker-customer-support-at-lkq-netherlands-4442138428,klantadviseur
LMW,,domein niet gevonden,Medewerker Support,2026-07-10,Breukelen,1,nee,https://nl.linkedin.com/jobs/view/medewerker-support-at-lmw-4439020724,klantenservice medewerker
Louis Vuitton,,domein niet gevonden,CLIENT ADVISOR - AMSTERDAM,2026-09-05,Amsterdam,1,nee,https://nl.linkedin.com/jobs/view/client-advisor-amsterdam-at-louis-vuitton-4454866431,customer happiness
Maandag®,,domein niet gevonden,Medewerker IT Servicedesk,2026-09-22,Arnhem,1,nee,https://nl.linkedin.com/jobs/view/medewerker-it-servicedesk-at-maandag%C2%AE-4468594070,support medewerker webshop
mail.de,,domein niet gevonden,eine(n) Mitarbeiter(in) (m/w/d) für den französischen Kunden-Support,2026-08-01,s-Hertogenbosch Area,1,nee,https://nl.linkedin.com/jobs/view/eine-n-mitarbeiter-in-m-w-d-f%C3%BCr-den-franz%C3%B6sischen-kunden-support-at-mail-de-4447606117,support medewerker webshop
Marcel's Green Soap,,domein niet gevonden,Operational Specialist,2026-07-24,Haarlem,1,ja,https://nl.linkedin.com/jobs/view/operational-specialist-at-marcel-s-green-soap-4444946328,orderverwerking medewerker
MarketPlace Expert,,domein niet gevonden,Project Manager,2026-08-24,Koog aan de Zaan,1,nee,https://nl.linkedin.com/jobs/view/project-manager-at-marketplace-expert-b-v-4456706850,e-commerce medewerker
Meliá Hotels International,,domein niet gevonden,Front Office Agent Full-time AMSTERDAM 1,2026-09-07,Hoek van Holland,1,nee,https://nl.linkedin.com/jobs/view/front-office-agent-full-time-amsterdam-1-at-meli%C3%A1-hotels-international-4464345475,customer service
Midwich Benelux,,domein niet gevonden,Sales Support Employee,2026-06-19,Ridderkerk,1,nee,https://nl.linkedin.com/jobs/view/sales-support-employee-at-midwich-benelux-4430953561,orderverwerking medewerker
MiniMed,,domein niet gevonden,Patient Services Representative (Dutch and English),2026-09-04,Heerlen,1,nee,https://nl.linkedin.com/jobs/view/patient-services-representative-dutch-and-english-at-minimed-4462800776,klantenservice medewerker
Mistral,,domein niet gevonden,"Customer Success, EMEA",2026-09-21,Amsterdam,1,nee,https://nl.linkedin.com/jobs/view/customer-success-emea-at-mistral-4469896754,customer happiness
Monday Merch,,domein niet gevonden,Warehouse Help | Picking &amp; Packing of Merchandise | Rotterdam,2026-07-24,Rotterdam,2,nee,https://nl.linkedin.com/jobs/view/warehouse-help-picking-packing-of-merchandise-rotterdam-at-monday-merch-4444921686,e-commerce medewerker
MSC Mediterranean Shipping Company,,domein niet gevonden,Export Customer Service - Back Office Employee,2026-09-14,Rotterdam,1,nee,https://nl.linkedin.com/jobs/view/export-customer-service-back-office-employee-at-msc-mediterranean-shipping-company-4465207880,orderverwerking medewerker
N-able,,domein niet gevonden,Customer Success Manager - French Speaking,2026-09-18,Utrecht,1,nee,https://nl.linkedin.com/jobs/view/customer-success-manager-french-speaking-at-n-able-4448073751,customer happiness
Neele-Vat,,domein niet gevonden,Inbound Medewerker Shipspares,2026-09-07,Hoofddorp,1,nee,https://nl.linkedin.com/jobs/view/inbound-medewerker-shipspares-at-neele-vat-4464343624,orderverwerking medewerker
Netwerk,,domein niet gevonden,Sales support medewerker (key accounts),2026-05-27,Dordrecht,1,nee,https://nl.linkedin.com/jobs/view/sales-support-medewerker-key-accounts-at-netwerk-nv-4419595965,support medewerker webshop
New Flag GmbH,,domein niet gevonden,Junior E-Commerce Manager,2026-09-01,Haarlem,1,nee,https://nl.linkedin.com/jobs/view/junior-e-commerce-manager-at-new-flag-gmbh-4460363795,webcare medewerker
NRF (Nederlandse Radiateuren Fabriek),,domein niet gevonden,Customer Service Representative,2026-09-17,Mill,1,nee,https://nl.linkedin.com/jobs/view/customer-service-representative-at-nrf-nederlandse-radiateuren-fabriek-4467190041,klantenservice medewerker
Nutripack,,domein niet gevonden,Customer Service Medewerker,2026-06-18,Oss,1,nee,https://nl.linkedin.com/jobs/view/customer-service-medewerker-at-nutripack-4428771478,orderverwerking medewerker
Oakwell Hampton Group,,domein niet gevonden,Client Success Manager,2026-09-10,Amsterdam Area,1,nee,https://nl.linkedin.com/jobs/view/client-success-manager-at-oakwell-hampton-group-4465805104,customer happiness
Odyssey Hotel Group,,domein niet gevonden,Front Office Associate,2026-09-03,Amsterdam,1,nee,https://nl.linkedin.com/jobs/view/front-office-associate-at-odyssey-hotel-group-4461654165,customer service
Oneway Bike,,domein niet gevonden,Inside Sales Medewerker,2026-09-07,Rotterdam,1,nee,https://nl.linkedin.com/jobs/view/inside-sales-medewerker-at-oneway-bike-4462936055,support medewerker webshop
Open (YC W24),,domein niet gevonden,CSM (Customer Success Manager),2026-06-14,Amsterdam,1,nee,https://nl.linkedin.com/jobs/view/csm-customer-success-manager-at-open-yc-w24-4428634335,customer happiness
Openclaims,,domein niet gevonden,Customer Success &amp; Growth Manager – Dealers &amp; Schadeherstellers,2026-07-29,Amsterdam,1,nee,https://nl.linkedin.com/jobs/view/customer-success-growth-manager-%E2%80%93-dealers-schadeherstellers-at-openclaims-4446814064,customer happiness
Otolift Academy,,domein niet gevonden,Klantenservice medewerker,2026-09-21,Bergambacht,1,nee,https://nl.linkedin.com/jobs/view/klantenservice-medewerker-at-otolift-academy-4469877371,klantenservice medewerker
Pageking® - Full Swing Digital Agency,,domein niet gevonden,Front-End Developer (Junior/Starter),2025-09-02,Breda,1,nee,https://nl.linkedin.com/jobs/view/front-end-developer-junior-starter-at-pageking%C2%AE-full-swing-digital-agency-4306048978,webcare medewerker
PALMBERG Büroeinrichtungen + Service GmbH,,domein niet gevonden,"Medewerker orderinvoer/klantenservice Nederland, België en Luxemburg (m/v/x)",2026-05-20,'s-Hertogenbosch,1,nee,https://nl.linkedin.com/jobs/view/medewerker-orderinvoer-klantenservice-nederland-belgi%C3%AB-en-luxemburg-m-v-x-at-palmberg-b%C3%BCroeinrichtungen-%2B-service-gmbh-4416168277,orderverwerking medewerker
Parfumerie Douglas Nederland,,domein niet gevonden,Specialist Online Product Data,2026-08-26,Nijmegen,2,nee,https://nl.linkedin.com/jobs/view/specialist-online-product-data-at-parfumerie-douglas-nederland-4457222323,webcare medewerker
Parfums Christian Dior,,domein niet gevonden,Beauty Consultant Amsterdam,2026-09-15,Amsterdam,2,nee,https://nl.linkedin.com/jobs/view/beauty-consultant-amsterdam-at-parfums-christian-dior-4467704566,klantadviseur
Pets Place Boerenbond Retail B.V.,,domein niet gevonden,Category Assistent,2026-09-09,Ede,1,nee,https://nl.linkedin.com/jobs/view/category-assistent-at-pets-place-boerenbond-retail-b-v-4465085391,e-commerce medewerker
PinDirect by Cyber & Mason,,domein niet gevonden,Medewerker Customer Support,2026-09-14,Amersfoort,1,nee,https://nl.linkedin.com/jobs/view/medewerker-customer-support-at-pindirect-by-cyber-mason-4467070749,klantenservice medewerker
Platinum Outdoorable,,domein niet gevonden,Sales Support Medewerker,2026-09-11,Breda,1,nee,https://nl.linkedin.com/jobs/view/sales-support-medewerker-at-platinum-outdoorable-4466044477,support medewerker webshop
PLUS Retail,,domein niet gevonden,Medewerker Winkel Helpdesk,2026-09-04,Utrecht,1,nee,https://nl.linkedin.com/jobs/view/medewerker-winkel-helpdesk-at-plus-retail-4340155657,klantenservice medewerker
Postex DACH,,domein niet gevonden,Customer Success &amp; Support Consultant (40 uur),2026-07-28,Gouda,1,nee,https://nl.linkedin.com/jobs/view/customer-success-support-consultant-40-uur-at-postex-dach-4446002322,customer happiness
Pro Warehouse ,,domein niet gevonden,Klantenservicemedewerker,2026-09-04,Amsterdam,1,nee,https://nl.linkedin.com/jobs/view/klantenservicemedewerker-at-pro-warehouse-%EF%A3%BF-4463370329,support medewerker webshop
Progressive,,domein niet gevonden,IT Servicedesk Medewerker | Zorg | Woerden,2026-08-24,Woerden,1,nee,https://nl.linkedin.com/jobs/view/it-servicedesk-medewerker-zorg-woerden-at-progressive-4453117246,webcare medewerker
Prowise NL,,domein niet gevonden,Customer Service Medewerker (Duitstalig),2026-09-19,Budel,1,nee,https://nl.linkedin.com/jobs/view/customer-service-medewerker-duitstalig-at-prowise-nl-4466934866,support medewerker webshop
Prénatal,,domein niet gevonden,SEO-specialist,2026-09-22,Amersfoort,1,nee,https://nl.linkedin.com/jobs/view/seo-specialist-at-prenatal-moeder-en-kind-b-v-4468548197,webcare medewerker
Publitas.com,,domein niet gevonden,Senior Customer Success Manager ( SaaS / Remote / Dutch),2026-09-08,Nederland,1,nee,https://nl.linkedin.com/jobs/view/senior-customer-success-manager-saas-remote-dutch-at-publitas-com-4458166743,customer happiness
Rail-Flow,,domein niet gevonden,Senior Customer Success Manager - SaaS (m/f/x),2026-06-12,Rotterdam,1,nee,https://nl.linkedin.com/jobs/view/senior-customer-success-manager-saas-m-f-x-at-rail-flow-4425317073,customer happiness
Ravago,,domein niet gevonden,CUSTOMER ORDER &amp; EXPORT COORDINATOR ( DRI Rubber),2026-08-24,Waalwijk,1,nee,https://nl.linkedin.com/jobs/view/customer-order-export-coordinator-dri-rubber-at-ravago-4456506207,orderverwerking medewerker
Rensa Family Company,,domein niet gevonden,E-Commerce Search &amp; Merchandising Specialist,2026-09-08,Doetinchem,1,nee,https://nl.linkedin.com/jobs/view/e-commerce-search-merchandising-specialist-at-rensa-family-company-4464454587,e-commerce medewerker
Rensa Verwarming + Ventilatie,,domein niet gevonden,E-Commerce Search &amp; Merchandising Specialist,2026-09-01,Doetinchem,1,nee,https://nl.linkedin.com/jobs/view/e-commerce-search-merchandising-specialist-at-rensa-verwarming-%2B-ventilatie-4460236851,e-commerce medewerker
RIMOWA,,domein niet gevonden,Client Advisor - AMSTERDAM DE BIJENKORF (m/f/d),2026-09-17,Amsterdam,1,nee,https://nl.linkedin.com/jobs/view/client-advisor-amsterdam-de-bijenkorf-m-f-d-at-rimowa-4449018386,customer happiness
Rituals (B Corp™),,domein niet gevonden,Customer Relations and Sales Ambassador German – CHO EDGE Amsterdam | 32-40h,2026-09-15,Amsterdam,3,nee,https://nl.linkedin.com/jobs/view/customer-relations-and-sales-ambassador-german-%E2%80%93-cho-edge-amsterdam-32-40h-at-rituals-b-corp%E2%84%A2-4458257606,customer happiness
Robin Radar Systems,,domein niet gevonden,Customer Success Manager - AVIAN,2026-09-17,Delft,2,nee,https://nl.linkedin.com/jobs/view/customer-success-manager-avian-at-robin-radar-systems-4449473745,customer happiness
Royal FloraHolland,,domein niet gevonden,Product Support Medewerker,2026-07-17,Honselersdijk,1,nee,https://nl.linkedin.com/jobs/view/product-support-medewerker-at-royal-floraholland-4452443158,support medewerker webshop
Royal Meilink,,domein niet gevonden,Commercieel medewerker binnendienst - Administratief,2026-07-21,Boxmeer,1,nee,https://nl.linkedin.com/jobs/view/commercieel-medewerker-binnendienst-administratief-at-royal-meilink-4443378694,orderverwerking medewerker
Royal Swinkels,,domein niet gevonden,Global Marketplace Specialist,2026-09-08,Lieshout,1,nee,https://nl.linkedin.com/jobs/view/global-marketplace-specialist-at-royal-swinkels-4464474042,e-commerce medewerker
Runnr.ai,,domein niet gevonden,Customer Success Manager,2026-09-22,"Utrecht, Nederland",1,nee,https://nl.linkedin.com/jobs/view/customer-success-manager-at-runnr-ai-4470299624,customer happiness
RX Group,,domein niet gevonden,CUSTOMER SUCCESS COORDINATOR GEZOCHT,2026-08-27,Gemert,2,nee,https://nl.linkedin.com/jobs/view/customer-success-coordinator-gezocht-at-rx-group-4459696607,customer happiness
S4D,,domein niet gevonden,Customer Success Manager (Nederlands),2026-06-30,Amsterdam,2,nee,https://nl.linkedin.com/jobs/view/customer-success-manager-nederlands-at-s4d-4434986304,customer happiness
Sentyron,,domein niet gevonden,Junior medewerker Supply Chain &amp; Purchasing,2026-08-13,Delft,1,nee,https://nl.linkedin.com/jobs/view/junior-medewerker-supply-chain-purchasing-at-sentyron-4464321562,orderverwerking medewerker
Service Best International B.V.,,domein niet gevonden,Medewerker Customer Relations (32 tot 40 uur),2026-09-07,Eindhoven,1,nee,https://nl.linkedin.com/jobs/view/medewerker-customer-relations-32-tot-40-uur-at-service-best-international-b-v-4464306303,customer happiness
ShipBob,,domein niet gevonden,Operations Support Manager,2026-09-17,Rilland,1,nee,https://nl.linkedin.com/jobs/view/operations-support-manager-at-shipbob-4467560533,support medewerker webshop
Smartphonehoesjes.nl,,domein niet gevonden,Junior accountmanager,2026-09-22,Leusden,2,nee,https://nl.linkedin.com/jobs/view/junior-accountmanager-at-smartphonehoesjes-nl-4470277504,e-commerce medewerker
SoftwareOne,,domein niet gevonden,Customer Success Manager,2026-09-21,Amsterdam,4,nee,https://nl.linkedin.com/jobs/view/customer-success-manager-at-softwareone-4468775473,customer happiness
"Solera Holdings, LLC.",,domein niet gevonden,Junior Customer Success Representative,2026-08-02,Den Haag,1,nee,https://nl.linkedin.com/jobs/view/junior-customer-success-representative-at-solera-holdings-llc-4402372368,customer happiness
SomnoMed France,,domein niet gevonden,Customer service Medewerker (Dutch fluent),2026-01-08,Arnhem,1,nee,https://nl.linkedin.com/jobs/view/customer-service-medewerker-dutch-fluent-at-somnomed-france-4330913083,klantenservice medewerker
Specialized Bicycle Components,,domein niet gevonden,Digital Merchandising Specialist EMEA,2026-09-17,Arnhem,1,nee,https://nl.linkedin.com/jobs/view/digital-merchandising-specialist-emea-at-specialized-bicycle-components-4459178706,e-commerce medewerker
SPINO Managed Services,,domein niet gevonden,Medewerker Servicedesk,2026-08-18,Nieuwegein,1,nee,https://nl.linkedin.com/jobs/view/medewerker-servicedesk-at-spino-managed-services-4455720453,support medewerker webshop
Staay Food Group,,domein niet gevonden,BACKOFFICE MEDEWERKER,2026-08-04,Papendrecht,1,nee,https://nl.linkedin.com/jobs/view/backoffice-medewerker-at-staay-food-group-4448582767,orderverwerking medewerker
SUITSUIT | Certified B Corp,,domein niet gevonden,Marketplace Specialist,2026-09-02,Randstad,1,nee,https://nl.linkedin.com/jobs/view/marketplace-specialist-at-suitsuit-certified-b-corp-4459969550,e-commerce medewerker
Supermicro,,domein niet gevonden,eCommerce Product Specialist,2026-09-16,'s-Hertogenbosch,2,nee,https://nl.linkedin.com/jobs/view/ecommerce-product-specialist-at-supermicro-4432038155,e-commerce medewerker
Swissôtel Hotels & Resorts,,domein niet gevonden,Front Office Agent (Full-time),2026-07-20,Amsterdam,1,nee,https://nl.linkedin.com/jobs/view/front-office-agent-full-time-at-swiss%C3%B4tel-hotels-resorts-4442078328,customer service
Tandem Health,,domein niet gevonden,Customer Success Specialist - Netherlands,2026-09-04,Leiden,2,nee,https://nl.linkedin.com/jobs/view/customer-success-specialist-netherlands-at-tandem-health-4461749093,customer happiness
TCC smart IT solutions,,domein niet gevonden,Customer Success Manager,2026-02-26,Tilburg,1,nee,https://nl.linkedin.com/jobs/view/customer-success-manager-at-tcc-smart-it-solutions-4375282443,customer happiness
Telco Accessories Group,,domein niet gevonden,Klantenservicemedewerker,2026-09-21,Houten,3,nee,https://nl.linkedin.com/jobs/view/klantenservicemedewerker-at-telco-accessories-group-4467395413,klantenservice medewerker
The Estée Lauder Companies Inc.,,domein niet gevonden,Le Labo Sales Advisor - Bijenkorf Rotterdam (FT),2026-09-16,Rotterdam,1,nee,https://nl.linkedin.com/jobs/view/le-labo-sales-advisor-bijenkorf-rotterdam-ft-at-the-est%C3%A9e-lauder-companies-inc-4466512938,klantadviseur
The Lemon Consulting,,domein niet gevonden,Klantenservicemedewerker,2026-08-19,Rotterdam,8,nee,https://nl.linkedin.com/jobs/view/klantenservicemedewerker-at-the-lemon-consulting-4455401717,klantenservice medewerker
The Rent Company,,domein niet gevonden,Medewerker Klantenservice,2026-09-03,'s-Hertogenbosch,1,nee,https://nl.linkedin.com/jobs/view/medewerker-klantenservice-at-the-rent-company-4460421208,klantenservice medewerker
The Schippers Group,,domein niet gevonden,E-Commerce Specialist,2026-08-26,Hapert,1,nee,https://nl.linkedin.com/jobs/view/e-commerce-specialist-at-the-schippers-group-4457922027,e-commerce medewerker
Thuiszorg West-Brabant (TWB),,domein niet gevonden,Collega in de Thuiszorg regio Breda,2026-07-07,Breda,1,nee,https://nl.linkedin.com/jobs/view/collega-in-de-thuiszorg-regio-breda-at-twb-thuiszorg-west-brabant-4437741891,webcare medewerker
Timber and Building Supplies Holland N.V,,domein niet gevonden,Online Merchandiser,2026-09-04,Zaandam,1,nee,https://nl.linkedin.com/jobs/view/online-merchandiser-at-timber-and-building-supplies-holland-n-v-4410078937,e-commerce medewerker
ToExplore B.V.,,domein niet gevonden,COMMERCIËLE TEAMPLAYER,2026-08-28,Amsterdam,1,nee,https://nl.linkedin.com/jobs/view/commerci%C3%ABle-teamplayer-at-toexplore-b-v-4460365032,e-commerce medewerker
Tomorrowmen™,,domein niet gevonden,MARKETPLACE SPECIALIST,2026-06-12,Groningen,1,nee,https://nl.linkedin.com/jobs/view/marketplace-specialist-at-tomorrowmen%E2%84%A2-4424813927,e-commerce medewerker
Ton van Kuijk B.V.,,domein niet gevonden,Service Adviseur,2026-08-18,Alkmaar,1,nee,https://nl.linkedin.com/jobs/view/service-adviseur-at-ton-van-kuijk-b-v-4455935267,klantadviseur
TotaalPartnerTechniek,,domein niet gevonden,Vacature Commercieel Medewerker Ordermanagement,2026-08-04,Dordrecht,1,nee,https://nl.linkedin.com/jobs/view/vacature-commercieel-medewerker-ordermanagement-at-totaalpartnertechniek-4449073333,orderverwerking medewerker
Trengo - Smart Customer Engagement Platform,,domein niet gevonden,Customer Success Manager - Dutch speaking,2026-08-28,Randstad,3,nee,https://nl.linkedin.com/jobs/view/customer-success-manager-dutch-speaking-at-trengo-4455875519,customer happiness
Triple A Internetshops GmbH,,domein niet gevonden,Store Assistant (alle genderidentiteiten welkom) – tot 34 € per uur - Satisfyer &amp; Geske Beauty Tech Store,2026-08-21,'s-Hertogenbosch,2,nee,https://nl.linkedin.com/jobs/view/store-assistant-alle-genderidentiteiten-welkom-%E2%80%93-tot-34-%E2%82%AC-per-uur-satisfyer-geske-beauty-tech-store-at-triple-a-internetshops-gmbh-4454602473,webshop medewerker
Trustpilot,,domein niet gevonden,Enterprise Customer Success Manager - Benelux,2026-09-21,Amsterdam,3,nee,https://nl.linkedin.com/jobs/view/enterprise-customer-success-manager-benelux-at-trustpilot-4413949306,customer happiness
Trustpilot Italia,,domein niet gevonden,Enterprise Customer Success Manager - Benelux,2026-08-06,Amsterdam,2,nee,https://nl.linkedin.com/jobs/view/enterprise-customer-success-manager-benelux-at-trustpilot-italia-4450014111,customer happiness
Unica ICT,,domein niet gevonden,Customer Succes Specialist,2026-01-22,Eindhoven,2,nee,https://nl.linkedin.com/jobs/view/customer-succes-specialist-at-unica-ict-4364820615,customer happiness
Vaeshartelt.rc,,domein niet gevonden,Allround Medewerker Bediening,2026-06-18,Maastricht,1,nee,https://nl.linkedin.com/jobs/view/allround-medewerker-bediening-at-vaeshartelt-rc-4427819813,webcare medewerker
valantic NL,,domein niet gevonden,E-commerce Solution Consultant,2026-08-27,Rotterdam,1,nee,https://nl.linkedin.com/jobs/view/e-commerce-solution-consultant-at-valantic-nl-4431659692,support medewerker webshop
Van den Udenhout Groep,,domein niet gevonden,Medewerker Klantenservice | 's-Hertogenbosch,2026-09-08,'s-Hertogenbosch,2,nee,https://nl.linkedin.com/jobs/view/medewerker-klantenservice-s-hertogenbosch-at-van-den-udenhout-groep-4464610992,klantenservice medewerker
Van der Burgh,,domein niet gevonden,Service Adviseur - Van der Burgh Brielle,2026-09-21,Brielle,1,nee,https://nl.linkedin.com/jobs/view/service-adviseur-van-der-burgh-brielle-at-van-der-burgh-4468722463,klantadviseur
Van der Valk Hotel Den Haag - Wassenaar,,domein niet gevonden,Allround medewerker bediening – inclusief betaalde BBL-opleiding!,2026-08-14,Wassenaar,1,nee,https://nl.linkedin.com/jobs/view/allround-medewerker-bediening-%E2%80%93-inclusief-betaalde-bbl-opleiding%21-at-van-der-valk-hotel-den-haag-wassenaar-4454502096,webcare medewerker
Van der Valk Hotel Groningen - Zuidbroek A7,,domein niet gevonden,Front Office Medewerker,2026-06-16,Zuidbroek,1,nee,https://nl.linkedin.com/jobs/view/front-office-medewerker-at-van-der-valk-hotel-groningen-zuidbroek-a7-4429241442,customer service
Van der Valk Hotel Middelburg,,domein niet gevonden,Medewerker bediening parttime/ fulltime,2026-08-09,Middelburg,2,nee,https://nl.linkedin.com/jobs/view/medewerker-bediening-parttime-fulltime-at-van-der-valk-hotel-middelburg-4462809342,webcare medewerker
Van der Valk Hotel Sassenheim-Leiden,,domein niet gevonden,Front Office Medewerker,2026-09-22,Sassenheim,1,nee,https://nl.linkedin.com/jobs/view/front-office-medewerker-at-van-der-valk-hotel-sassenheim-leiden-4470276423,customer service
Van Mierlo BV Technische Handelsonderneming,,domein niet gevonden,E-Commerce Coördinator,2026-08-27,Helmond,1,nee,https://nl.linkedin.com/jobs/view/e-commerce-co%C3%B6rdinator-at-van-mierlo-bv-technische-handelsonderneming-4459677154,e-commerce medewerker
Van Nifterik Holland BV,,domein niet gevonden,Commercieel Medewerker Binnendienst,2026-09-21,Ede,1,nee,https://nl.linkedin.com/jobs/view/commercieel-medewerker-binnendienst-at-van-nifterik-holland-bv-4469891044,orderverwerking medewerker
Van Vulpen,,domein niet gevonden,Junior Servicedesk Medewerker IT,2026-09-04,Gorinchem,1,nee,https://nl.linkedin.com/jobs/view/junior-servicedesk-medewerker-it-at-van-vulpen-4461985459,webcare medewerker
Van Walraven,,domein niet gevonden,Medewerker Verkoopbalie,2026-06-03,Mijdrecht,2,nee,https://nl.linkedin.com/jobs/view/medewerker-verkoopbalie-at-van-walraven-4422929633,webshop medewerker
vanHaren Schoenen BV,,domein niet gevonden,Logistiek Medewerker Online Shop (avonddienst),2026-07-30,Waalwijk,2,nee,https://nl.linkedin.com/jobs/view/logistiek-medewerker-online-shop-avonddienst-at-vanharen-schoenen-bv-4447015362,orderverwerking medewerker
vb&t Vastgoed en Huisvesting,,domein niet gevonden,Medewerker Klantenservice Vastgoed,2026-09-02,Eindhoven,1,nee,https://nl.linkedin.com/jobs/view/medewerker-klantenservice-vastgoed-at-vb-t-vastgoed-en-huisvesting-4462410073,klantenservice medewerker
VCSW - Specialist in sociale zekerheid,,domein niet gevonden,Customer Excellence medewerker,2026-09-06,Den Haag,1,nee,https://nl.linkedin.com/jobs/view/customer-excellence-medewerker-at-vcsw-4444413436,klantenservice medewerker
VDL GL Precision B.V.,,domein niet gevonden,Allround Medewerker Cleaning Center,2026-09-01,Eindhoven,1,nee,https://nl.linkedin.com/jobs/view/allround-medewerker-cleaning-center-at-vdl-gl-precision-b-v-4442740995,webcare medewerker
Veneta.com,,domein niet gevonden,Tracking &amp; Measurement Specialist,2026-09-09,Zwolle,2,nee,https://nl.linkedin.com/jobs/view/tracking-measurement-specialist-at-veneta-com-4454745710,webcare medewerker
Volkswagen Pon Financial Services,,domein niet gevonden,Klantadviseur Lease,2026-09-04,Amersfoort,1,nee,https://nl.linkedin.com/jobs/view/klantadviseur-lease-at-volkswagen-pon-financial-services-4463307063,customer happiness
Wannet Sports Insurance,,domein niet gevonden,Marketing Specialist,2026-06-29,Arnhem,1,nee,https://nl.linkedin.com/jobs/view/marketing-specialist-at-wannet-sports-insurance-4433647808,webcare medewerker
Weir,,domein niet gevonden,Customer Service &amp; Logistics medewerker,2026-09-10,Nederweert,1,nee,https://nl.linkedin.com/jobs/view/customer-service-logistics-medewerker-at-weir-4463474507,orderverwerking medewerker
Wellis Health,,domein niet gevonden,Website &amp; SEO Marketeer,2026-09-04,Rotterdam,1,nee,https://nl.linkedin.com/jobs/view/website-seo-marketeer-at-wellis-health-4463377250,webcare medewerker
Werkenbij,,domein niet gevonden,Medewerker Backoffice,2026-09-16,Amsterdam,1,nee,https://nl.linkedin.com/jobs/view/medewerker-backoffice-at-working%40-4467947164,webcare medewerker
WestCord Strandhotel Seeduyn,,domein niet gevonden,Medewerker Algemene Schoonmaak,2026-05-01,Rotterdam,1,nee,https://nl.linkedin.com/jobs/view/medewerker-algemene-schoonmaak-at-westcord-strandhotel-seeduyn-4415283850,webcare medewerker
Whiskybase,,domein niet gevonden,Content Producer,2026-09-17,Rotterdam,1,nee,https://nl.linkedin.com/jobs/view/content-producer-at-whiskybase-4467206587,webcare medewerker
Wolf Steel Ltd,,domein niet gevonden,Technical Support Associate,2026-06-11,Tiel,1,nee,https://nl.linkedin.com/jobs/view/technical-support-associate-at-wolf-steel-ltd-4424830485,webcare medewerker
Wolters Kluwer,,domein niet gevonden,Customer Success Specialist (Dutch speaking),2026-09-11,Hoevelaken,1,nee,https://nl.linkedin.com/jobs/view/customer-success-specialist-dutch-speaking-at-wolters-kluwer-4426643798,customer happiness
Workspace 365,,domein niet gevonden,Senior Customer Success Manager,2026-08-27,Nijkerk,2,nee,https://nl.linkedin.com/jobs/view/senior-customer-success-manager-at-workspace-365-4459690374,customer happiness
X²O Badkamers,,domein niet gevonden,Adviseur,2026-09-16,Zaandam,1,nee,https://nl.linkedin.com/jobs/view/adviseur-at-x2o-badkamers-4468204261,klantadviseur
Yielder,,domein niet gevonden,Sales Support Medewerker/ Inside Sales Specialist,2026-07-18,Rijswijk,1,nee,https://nl.linkedin.com/jobs/view/sales-support-medewerker-inside-sales-specialist-at-yielder-4453136212,orderverwerking medewerker
Youvia,,domein niet gevonden,Website &amp; Service Specialist,2026-07-17,Amsterdam,1,nee,https://nl.linkedin.com/jobs/view/website-service-specialist-at-youvia-4451630881,webcare medewerker
Yusen Logistics,,domein niet gevonden,Customer Service Employee,2026-09-18,Moerdijk,1,nee,https://nl.linkedin.com/jobs/view/customer-service-employee-at-yusen-logistics-4412798148,klantenservice medewerker
Zeeuw & Zeeuw Renault/ Dacia,,domein niet gevonden,Serviceadviseur,2026-09-21,Den Haag,1,nee,https://nl.linkedin.com/jobs/view/serviceadviseur-at-zeeuw-zeeuw-renault-dacia-4469857030,klantadviseur
ZINN (Zorgorganisatie in Noord Nederland),,domein niet gevonden,Medewerker Servicedesk ICT,2026-09-04,Haren,1,nee,https://nl.linkedin.com/jobs/view/medewerker-servicedesk-ict-at-zinn-zorgorganisatie-in-noord-nederland-4461947640,webcare medewerker
zvoove Germany,,domein niet gevonden,Supportmedewerker,2026-06-23,Amersfoort,1,nee,https://nl.linkedin.com/jobs/view/supportmedewerker-at-zvoove-4431242028,support medewerker webshop
