bedrijf,functie,plaats,datum,zoekterm,al_in_pool,vacature_url,bedrijf_linkedin,vacature_id
123inkt.nl,Data Entry Medewerker,Nederhorst den Berg,2026-09-01,webcare medewerker,nee,https://nl.linkedin.com/jobs/view/data-entry-medewerker-at-123inkt-nl-4451882106,https://nl.linkedin.com/company/123inkt-nl,4451882106
123inkt.nl,Klantenservice Medewerker,Utrecht,2026-09-02,klantenservice medewerker,nee,https://nl.linkedin.com/jobs/view/klantenservice-medewerker-at-123inkt-nl-4462410113,https://nl.linkedin.com/company/123inkt-nl,4462410113
123inkt.nl,Klantenservice Medewerker,Almere,2026-09-08,klantenservice medewerker,nee,https://nl.linkedin.com/jobs/view/klantenservice-medewerker-at-123inkt-nl-4455362398,https://nl.linkedin.com/company/123inkt-nl,4455362398
123inkt.nl,Klantenservice Medewerker,Nederhorst den Berg,2026-09-09,klantenservice medewerker,nee,https://nl.linkedin.com/jobs/view/klantenservice-medewerker-at-123inkt-nl-4465067107,https://nl.linkedin.com/company/123inkt-nl,4465067107
123inkt.nl,Klantenservice Medewerker,Veenendaal,2026-09-16,klantenservice medewerker,nee,https://nl.linkedin.com/jobs/view/klantenservice-medewerker-at-123inkt-nl-4459198463,https://nl.linkedin.com/company/123inkt-nl,4459198463
123schoon.nl,Klantenservice Medewerker,Nederhorst den Berg,2026-09-10,klantenservice medewerker,nee,https://nl.linkedin.com/jobs/view/klantenservice-medewerker-at-123schoon-nl-4465393012,https://nl.linkedin.com/company/123schoon.nl,4465393012
3Shape,Customer Success Manager,Amsterdam,2026-03-19,customer happiness,nee,https://nl.linkedin.com/jobs/view/customer-success-manager-at-3shape-4387735038,https://dk.linkedin.com/company/3shape,4387735038
3Shape,Customer Success Manager BeNeLux,Amsterdam,2026-09-22,customer happiness,nee,https://nl.linkedin.com/jobs/view/customer-success-manager-benelux-at-3shape-4470298062,https://dk.linkedin.com/company/3shape,4470298062
4shipping,Customer Success Specialist,Zwijndrecht,2026-08-25,customer happiness,nee,https://nl.linkedin.com/jobs/view/customer-success-specialist-at-4shipping-4458745711,https://nl.linkedin.com/company/4shipping-com,4458745711
A.P. Moller - Maersk,Service Delivery Manager,Rotterdam,2026-09-10,customer happiness,nee,https://nl.linkedin.com/jobs/view/service-delivery-manager-at-a-p-moller-maersk-4465629892,https://dk.linkedin.com/company/maersk-group,4465629892
A.P. Moller - Maersk,Service Delivery Manager,Almere,2026-09-10,customer happiness,nee,https://nl.linkedin.com/jobs/view/service-delivery-manager-at-a-p-moller-maersk-4465627826,https://dk.linkedin.com/company/maersk-group,4465627826
a.s.r. verzekeringen,Klantenservice Medewerker Pensioenen,Utrecht,2026-09-16,klantenservice medewerker,nee,https://nl.linkedin.com/jobs/view/klantenservice-medewerker-pensioenen-at-a-s-r-4468215511,https://nl.linkedin.com/company/asrverzekeringen,4468215511
a.s.r. verzekeringen,Klantsupport Medewerker,Utrecht,2026-09-16,klantenservice medewerker,nee,https://nl.linkedin.com/jobs/view/klantsupport-medewerker-at-a-s-r-4468229369,https://nl.linkedin.com/company/asrverzekeringen,4468229369
Aareon NL,Klantencoach,Oosterhout,2026-08-31,customer happiness,nee,https://nl.linkedin.com/jobs/view/klantencoach-at-aareon-nl-4461233108,https://nl.linkedin.com/company/aareon-nl,4461233108
Abiom,Servicedesk Medewerker,Houten,2026-09-17,webcare medewerker,nee,https://nl.linkedin.com/jobs/view/servicedesk-medewerker-at-abiom-4468622719,https://nl.linkedin.com/company/abiom,4468622719
Abroad Experience International Recruitment,Customer Service Representative,Amsterdam,2026-09-21,klantenservice medewerker,nee,https://nl.linkedin.com/jobs/view/customer-service-representative-at-abroad-experience-international-recruitment-4467399294,https://nl.linkedin.com/company/abroad-experience-bv,4467399294
AIMMS,sr. Customer Success Manager Supply Chain,Haarlem,2026-07-02,customer happiness,nee,https://nl.linkedin.com/jobs/view/sr-customer-success-manager-supply-chain-at-aimms-4435569864,https://nl.linkedin.com/company/aimms,4435569864
AkzoNobel,Customer Service Representative,Sassenheim,2026-09-18,klantenservice medewerker,nee,https://nl.linkedin.com/jobs/view/customer-service-representative-at-akzonobel-4469125291,https://nl.linkedin.com/company/akzonobel,4469125291
All About Work,Communicatiemedewerker,Stadskanaal,2026-09-11,webcare medewerker,nee,https://nl.linkedin.com/jobs/view/communicatiemedewerker-at-all-about-work-4466099513,https://nl.linkedin.com/company/allaboutwork,4466099513
Allegion,Customer Experience Manager,Veenendaal,2026-07-01,customer happiness,nee,https://nl.linkedin.com/jobs/view/customer-experience-manager-at-allegion-4434639725,https://ie.linkedin.com/company/allegion,4434639725
Allianz Trade in Nederland,CUSTOMER LINE OFFICER,'s-Hertogenbosch,2026-09-17,klantenservice medewerker,nee,https://nl.linkedin.com/jobs/view/customer-line-officer-at-allianz-trade-in-the-netherlands-4468675649,https://nl.linkedin.com/company/allianz-trade-nederland,4468675649
Alphenix Bouwgroep B.V.,Representante de atendimento ao cliente,Amsterdam,2026-09-11,klantenservice medewerker,nee,,,4465857175
Alpina Group,Klantcontact medewerker,Arnhem,2026-09-01,klantenservice medewerker,nee,https://nl.linkedin.com/jobs/view/klantcontact-medewerker-at-alpina-group-4460258610,https://nl.linkedin.com/company/alpinagroupbv,4460258610
Amazon,"Selling Partner Support Associate — Korean Speaker, Selling Partner Support",Middelburg,2026-09-18,customer happiness,nee,https://nl.linkedin.com/jobs/view/selling-partner-support-associate-%E2%80%94-korean-speaker-selling-partner-support-at-amazon-4469141601,https://www.linkedin.com/company/amazon,4469141601
Amdax,Customer Success Coordinator,Amsterdam,2026-09-09,customer happiness,nee,https://nl.linkedin.com/jobs/view/customer-success-coordinator-at-amdax-4465011695,https://nl.linkedin.com/company/amdaxgroup,4465011695
Amega,Service &amp; support medewerker Inbound,Dordrecht,2026-09-21,klantenservice medewerker,nee,https://nl.linkedin.com/jobs/view/service-support-medewerker-inbound-at-amega-4468720965,https://nl.linkedin.com/company/amega-holding-b-v-,4468720965
American Eagle Outfitters Inc.,Customer Service Specialist,Amsterdam,2026-08-25,klantenservice medewerker,nee,https://nl.linkedin.com/jobs/view/customer-service-specialist-at-american-eagle-outfitters-inc-4456588466,https://www.linkedin.com/company/american-eagle-outfitters,4456588466
American Express,American Express - Centurion Lounge Ambassador,Amsterdam,2026-09-08,customer happiness,nee,https://nl.linkedin.com/jobs/view/american-express-centurion-lounge-ambassador-at-american-express-4463531151,https://www.linkedin.com/company/american-express,4463531151
Aon,Key Account Handler Customer Service,Rotterdam,2026-09-09,klantenservice medewerker,nee,https://nl.linkedin.com/jobs/view/key-account-handler-customer-service-at-aon-4456143590,https://uk.linkedin.com/company/aon,4456143590
Aon,Junior Website Specialist,Rotterdam,2026-09-19,webcare medewerker,nee,https://nl.linkedin.com/jobs/view/junior-website-specialist-at-aon-4458595737,https://uk.linkedin.com/company/aon,4458595737
Aquaculture Stewardship Council (ASC),Traceability Coordinator,Nederland,2026-08-27,webcare medewerker,nee,https://nl.linkedin.com/jobs/view/traceability-coordinator-at-aquaculture-stewardship-council-asc-4458652020,https://nl.linkedin.com/company/aquaculture-stewardship-council,4458652020
Arlon Graphics,Customer Support Specialist EMEA,Den Haag,2026-09-03,klantenservice medewerker,nee,https://nl.linkedin.com/jobs/view/customer-support-specialist-emea-at-arlon-graphics-4461654441,https://www.linkedin.com/company/arlongraphics,4461654441
ASA Talent,Key Account Customer Service DHL,Amersfoort,2026-09-18,customer happiness,nee,https://nl.linkedin.com/jobs/view/key-account-customer-service-dhl-at-asa-talent-4466914840,https://nl.linkedin.com/company/asa-talent,4466914840
ASAPCLOUD,Customer Success Manager,Houten,2026-09-21,customer happiness,nee,https://nl.linkedin.com/jobs/view/customer-success-manager-at-asapcloud-4467603330,https://nl.linkedin.com/company/asapcloudbv,4467603330
Ascom,First Line Support Engineer,Utrecht,2026-08-18,webcare medewerker,nee,https://nl.linkedin.com/jobs/view/first-line-support-engineer-at-ascom-4454455600,https://ch.linkedin.com/company/ascom,4454455600
Asendia,Customer Success Manager,Eindhoven,2026-08-25,customer happiness,nee,https://nl.linkedin.com/jobs/view/customer-success-manager-at-asendia-4457491307,https://ch.linkedin.com/company/asendia,4457491307
Ashby,Mid-Market Customer Success Manager - EMEA,Amsterdam,2026-09-18,customer happiness,nee,https://nl.linkedin.com/jobs/view/mid-market-customer-success-manager-emea-at-ashby-4468016415,https://www.linkedin.com/company/ashbyhq,4468016415
ASSA ABLOY Group,Klantenservice medewerker,Ede,2026-09-16,klantenservice medewerker,nee,https://nl.linkedin.com/jobs/view/klantenservice-medewerker-at-assa-abloy-group-4466202608,https://se.linkedin.com/company/assaabloy,4466202608
Atlassian,"Principal Customer Success Manager, Strategic DACH",Amsterdam,2026-09-22,customer happiness,nee,https://nl.linkedin.com/jobs/view/principal-customer-success-manager-strategic-dach-at-atlassian-4451509548,https://au.linkedin.com/company/atlassian,4451509548
Atlassian,"Principal Customer Success Manager, Strategic DACH",Nederland,2026-09-22,customer happiness,nee,https://nl.linkedin.com/jobs/view/principal-customer-success-manager-strategic-dach-at-atlassian-4451399926,https://au.linkedin.com/company/atlassian,4451399926
Atos Medical,Consumer Care Specialist,Amersfoort,2026-09-19,customer happiness,nee,https://nl.linkedin.com/jobs/view/consumer-care-specialist-at-atos-medical-4440770846,https://se.linkedin.com/company/atosmedicalcom,4440770846
Audax Nederland,Medewerker klantenservice,Almere,2026-09-08,klantenservice medewerker,nee,https://nl.linkedin.com/jobs/view/medewerker-klantenservice-at-audax-netherlands-4440551063,https://nl.linkedin.com/company/audaxenergy-nl,4440551063
Autodistribution Nederland,Customer Support Medewerker,'s-Hertogenbosch,2026-08-31,klantenservice medewerker,nee,https://nl.linkedin.com/jobs/view/customer-support-medewerker-at-autodistribution-nederland-4450612001,https://nl.linkedin.com/company/autodistribution-nederland-b.v.,4450612001
Autoflex Automotive Software,Medewerker Klantenservice &amp; Support,Putten,2026-09-14,klantenservice medewerker,nee,https://nl.linkedin.com/jobs/view/medewerker-klantenservice-support-at-autoflex-4467070838,https://nl.linkedin.com/company/autoflex,4467070838
Avantor,Costumer Service,Amsterdam,2026-09-08,klantenservice medewerker,nee,https://nl.linkedin.com/jobs/view/costumer-service-at-avantor-4436910322,https://www.linkedin.com/company/avantorinc,4436910322
AVH Outdoor Tuinmeubelen,Fulltime klantenservice medewerker,Numansdorp,2026-02-24,klantenservice medewerker,nee,https://nl.linkedin.com/jobs/view/fulltime-klantenservice-medewerker-at-avh-outdoor-tuinmeubelen-4377141843,https://nl.linkedin.com/company/avh-outdoor-tuinmeubelen,4377141843
Axians NL,Customer Care Specialist,Eindhoven,2026-09-10,klantenservice medewerker,nee,https://nl.linkedin.com/jobs/view/customer-care-specialist-at-axians-nl-4456487800,https://nl.linkedin.com/company/axiansnl,4456487800
Axians NL | Data Analytics,Customer Care Specialist,Eindhoven,2026-08-20,klantenservice medewerker,nee,https://nl.linkedin.com/jobs/view/customer-care-specialist-at-axians-data-ai-4453869579,https://nl.linkedin.com/company/axians-data-ai,4453869579
AxionContinu,Medewerker ICT-Servicedesk,Utrecht,2026-08-25,webcare medewerker,nee,https://nl.linkedin.com/jobs/view/medewerker-ict-servicedesk-at-axioncontinu-4466945841,https://nl.linkedin.com/company/axioncontinu,4466945841
Axivate Horeca Group,Medewerker Bediening (Nieuw concept),Utrecht,2026-09-18,webcare medewerker,nee,https://nl.linkedin.com/jobs/view/medewerker-bediening-nieuw-concept-at-axivate-horeca-group-4469115573,https://nl.linkedin.com/company/axivatehorecagroup,4469115573
Barista-Essentials,Klantenservice manager I Chef blije thuisbarista's,Utrecht,2026-08-07,customer happiness,nee,https://nl.linkedin.com/jobs/view/klantenservice-manager-i-chef-blije-thuisbarista-s-at-barista-essentials-4450737905,https://nl.linkedin.com/company/barista-essentials,4450737905
Basic-Fit,Customer Support Agent (German),Hoofddorp,2026-09-17,klantenservice medewerker,nee,https://nl.linkedin.com/jobs/view/customer-support-agent-german-at-basic-fit-4462471375,https://nl.linkedin.com/company/basic-fit,4462471375
Basic-Fit,Customer Support Agent (Nederlands),Hoofddorp,2026-09-17,klantenservice medewerker,nee,https://nl.linkedin.com/jobs/view/customer-support-agent-nederlands-at-basic-fit-4462467412,https://nl.linkedin.com/company/basic-fit,4462467412
Bax Music,Telefoonmedewerker Winkel Amsterdam,Amsterdam,2026-07-24,klantenservice medewerker,nee,https://nl.linkedin.com/jobs/view/telefoonmedewerker-winkel-amsterdam-at-bax-music-4441833090,https://nl.linkedin.com/company/baxmusic,4441833090
Bax Music,Telefoonmedewerker Winkel Rotterdam,Rotterdam,2026-07-24,klantenservice medewerker,nee,https://nl.linkedin.com/jobs/view/telefoonmedewerker-winkel-rotterdam-at-bax-music-4441824515,https://nl.linkedin.com/company/baxmusic,4441824515
Bax Music,Telefoonmedewerker Winkel Apeldoorn,Apeldoorn,2026-08-18,klantenservice medewerker,nee,https://nl.linkedin.com/jobs/view/telefoonmedewerker-winkel-apeldoorn-at-bax-music-4454484385,https://nl.linkedin.com/company/baxmusic,4454484385
BCS HR Software,Customer Success Manager,'s-Hertogenbosch,2026-07-29,customer happiness,nee,https://nl.linkedin.com/jobs/view/customer-success-manager-at-bcs-hr-software-4446743358,https://nl.linkedin.com/company/bcs-hr-software,4446743358
Bedrijfsfitness Nederland,Customer Support Specialist,Heerenveen,2026-09-11,klantenservice medewerker,nee,https://nl.linkedin.com/jobs/view/customer-support-specialist-at-bedrijfsfitness-nederland-by-epassi-4457324263,https://nl.linkedin.com/company/bedrijfsfitness-nederland,4457324263
Bergman Clinics,CSA Medewerker,Capelle aan den IJssel,2026-09-07,webcare medewerker,nee,https://nl.linkedin.com/jobs/view/csa-medewerker-at-bergman-clinics-4464325862,https://nl.linkedin.com/company/bergman-clinics,4464325862
Billink,Customer Success Manager,Gouda,2026-08-18,customer happiness,nee,https://nl.linkedin.com/jobs/view/customer-success-manager-at-billink-4455757456,https://nl.linkedin.com/company/billink-bv,4455757456
Bizzdesign,Senior Customer Success Manager,Utrecht,2026-09-09,customer happiness,nee,https://nl.linkedin.com/jobs/view/senior-customer-success-manager-at-bizzdesign-4463808925,https://nl.linkedin.com/company/bizzdesign,4463808925
Bloom &amp; Wild,Customer Support Senior Associate (Dutch or German Speaking),Amsterdam,2026-08-06,klantenservice medewerker,nee,https://nl.linkedin.com/jobs/view/customer-support-senior-associate-dutch-or-german-speaking-at-bloom-wild-4450264669,https://uk.linkedin.com/company/bloom-&amp;-wild,4450264669
Bloom &amp; Wild,Customer Delight Talent Pool,Amsterdam,2026-09-13,klantenservice medewerker,nee,https://nl.linkedin.com/jobs/view/customer-delight-talent-pool-at-bloom-wild-4466735976,https://uk.linkedin.com/company/bloom-&amp;-wild,4466735976
bloomon,Customer Support Senior Associate (Dutch or German Speaking),Amsterdam Area,2026-09-15,klantenservice medewerker,ja,https://nl.linkedin.com/jobs/view/customer-support-senior-associate-dutch-or-german-speaking-at-bloomon-4467727735,https://nl.linkedin.com/company/bloomon,4467727735
Boels Rental,Manager Customer Service,Sittard,2026-09-08,customer happiness,nee,https://nl.linkedin.com/jobs/view/manager-customer-service-at-boels-rental-4464469303,https://nl.linkedin.com/company/boels-rental,4464469303
Booking Boosters,Customer Support Specialist DACH,Enschede,2026-09-16,customer happiness,nee,https://nl.linkedin.com/jobs/view/customer-support-specialist-dach-at-booking-boosters-4468318072,https://nl.linkedin.com/company/bookingboosters,4468318072
Booking Experts,Customer Success Specialist,Enschede,2026-03-24,customer happiness,nee,https://nl.linkedin.com/jobs/view/customer-success-specialist-at-booking-experts-b-v-4389326232,https://nl.linkedin.com/company/bookingexperts,4389326232
Booking Experts,Customer Success Manager,Enschede,2026-03-28,customer happiness,nee,https://nl.linkedin.com/jobs/view/customer-success-manager-at-booking-experts-b-v-4391239572,https://nl.linkedin.com/company/bookingexperts,4391239572
Booking Experts,Customer Support Specialist DACH,Enschede,2026-09-17,customer happiness,nee,https://nl.linkedin.com/jobs/view/customer-support-specialist-dach-at-booking-experts-b-v-4467141096,https://nl.linkedin.com/company/bookingexperts,4467141096
Booking Experts,Customer Support Specialist DACH,Enschede,2026-09-17,customer happiness,nee,https://nl.linkedin.com/jobs/view/customer-support-specialist-dach-at-booking-experts-b-v-4467138168,https://nl.linkedin.com/company/bookingexperts,4467138168
Booston.io,Cleanroom Medewerker 2-ploegen (Bergeijk) | NL or ENG,Bergeyk,2026-09-21,webcare medewerker,nee,https://nl.linkedin.com/jobs/view/cleanroom-medewerker-2-ploegen-bergeijk-nl-or-eng-at-booston-io-4468736436,https://nl.linkedin.com/company/booston,4468736436
BridgeFund,Customer Service Representative,Amsterdam,2026-09-09,klantenservice medewerker,nee,https://nl.linkedin.com/jobs/view/customer-service-representative-at-bridgefund-4445916609,https://nl.linkedin.com/company/bridgefund,4445916609
Brink's Solutions Nederland,Customer Success Agent (32-40 uur),"Utrecht, Nederland",2026-09-08,customer happiness,nee,https://nl.linkedin.com/jobs/view/customer-success-agent-32-40-uur-at-brink-s-solutions-nederland-4462295963,https://nl.linkedin.com/company/brinksnl,4462295963
Brocacef,IT Business Product Support,"Utrecht, Nederland",2026-08-31,webcare medewerker,nee,https://nl.linkedin.com/jobs/view/it-business-product-support-at-brocacef-4449997983,https://nl.linkedin.com/company/brocacef,4449997983
Brocacef,Facilitair servicedesk medewerker,Utrecht,2026-08-31,webcare medewerker,nee,https://nl.linkedin.com/jobs/view/facilitair-servicedesk-medewerker-at-brocacef-4413945247,https://nl.linkedin.com/company/brocacef,4413945247
Brocacef,Medewerker contact en support,Maarssen,2026-09-14,klantenservice medewerker,nee,https://nl.linkedin.com/jobs/view/medewerker-contact-en-support-at-brocacef-4376576436,https://nl.linkedin.com/company/brocacef,4376576436
Bruynzeel Keukens,Klantbegeleider Retail,Bergen op Zoom,2026-09-15,customer happiness,nee,https://nl.linkedin.com/jobs/view/klantbegeleider-retail-at-bruynzeel-keukens-4458070511,https://nl.linkedin.com/company/bruynzeel-keukens-bv,4458070511
Bugaboo Group,Growth Content &amp; Product Data Specialist,Amsterdam,2026-09-18,webcare medewerker,nee,https://nl.linkedin.com/jobs/view/growth-content-product-data-specialist-at-bugaboo-group-4466683442,https://www.linkedin.com/company/bugaboo-group,4466683442
Burger Support BV,Customer Service Medewerker,Lelystad,2026-09-17,klantenservice medewerker,nee,https://nl.linkedin.com/jobs/view/customer-service-medewerker-at-burger-support-bv-4468602778,https://nl.linkedin.com/company/burgersupport,4468602778
BUX,Customer Support Representative (deutschsprachig),Amsterdam,2026-09-08,klantenservice medewerker,nee,https://nl.linkedin.com/jobs/view/customer-support-representative-deutschsprachig-at-bux-4463286894,https://nl.linkedin.com/company/bux,4463286894
BUX,Customer Support Representative (Nederlandstalig),Amsterdam,2026-09-08,customer happiness,nee,https://nl.linkedin.com/jobs/view/customer-support-representative-nederlandstalig-at-bux-4452360388,https://nl.linkedin.com/company/bux,4452360388
Cabau Lifestyle,CRO Specialist,Arnhem,2026-08-21,webcare medewerker,ja,https://nl.linkedin.com/jobs/view/cro-specialist-at-cabau-lifestyle-4457305819,https://nl.linkedin.com/company/cabau-lifestyle,4457305819
Capgemini,Frontend Developer - NL,Utrecht,2026-06-03,webcare medewerker,nee,https://nl.linkedin.com/jobs/view/frontend-developer-nl-at-capgemini-4418513610,https://fr.linkedin.com/company/capgemini,4418513610
Capgemini,Frontend Developer,Utrecht,2026-06-03,webcare medewerker,nee,https://nl.linkedin.com/jobs/view/frontend-developer-at-capgemini-4419468026,https://fr.linkedin.com/company/capgemini,4419468026
Cardano,Digital Marketing Coordinator,Rotterdam,2026-09-04,webcare medewerker,nee,https://nl.linkedin.com/jobs/view/digital-marketing-coordinator-at-cardano-4463379096,https://nl.linkedin.com/company/cardano,4463379096
Cartier,Client Advisor - Greek and Italian,Amsterdam,2026-09-18,customer happiness,nee,https://nl.linkedin.com/jobs/view/client-advisor-greek-and-italian-at-cartier-4449738381,https://ch.linkedin.com/company/cartier,4449738381
Catawiki,Frontend Engineer,Randstad,2026-09-21,webcare medewerker,nee,https://nl.linkedin.com/jobs/view/frontend-engineer-at-catawiki-4467372028,https://nl.linkedin.com/company/catawiki,4467372028
Cato Networks,Customer Success Manager,Amsterdam,2026-08-31,customer happiness,nee,https://nl.linkedin.com/jobs/view/customer-success-manager-at-cato-networks-4440136307,https://il.linkedin.com/company/cato-networks,4440136307
CDA,Digital marketeer,Den Haag,2026-09-18,webcare medewerker,nee,https://nl.linkedin.com/jobs/view/digital-marketeer-at-cda-4251674255,https://nl.linkedin.com/company/cda,4251674255
Cedrah,Senior medewerker ICT,Barendrecht,2026-08-04,webcare medewerker,nee,https://nl.linkedin.com/jobs/view/senior-medewerker-ict-at-cedrah-4447372315,https://nl.linkedin.com/company/cedrah,4447372315
Cegeka,Onsite Support,"Utrecht, Nederland",2026-09-15,webcare medewerker,nee,https://nl.linkedin.com/jobs/view/onsite-support-at-cegeka-4465913004,https://be.linkedin.com/company/cegeka,4465913004
CGI Nederland,On Site Support Specialist - Global Technology Operations,Schaijk,2026-09-05,webcare medewerker,nee,https://nl.linkedin.com/jobs/view/on-site-support-specialist-global-technology-operations-at-cgi-nederland-4445232652,https://nl.linkedin.com/company/cgi-in-nederland,4445232652
Chane,IT Service Desk Medewerker,Rotterdam,2026-09-04,webcare medewerker,nee,https://nl.linkedin.com/jobs/view/it-service-desk-medewerker-at-chane-4429332633,https://www.linkedin.com/company/chaneterminals,4429332633
Check Point Software,Customer Success Manager,Utrecht,2026-09-21,customer happiness,nee,https://nl.linkedin.com/jobs/view/customer-success-manager-at-check-point-software-4442515867,https://www.linkedin.com/company/check-point-software-technologies,4442515867
ChipSoft Nederland,Growth Marketeer,Amsterdam,2026-09-15,webcare medewerker,nee,https://nl.linkedin.com/jobs/view/growth-marketeer-at-chipsoft-nederland-4448895867,https://nl.linkedin.com/company/chipsoft,4448895867
CIMSOLUTIONS,Front-end Developer,Utrecht Area,2026-09-22,webcare medewerker,nee,https://nl.linkedin.com/jobs/view/front-end-developer-at-cimsolutions-4468540428,https://nl.linkedin.com/company/cimsolutions,4468540428
Cleve &amp; Zonen,Medewerker Customer Service,Rotterdam,2026-03-02,klantenservice medewerker,nee,https://nl.linkedin.com/jobs/view/medewerker-customer-service-at-cleve-zonen-4378820855,https://nl.linkedin.com/company/cleve-zonen-b-v-,4378820855
Cleve &amp; Zonen,Customer Service Medewerker,Rotterdam,2026-08-21,klantenservice medewerker,nee,https://nl.linkedin.com/jobs/view/customer-service-medewerker-at-cleve-zonen-4457524926,https://nl.linkedin.com/company/cleve-zonen-b-v-,4457524926
Cleverbase,Front Desk Medewerker,Den Haag,2026-06-09,webcare medewerker,nee,https://nl.linkedin.com/jobs/view/front-desk-medewerker-at-cleverbase-4426335235,https://nl.linkedin.com/company/cleverbase,4426335235
Cleverbase,Front Desk Employee,Den Haag,2026-07-23,webcare medewerker,nee,https://nl.linkedin.com/jobs/view/front-desk-employee-at-cleverbase-4444435854,https://nl.linkedin.com/company/cleverbase,4444435854
Cleverbase,Administratief Medewerker,Den Haag,2026-07-23,webcare medewerker,nee,https://nl.linkedin.com/jobs/view/administratief-medewerker-at-cleverbase-4444446179,https://nl.linkedin.com/company/cleverbase,4444446179
Cloudpillo,Klantenservice Medewerker - Duits / Engels,'s-Hertogenbosch,2026-09-14,klantenservice medewerker,nee,https://nl.linkedin.com/jobs/view/klantenservice-medewerker-duits-engels-at-cloudpillo-4446056309,https://www.linkedin.com/company/cloudpillo,4446056309
ClubCollect,Customer Support Representative,Assen,2025-10-26,klantenservice medewerker,nee,https://nl.linkedin.com/jobs/view/customer-support-representative-at-clubcollect-4317637159,https://nl.linkedin.com/company/clubcollect,4317637159
Cold Care Group,Office &amp; Marketing Medewerker,Apeldoorn,2026-08-13,webcare medewerker,nee,https://nl.linkedin.com/jobs/view/office-marketing-medewerker-at-cold-care-group-4454012970,https://nl.linkedin.com/company/coldcaregroup.nl,4454012970
Colliers,Customer Support Specialist,Nieuwegein,2026-09-08,klantenservice medewerker,nee,https://nl.linkedin.com/jobs/view/customer-support-specialist-at-colliers-4464492902,https://ca.linkedin.com/company/colliers,4464492902
Colosseum Dental Benelux,Baliemedewerker,Den Haag,2026-02-24,webcare medewerker,nee,https://nl.linkedin.com/jobs/view/baliemedewerker-at-colosseum-dental-benelux-4376438027,https://nl.linkedin.com/company/colosseum-dental-benelux,4376438027
Commaxx Group,ONLINE MARKETEER (WEBSHOP SPECIALIST) - COMMAXX KERKRADE,Kerkrade,2026-08-05,webcare medewerker,nee,https://nl.linkedin.com/jobs/view/online-marketeer-webshop-specialist-commaxx-kerkrade-at-commaxx-group-4449483048,https://nl.linkedin.com/company/commaxxgroup,4449483048
CompuGroup Medical SE &amp; Co. KGaA,L1 Support Professional,Echt,2026-09-02,webcare medewerker,nee,https://nl.linkedin.com/jobs/view/l1-support-professional-at-compugroup-medical-se-co-kgaa-4415662858,https://de.linkedin.com/company/compugroup-medical,4415662858
Concentrix,Klantenservicemedewerker BMW Customer Service - Rijswijk,Rijswijk,2026-09-07,klantenservice medewerker,nee,https://nl.linkedin.com/jobs/view/klantenservicemedewerker-bmw-customer-service-rijswijk-at-concentrix-4462215965,https://www.linkedin.com/company/concentrix,4462215965
Coolblue,Klantenservice Medewerker,Rotterdam,2026-06-04,klantenservice medewerker,nee,https://nl.linkedin.com/jobs/view/klantenservice-medewerker-at-coolblue-4423516106,https://nl.linkedin.com/company/coolblue,4423516106
Coolblue,Product Journey Manager,Rotterdam,2026-06-04,webcare medewerker,nee,https://nl.linkedin.com/jobs/view/product-journey-manager-at-coolblue-4423506689,https://nl.linkedin.com/company/coolblue,4423506689
Coolblue,Customer Service Representative German Speaking,Rotterdam,2026-07-03,klantenservice medewerker,nee,https://nl.linkedin.com/jobs/view/customer-service-representative-german-speaking-at-coolblue-4436465660,https://nl.linkedin.com/company/coolblue,4436465660
Coolblue,Klantenservice Medewerker Duitstalig,Rotterdam,2026-07-03,klantenservice medewerker,nee,https://nl.linkedin.com/jobs/view/klantenservice-medewerker-duitstalig-at-coolblue-4436467569,https://nl.linkedin.com/company/coolblue,4436467569
Coolblue,Product Redacteur,Rotterdam,2026-08-12,webcare medewerker,nee,https://nl.linkedin.com/jobs/view/product-redacteur-at-coolblue-4452343357,https://nl.linkedin.com/company/coolblue,4452343357
Coolblue,Online Marketeer Coolblue Zakelijk,Rotterdam,2026-09-05,webcare medewerker,nee,https://nl.linkedin.com/jobs/view/online-marketeer-coolblue-zakelijk-at-coolblue-4436724998,https://nl.linkedin.com/company/coolblue,4436724998
Coolblue,Front-End React/Next.js Developer,Rotterdam,2026-09-22,webcare medewerker,nee,https://nl.linkedin.com/jobs/view/front-end-react-next-js-developer-at-coolblue-4470235678,https://nl.linkedin.com/company/coolblue,4470235678
Coolblue,Senior Front-end Developer,Rotterdam,2026-09-22,webcare medewerker,nee,https://nl.linkedin.com/jobs/view/senior-front-end-developer-at-coolblue-4470226967,https://nl.linkedin.com/company/coolblue,4470226967
Coolblue,Front-End React/Next.js Developer,Rotterdam,2026-09-22,webcare medewerker,nee,https://nl.linkedin.com/jobs/view/front-end-react-next-js-developer-at-coolblue-4470242471,https://nl.linkedin.com/company/coolblue,4470242471
Copaco,Junior Customer Success Medewerker,Eindhoven,2026-08-22,customer happiness,nee,https://nl.linkedin.com/jobs/view/junior-customer-success-medewerker-at-copaco-4468223015,https://nl.linkedin.com/company/copaco,4468223015
Copaco,Junior Customer Success Medewerker,Eindhoven,2026-09-16,customer happiness,nee,https://nl.linkedin.com/jobs/view/junior-customer-success-medewerker-at-copaco-4465979845,https://nl.linkedin.com/company/copaco,4465979845
CowManager,Full stack-ontwikkelaar,Harmelen,2026-09-18,webcare medewerker,nee,https://nl.linkedin.com/jobs/view/full-stack-ontwikkelaar-at-cowmanager-4467829869,https://nl.linkedin.com/company/cowmanager-bv,4467829869
Cqure,Junior SOC Analist,"Flevoland, Nederland",2026-09-18,webcare medewerker,nee,https://nl.linkedin.com/jobs/view/junior-soc-analist-at-cqure-4466689593,https://nl.linkedin.com/company/cqure,4466689593
Currentt,Technical Support &amp; Customer Success Manager,Amsterdam,2026-07-20,customer happiness,nee,https://nl.linkedin.com/jobs/view/technical-support-customer-success-manager-at-currentt-4442781365,https://nl.linkedin.com/company/currentt,4442781365
CWS Hygiene Nederland,Medewerker customer care | 32-40 uur,Den Bosch,2026-08-28,klantenservice medewerker,nee,https://nl.linkedin.com/jobs/view/medewerker-customer-care-32-40-uur-at-cws-hygiene-nederland-4460301689,https://nl.linkedin.com/company/cws-nederland,4460301689
CWS Hygiene Nederland,Medewerker customer care,Den Bosch,2026-08-28,webcare medewerker,nee,https://nl.linkedin.com/jobs/view/medewerker-customer-care-at-cws-hygiene-nederland-4460322248,https://nl.linkedin.com/company/cws-nederland,4460322248
CZ,Digital Designer,Tilburg,2026-09-10,webcare medewerker,nee,https://nl.linkedin.com/jobs/view/digital-designer-at-cz-4465820514,https://nl.linkedin.com/company/cz,4465820514
CZ,Medewerker Secretariaat (divisie Data &amp; IT),Tilburg,2026-09-15,webcare medewerker,nee,https://nl.linkedin.com/jobs/view/medewerker-secretariaat-divisie-data-it-at-cz-4458230893,https://nl.linkedin.com/company/cz,4458230893
Daifuku Airport Netherlands,Medewerker IT Servicedesk,Hoofddorp,2026-08-04,webcare medewerker,nee,https://nl.linkedin.com/jobs/view/medewerker-it-servicedesk-at-daifuku-airport-netherlands-4449010191,https://www.linkedin.com/company/daifuku-airport-netherlands-group,4449010191
Dalux,Customer Success Manager - Rotterdam,Rotterdam,2026-09-08,customer happiness,nee,https://nl.linkedin.com/jobs/view/customer-success-manager-rotterdam-at-dalux-4437181382,https://dk.linkedin.com/company/dalux,4437181382
DataSnipper,Director of Customer Success (Strategic Accounts),Amsterdam,2026-09-04,customer happiness,nee,https://nl.linkedin.com/jobs/view/director-of-customer-success-strategic-accounts-at-datasnipper-4454055169,https://nl.linkedin.com/company/datasnipper,4454055169
DataSnipper,Strategic Customer Success Manager,Amsterdam,2026-09-16,customer happiness,nee,https://nl.linkedin.com/jobs/view/strategic-customer-success-manager-at-datasnipper-4467963733,https://nl.linkedin.com/company/datasnipper,4467963733
Dawn Foods Global,Customer Service Employee,Vlaardingen,2026-09-08,klantenservice medewerker,nee,https://nl.linkedin.com/jobs/view/customer-service-employee-at-dawn-foods-global-4462503620,https://www.linkedin.com/company/dawn-food-products,4462503620
de Bijenkorf,Data Entry Medewerker E-commerce,Amsterdam,2026-09-05,webcare medewerker,nee,https://nl.linkedin.com/jobs/view/data-entry-medewerker-e-commerce-at-de-bijenkorf-4463778700,https://nl.linkedin.com/company/de-bijenkorf,4463778700
de Bijenkorf,Medewerker Services,Amsterdam,2026-09-16,klantenservice medewerker,nee,https://nl.linkedin.com/jobs/view/medewerker-services-at-de-bijenkorf-4468247745,https://nl.linkedin.com/company/de-bijenkorf,4468247745
de Bijenkorf,Senior Medewerker Klantenservice,Amsterdam,2026-09-21,klantenservice medewerker,nee,https://nl.linkedin.com/jobs/view/senior-medewerker-klantenservice-at-de-bijenkorf-4433891476,https://nl.linkedin.com/company/de-bijenkorf,4433891476
De Haan IT,Servicedeskmedewerker / Klantenservice medewerker ICT / Application Service Engineer,Almere,2026-09-14,webcare medewerker,nee,https://nl.linkedin.com/jobs/view/servicedeskmedewerker-klantenservice-medewerker-ict-application-service-engineer-at-de-haan-it-4467062948,https://nl.linkedin.com/company/de-haan-b.v.,4467062948
De Heer Medicom,Helpdeskmedewerker,"Limburg, Nederland",2026-09-10,webcare medewerker,nee,https://nl.linkedin.com/jobs/view/helpdeskmedewerker-at-de-heer-medicom-4464505220,https://nl.linkedin.com/company/de-heer-medicom,4464505220
De Mandemakers Groep,Technisch web analist,Waalwijk,2026-09-11,webcare medewerker,nee,https://nl.linkedin.com/jobs/view/technisch-web-analist-at-de-mandemakers-groep-4466320062,https://nl.linkedin.com/company/demandemakersgroep,4466320062
DeepHealth,Technical Support Engineer,Nederland,2026-06-01,webcare medewerker,nee,https://nl.linkedin.com/jobs/view/technical-support-engineer-at-deephealth-4421858266,https://www.linkedin.com/company/deephealthai,4421858266
DeJong Cheese - Alphenaer,E-commerce Medewerker (24 uur),Alphen,2026-07-28,webcare medewerker,nee,https://nl.linkedin.com/jobs/view/e-commerce-medewerker-24-uur-at-dejong-cheese-alphenaer-4446156538,https://nl.linkedin.com/company/dejong-cheese,4446156538
Deloox,Customer Care Medewerker,Eindhoven,2026-06-04,klantenservice medewerker,nee,https://nl.linkedin.com/jobs/view/customer-care-medewerker-at-deloox-4420161438,https://nl.linkedin.com/company/deloox,4420161438
Den Ouden,Medewerker Customer Service,Schijndel,2026-09-07,klantenservice medewerker,nee,https://nl.linkedin.com/jobs/view/medewerker-customer-service-at-den-ouden-groep-4464314677,https://nl.linkedin.com/company/den-ouden-groep,4464314677
Dentalair,MEDEWERKER WEBSHOP &amp; SUPPORT,Dordrecht,2026-09-04,webcare medewerker,nee,https://nl.linkedin.com/jobs/view/medewerker-webshop-support-at-dentalair-4461970298,https://nl.linkedin.com/company/dentalair,4461970298
DentalZorg Tandheelkunde,Medewerker Online Marketing,Amsterdam,2025-12-01,webcare medewerker,nee,https://nl.linkedin.com/jobs/view/medewerker-online-marketing-at-dentalzorg-tandheelkunde-4324997576,https://nl.linkedin.com/company/dentalzorgnl,4324997576
Deployteq,ICT-servicedeskmedewerker,Ter Heijde,2026-09-01,webcare medewerker,nee,https://nl.linkedin.com/jobs/view/ict-servicedeskmedewerker-at-deployteq-4449849329,https://nl.linkedin.com/company/deployteq,4449849329
Deponti,Customer Service Medewerker – 32-40 uur | Oss,Oss,2026-07-03,klantenservice medewerker,nee,https://nl.linkedin.com/jobs/view/customer-service-medewerker-%E2%80%93-32-40-uur-oss-at-deponti-4433144047,https://nl.linkedin.com/company/deponti,4433144047
DETEC Beveiliging,Klantenservice medewerker,Purmerend,2025-12-12,klantenservice medewerker,nee,https://nl.linkedin.com/jobs/view/klantenservice-medewerker-at-detec-beveiliging-4330525254,https://nl.linkedin.com/company/detecbeveiliging,4330525254
DeWarmte,Customer Experience Manager,'s-Gravenhage,2026-09-09,customer happiness,nee,https://nl.linkedin.com/jobs/view/customer-experience-manager-at-dewarmte-4465075329,https://nl.linkedin.com/company/dewarmte,4465075329
Digital Newsgroup (DNG),Linkbuildingspecialist,Tilburg,2026-08-26,webcare medewerker,nee,https://nl.linkedin.com/jobs/view/linkbuildingspecialist-at-digital-newsgroup-bv-4459177785,https://nl.linkedin.com/company/digital-newsgroup-dng,4459177785
Dimplex Consumer Products,Customer Experience Representative,Heerenveen,2026-09-14,klantenservice medewerker,nee,https://nl.linkedin.com/jobs/view/customer-experience-representative-at-dimplex-consumer-products-4467074522,https://uk.linkedin.com/company/dimplexconsumerproducts,4467074522
Dirk van den Broek,Medewerker Klantenservice en Servicedesk,Alphen aan den Rijn,2026-09-17,klantenservice medewerker,nee,https://nl.linkedin.com/jobs/view/medewerker-klantenservice-en-servicedesk-at-dirk-van-den-broek-4467506639,https://nl.linkedin.com/company/dirk-van-den-broek,4467506639
DNA Services B.V.,ServiceDesk medewerker,Hendrik-Ido-Ambacht,2026-08-21,webcare medewerker,nee,https://nl.linkedin.com/jobs/view/servicedesk-medewerker-at-dna-services-b-v-4456744810,https://nl.linkedin.com/company/dna-services-bv,4456744810
DotControl,Medior Front-End Developer,Rotterdam,2025-03-17,webcare medewerker,nee,https://nl.linkedin.com/jobs/view/medior-front-end-developer-at-dotcontrol-4184477436,https://nl.linkedin.com/company/dotcontrol,4184477436
Dripps.ai,Customer Success Manager,Utrecht,2026-07-21,customer happiness,nee,https://nl.linkedin.com/jobs/view/customer-success-manager-at-dripps-ai-4442680636,https://nl.linkedin.com/company/dripps-ai,4442680636
DroneShield,Customer Success Manager - EMEA,Amsterdam,2026-09-14,customer happiness,nee,https://nl.linkedin.com/jobs/view/customer-success-manager-emea-at-droneshield-4465784581,https://au.linkedin.com/company/droneshield,4465784581
dsm-firmenich,"Lead Expert, Regional Customer Experience, ISOL",Delft,2026-09-17,customer happiness,nee,https://nl.linkedin.com/jobs/view/lead-expert-regional-customer-experience-isol-at-dsm-firmenich-4466262477,https://www.linkedin.com/company/dsm-firmenich,4466262477
DSV - Global Transport and Logistics,Customer Care &amp; Support Dutch/ French-speaking,Moerdijk,2026-09-05,klantenservice medewerker,nee,https://nl.linkedin.com/jobs/view/customer-care-support-dutch-french-speaking-at-dsv-global-transport-and-logistics-4435215896,https://dk.linkedin.com/company/dsv,4435215896
DSV - Global Transport and Logistics,Customer Care &amp; Support Nederlands-Franstalig,Moerdijk,2026-09-05,klantenservice medewerker,nee,https://nl.linkedin.com/jobs/view/customer-care-support-nederlands-franstalig-at-dsv-global-transport-and-logistics-4435230329,https://dk.linkedin.com/company/dsv,4435230329
DSV - Global Transport and Logistics,Customer Service Representative,Venlo,2026-09-21,klantenservice medewerker,nee,https://nl.linkedin.com/jobs/view/customer-service-representative-at-dsv-global-transport-and-logistics-4459798043,https://dk.linkedin.com/company/dsv,4459798043
Dynamic People B.V. | Amsterdam | The Netherlands,Customer Success Manager,Amsterdam Area,2026-09-14,customer happiness,nee,https://nl.linkedin.com/jobs/view/customer-success-manager-at-dynamic-people-4463877500,https://nl.linkedin.com/company/dynamic-people-b.v.,4463877500
e-Quest,Servicedeskmedewerker Breedband Helmond,Helmond,2026-08-04,webcare medewerker,nee,https://nl.linkedin.com/jobs/view/servicedeskmedewerker-breedband-helmond-at-e-quest-4449071697,https://nl.linkedin.com/company/e-quest-automatisering,4449071697
Eddy Grid,Customer Success Manager - Customer Relations (Fluent Dutch Speaker),Utrecht,2026-09-18,customer happiness,nee,https://nl.linkedin.com/jobs/view/customer-success-manager-customer-relations-fluent-dutch-speaker-at-eddy-grid-4466687118,https://nl.linkedin.com/company/eddy-grid,4466687118
Eddy Grid,Customer Success Manager - Customer Relations,"Utrecht, Nederland",2026-09-22,customer happiness,nee,https://nl.linkedin.com/jobs/view/customer-success-manager-customer-relations-at-eddy-grid-4470261983,https://nl.linkedin.com/company/eddy-grid,4470261983
EerstelijnsZorg Zoetermeer,Servicedeskmedewerker ICT &amp; Facilitaire Dienstverlening (fulltime),Zoetermeer,2026-08-24,webcare medewerker,nee,https://nl.linkedin.com/jobs/view/servicedeskmedewerker-ict-facilitaire-dienstverlening-fulltime-at-eerstelijnszorg-zoetermeer-4455842587,https://nl.linkedin.com/company/eerstelijnszorg-zoetermeer,4455842587
Effectory,Customer Success Manager (Mid-Market),Amsterdam,2026-09-10,customer happiness,nee,https://nl.linkedin.com/jobs/view/customer-success-manager-mid-market-at-effectory-4422416152,https://nl.linkedin.com/company/effectory,4422416152
Effectory,Customer Success Manager - Public sector,Amsterdam,2026-09-15,customer happiness,nee,https://nl.linkedin.com/jobs/view/customer-success-manager-public-sector-at-effectory-4467761203,https://nl.linkedin.com/company/effectory,4467761203
efficy CRM,Customer Care Officer (Dutch speaker),Utrecht,2026-09-10,klantenservice medewerker,nee,https://nl.linkedin.com/jobs/view/customer-care-officer-dutch-speaker-at-efficy-crm-4463431909,https://be.linkedin.com/company/efficy,4463431909
efficy Group,Customer Care Officer L1 (Nederlandstalig),Utrecht,2026-08-24,klantenservice medewerker,nee,https://nl.linkedin.com/jobs/view/customer-care-officer-l1-nederlandstalig-at-efficy-group-4450116544,https://be.linkedin.com/company/efficy-group,4450116544
efficy Group,Customer Care Officer (Dutch speaker),Utrecht,2026-09-07,klantenservice medewerker,nee,https://nl.linkedin.com/jobs/view/customer-care-officer-dutch-speaker-at-efficy-group-4452436527,https://be.linkedin.com/company/efficy-group,4452436527
Efulfilment Europe,Customer Success Medewerker,Almere,2026-05-08,customer happiness,nee,https://nl.linkedin.com/jobs/view/customer-success-medewerker-at-efulfilment-europe-4412127084,https://nl.linkedin.com/company/efulfilmenteu,4412127084
Ekco,Support Engineer,Veenendaal,2026-07-24,webcare medewerker,nee,https://nl.linkedin.com/jobs/view/support-engineer-at-ekco-4454901763,https://ie.linkedin.com/company/ekco-it,4454901763
Elektrobode B.V.,Medewerker klantenservice,Assen,2026-09-08,klantenservice medewerker,nee,https://nl.linkedin.com/jobs/view/medewerker-klantenservice-at-elektrobode-b-v-4464322167,https://nl.linkedin.com/company/elektrobode,4464322167
Element Logic®,Global Head of Customer Programs,Bemmel,2026-09-03,customer happiness,nee,https://nl.linkedin.com/jobs/view/global-head-of-customer-programs-at-element-logic%C2%AE-4463270811,https://no.linkedin.com/company/element-logic,4463270811
Elevation Partners,Manager klantsuccessen,Amersfoort,2026-08-27,customer happiness,nee,https://nl.linkedin.com/jobs/view/manager-klantsuccessen-at-elevation-partners-4459828399,https://nl.linkedin.com/company/elevation-partners-nederland,4459828399
ELIS,Customer Relations Medewerker,Schiedam,2026-09-17,klantenservice medewerker,nee,https://nl.linkedin.com/jobs/view/customer-relations-medewerker-at-elis-4465088471,https://fr.linkedin.com/company/elis_2,4465088471
Endeavour,Medior Allround Online Marketeer,Haarlem,2026-07-30,webcare medewerker,nee,https://nl.linkedin.com/jobs/view/medior-allround-online-marketeer-at-endeavour-4446747400,https://nl.linkedin.com/company/endeavour-agency,4446747400
Energie VanOns,Medewerker klantenservice,"Groningen, Nederland",2026-09-17,klantenservice medewerker,nee,https://nl.linkedin.com/jobs/view/medewerker-klantenservice-at-energie-vanons-4468636614,https://nl.linkedin.com/company/energie-vanons,4468636614
Equalture,Customer Success Manager,Rotterdam,2026-09-15,customer happiness,nee,https://nl.linkedin.com/jobs/view/customer-success-manager-at-equalture-4467736231,https://nl.linkedin.com/company/equalture,4467736231
Equinix,Regional Customer Success Management - Enterprise,Amsterdam,2026-09-21,customer happiness,nee,https://nl.linkedin.com/jobs/view/regional-customer-success-management-enterprise-at-equinix-4467605803,https://www.linkedin.com/company/equinix,4467605803
Essity,Customer Facing &amp; Order Management Representative,Zeist,2026-08-28,klantenservice medewerker,nee,https://nl.linkedin.com/jobs/view/customer-facing-order-management-representative-at-essity-4458075797,https://se.linkedin.com/company/essity,4458075797
Europe Cycle Company,Klantenservice/Aftersales,Aalsmeer,2025-12-03,klantenservice medewerker,nee,https://nl.linkedin.com/jobs/view/klantenservice-aftersales-at-europe-cycle-company-4341551459,https://nl.linkedin.com/company/europe-cycle-company,4341551459
Everflow - Partner Marketing Platform,"Customer Success Manager, Support - EU",Amsterdam,2026-09-09,customer happiness,nee,https://nl.linkedin.com/jobs/view/customer-success-manager-support-eu-at-everflow-partner-marketing-platform-4465016580,https://www.linkedin.com/company/everflowio,4465016580
Evers Kassasystemen bv,Junior Support Medewerker,'s-Hertogenbosch,2026-08-27,webcare medewerker,nee,https://nl.linkedin.com/jobs/view/junior-support-medewerker-at-evers-kassasystemen-bv-4457744746,https://nl.linkedin.com/company/evers-kassasystemen-bv,4457744746
Eye Security,Customer Success Manager Netherlands (m/f/x),Rotterdam and The Hague,2026-09-01,customer happiness,nee,https://nl.linkedin.com/jobs/view/customer-success-manager-netherlands-m-f-x-at-eye-security-4442097035,https://nl.linkedin.com/company/eyesecurity,4442097035
Eye Security,Customer Success Manager Netherlands (m/f/x),Nederland,2026-09-01,customer happiness,nee,https://nl.linkedin.com/jobs/view/customer-success-manager-netherlands-m-f-x-at-eye-security-4442074964,https://nl.linkedin.com/company/eyesecurity,4442074964
Facilicom Groep,Senior Digital Marketeer,Schiedam,2026-09-18,webcare medewerker,nee,https://nl.linkedin.com/jobs/view/senior-digital-marketeer-at-facilicom-groep-4469172168,https://nl.linkedin.com/company/facilicom,4469172168
Farm Frites,Customer Service Medewerker,"Zuid-Holland, Nederland",2026-09-19,klantenservice medewerker,nee,https://nl.linkedin.com/jobs/view/customer-service-medewerker-at-farm-frites-4441375026,https://nl.linkedin.com/company/farm-frites,4441375026
Felix NL,Customer Service Representative Belgium &amp; Luxemburg,Helmond,2026-09-20,klantenservice medewerker,nee,https://nl.linkedin.com/jobs/view/customer-service-representative-belgium-luxemburg-at-felix-nl-4468447647,https://nl.linkedin.com/company/felixnl,4468447647
Findwhere,Growth Marketeer,Noordwijk aan Zee,2026-09-14,webcare medewerker,nee,https://nl.linkedin.com/jobs/view/growth-marketeer-at-findwhere-4467089736,https://nl.linkedin.com/company/findwhere,4467089736
Fleetport.nl,Klantenservice medewerker (Pooldesk),Bleiswijk,2026-07-30,klantenservice medewerker,nee,https://nl.linkedin.com/jobs/view/klantenservice-medewerker-pooldesk-at-fleetport-nl-4446464750,https://nl.linkedin.com/company/fleetport-nl,4446464750
Flokk Nederland,Customer service medewerker Benelux,Rotterdam,2026-07-27,klantenservice medewerker,nee,https://nl.linkedin.com/jobs/view/customer-service-medewerker-benelux-at-flokk-nederland-4445900924,https://nl.linkedin.com/company/flokk-nederland,4445900924
FOOX Bergsma Franeker BV,Binnendienst Medewerker Webshop Foods &amp; Goods - (fulltime),Franeker,2026-09-17,webcare medewerker,nee,https://nl.linkedin.com/jobs/view/binnendienst-medewerker-webshop-foods-goods-fulltime-at-foox-bergsma-franeker-bv-4468637112,https://nl.linkedin.com/company/foox-bergsma-franeker-bv,4468637112
Forbo Group,Website Specialist,Assendelft,2026-09-09,webcare medewerker,nee,https://nl.linkedin.com/jobs/view/website-specialist-at-forbo-group-4465066016,https://ch.linkedin.com/company/forbo-group,4465066016
Fortezza Groep,Servicedesk Medewerker,Zoetermeer,2026-08-26,webcare medewerker,nee,https://nl.linkedin.com/jobs/view/servicedesk-medewerker-at-fortezza-4459307317,https://nl.linkedin.com/company/fortezza-groep,4459307317
Fortifi Food Processing Solutions,Customer Service Representative,Huizen,2026-09-18,klantenservice medewerker,nee,https://nl.linkedin.com/jobs/view/customer-service-representative-at-fortifi-food-processing-solutions-4466224666,https://www.linkedin.com/company/fortififoodsolutions,4466224666
French Selection (FS),Dutch Speaking Customer Experience Representative,Eindhoven,2026-09-10,klantenservice medewerker,nee,https://nl.linkedin.com/jobs/view/dutch-speaking-customer-experience-representative-at-french-selection-fs-4464530294,https://uk.linkedin.com/company/french-selection-uk-limited,4464530294
French Selection (FS),Medewerker Klantenservice / Customer Experience (Nederlands &amp; Engels),Eindhoven Area,2026-09-10,klantenservice medewerker,nee,https://nl.linkedin.com/jobs/view/medewerker-klantenservice-customer-experience-nederlands-engels-at-french-selection-fs-4465807422,https://uk.linkedin.com/company/french-selection-uk-limited,4465807422
French Selection (FS),Medewerker Klantenservice / Customer Experience (Nederlands &amp; Engels),Eindhoven,2026-09-15,klantenservice medewerker,nee,https://nl.linkedin.com/jobs/view/medewerker-klantenservice-customer-experience-nederlands-engels-at-french-selection-fs-4466158622,https://uk.linkedin.com/company/french-selection-uk-limited,4466158622
Funda,Frontend Developer,Amsterdam Area,2026-09-17,webcare medewerker,nee,https://nl.linkedin.com/jobs/view/frontend-developer-at-funda-4458164601,https://nl.linkedin.com/company/funda,4458164601
GAC Motor Europe,Digital Marketing &amp; Social Media Specialist,Amsterdam,2026-08-20,webcare medewerker,nee,https://nl.linkedin.com/jobs/view/digital-marketing-social-media-specialist-at-gac-motor-europe-4455474595,https://www.linkedin.com/company/gac-motor-europe,4455474595
Garanti BBVA International,Klantcontactadviseur Sparen,Amsterdam,2026-05-18,klantenservice medewerker,nee,https://nl.linkedin.com/jobs/view/klantcontactadviseur-sparen-at-garanti-bbva-international-4403973280,https://nl.linkedin.com/company/garantibank-international-nv,4403973280
Gemeente Krimpenerwaard,Medewerker Klantcontact,Bergambacht,2026-09-17,klantenservice medewerker,nee,https://nl.linkedin.com/jobs/view/medewerker-klantcontact-at-gemeente-krimpenerwaard-4468643620,https://nl.linkedin.com/company/gemeente-krimpenerwaard,4468643620
Genesys,Customer Success Director,Amsterdam Area,2026-07-16,customer happiness,nee,https://nl.linkedin.com/jobs/view/customer-success-director-at-genesys-4436073958,https://www.linkedin.com/company/genesys,4436073958
Geotab,SMB Senior Customer Success Manager (CSM) Netherlands,Amsterdam,2026-09-18,customer happiness,nee,https://nl.linkedin.com/jobs/view/smb-senior-customer-success-manager-csm-netherlands-at-geotab-4467845183,https://ca.linkedin.com/company/geotab,4467845183
Get-e,Client Relationship Manager,Hoofddorp,2026-09-10,customer happiness,nee,https://nl.linkedin.com/jobs/view/client-relationship-manager-at-get-e-4465648005,https://nl.linkedin.com/company/get-e,4465648005
Giga Meubel,Klantenservice medewerker 32-40 uur,Barneveld,2026-09-08,klantenservice medewerker,nee,https://nl.linkedin.com/jobs/view/klantenservice-medewerker-32-40-uur-at-giga-meubel-4462523800,https://nl.linkedin.com/company/giga-meubel,4462523800
Gilde-BT,ONLINE MARKETEER,Venlo,2026-09-08,webcare medewerker,nee,https://nl.linkedin.com/jobs/view/online-marketeer-at-gilde-bt-4464446931,https://nl.linkedin.com/company/gildebt,4464446931
Globus Medical,Sr Customer Service Representative,Brunssum,2025-06-10,klantenservice medewerker,nee,https://nl.linkedin.com/jobs/view/sr-customer-service-representative-at-globus-medical-4245482430,https://www.linkedin.com/company/globus-medical,4245482430
GO! Express &amp; Logistics,Customer Service Agent (40 uur),Veenendaal,2026-09-08,klantenservice medewerker,nee,https://nl.linkedin.com/jobs/view/customer-service-agent-40-uur-at-go%21-express-logistics-4462293610,https://de.linkedin.com/company/go-express-&amp;-logistics,4462293610
GoDutch,Customer Operations Agent,Amsterdam,2026-01-13,klantenservice medewerker,nee,https://nl.linkedin.com/jobs/view/customer-operations-agent-at-godutch-4354448067,https://nl.linkedin.com/company/godutchcom,4354448067
GoedGepickt Webwinkel Magazijnsoftware,Customer Success &amp; Support Specialist,Etten-Leur,2026-07-02,customer happiness,nee,https://nl.linkedin.com/jobs/view/customer-success-support-specialist-at-goedgepickt-webwinkel-magazijnsoftware-4435018603,https://nl.linkedin.com/company/goedgepickt,4435018603
GoodHabitz,Webflow Developer (Marketing),Eindhoven,2026-08-27,webcare medewerker,nee,https://nl.linkedin.com/jobs/view/webflow-developer-marketing-at-goodhabitz-4457754763,https://nl.linkedin.com/company/goodhabitz,4457754763
Greenchoice,Medewerker Klantenservice Zakelijk,Nijmegen,2026-09-07,klantenservice medewerker,nee,https://nl.linkedin.com/jobs/view/medewerker-klantenservice-zakelijk-at-greenchoice-4464371525,https://nl.linkedin.com/company/greenchoice,4464371525
GTE,SEO &amp; Product Page Marketing Specialist for Supplement Brand,Nieuwegein,2026-05-14,webcare medewerker,nee,https://nl.linkedin.com/jobs/view/seo-product-page-marketing-specialist-for-supplement-brand-at-gte-4414745284,https://www.linkedin.com/company/gte2018,4414745284
GTE,General VA – Social Media Management,Nieuwegein,2026-08-24,webcare medewerker,nee,https://nl.linkedin.com/jobs/view/general-va-%E2%80%93-social-media-management-at-gte-4457163824,https://www.linkedin.com/company/gte2018,4457163824
"GXO Logistics, Inc.",Customer Service Officer,Oude Meer,2026-09-02,klantenservice medewerker,nee,https://nl.linkedin.com/jobs/view/customer-service-officer-at-gxo-logistics-inc-4462432132,https://www.linkedin.com/company/gxologistics,4462432132
"GXO Logistics, Inc.",Customer Service Representative,Amsterdam Area,2026-09-03,klantenservice medewerker,nee,https://nl.linkedin.com/jobs/view/customer-service-representative-at-gxo-logistics-inc-4460475892,https://www.linkedin.com/company/gxologistics,4460475892
Hammer IT Services B.V.,Allround Medewerker IT &amp; Klantenservice,Zevenaar,2026-08-26,webcare medewerker,nee,https://nl.linkedin.com/jobs/view/allround-medewerker-it-klantenservice-at-hammer-it-services-b-v-4459328254,https://nl.linkedin.com/company/hammerit,4459328254
Hans Boodt Mannequins,Customer Support Employee,Zwijndrecht,2026-09-16,klantenservice medewerker,nee,https://nl.linkedin.com/jobs/view/customer-support-employee-at-hans-boodt-mannequins-4465926563,https://nl.linkedin.com/company/hansboodtmannequins,4465926563
Happy Hair Service,E-commerce &amp; Content Specialist,Berkel en Rodenrijs,2026-09-15,webcare medewerker,nee,https://nl.linkedin.com/jobs/view/e-commerce-content-specialist-at-happy-hair-service-4467753157,https://nl.linkedin.com/company/happy-hair-service,4467753157
Harnham,Customer success manager - retail experience required,Randstad,2026-08-27,customer happiness,nee,https://nl.linkedin.com/jobs/view/customer-success-manager-retail-experience-required-at-harnham-4416264605,https://uk.linkedin.com/company/harnham,4416264605
Hart Beach,Website &amp; Webshop Beheerder,'s-Gravenhage,2026-09-19,webcare medewerker,nee,https://nl.linkedin.com/jobs/view/website-webshop-beheerder-at-hart-beach-4469525581,https://nl.linkedin.com/company/hartbeach,4469525581
Haselhoff Groep,ICT Supportdesk Medewerker 1e en 2e lijns,Utrecht,2026-07-27,webcare medewerker,nee,https://nl.linkedin.com/jobs/view/ict-supportdesk-medewerker-1e-en-2e-lijns-at-haselhoff-groep-4428635483,https://nl.linkedin.com/company/haselhoff-groep,4428635483
HAVI,Customer Service medewerker,Amersfoort,2026-09-10,klantenservice medewerker,nee,https://nl.linkedin.com/jobs/view/customer-service-medewerker-at-havi-4428890417,https://www.linkedin.com/company/havigroup,4428890417
Haystack People,Customer Succes Manager (SaaS/AI),Nijmegen,2026-09-14,customer happiness,nee,https://nl.linkedin.com/jobs/view/customer-succes-manager-saas-ai-at-haystack-people-4465786674,https://nl.linkedin.com/company/haystack-people,4465786674
HCI - Health Cloud Initiative,Customer Service Medewerker,Haarlem,2026-09-09,klantenservice medewerker,nee,https://nl.linkedin.com/jobs/view/customer-service-medewerker-at-health-cloud-initiative-4463836184,https://nl.linkedin.com/company/healthcloudinitiative,4463836184
HCI - Health Cloud Initiative,Growth Marketeer,Amsterdam,2026-09-09,webcare medewerker,nee,https://nl.linkedin.com/jobs/view/growth-marketeer-at-health-cloud-initiative-4463846037,https://nl.linkedin.com/company/healthcloudinitiative,4463846037
HealthConnected (NL),Customer Succes Specialist,Alkmaar,2026-09-11,customer happiness,nee,https://nl.linkedin.com/jobs/view/customer-succes-specialist-at-healthconnected-nl-4466090452,https://nl.linkedin.com/company/healthconnected-nl,4466090452
Hedin Automotive NL,"Medewerker Klantcontact Kia, Fiat, Opel, Jeep en Alfa Romeo",Wormerveer,2026-07-29,klantenservice medewerker,nee,https://nl.linkedin.com/jobs/view/medewerker-klantcontact-kia-fiat-opel-jeep-en-alfa-romeo-at-hedin-automotive-nl-4446078433,https://nl.linkedin.com/company/hedin-automotive-nl,4446078433
Hemubo,Support medewerker ICT,Almere,2026-09-17,webcare medewerker,nee,https://nl.linkedin.com/jobs/view/support-medewerker-ict-at-hemubo-4457974171,https://nl.linkedin.com/company/hemubo,4457974171
Heras Mobile Fencing &amp; Security,Content Performance Specialist,Best,2026-09-16,webcare medewerker,nee,https://nl.linkedin.com/jobs/view/content-performance-specialist-at-heras-mobile-fencing-security-4467979817,https://nl.linkedin.com/company/heras-mobile-fencing-&amp;-security,4467979817
Herbalife,Customer Service Representative with English and Dutch - Netherlands and Belgium,Utrecht,2026-09-04,klantenservice medewerker,nee,https://nl.linkedin.com/jobs/view/customer-service-representative-with-english-and-dutch-netherlands-and-belgium-at-herbalife-4434132710,https://www.linkedin.com/company/herbalife,4434132710
Hertz,Customer Service Representative,Amstelveen,2026-09-09,klantenservice medewerker,nee,https://nl.linkedin.com/jobs/view/customer-service-representative-at-hertz-4463855254,https://www.linkedin.com/company/hertz,4463855254
Hertz,Customer Service Representative,Amstelveen,2026-09-11,klantenservice medewerker,nee,https://nl.linkedin.com/jobs/view/customer-service-representative-at-hertz-4464561778,https://www.linkedin.com/company/hertz,4464561778
Het Notarieel,Frontoffice medewerker,Zwolle,2026-08-31,webcare medewerker,nee,https://nl.linkedin.com/jobs/view/frontoffice-medewerker-at-het-notarieel-4461094787,https://nl.linkedin.com/company/het-notarieel,4461094787
HiBob,Dutch speaking Enterprise Customer Success Manager,Amsterdam,2026-09-22,customer happiness,nee,https://nl.linkedin.com/jobs/view/dutch-speaking-enterprise-customer-success-manager-at-hibob-4470298188,https://www.linkedin.com/company/hibob,4470298188
Holland &amp; Barrett Benelux,Customer Service Advisor,Amsterdam,2026-08-05,klantenservice medewerker,nee,https://nl.linkedin.com/jobs/view/customer-service-advisor-at-holland-barrett-benelux-4449659814,https://nl.linkedin.com/company/holland-barrett-benelux,4449659814
Holmen,Customer Service employee DACH,Amsterdam,2026-09-21,klantenservice medewerker,nee,https://nl.linkedin.com/jobs/view/customer-service-employee-dach-at-holmen-4458134943,https://se.linkedin.com/company/holmen,4458134943
Homefashion Group B.V.,E commerce Specialist - Merchandising &amp; Content,Geertruidenberg,2026-08-18,webcare medewerker,nee,https://nl.linkedin.com/jobs/view/e-commerce-specialist-merchandising-content-at-homefashion-group-b-v-4454176840,https://nl.linkedin.com/company/homefashion-group-b-v-,4454176840
Hostnet,Client Manager - Websites,Amsterdam,2026-09-15,webcare medewerker,nee,https://nl.linkedin.com/jobs/view/client-manager-websites-at-hostnet-bv-4454747392,https://nl.linkedin.com/company/hostnet-bv,4454747392
Hostnet,Customer Success Representative,Amsterdam,2026-09-17,customer happiness,nee,https://nl.linkedin.com/jobs/view/customer-success-representative-at-hostnet-bv-4456027234,https://nl.linkedin.com/company/hostnet-bv,4456027234
Hotel-Congrescentrum De Zeeuwse Stromen,Medewerker bediening,Zierikzee,2026-01-16,webcare medewerker,nee,https://nl.linkedin.com/jobs/view/medewerker-bediening-at-hotel-congrescentrum-de-zeeuwse-stromen-4362985125,https://nl.linkedin.com/company/hotel-congrescentrum-de-zeeuwse-stromen,4362985125
Hotelprofessionals,Medewerker Algemene Schoonmaak,Rotterdam,2026-06-04,webcare medewerker,nee,https://nl.linkedin.com/jobs/view/medewerker-algemene-schoonmaak-at-hotelprofessionals-4424386947,https://nl.linkedin.com/company/hotelprofessionals,4424386947
Hotelprofessionals,Allround Medewerker,Amstelveen,2026-07-06,webcare medewerker,nee,https://nl.linkedin.com/jobs/view/allround-medewerker-at-hotelprofessionals-4436082955,https://nl.linkedin.com/company/hotelprofessionals,4436082955
Hotelprofessionals,Medewerker Bediening,Den Haag,2026-07-06,webcare medewerker,nee,https://nl.linkedin.com/jobs/view/medewerker-bediening-at-hotelprofessionals-4436090654,https://nl.linkedin.com/company/hotelprofessionals,4436090654
Hotelprofessionals,Medewerker bediening ontbijt (fulltime),Rotterdam,2026-07-17,webcare medewerker,nee,https://nl.linkedin.com/jobs/view/medewerker-bediening-ontbijt-fulltime-at-hotelprofessionals-4441196187,https://nl.linkedin.com/company/hotelprofessionals,4441196187
Hotelprofessionals,Medewerker Schoonmaak,Deventer,2026-07-29,webcare medewerker,nee,https://nl.linkedin.com/jobs/view/medewerker-schoonmaak-at-hotelprofessionals-4446073167,https://nl.linkedin.com/company/hotelprofessionals,4446073167
Hotelprofessionals,Medewerker bediening,Delft,2026-08-06,webcare medewerker,nee,https://nl.linkedin.com/jobs/view/medewerker-bediening-at-hotelprofessionals-4450021012,https://nl.linkedin.com/company/hotelprofessionals,4450021012
Hotelprofessionals,Guest Relations Medewerker,Amsterdam,2026-08-24,customer happiness,nee,https://nl.linkedin.com/jobs/view/guest-relations-medewerker-at-hotelprofessionals-4457402162,https://nl.linkedin.com/company/hotelprofessionals,4457402162
Hotelprofessionals,GUEST RELATIONS OFFICER,Amsterdam,2026-08-26,customer happiness,nee,https://nl.linkedin.com/jobs/view/guest-relations-officer-at-hotelprofessionals-4458312762,https://nl.linkedin.com/company/hotelprofessionals,4458312762
Hotelprofessionals,Medewerker Bediening Fulltime,Amsterdam,2026-08-31,webcare medewerker,nee,https://nl.linkedin.com/jobs/view/medewerker-bediening-fulltime-at-hotelprofessionals-4460007210,https://nl.linkedin.com/company/hotelprofessionals,4460007210
HousApp,Customer Success Manager,Amsterdam,2026-06-01,customer happiness,nee,https://nl.linkedin.com/jobs/view/customer-success-manager-at-housapp-4421803765,https://nl.linkedin.com/company/housapp,4421803765
Houthoff,Marketing- &amp; Communicatiemedewerker,Amsterdam,2026-09-01,webcare medewerker,nee,https://nl.linkedin.com/jobs/view/marketing-communicatiemedewerker-at-houthoff-4461708868,https://nl.linkedin.com/company/houthoff-,4461708868
"Hunter Douglas, Inc.",Customer Service Representative,Boxtel,2026-09-17,klantenservice medewerker,nee,https://nl.linkedin.com/jobs/view/customer-service-representative-at-hunter-douglas-inc-4439193599,https://www.linkedin.com/company/hunter-douglas-us,4439193599
i-Aspect B.V.,SEO- en contentspecialist,Utrecht,2026-08-26,webcare medewerker,nee,https://nl.linkedin.com/jobs/view/seo-en-contentspecialist-at-i-aspect-b-v-4457277027,https://nl.linkedin.com/company/i-aspect-b.v.,4457277027
Icetubs,Webflow &amp; Shopify Developer,Amsterdam-West,2026-07-13,webcare medewerker,nee,https://nl.linkedin.com/jobs/view/webflow-shopify-developer-at-icetubs-4440044522,https://nl.linkedin.com/company/icetubs,4440044522
IGO Promo NL,Customer Service Medewerker,Helmond,2026-06-04,klantenservice medewerker,nee,https://nl.linkedin.com/jobs/view/customer-service-medewerker-at-igo-promo-4393526741,https://nl.linkedin.com/company/igo-promo-nl,4393526741
ilionx healthcare,Customer Succes Manager,'s-Hertogenbosch,2026-08-10,customer happiness,nee,https://nl.linkedin.com/jobs/view/customer-succes-manager-at-ilionx-healthcare-4451844098,https://nl.linkedin.com/company/ilionxhealthcare,4451844098
Incision,Customer Success Manager – Benelux,Amsterdam,2026-09-14,customer happiness,nee,https://nl.linkedin.com/jobs/view/customer-success-manager-%E2%80%93-benelux-at-incision-4438340131,https://nl.linkedin.com/company/incision-group,4438340131
Independent Recruiters,Customer Success Manager,Amsterdam,2026-09-15,customer happiness,nee,https://nl.linkedin.com/jobs/view/customer-success-manager-at-independent-recruiters-4466537260,https://nl.linkedin.com/company/independent-recruiters,4466537260
Infra Light Engineering,Medewerker Klantenservice,Hoofddorp,2026-07-31,klantenservice medewerker,nee,https://nl.linkedin.com/jobs/view/medewerker-klantenservice-at-infra-light-engineering-4447141253,https://nl.linkedin.com/company/infra-light-engineering-b.v.,4447141253
Inktweb.nl,Customer Support,Alkmaar,2026-08-07,klantenservice medewerker,nee,https://nl.linkedin.com/jobs/view/customer-support-at-inktweb-nl-4450703072,https://nl.linkedin.com/company/inktweb,4450703072
Inktweb.nl,Commercieel Medewerker,Alkmaar,2026-08-07,webcare medewerker,nee,https://nl.linkedin.com/jobs/view/commercieel-medewerker-at-inktweb-nl-4450688494,https://nl.linkedin.com/company/inktweb,4450688494
Inktweb.nl,E-commerce Marketing Specialist,Alkmaar,2026-08-07,webcare medewerker,nee,https://nl.linkedin.com/jobs/view/e-commerce-marketing-specialist-at-inktweb-nl-4450688495,https://nl.linkedin.com/company/inktweb,4450688495
InShared,Web Analytics Specialist,Leusden,2026-07-27,webcare medewerker,nee,https://nl.linkedin.com/jobs/view/web-analytics-specialist-at-inshared-4445943002,https://nl.linkedin.com/company/inshared,4445943002
Insify,Customer Support Specialist,Amsterdam,2026-09-14,klantenservice medewerker,nee,https://nl.linkedin.com/jobs/view/customer-support-specialist-at-insify-4371506602,https://nl.linkedin.com/company/insify,4371506602
Inspired Thinking Group (ITG),ICT-servicedeskmedewerker,Utrecht,2026-09-02,webcare medewerker,nee,https://nl.linkedin.com/jobs/view/ict-servicedeskmedewerker-at-inspired-thinking-group-itg-4452465029,https://uk.linkedin.com/company/inspiredthinkinggroup,4452465029
Insulet Corporation,Associate Marketing Specialist BLX,"Overijssel, Nederland",2026-09-01,webcare medewerker,nee,https://nl.linkedin.com/jobs/view/associate-marketing-specialist-blx-at-insulet-corporation-4460615289,https://www.linkedin.com/company/insulet-corporation,4460615289
Intergamma,Frontend ontwikkelaar,Leusden,2026-08-24,webcare medewerker,nee,https://nl.linkedin.com/jobs/view/frontend-ontwikkelaar-at-intergamma-4419813509,https://nl.linkedin.com/company/intergamma,4419813509
Interu - built by iov42,Customer Success Manager - Dutch Speaker,Amsterdam Area,2026-09-04,customer happiness,nee,https://nl.linkedin.com/jobs/view/customer-success-manager-dutch-speaker-at-interu-built-by-iov42-4463348829,https://uk.linkedin.com/company/iov42,4463348829
Intralox,Customer Service Account Representative - Polish speaking,Hoofddorp,2026-09-04,customer happiness,nee,https://nl.linkedin.com/jobs/view/customer-service-account-representative-polish-speaking-at-intralox-4463383155,https://www.linkedin.com/company/intralox,4463383155
Intralox,Customer Service Account Representative - Spanish speaking,Hoofddorp,2026-09-04,customer happiness,nee,https://nl.linkedin.com/jobs/view/customer-service-account-representative-spanish-speaking-at-intralox-4463370954,https://www.linkedin.com/company/intralox,4463370954
Intralox,Customer Service Account Representative - Danish speaking,Hoofddorp,2026-09-21,customer happiness,nee,https://nl.linkedin.com/jobs/view/customer-service-account-representative-danish-speaking-at-intralox-4463385139,https://www.linkedin.com/company/intralox,4463385139
Invorderingsbedrijf,Klantenservice Medewerker,Den Haag,2026-07-13,klantenservice medewerker,nee,https://nl.linkedin.com/jobs/view/klantenservice-medewerker-at-invorderingsbedrijf-4440044391,https://nl.linkedin.com/company/invorderingsbedrijf,4440044391
iO,Medior contentspecialist,Amsterdam,2026-07-04,webcare medewerker,nee,https://nl.linkedin.com/jobs/view/medior-contentspecialist-at-io-4446877573,https://be.linkedin.com/company/iodigital-com,4446877573
iO,Webredacteur (Rijks)overheid,Amsterdam,2026-09-21,webcare medewerker,nee,https://nl.linkedin.com/jobs/view/webredacteur-rijks-overheid-at-io-4294348340,https://be.linkedin.com/company/iodigital-com,4294348340
iSpeedToLead,Customer Success Manager,Amsterdam,2026-09-01,customer happiness,nee,https://nl.linkedin.com/jobs/view/customer-success-manager-at-ispeedtolead-4462031875,https://www.linkedin.com/company/ispeedtolead,4462031875
ista Nederland,Klantenservicemedewerker,Schiedam,2026-09-16,klantenservice medewerker,nee,https://nl.linkedin.com/jobs/view/klantenservicemedewerker-at-ista-nederland-b-v-4468276179,https://nl.linkedin.com/company/ista-nederland-b-v,4468276179
IT-Wizzard,Eerstelijns support medewerker ICT,Harlingen,2026-09-15,webcare medewerker,nee,https://nl.linkedin.com/jobs/view/eerstelijns-support-medewerker-ict-at-it-wizzard-4467471105,https://www.linkedin.com/company/it-wizzard,4467471105
itsme.,Marketingmedewerker,Raamsdonksveer,2026-08-28,webcare medewerker,nee,https://nl.linkedin.com/jobs/view/marketingmedewerker-at-itsme-4458948299,https://nl.linkedin.com/company/itsme-b-v,4458948299
Jaarverslag.org,Product owner/ support medewerker,Apeldoorn,2026-09-21,webcare medewerker,nee,https://nl.linkedin.com/jobs/view/product-owner-support-medewerker-at-jaarverslag-org-4181336321,https://nl.linkedin.com/company/jaarverslag-org,4181336321
Jaarverslag.org,Medewerker klantgeluk,Apeldoorn,2026-09-22,webcare medewerker,nee,https://nl.linkedin.com/jobs/view/medewerker-klantgeluk-at-jaarverslag-org-4470282794,https://nl.linkedin.com/company/jaarverslag-org,4470282794
Jac Hensen,E-commerce &amp; Online-Marketing Specialist,Amersfoort,2026-09-21,webcare medewerker,nee,https://nl.linkedin.com/jobs/view/e-commerce-online-marketing-specialist-at-jac-hensen-4469885136,https://nl.linkedin.com/company/jac-hensen-mannenmode,4469885136
JD.COM,Customer Service Specialist,Rotterdam and The Hague,2026-09-22,klantenservice medewerker,nee,https://nl.linkedin.com/jobs/view/customer-service-specialist-at-jd-com-4414673937,https://cn.linkedin.com/company/jd.com,4414673937
Jellema Automatiseringsservice B.V.,Support Medewerker (met doorgroeimogelijkheid),Nieuwleusen,2026-08-01,webcare medewerker,nee,https://nl.linkedin.com/jobs/view/support-medewerker-met-doorgroeimogelijkheid-at-jellema-automatiseringsservice-b-v-4447824701,https://nl.linkedin.com/company/jellema-automatiseringsservice,4447824701
Jobgether,Customer Success &amp; Retention Manager,Nederland,2026-09-16,customer happiness,nee,https://nl.linkedin.com/jobs/view/customer-success-retention-manager-at-jobgether-4466823728,https://be.linkedin.com/company/jobgether,4466823728
Jobgether,VIP Account Manager,Nederland,2026-09-18,customer happiness,nee,https://nl.linkedin.com/jobs/view/vip-account-manager-at-jobgether-4467821946,https://be.linkedin.com/company/jobgether,4467821946
Jobgether,VIP HOST,Nederland,2026-09-21,customer happiness,nee,https://nl.linkedin.com/jobs/view/vip-host-at-jobgether-4468766208,https://be.linkedin.com/company/jobgether,4468766208
Jobgether,Customer Care Poker Specialist,Nederland,2026-09-22,customer happiness,nee,https://nl.linkedin.com/jobs/view/customer-care-poker-specialist-at-jobgether-4468543207,https://be.linkedin.com/company/jobgether,4468543207
Jobgether,Customer Care Specialist,Nederland,2026-09-22,customer happiness,nee,https://nl.linkedin.com/jobs/view/customer-care-specialist-at-jobgether-4468523784,https://be.linkedin.com/company/jobgether,4468523784
Jobster,Klantenservice medewerker Energie bij Coolblue - Studentjob.nl,Rotterdam,2026-09-21,klantenservice medewerker,nee,https://nl.linkedin.com/jobs/view/klantenservice-medewerker-energie-bij-coolblue-studentjob-nl-at-jobster-4468744123,https://nl.linkedin.com/company/jobster-com,4468744123
Jobster,Klantenservice Medewerker bij Coolblue - Studentjob.nl,Rotterdam,2026-09-21,klantenservice medewerker,nee,https://nl.linkedin.com/jobs/view/klantenservice-medewerker-bij-coolblue-studentjob-nl-at-jobster-4468736590,https://nl.linkedin.com/company/jobster-com,4468736590
Jobster,Customer Service Medewerker - Uitzendbureau.nl,Rotterdam,2026-09-21,klantenservice medewerker,nee,https://nl.linkedin.com/jobs/view/customer-service-medewerker-uitzendbureau-nl-at-jobster-4468744472,https://nl.linkedin.com/company/jobster-com,4468744472
Jobster,Medewerker Klantenservice - Uitzendbureau.nl,Oosterhout,2026-09-21,klantenservice medewerker,nee,https://nl.linkedin.com/jobs/view/medewerker-klantenservice-uitzendbureau-nl-at-jobster-4468745446,https://nl.linkedin.com/company/jobster-com,4468745446
Jobster,Customer Care Specialist - Jobbird.com,Beverwijk,2026-09-21,klantenservice medewerker,nee,https://nl.linkedin.com/jobs/view/customer-care-specialist-jobbird-com-at-jobster-4468718960,https://nl.linkedin.com/company/jobster-com,4468718960
Jobster,Customer Support Medewerker - Uitzendbureau.nl,Best,2026-09-21,klantenservice medewerker,nee,https://nl.linkedin.com/jobs/view/customer-support-medewerker-uitzendbureau-nl-at-jobster-4468748340,https://nl.linkedin.com/company/jobster-com,4468748340
Jobster,Customer Service Medewerker - Uitzendbureau.nl,'s-Hertogenbosch,2026-09-21,klantenservice medewerker,nee,https://nl.linkedin.com/jobs/view/customer-service-medewerker-uitzendbureau-nl-at-jobster-4468742114,https://nl.linkedin.com/company/jobster-com,4468742114
Jobster,Medewerker Binnendienst - Uitzendbureau.nl,Dordrecht,2026-09-21,webcare medewerker,nee,https://nl.linkedin.com/jobs/view/medewerker-binnendienst-uitzendbureau-nl-at-jobster-4468753144,https://nl.linkedin.com/company/jobster-com,4468753144
Jobster,Productiemedewerker 5-ploegen Abbott - Start People,Zwolle,2026-09-21,webcare medewerker,nee,https://nl.linkedin.com/jobs/view/productiemedewerker-5-ploegen-abbott-start-people-at-jobster-4468743853,https://nl.linkedin.com/company/jobster-com,4468743853
Jobster,Zwolle productiemedewerker - ASA Talent,Zwolle,2026-09-21,webcare medewerker,nee,https://nl.linkedin.com/jobs/view/zwolle-productiemedewerker-asa-talent-at-jobster-4468740794,https://nl.linkedin.com/company/jobster-com,4468740794
Jobster,Key Account Customer Service DHL Express - ASA Talent,Nijmegen,2026-09-21,customer happiness,nee,https://nl.linkedin.com/jobs/view/key-account-customer-service-dhl-express-asa-talent-at-jobster-4468740984,https://nl.linkedin.com/company/jobster-com,4468740984
Jobster,Klantenservice medewerker Leusden - Inspire,Leusden,2026-09-22,klantenservice medewerker,nee,https://nl.linkedin.com/jobs/view/klantenservice-medewerker-leusden-inspire-at-jobster-4470408674,https://nl.linkedin.com/company/jobster-com,4470408674
Jobster,Klantenservice medewerker Leusden - Inspire,Nijkerk,2026-09-22,klantenservice medewerker,nee,https://nl.linkedin.com/jobs/view/klantenservice-medewerker-leusden-inspire-at-jobster-4470414517,https://nl.linkedin.com/company/jobster-com,4470414517
Jobster,Klantenservice medewerker Leusden - Inspire,Woudenberg,2026-09-22,klantenservice medewerker,nee,https://nl.linkedin.com/jobs/view/klantenservice-medewerker-leusden-inspire-at-jobster-4470403812,https://nl.linkedin.com/company/jobster-com,4470403812
Jobster,Klantenservice medewerker Leusden - Inspire,Amersfoort,2026-09-22,klantenservice medewerker,nee,https://nl.linkedin.com/jobs/view/klantenservice-medewerker-leusden-inspire-at-jobster-4470403888,https://nl.linkedin.com/company/jobster-com,4470403888
Jobster,Klantexpert Leusden - Inspire,Leusden,2026-09-22,klantenservice medewerker,nee,https://nl.linkedin.com/jobs/view/klantexpert-leusden-inspire-at-jobster-4470416389,https://nl.linkedin.com/company/jobster-com,4470416389
Jobster,Klantenservice medewerker Amersfoort - Inspire,Amersfoort,2026-09-22,klantenservice medewerker,nee,https://nl.linkedin.com/jobs/view/klantenservice-medewerker-amersfoort-inspire-at-jobster-4470416376,https://nl.linkedin.com/company/jobster-com,4470416376
Joerns Healthcare bv,Medewerker Servicecentrum,Houten,2026-05-26,webcare medewerker,nee,https://nl.linkedin.com/jobs/view/medewerker-servicecentrum-at-joerns-healthcare-bv-4419148738,https://nl.linkedin.com/company/joerns-healthcare-bv,4419148738
Joerns Healthcare bv,Klantadviseur Zorghulpmiddelen,Houten,2026-09-11,klantenservice medewerker,nee,https://nl.linkedin.com/jobs/view/klantadviseur-zorghulpmiddelen-at-joerns-healthcare-bv-4466071775,https://nl.linkedin.com/company/joerns-healthcare-bv,4466071775
Johnson Controls,Customer Service Employee,Enschede,2026-09-12,klantenservice medewerker,nee,https://nl.linkedin.com/jobs/view/customer-service-employee-at-johnson-controls-4464268348,https://ie.linkedin.com/company/johnson-controls,4464268348
JouwWeb,Front End Engineer,Eindhoven,2026-09-16,webcare medewerker,nee,https://nl.linkedin.com/jobs/view/front-end-engineer-at-jouwweb-4468222228,https://nl.linkedin.com/company/jouwweb,4468222228
JouwWeb,Customer Support Employee - Evening Shifts,Eindhoven,2026-09-18,webcare medewerker,nee,https://nl.linkedin.com/jobs/view/customer-support-employee-evening-shifts-at-jouwweb-4469189594,https://nl.linkedin.com/company/jouwweb,4469189594
JP Gray,Customer Service Representative,Rotterdam,2026-09-15,klantenservice medewerker,nee,https://nl.linkedin.com/jobs/view/customer-service-representative-at-jp-gray-4466501649,https://nl.linkedin.com/company/jp-gray,4466501649
JP.cars,Customer Success Manager Benelux,Randstad,2026-09-14,customer happiness,nee,https://nl.linkedin.com/jobs/view/customer-success-manager-benelux-at-jp-cars-4455180949,https://nl.linkedin.com/company/jpcarsamsterdam,4455180949
JP.cars,Customer Success Manager DACH,Randstad,2026-09-14,customer happiness,nee,https://nl.linkedin.com/jobs/view/customer-success-manager-dach-at-jp-cars-4455199524,https://nl.linkedin.com/company/jpcarsamsterdam,4455199524
JR286,Customer Service Representative (International Sales),Hilversum,2026-09-08,klantenservice medewerker,nee,https://nl.linkedin.com/jobs/view/customer-service-representative-international-sales-at-jr286-4458671910,https://www.linkedin.com/company/jr286,4458671910
Jumbo Supermarkten,Frontend Developer,Veghel,2026-09-05,webcare medewerker,nee,https://nl.linkedin.com/jobs/view/frontend-developer-at-jumbo-supermarkten-4426952648,https://nl.linkedin.com/company/jumbo-supermarkten,4426952648
Justus People,Customer Care Representative,Badhoevedorp,2026-09-14,klantenservice medewerker,nee,https://nl.linkedin.com/jobs/view/customer-care-representative-at-justus-people-4466129270,https://nl.linkedin.com/company/justus-people,4466129270
JYSK,Customer Service Medewerker,Arnhem,2026-06-02,klantenservice medewerker,nee,https://nl.linkedin.com/jobs/view/customer-service-medewerker-at-jysk-4419284453,https://dk.linkedin.com/company/jysk,4419284453
JYSK,Customer Service Medewerker,Arnhem,2026-07-07,klantenservice medewerker,nee,https://nl.linkedin.com/jobs/view/customer-service-medewerker-at-jysk-4434528177,https://dk.linkedin.com/company/jysk,4434528177
JYSK,Customer Service Medewerker,Arnhem,2026-07-28,klantenservice medewerker,nee,https://nl.linkedin.com/jobs/view/customer-service-medewerker-at-jysk-4443281405,https://dk.linkedin.com/company/jysk,4443281405
Kaleido,Customer Care Specialist - Dutch speaking,Utrecht,2026-09-02,klantenservice medewerker,nee,https://nl.linkedin.com/jobs/view/customer-care-specialist-dutch-speaking-at-kaleido-4462131138,https://nl.linkedin.com/company/hellokaleido,4462131138
Kaleido,Customer Care Specialist - Dutch Speaking,"Utrecht, Nederland",2026-09-15,klantenservice medewerker,nee,https://nl.linkedin.com/jobs/view/customer-care-specialist-dutch-speaking-at-kaleido-4466508870,https://nl.linkedin.com/company/hellokaleido,4466508870
Kaleido,Customer Support Medewerker - Nederlandstalig,Utrecht,2026-09-18,klantenservice medewerker,nee,https://nl.linkedin.com/jobs/view/customer-support-medewerker-nederlandstalig-at-kaleido-4469158931,https://nl.linkedin.com/company/hellokaleido,4469158931
Kaliber,Conversion &amp; Growth Specialist,Utrecht,2026-07-23,webcare medewerker,nee,https://nl.linkedin.com/jobs/view/conversion-growth-specialist-at-kaliber-4441087777,https://nl.linkedin.com/company/kaliber-interactive,4441087777
Kaliber,Conversion &amp; Growth Specialist,Utrecht,2026-09-22,webcare medewerker,nee,https://nl.linkedin.com/jobs/view/conversion-growth-specialist-at-kaliber-4470404906,https://nl.linkedin.com/company/kaliber-interactive,4470404906
KernGezond,Vacature: Front Office Medewerk(st)er Lelystad – 16u (waarneming),Lelystad,2026-09-03,webcare medewerker,nee,https://nl.linkedin.com/jobs/view/vacature-front-office-medewerk-st-er-lelystad-%E2%80%93-16u-waarneming-at-kerngezond-4460749394,https://nl.linkedin.com/company/kerngezond,4460749394
Keter,Specialist eCommerce,Rijen,2026-08-24,webcare medewerker,nee,https://nl.linkedin.com/jobs/view/specialist-ecommerce-at-keter-4456862711,https://uk.linkedin.com/company/keter,4456862711
Keywords Studios,Customer Success Manager - Video Games - Remote,Nederland,2026-07-31,customer happiness,nee,https://nl.linkedin.com/jobs/view/customer-success-manager-video-games-remote-at-keywords-studios-4447524776,https://ie.linkedin.com/company/keywordsstudios,4447524776
Kivits Drunen,Customer Service Medewerker,Waalwijk,2026-09-02,klantenservice medewerker,nee,https://nl.linkedin.com/jobs/view/customer-service-medewerker-at-kivits-drunen-4443319622,https://nl.linkedin.com/company/kivits-drunen,4443319622
KnappeKoppen.work,Customer Success Manager Automotive,Amsterdam,2026-09-15,customer happiness,nee,https://nl.linkedin.com/jobs/view/customer-success-manager-automotive-at-knappekoppen-work-4467740959,https://nl.linkedin.com/company/knappekoppen-amsterdam,4467740959
Knivesandtools,Klantenservice medewerker e-commerce Apeldoorn (32-40 uur),Apeldoorn,2026-07-17,klantenservice medewerker,nee,https://nl.linkedin.com/jobs/view/klantenservice-medewerker-e-commerce-apeldoorn-32-40-uur-at-knivesandtools-4441984192,https://nl.linkedin.com/company/knivesandtools-kato,4441984192
KONE,Customer Service Agent (KDB),Arnhem,2026-09-02,klantenservice medewerker,nee,https://nl.linkedin.com/jobs/view/customer-service-agent-kdb-at-kone-4434478590,https://fi.linkedin.com/company/kone,4434478590
Kwantum,E commerce Specialist - Merchandising &amp; Content,Geertruidenberg,2026-08-18,webcare medewerker,nee,https://nl.linkedin.com/jobs/view/e-commerce-specialist-merchandising-content-at-kwantum-4454181057,https://nl.linkedin.com/company/kwantum,4454181057
La Souris,Customer Succes Medewerker,Doetinchem,2026-06-01,customer happiness,nee,https://nl.linkedin.com/jobs/view/customer-succes-medewerker-at-la-souris-4421659410,https://nl.linkedin.com/company/la-souris-scooter,4421659410
Laminaat en Parket Almere,E-commerce Specialist,Den Haag,2026-08-31,webcare medewerker,nee,https://nl.linkedin.com/jobs/view/e-commerce-specialist-at-laminaat-en-parket-almere-4460019168,https://nl.linkedin.com/company/laminaat-en-parket-almere,4460019168
Leen Bakker,E commerce Specialist - Merchandising &amp; Content,Geertruidenberg,2026-08-18,webcare medewerker,nee,https://nl.linkedin.com/jobs/view/e-commerce-specialist-merchandising-content-at-leen-bakker-4454170846,https://nl.linkedin.com/company/leen-bakker,4454170846
Lekkerland Nederland B.V.,Webanalist,Son en Breugel,2026-09-18,webcare medewerker,nee,https://nl.linkedin.com/jobs/view/webanalist-at-lekkerland-nederland-b-v-4469128135,https://nl.linkedin.com/company/lekkerland-nederland-bv,4469128135
Leonardo Hotels Benelux,GUEST RELATIONS OFFICER,Amsterdam,2026-09-03,customer happiness,nee,https://nl.linkedin.com/jobs/view/guest-relations-officer-at-leonardo-hotels-benelux-4444444477,https://nl.linkedin.com/company/leonardohotelsnl,4444444477
LeoVegas Group,Customer Experience Advisor - Dutch,Doetinchem,2026-09-09,klantenservice medewerker,nee,https://nl.linkedin.com/jobs/view/customer-experience-advisor-dutch-at-leovegas-group-4464117561,https://se.linkedin.com/company/leovegasgroup,4464117561
LessonUp,Customer Success Manager,Den Haag,2026-09-07,customer happiness,nee,https://nl.linkedin.com/jobs/view/customer-success-manager-at-lessonup-4464092647,https://nl.linkedin.com/company/lessonupnl,4464092647
Lightspeed Commerce,Product Adoption Strategist (Human-Led &amp; Interactive) French speaking,Amsterdam,2026-09-03,customer happiness,nee,https://nl.linkedin.com/jobs/view/product-adoption-strategist-human-led-interactive-french-speaking-at-lightspeed-commerce-4450175693,https://ca.linkedin.com/company/lightspeedcommerce,4450175693
Lightspeed Commerce,Key Account Manager (Amsterdam),Amsterdam,2026-09-11,customer happiness,nee,https://nl.linkedin.com/jobs/view/key-account-manager-amsterdam-at-lightspeed-commerce-4426882090,https://ca.linkedin.com/company/lightspeedcommerce,4426882090
Linkedtalent,Medewerker Klantenservice,Zwolle,2026-07-19,klantenservice medewerker,nee,https://nl.linkedin.com/jobs/view/medewerker-klantenservice-at-linkedtalent-4450800683,https://nl.linkedin.com/company/linkedtalent,4450800683
Linkedtalent,MEDEWERKER KLANTENSERVICE VERKOOP,Zwolle,2026-07-31,klantenservice medewerker,nee,https://nl.linkedin.com/jobs/view/medewerker-klantenservice-verkoop-at-linkedtalent-4456932867,https://nl.linkedin.com/company/linkedtalent,4456932867
Linkedtalent,Customer Service Medewerker,Barendrecht,2026-08-14,klantenservice medewerker,nee,https://nl.linkedin.com/jobs/view/customer-service-medewerker-at-linkedtalent-4456941833,https://nl.linkedin.com/company/linkedtalent,4456941833
Linkedtalent,Customer Service Medewerker,Etten-Leur,2026-09-10,klantenservice medewerker,nee,https://nl.linkedin.com/jobs/view/customer-service-medewerker-at-linkedtalent-4463454133,https://nl.linkedin.com/company/linkedtalent,4463454133
LMW,Medewerker Support,Breukelen,2026-07-10,klantenservice medewerker,nee,https://nl.linkedin.com/jobs/view/medewerker-support-at-lmw-4439020724,https://nl.linkedin.com/company/linkedin-lmw,4439020724
Louis Vuitton,CLIENT ADVISOR - AMSTERDAM,Amsterdam,2026-09-05,customer happiness,nee,https://nl.linkedin.com/jobs/view/client-advisor-amsterdam-at-louis-vuitton-4454866431,https://fr.linkedin.com/company/louis-vuitton,4454866431
Lucid Motors,Customer Care Representative – German Speaking,Amsterdam,2026-07-13,klantenservice medewerker,nee,https://nl.linkedin.com/jobs/view/customer-care-representative-%E2%80%93-german-speaking-at-lucid-motors-4439415412,https://www.linkedin.com/company/lucidmotors,4439415412
Lucid Software,EMEA Customer Success Manager,Amsterdam,2026-09-08,customer happiness,nee,https://nl.linkedin.com/jobs/view/emea-customer-success-manager-at-lucid-software-4464498854,https://www.linkedin.com/company/lucidsoftware,4464498854
Lucid Software,"EMEA Customer Success Manager, Nordic Speaker",Amsterdam,2026-09-14,customer happiness,nee,https://nl.linkedin.com/jobs/view/emea-customer-success-manager-nordic-speaker-at-lucid-software-4467251933,https://www.linkedin.com/company/lucidsoftware,4467251933
Lyreco Group,Customer Service Medewerker,Sliedrecht,2026-09-17,klantenservice medewerker,nee,https://nl.linkedin.com/jobs/view/customer-service-medewerker-at-lyreco-group-4468685349,https://fr.linkedin.com/company/lyreco-group,4468685349
Maas-De Koning,Medewerker KCC – Telefonie,Moordrecht,2026-09-14,klantenservice medewerker,nee,https://nl.linkedin.com/jobs/view/medewerker-kcc-%E2%80%93-telefonie-at-maas-de-koning-4467091310,https://nl.linkedin.com/company/maas-de-koning,4467091310
Magnet.me,Customer Success Manager,Rotterdam,2026-09-08,customer happiness,nee,https://nl.linkedin.com/jobs/view/customer-success-manager-at-magnet-me-4464481159,https://nl.linkedin.com/company/magnet-me,4464481159
MANN+HUMMEL,S&amp;M IAM Customer Service,Nieuwegein,2026-06-23,klantenservice medewerker,nee,https://nl.linkedin.com/jobs/view/s-m-iam-customer-service-at-mann%2Bhummel-4430433324,https://de.linkedin.com/company/mannhummel,4430433324
Marente,Helpende (plus) + verzorgende IG flexpool in Sassenheim,Sassenheim,2026-06-26,webcare medewerker,nee,https://nl.linkedin.com/jobs/view/helpende-plus-%2B-verzorgende-ig-flexpool-in-sassenheim-at-marente-4433894426,https://nl.linkedin.com/company/marente,4433894426
Marie-Stella-Maris (B Corp),E-commerce Specialist,Amsterdam,2026-09-09,webcare medewerker,nee,https://nl.linkedin.com/jobs/view/e-commerce-specialist-at-marie-stella-maris-b-corp-4465099318,https://nl.linkedin.com/company/marie-stella-maris,4465099318
Matt Sleeps,E-commerce &amp; CRO specialist,Amsterdam,2026-05-29,webcare medewerker,ja,https://nl.linkedin.com/jobs/view/e-commerce-cro-specialist-at-matt-sleeps-4420925045,https://nl.linkedin.com/company/matt-sleeps,4420925045
MCI,Remote Customer Service Agent,Middelburg,2025-10-27,klantenservice medewerker,nee,https://nl.linkedin.com/jobs/view/remote-customer-service-agent-at-mci-4318048446,https://www.linkedin.com/company/mci-bpo,4318048446
MCI,Remote Customer Service Agent,Middelburg,2025-10-27,klantenservice medewerker,nee,https://nl.linkedin.com/jobs/view/remote-customer-service-agent-at-mci-4318053390,https://www.linkedin.com/company/mci-bpo,4318053390
MCI,Remote Customer Service Agent,Middelburg,2025-10-27,klantenservice medewerker,nee,https://nl.linkedin.com/jobs/view/remote-customer-service-agent-at-mci-4318059417,https://www.linkedin.com/company/mci-bpo,4318059417
MCI,Remote Customer Service Agent,Middelburg,2025-10-31,klantenservice medewerker,nee,https://nl.linkedin.com/jobs/view/remote-customer-service-agent-at-mci-4331761143,https://www.linkedin.com/company/mci-bpo,4331761143
MCI,Remote Customer Service Agent,Middelburg,2025-10-31,klantenservice medewerker,nee,https://nl.linkedin.com/jobs/view/remote-customer-service-agent-at-mci-4331746962,https://www.linkedin.com/company/mci-bpo,4331746962
Media Vacatures,Multi Ratio: Marketingmedewerker,Zutphen,2026-02-23,webcare medewerker,nee,https://nl.linkedin.com/jobs/view/multi-ratio-marketingmedewerker-at-media-vacatures-4377014816,https://nl.linkedin.com/company/mediavacatures,4377014816
MediaMarkt Benelux,Customer Solution Expert,Rotterdam,2026-09-15,klantenservice medewerker,nee,https://nl.linkedin.com/jobs/view/customer-solution-expert-at-mediamarkt-benelux-4456517815,https://nl.linkedin.com/company/mediamarkt-benelux,4456517815
MediaMarkt Benelux,Customer Care Specialist Marketplace,Rotterdam,2026-09-17,klantenservice medewerker,nee,https://nl.linkedin.com/jobs/view/customer-care-specialist-marketplace-at-mediamarkt-benelux-4448057233,https://nl.linkedin.com/company/mediamarkt-benelux,4448057233
Medipoint,Productiemedewerker reiniging,Helmond,2026-06-12,webcare medewerker,nee,https://nl.linkedin.com/jobs/view/productiemedewerker-reiniging-at-medipoint-4427942440,https://nl.linkedin.com/company/medipoint,4427942440
Mediq Nederland,Content Medewerker,De Meern,2026-09-09,webcare medewerker,nee,https://nl.linkedin.com/jobs/view/content-medewerker-at-mediq-nederland-4464118657,https://nl.linkedin.com/company/mediq-nv,4464118657
Mediq Nederland,Medewerker Customer Care - afdeling Special Care,De Meern,2026-09-12,klantenservice medewerker,nee,https://nl.linkedin.com/jobs/view/medewerker-customer-care-afdeling-special-care-at-mediq-nederland-4446908808,https://nl.linkedin.com/company/mediq-nv,4446908808
Mediq Nederland,Customer Care Specialist,Utrecht,2026-09-14,klantenservice medewerker,nee,https://nl.linkedin.com/jobs/view/customer-care-specialist-at-mediq-nederland-4446917798,https://nl.linkedin.com/company/mediq-nv,4446917798
Medtronic,Customer Care Representative - Service &amp; Repair,Heerlen,2026-08-26,klantenservice medewerker,nee,https://nl.linkedin.com/jobs/view/customer-care-representative-service-repair-at-medtronic-4459331258,https://www.linkedin.com/company/medtronic,4459331258
Medtronic,"Patient Services Representative Dutch, German and English",Heerlen,2026-08-27,klantenservice medewerker,nee,https://nl.linkedin.com/jobs/view/patient-services-representative-dutch-german-and-english-at-medtronic-4458321507,https://www.linkedin.com/company/medtronic,4458321507
Medtronic,Customer Care Representative with Dutch language,Heerlen,2026-09-08,klantenservice medewerker,nee,https://nl.linkedin.com/jobs/view/customer-care-representative-with-dutch-language-at-medtronic-4464347358,https://www.linkedin.com/company/medtronic,4464347358
Medtronic,Customer Care Representative – Service &amp; Repair - English Speaker,Heerlen,2026-09-09,klantenservice medewerker,nee,https://nl.linkedin.com/jobs/view/customer-care-representative-%E2%80%93-service-repair-english-speaker-at-medtronic-4464665528,https://www.linkedin.com/company/medtronic,4464665528
Meltwater,Customer Success Manager,Amsterdam Area,2026-09-01,customer happiness,nee,https://nl.linkedin.com/jobs/view/customer-success-manager-at-meltwater-4460672135,https://www.linkedin.com/company/meltwater,4460672135
Mendix,Junior Front-end Developer,Rotterdam,2026-09-16,webcare medewerker,nee,https://nl.linkedin.com/jobs/view/junior-front-end-developer-at-mendix-4456943543,https://www.linkedin.com/company/mendix,4456943543
Mercell,Join our Customer Service teams!,Utrecht,2026-07-04,klantenservice medewerker,nee,https://nl.linkedin.com/jobs/view/join-our-customer-service-teams%21-at-mercell-4435706727,https://no.linkedin.com/company/mercell-group,4435706727
Merz Therapeutics,Junior Brand &amp; Digital Manager,Terheijden,2026-09-04,webcare medewerker,nee,https://nl.linkedin.com/jobs/view/junior-brand-digital-manager-at-merz-therapeutics-4440753053,https://de.linkedin.com/company/merz-therapeutics,4440753053
Michael Page,Customer service medewerker,Rotterdam,2026-09-14,klantenservice medewerker,nee,https://nl.linkedin.com/jobs/view/customer-service-medewerker-at-michael-page-4466118500,https://uk.linkedin.com/company/michael-page,4466118500
Michael Page,Customer Service,Berkel en Rodenrijs,2026-09-14,klantenservice medewerker,nee,https://nl.linkedin.com/jobs/view/customer-service-at-michael-page-4466135337,https://uk.linkedin.com/company/michael-page,4466135337
Michael Page,Customer service medewerker,Rotterdam,2026-09-14,klantenservice medewerker,nee,https://nl.linkedin.com/jobs/view/customer-service-medewerker-at-michael-page-4465786609,https://uk.linkedin.com/company/michael-page,4465786609
Michael Page,Customer Service Medewerker,Rotterdam,2026-09-15,klantenservice medewerker,nee,https://nl.linkedin.com/jobs/view/customer-service-medewerker-at-michael-page-4466524462,https://uk.linkedin.com/company/michael-page,4466524462
Michael Page,Customer Service medewerker,Zevenhuizen,2026-09-16,klantenservice medewerker,nee,https://nl.linkedin.com/jobs/view/customer-service-medewerker-at-michael-page-4466894967,https://uk.linkedin.com/company/michael-page,4466894967
Michael Page,Customer Service Medewerker,Eindhoven,2026-09-21,klantenservice medewerker,nee,https://nl.linkedin.com/jobs/view/customer-service-medewerker-at-michael-page-4469970674,https://uk.linkedin.com/company/michael-page,4469970674
Mijndomein,Customer Success Specialist,Almere,2026-08-31,webcare medewerker,nee,https://nl.linkedin.com/jobs/view/customer-success-specialist-at-mijndomein-4461083661,https://nl.linkedin.com/company/mijndomein,4461083661
Mila Health,Customer success lead,Amsterdam,2026-07-21,customer happiness,nee,https://nl.linkedin.com/jobs/view/customer-success-lead-at-mila-health-4441009278,https://nl.linkedin.com/company/milahealth-co,4441009278
MiniMed,Patient Services Representative (Dutch and English),Heerlen,2026-09-04,klantenservice medewerker,nee,https://nl.linkedin.com/jobs/view/patient-services-representative-dutch-and-english-at-minimed-4462800776,https://www.linkedin.com/company/minimed-diabetes,4462800776
Mistral,"Customer Success, EMEA",Amsterdam,2026-09-21,customer happiness,nee,https://nl.linkedin.com/jobs/view/customer-success-emea-at-mistral-4469896754,https://fr.linkedin.com/company/mistralai,4469896754
Mollie,Business Support Specialist - Dutch,Maastricht,2026-09-19,klantenservice medewerker,nee,https://nl.linkedin.com/jobs/view/business-support-specialist-dutch-at-mollie-4409407333,https://nl.linkedin.com/company/mollie,4409407333
Mollie,Customer Success Manager - Benelux,Amsterdam,2026-09-21,customer happiness,nee,https://nl.linkedin.com/jobs/view/customer-success-manager-benelux-at-mollie-4469895606,https://nl.linkedin.com/company/mollie,4469895606
Momo Medical,Customer Support Specialist,Delft,2026-09-11,klantenservice medewerker,nee,https://nl.linkedin.com/jobs/view/customer-support-specialist-at-momo-medical-4464862454,https://nl.linkedin.com/company/momo-medical,4464862454
More Recruitment,Customer Service Specialist,Amsterdam,2026-08-31,klantenservice medewerker,nee,https://nl.linkedin.com/jobs/view/customer-service-specialist-at-more-recruitment-4461213083,https://nl.linkedin.com/company/more-recruitment-b-v-,4461213083
More Recruitment,Customer Service Specialist,Amsterdam Area,2026-09-04,klantenservice medewerker,nee,https://nl.linkedin.com/jobs/view/customer-service-specialist-at-more-recruitment-4463347668,https://nl.linkedin.com/company/more-recruitment-b-v-,4463347668
More Recruitment,Customer Service Specialist,Amsterdam,2026-09-14,klantenservice medewerker,nee,https://nl.linkedin.com/jobs/view/customer-service-specialist-at-more-recruitment-4455273272,https://nl.linkedin.com/company/more-recruitment-b-v-,4455273272
MoreCareClinics,SEO &amp; AI Search Marketeer,Randstad,2026-09-10,webcare medewerker,nee,https://nl.linkedin.com/jobs/view/seo-ai-search-marketeer-at-morecareclinics-4463875820,https://nl.linkedin.com/company/morecareclinics,4463875820
Morgan Stanley,Investment Management - EMEA Client Relationship Management - Vice President,Amsterdam,2026-09-09,customer happiness,nee,https://nl.linkedin.com/jobs/view/investment-management-emea-client-relationship-management-vice-president-at-morgan-stanley-4463832383,https://www.linkedin.com/company/morgan-stanley,4463832383
MostWare | Inspireren met IT,IT Servicedesk Medewerker,Leiden,2026-08-26,webcare medewerker,nee,https://nl.linkedin.com/jobs/view/it-servicedesk-medewerker-at-mostware-4459179252,https://nl.linkedin.com/company/mostware,4459179252
MPM International Oil Company B.V.,Customer Service Representative,Delft,2026-08-31,klantenservice medewerker,nee,https://nl.linkedin.com/jobs/view/customer-service-representative-at-mpm-international-oil-company-b-v-4461052787,https://nl.linkedin.com/company/mpm-oil,4461052787
Multilingual Jobs Worldwide,Airline Customer Service Agent,Amsterdam Area,2026-09-04,klantenservice medewerker,nee,https://nl.linkedin.com/jobs/view/airline-customer-service-agent-at-multilingual-jobs-worldwide-4463321665,https://no.linkedin.com/company/multilingualjobsworldwide,4463321665
MultiTankcard,Customer Service Specialist,Schiphol-Rijk,2026-06-18,klantenservice medewerker,nee,https://nl.linkedin.com/jobs/view/customer-service-specialist-at-multitankcard-4439777523,https://nl.linkedin.com/company/multitankcard,4439777523
myTomorrows,Full Stack Engineer,Amsterdam,2026-09-22,webcare medewerker,nee,https://nl.linkedin.com/jobs/view/full-stack-engineer-at-mytomorrows-4469909379,https://nl.linkedin.com/company/mytomorrows,4469909379
N-able,Customer Success Manager - French Speaking,Utrecht,2026-09-18,customer happiness,nee,https://nl.linkedin.com/jobs/view/customer-success-manager-french-speaking-at-n-able-4448073751,https://www.linkedin.com/company/n-able,4448073751
NCR Voyix,Customer Success Manager - Amsterdam,Amsterdam,2026-09-18,customer happiness,nee,https://nl.linkedin.com/jobs/view/customer-success-manager-amsterdam-at-ncr-voyix-4401623072,https://www.linkedin.com/company/ncrvoyix,4401623072
Nedap,Junior/Medior Full-Stack Ruby Developer .,Groenlo,2026-08-17,webcare medewerker,nee,https://nl.linkedin.com/jobs/view/junior-medior-full-stack-ruby-developer-at-nedap-4452413236,https://nl.linkedin.com/company/nedap,4452413236
Nedap,Junior/Medior Full-Stack Ruby Developer,Groenlo,2026-08-17,webcare medewerker,nee,https://nl.linkedin.com/jobs/view/junior-medior-full-stack-ruby-developer-at-nedap-4451654528,https://nl.linkedin.com/company/nedap,4451654528
Netpoint group,(Ervaren) Web Developer - Waalwijk,Waalwijk,2026-07-17,webcare medewerker,nee,https://nl.linkedin.com/jobs/view/ervaren-web-developer-waalwijk-at-netpoint-group-4442179400,https://nl.linkedin.com/company/netpoint-group,4442179400
New Flag GmbH,Junior E-Commerce Manager,Haarlem,2026-09-01,webcare medewerker,nee,https://nl.linkedin.com/jobs/view/junior-e-commerce-manager-at-new-flag-gmbh-4460363795,https://de.linkedin.com/company/new-flag-gmbh,4460363795
NieuweStroom,Medewerker Customer Operations,Maastricht,2026-09-17,klantenservice medewerker,nee,https://nl.linkedin.com/jobs/view/medewerker-customer-operations-at-nieuwestroom-4468605295,https://nl.linkedin.com/company/nieuwestroom,4468605295
Nilfisk,Customer Service Employee,Almere,2026-09-05,klantenservice medewerker,nee,https://nl.linkedin.com/jobs/view/customer-service-employee-at-nilfisk-4463724526,https://dk.linkedin.com/company/nilfisk,4463724526
Nobel Recruitment,German-speaking Partner Success Manager / 45K-65K,Amsterdam,2026-09-15,customer happiness,nee,https://nl.linkedin.com/jobs/view/german-speaking-partner-success-manager-45k-65k-at-nobel-recruitment-4466189079,https://nl.linkedin.com/company/nobelrecruitment,4466189079
NORNORM,Customer Success Coordinator,Amsterdam Area,2026-08-28,customer happiness,nee,https://nl.linkedin.com/jobs/view/customer-success-coordinator-at-nornorm-4460356148,https://dk.linkedin.com/company/nornorm,4460356148
Notuly.,Customer succes &amp; support medewerker,Deventer,2026-08-26,customer happiness,nee,https://nl.linkedin.com/jobs/view/customer-succes-support-medewerker-at-notuly-4459189122,https://nl.linkedin.com/company/notuly,4459189122
NRF (Nederlandse Radiateuren Fabriek),Customer Service Representative,Mill,2026-09-17,klantenservice medewerker,nee,https://nl.linkedin.com/jobs/view/customer-service-representative-at-nrf-nederlandse-radiateuren-fabriek-4467190041,https://nl.linkedin.com/company/nederlandse-radiateuren-fabriek,4467190041
Nutanix,"Senior Staff Customer Experience Manager, Dutch speaker",Amsterdam,2026-09-09,customer happiness,nee,https://nl.linkedin.com/jobs/view/senior-staff-customer-experience-manager-dutch-speaker-at-nutanix-4461295968,https://www.linkedin.com/company/nutanix,4461295968
Nutanix,"Senior Staff Customer Experience Manager, Dutch speaker",Hoofddorp,2026-09-09,customer happiness,nee,https://nl.linkedin.com/jobs/view/senior-staff-customer-experience-manager-dutch-speaker-at-nutanix-4461503838,https://www.linkedin.com/company/nutanix,4461503838
Oakwell Hampton Group,Client Success Manager,Amsterdam Area,2026-09-10,customer happiness,nee,https://nl.linkedin.com/jobs/view/client-success-manager-at-oakwell-hampton-group-4465805104,https://uk.linkedin.com/company/oakwell-hampton,4465805104
Octiva,Head of Customer Success,Breda,2026-05-04,customer happiness,nee,https://nl.linkedin.com/jobs/view/head-of-customer-success-at-octiva-4420942347,https://be.linkedin.com/company/octiva,4420942347
Octiva,Head of Customer Success,Asten,2026-05-04,customer happiness,nee,https://nl.linkedin.com/jobs/view/head-of-customer-success-at-octiva-4420951180,https://be.linkedin.com/company/octiva,4420951180
OH Solutions,Customer Experience Specialist,Almere,2026-09-11,customer happiness,nee,https://nl.linkedin.com/jobs/view/customer-experience-specialist-at-oh-solutions-4440950989,https://www.linkedin.com/company/oh-solutions-nl,4440950989
Olyslager,Customer Success Manager,Bunschoten-Spakenburg,2026-09-18,customer happiness,nee,https://nl.linkedin.com/jobs/view/customer-success-manager-at-olyslager-4430926312,https://nl.linkedin.com/company/olyslager-organisation-bv,4430926312
Onlineverf.nl,Medewerker klantenservice,Hengelo,2026-09-11,klantenservice medewerker,nee,https://nl.linkedin.com/jobs/view/medewerker-klantenservice-at-onlineverf-nl-4466058358,https://nl.linkedin.com/company/onlineverf,4466058358
Open (YC W24),CSM (Customer Success Manager),Amsterdam,2026-06-14,customer happiness,nee,https://nl.linkedin.com/jobs/view/csm-customer-success-manager-at-open-yc-w24-4428634335,https://www.linkedin.com/company/opencx,4428634335
Openclaims,Customer Success &amp; Growth Manager – Dealers &amp; Schadeherstellers,Amsterdam,2026-07-29,customer happiness,nee,https://nl.linkedin.com/jobs/view/customer-success-growth-manager-%E2%80%93-dealers-schadeherstellers-at-openclaims-4446814064,https://nl.linkedin.com/company/openclaims,4446814064
OPENRED,Customer Succes Lead,Rotterdam,2026-08-13,customer happiness,nee,https://nl.linkedin.com/jobs/view/customer-succes-lead-at-openred-4453604681,https://nl.linkedin.com/company/openred,4453604681
OrbusNeich Medical Company Ltd.,Customer Relations Coordinator,Hoevelaken,2026-09-22,customer happiness,nee,https://nl.linkedin.com/jobs/view/customer-relations-coordinator-at-orbusneich-medical-company-ltd-4470286316,https://hk.linkedin.com/company/orbusneich-medical,4470286316
Otolift Academy,Klantenservice medewerker,Bergambacht,2026-09-21,klantenservice medewerker,nee,https://nl.linkedin.com/jobs/view/klantenservice-medewerker-at-otolift-academy-4469877371,https://nl.linkedin.com/company/otolift-academy,4469877371
Oxford Global Resources,"Klantenservice Medewerker - Frans, Nederlands, Engels",Amsterdam,2026-08-31,klantenservice medewerker,nee,https://nl.linkedin.com/jobs/view/klantenservice-medewerker-frans-nederlands-engels-at-oxford-global-resources-4459792285,https://www.linkedin.com/company/oxford-global-resources,4459792285
Pageking® - Full Swing Digital Agency,Front-End Developer (Junior/Starter),Breda,2025-09-02,webcare medewerker,nee,https://nl.linkedin.com/jobs/view/front-end-developer-junior-starter-at-pageking%C2%AE-full-swing-digital-agency-4306048978,https://nl.linkedin.com/company/pageking,4306048978
Palo Alto Networks,Staff Customer Success Engineer - Cloud,Amsterdam,2026-09-09,customer happiness,nee,https://nl.linkedin.com/jobs/view/staff-customer-success-engineer-cloud-at-palo-alto-networks-4433979798,https://www.linkedin.com/company/palo-alto-networks,4433979798
Palo Alto Networks,Staff Customer Success Engineer,Amsterdam,2026-09-18,customer happiness,nee,https://nl.linkedin.com/jobs/view/staff-customer-success-engineer-at-palo-alto-networks-4466683134,https://www.linkedin.com/company/palo-alto-networks,4466683134
Parfumerie Douglas Nederland,Franstalige Customer Service Agent,Nijmegen,2025-01-16,klantenservice medewerker,nee,https://nl.linkedin.com/jobs/view/franstalige-customer-service-agent-at-parfumerie-douglas-nederland-4125917811,https://nl.linkedin.com/company/parfumerie-douglas-nederland,4125917811
Parfumerie Douglas Nederland,Specialist Online Product Data,Nijmegen,2026-08-26,webcare medewerker,nee,https://nl.linkedin.com/jobs/view/specialist-online-product-data-at-parfumerie-douglas-nederland-4457222323,https://nl.linkedin.com/company/parfumerie-douglas-nederland,4457222323
Pensify,Customer Success Manager,Amsterdam,2026-09-10,customer happiness,nee,https://nl.linkedin.com/jobs/view/customer-success-manager-at-pensify-4465684096,https://nl.linkedin.com/company/pensify,4465684096
Permobil,Customer Support Representative,Oisterwijk,2026-09-06,klantenservice medewerker,nee,https://nl.linkedin.com/jobs/view/customer-support-representative-at-permobil-4400388875,https://se.linkedin.com/company/permobil,4400388875
PGGM,Klantcontact medewerker klantcontact BPF Schilders,Zeist,2026-09-17,klantenservice medewerker,nee,https://nl.linkedin.com/jobs/view/klantcontact-medewerker-klantcontact-bpf-schilders-at-pggm-4468602316,https://nl.linkedin.com/company/pggm,4468602316
PharmaPartners,Customer Care Specialist,Oosterhout,2026-09-19,klantenservice medewerker,nee,https://nl.linkedin.com/jobs/view/customer-care-specialist-at-pharmapartners-4455856177,https://nl.linkedin.com/company/pharmapartners,4455856177
PinDirect by Cyber &amp; Mason,Medewerker Customer Support,Amersfoort,2026-09-14,klantenservice medewerker,nee,https://nl.linkedin.com/jobs/view/medewerker-customer-support-at-pindirect-by-cyber-mason-4467070749,https://nl.linkedin.com/company/pindirect,4467070749
PinkRoccade Local Government,Manager Customer Care Samenlevingszaken (lid MT),s-Hertogenbosch Area,2026-09-21,customer happiness,nee,https://nl.linkedin.com/jobs/view/manager-customer-care-samenlevingszaken-lid-mt-at-pinkroccade-local-government-4468750854,https://nl.linkedin.com/company/pinkroccade-local-government,4468750854
Plieger,IT Support Medewerker,Zaltbommel,2026-06-17,webcare medewerker,nee,https://nl.linkedin.com/jobs/view/it-support-medewerker-at-plieger-4426882717,https://nl.linkedin.com/company/plieger,4426882717
Pluripharm Groep,Medewerker Customer Services,Alkmaar,2026-09-13,klantenservice medewerker,nee,https://nl.linkedin.com/jobs/view/medewerker-customer-services-at-pluripharm-groep-4439035928,https://nl.linkedin.com/company/pluripharm,4439035928
PLUS Retail,Medewerker Winkel Helpdesk,Utrecht,2026-09-04,klantenservice medewerker,nee,https://nl.linkedin.com/jobs/view/medewerker-winkel-helpdesk-at-plus-retail-4340155657,https://nl.linkedin.com/company/plus-retail,4340155657
Pluvo,Customer Success Manager,Amsterdam Area,2026-09-11,customer happiness,nee,https://nl.linkedin.com/jobs/view/customer-success-manager-at-pluvo-4466060567,https://nl.linkedin.com/company/pluvo,4466060567
Postex DACH,Customer Success &amp; Support Consultant (40 uur),Gouda,2026-07-28,customer happiness,nee,https://nl.linkedin.com/jobs/view/customer-success-support-consultant-40-uur-at-postex-dach-4446002322,https://de.linkedin.com/company/postex-dach,4446002322
Prada,"PRADA Client Advisor MRTW (m/f/d), De Bijenkorf",Amsterdam,2026-09-18,customer happiness,nee,https://nl.linkedin.com/jobs/view/prada-client-advisor-mrtw-m-f-d-de-bijenkorf-at-prada-4467886289,https://it.linkedin.com/company/prada,4467886289
Prada,"PRADA Client Advisor MRTW (m/f/d), PCH",Amsterdam,2026-09-18,customer happiness,nee,https://nl.linkedin.com/jobs/view/prada-client-advisor-mrtw-m-f-d-pch-at-prada-4467857161,https://it.linkedin.com/company/prada,4467857161
Print.com,Klantenservice medewerker,Deventer,2025-09-02,klantenservice medewerker,nee,https://nl.linkedin.com/jobs/view/klantenservice-medewerker-at-print-com-4294221522,https://nl.linkedin.com/company/printdotcom,4294221522
Print.com,Customer Success Specialist,Deventer,2026-05-20,customer happiness,nee,https://nl.linkedin.com/jobs/view/customer-success-specialist-at-print-com-4416192903,https://nl.linkedin.com/company/printdotcom,4416192903
Print.com,After Sales Specialist - Klantrelatie &amp; Complaints,Deventer,2026-09-10,customer happiness,nee,https://nl.linkedin.com/jobs/view/after-sales-specialist-klantrelatie-complaints-at-print-com-4465607153,https://nl.linkedin.com/company/printdotcom,4465607153
Progressive,IT Servicedesk Medewerker | Zorg | Woerden,Woerden,2026-08-24,webcare medewerker,nee,https://nl.linkedin.com/jobs/view/it-servicedesk-medewerker-zorg-woerden-at-progressive-4453117246,https://uk.linkedin.com/company/progressive-recruitment,4453117246
project44,Customer Success Manager,Amsterdam,2026-09-15,customer happiness,nee,https://nl.linkedin.com/jobs/view/customer-success-manager-at-project44-4465266062,https://www.linkedin.com/company/project-44,4465266062
Property Plan,Front-end Developer,'s-Hertogenbosch,2026-09-10,webcare medewerker,nee,https://nl.linkedin.com/jobs/view/front-end-developer-at-property-plan-4463437958,https://nl.linkedin.com/company/propertyplan,4463437958
Proprli,Customer Support Professional at team Proprli (NL),Heerde,2026-07-17,customer happiness,nee,https://nl.linkedin.com/jobs/view/customer-support-professional%0Aat-team-proprli-nl-at-proprli-4441325540,https://nl.linkedin.com/company/proprli-terminal,4441325540
Proxsys,Skilled Servicedesk Medewerker,Rotterdam,2026-06-18,webcare medewerker,nee,https://nl.linkedin.com/jobs/view/skilled-servicedesk-medewerker-at-proxsys-4439773635,https://nl.linkedin.com/company/proxsys-nl,4439773635
Prénatal,SEO-specialist,Amersfoort,2026-09-22,webcare medewerker,nee,https://nl.linkedin.com/jobs/view/seo-specialist-at-prenatal-moeder-en-kind-b-v-4468548197,https://nl.linkedin.com/company/prenatal-moeder-en-kind-b.v.,4468548197
PS Calamiteiten,Medewerker Calamiteiten,Almere,2026-06-03,webcare medewerker,nee,https://nl.linkedin.com/jobs/view/medewerker-calamiteiten-at-ps-calamiteiten-4422942508,https://nl.linkedin.com/company/project-support-calamiteiten,4422942508
PSI CRO,Site Management Associate,Amsterdam,2026-09-15,webcare medewerker,nee,https://nl.linkedin.com/jobs/view/site-management-associate-at-psi-cro-4465542548,https://ch.linkedin.com/company/psi-cro-ag,4465542548
Publitas.com,Senior Customer Success Manager ( SaaS / Remote / Dutch),Nederland,2026-09-08,customer happiness,nee,https://nl.linkedin.com/jobs/view/senior-customer-success-manager-saas-remote-dutch-at-publitas-com-4458166743,https://nl.linkedin.com/company/publitas-com,4458166743
Quatt,Customer Success Manager - Installations,Amsterdam,2026-09-08,customer happiness,nee,https://nl.linkedin.com/jobs/view/customer-success-manager-installations-at-quatt-4462418926,https://nl.linkedin.com/company/quatt-heat,4462418926
Quooker,Information Technology Support Specialist,Ridderkerk,2026-09-16,webcare medewerker,nee,https://nl.linkedin.com/jobs/view/information-technology-support-specialist-at-quooker-4455729021,https://nl.linkedin.com/company/quooker,4455729021
Rabobank,Adviseur Klantenservice Midden -en Kleinbedrijf (MKB) - Omgeving Utrecht,Zeist,2026-09-03,klantenservice medewerker,nee,https://nl.linkedin.com/jobs/view/adviseur-klantenservice-midden-en-kleinbedrijf-mkb-omgeving-utrecht-at-rabobank-4404841495,https://nl.linkedin.com/company/rabobank,4404841495
Rabobank,Medewerker Klantenservice Particulieren Regio Tilburg,Tilburg,2026-09-04,klantenservice medewerker,nee,https://nl.linkedin.com/jobs/view/medewerker-klantenservice-particulieren-regio-tilburg-at-rabobank-4463345061,https://nl.linkedin.com/company/rabobank,4463345061
Rabobank,Medewerker Klantenservice Particulieren,Utrecht,2026-09-18,klantenservice medewerker,nee,https://nl.linkedin.com/jobs/view/medewerker-klantenservice-particulieren-at-rabobank-4441959772,https://nl.linkedin.com/company/rabobank,4441959772
Rabobank,Medewerker Klantenservice Particulieren Regio Eindhoven,Eindhoven,2026-09-21,klantenservice medewerker,nee,https://nl.linkedin.com/jobs/view/medewerker-klantenservice-particulieren-regio-eindhoven-at-rabobank-4451355910,https://nl.linkedin.com/company/rabobank,4451355910
Rabobank,Adviseur Klantenservice Midden -en Kleinbedrijf (MKB) Alkmaar,Alkmaar,2026-09-21,klantenservice medewerker,nee,https://nl.linkedin.com/jobs/view/adviseur-klantenservice-midden-en-kleinbedrijf-mkb-alkmaar-at-rabobank-4366383122,https://nl.linkedin.com/company/rabobank,4366383122
Rail-Flow,Senior Customer Success Manager - SaaS (m/f/x),Rotterdam,2026-06-12,customer happiness,nee,https://nl.linkedin.com/jobs/view/senior-customer-success-manager-saas-m-f-x-at-rail-flow-4425317073,https://de.linkedin.com/company/rail-flow,4425317073
Redcare Pharmacy,Mitarbeiter Kundenservice (m/w/d),Sevenum,2026-09-14,klantenservice medewerker,nee,https://nl.linkedin.com/jobs/view/mitarbeiter-kundenservice-m-w-d-at-redcare-pharmacy-4455863555,https://nl.linkedin.com/company/redcare-pharmacy-com,4455863555
Redcare Pharmacy,Magazijnmedewerker (m/v/x) Fulltime in Sevenum,Sevenum,2026-09-18,webcare medewerker,nee,https://nl.linkedin.com/jobs/view/magazijnmedewerker-m-v-x-fulltime-in-sevenum-at-redcare-pharmacy-4466672636,https://nl.linkedin.com/company/redcare-pharmacy-com,4466672636
RedCarpet®,Klantenservicemedewerker met ervaring,Amsterdam,2026-09-22,klantenservice medewerker,nee,https://nl.linkedin.com/jobs/view/klantenservicemedewerker-met-ervaring-at-redcarpet%C2%AE-4470290922,https://nl.linkedin.com/company/redcarpet-careers,4470290922
Richemont,E-Boutique Client Advisor French Speaking,Amsterdam,2026-09-18,customer happiness,nee,https://nl.linkedin.com/jobs/view/e-boutique-client-advisor-french-speaking-at-richemont-4467886933,https://ch.linkedin.com/company/richemont,4467886933
Ricoh Nederland,Key Account Customer Service Agent | Den Bosch | Hybrid,'s-Hertogenbosch,2026-07-29,klantenservice medewerker,nee,https://nl.linkedin.com/jobs/view/key-account-customer-service-agent-den-bosch-hybrid-at-ricoh-nederland-4444962081,https://nl.linkedin.com/company/ricohnederland,4444962081
RIMOWA,Client Advisor - AMSTERDAM DE BIJENKORF (m/f/d),Amsterdam,2026-09-17,customer happiness,nee,https://nl.linkedin.com/jobs/view/client-advisor-amsterdam-de-bijenkorf-m-f-d-at-rimowa-4449018386,https://de.linkedin.com/company/rimowa,4449018386
Rituals (B Corp™),Customer Relations &amp; Sales Ambassador French – CHO EDGE Amsterdam | 32-40h,Amsterdam,2026-09-10,customer happiness,nee,https://nl.linkedin.com/jobs/view/customer-relations-sales-ambassador-french-%E2%80%93-cho-edge-amsterdam-32-40h-at-rituals-b-corp%E2%84%A2-4446576580,https://nl.linkedin.com/company/rituals,4446576580
Rituals (B Corp™),Customer Relations and Sales Ambassador German – CHO EDGE Amsterdam | 32-40h,Amsterdam,2026-09-15,customer happiness,nee,https://nl.linkedin.com/jobs/view/customer-relations-and-sales-ambassador-german-%E2%80%93-cho-edge-amsterdam-32-40h-at-rituals-b-corp%E2%84%A2-4458257606,https://nl.linkedin.com/company/rituals,4458257606
Roadsoft,Customer Success Specialist (Onboarding &amp; Support),Amsterdam,2026-09-17,customer happiness,nee,https://nl.linkedin.com/jobs/view/customer-success-specialist-onboarding-support-at-roadsoft-4468663286,https://nl.linkedin.com/company/roadsoft,4468663286
Robert Walters,Vastgoed Klantenservice Medewerker,Amsterdam,2026-08-25,klantenservice medewerker,nee,https://nl.linkedin.com/jobs/view/vastgoed-klantenservice-medewerker-at-robert-walters-4457474243,https://uk.linkedin.com/company/robert-walters,4457474243
Robin Radar Systems,Customer Success Manager - CUAS,Delft,2026-09-10,customer happiness,nee,https://nl.linkedin.com/jobs/view/customer-success-manager-cuas-at-robin-radar-systems-4438199452,https://nl.linkedin.com/company/robin-radar-systems-b-v-,4438199452
Robin Radar Systems,Customer Success Manager - AVIAN,Delft,2026-09-17,customer happiness,nee,https://nl.linkedin.com/jobs/view/customer-success-manager-avian-at-robin-radar-systems-4449473745,https://nl.linkedin.com/company/robin-radar-systems-b-v-,4449473745
ROCKWOOL Group,Customer Service Representative,Roermond,2026-09-10,klantenservice medewerker,nee,https://nl.linkedin.com/jobs/view/customer-service-representative-at-rockwool-group-4465686734,https://dk.linkedin.com/company/rockwool-group,4465686734
ROCKWOOL Group,Customer Services Employee,Roermond,2026-09-14,klantenservice medewerker,nee,https://nl.linkedin.com/jobs/view/customer-services-employee-at-rockwool-group-4467030929,https://dk.linkedin.com/company/rockwool-group,4467030929
Royal A-ware,Medewerker Customer Care,Almere,2026-09-07,klantenservice medewerker,nee,https://nl.linkedin.com/jobs/view/medewerker-customer-care-at-royal-a-ware-4425632190,https://nl.linkedin.com/company/a-ware-food-group-b-v-,4425632190
Runnr.ai,Customer Success Manager,"Utrecht, Nederland",2026-09-22,customer happiness,nee,https://nl.linkedin.com/jobs/view/customer-success-manager-at-runnr-ai-4470299624,https://nl.linkedin.com/company/runnr-ai,4470299624
RVS Clean,Cleanroom medewerker,Bergeyk,2026-05-23,webcare medewerker,nee,https://nl.linkedin.com/jobs/view/cleanroom-medewerker-at-rvs-clean-4429783675,https://nl.linkedin.com/company/rvs-clean,4429783675
RX Group,CUSTOMER SUCCESS COORDINATOR GEZOCHT,Gemert,2026-08-27,customer happiness,nee,https://nl.linkedin.com/jobs/view/customer-success-coordinator-gezocht-at-rx-group-4459696607,https://nl.linkedin.com/company/rx-group,4459696607
S4D,Customer Success Manager (Nederlands),Amsterdam,2026-06-30,customer happiness,nee,https://nl.linkedin.com/jobs/view/customer-success-manager-nederlands-at-s4d-4434986304,https://nl.linkedin.com/company/solutions4delivery,4434986304
S4D,Customer Success Specialist (Nederlands),Amsterdam,2026-06-30,customer happiness,nee,https://nl.linkedin.com/jobs/view/customer-success-specialist-nederlands-at-s4d-4434981284,https://nl.linkedin.com/company/solutions4delivery,4434981284
Salesrecruiters,Customer Care Professional,Amsterdam,2026-09-16,customer happiness,nee,https://nl.linkedin.com/jobs/view/customer-care-professional-at-salesrecruiters-4468225734,https://nl.linkedin.com/company/salesrecruiters,4468225734
Salute,Data Centre NOC Operator,Amsterdam,2026-08-07,webcare medewerker,nee,https://nl.linkedin.com/jobs/view/data-centre-noc-operator-at-salute-4460250542,https://www.linkedin.com/company/inc-salute,4460250542
Saxo Bank,Client Service Associate (French + Dutch Speaking),Amsterdam,2026-09-12,customer happiness,nee,https://nl.linkedin.com/jobs/view/client-service-associate-french-%2B-dutch-speaking-at-saxo-bank-4036618828,https://dk.linkedin.com/company/saxo-bank,4036618828
Secure Design Webdevelopment,"Vacature front-end developer (mbo / hbo, Leiden, 32-40 uur)",Leiden,2026-07-09,webcare medewerker,nee,https://nl.linkedin.com/jobs/view/vacature-front-end-developer-mbo-hbo-leiden-32-40-uur-at-secure-design-webdevelopment-4448391541,https://nl.linkedin.com/company/secure-design-webdevelopment,4448391541
Secure Design Webdevelopment,"Vacature online marketeer (hbo, 16-24 uur)",Leiden,2026-07-09,webcare medewerker,nee,https://nl.linkedin.com/jobs/view/vacature-online-marketeer-hbo-16-24-uur-at-secure-design-webdevelopment-4448601209,https://nl.linkedin.com/company/secure-design-webdevelopment,4448601209
Secure Design Webdevelopment,"Vacature online marketeer (hbo, 32-36 uur)",Leiden,2026-07-09,webcare medewerker,nee,https://nl.linkedin.com/jobs/view/vacature-online-marketeer-hbo-32-36-uur-at-secure-design-webdevelopment-4448604202,https://nl.linkedin.com/company/secure-design-webdevelopment,4448604202
Sedgwick,Administratief Medewerker,Amstelveen,2026-09-03,webcare medewerker,nee,https://nl.linkedin.com/jobs/view/administratief-medewerker-at-sedgwick-4256918853,https://www.linkedin.com/company/sedgwick,4256918853
Select Courier International B.V.,CUSTOMER SERVICE,Rotterdam,2026-07-21,klantenservice medewerker,nee,https://nl.linkedin.com/jobs/view/customer-service-at-select-courier-international-b-v-4442661805,https://nl.linkedin.com/company/select-courier-international,4442661805
Sendcloud,Customer Support Consultant - Benelux,Eindhoven,2026-08-31,klantenservice medewerker,nee,https://nl.linkedin.com/jobs/view/customer-support-consultant-benelux-at-sendcloud-4460023105,https://nl.linkedin.com/company/sendcloud,4460023105
Sense Company,Customer Care Specialist,Tilburg,2026-09-16,customer happiness,nee,https://nl.linkedin.com/jobs/view/customer-care-specialist-at-sense-company-4467079261,https://nl.linkedin.com/company/sense-company,4467079261
Service Best International B.V.,Medewerker Customer Relations (32 tot 40 uur),Eindhoven,2026-09-07,customer happiness,nee,https://nl.linkedin.com/jobs/view/medewerker-customer-relations-32-tot-40-uur-at-service-best-international-b-v-4464306303,https://nl.linkedin.com/company/service-best-international-b.v.,4464306303
Shoppartners B.V.,Junior Content medewerker - 32 tot 40 uur per week,Heerhugowaard,2026-09-11,webcare medewerker,nee,https://nl.linkedin.com/jobs/view/junior-content-medewerker-32-tot-40-uur-per-week-at-shoppartners-b-v-4465148462,https://nl.linkedin.com/company/shoppartners,4465148462
Shoppartners B.V.,Medior Content medewerker - 32 tot 40 uur per week,Heerhugowaard,2026-09-11,webcare medewerker,nee,https://nl.linkedin.com/jobs/view/medior-content-medewerker-32-tot-40-uur-per-week-at-shoppartners-b-v-4465155507,https://nl.linkedin.com/company/shoppartners,4465155507
Simac,Customer Experience Manager Healthcare (regio Den Haag/Rotterdam),Utrecht,2026-02-27,customer happiness,nee,https://nl.linkedin.com/jobs/view/customer-experience-manager-healthcare-regio-den-haag-rotterdam-at-simac-4377933710,https://nl.linkedin.com/company/simac-it-group,4377933710
Simac,Customer Experience Manager Retail,Utrecht,2026-02-27,customer happiness,nee,https://nl.linkedin.com/jobs/view/customer-experience-manager-retail-at-simac-4377944359,https://nl.linkedin.com/company/simac-it-group,4377944359
Simvia,Junior Customer Success Specialist - Benelux - Growing Impact Scale Up,Amsterdam,2026-08-13,customer happiness,nee,https://nl.linkedin.com/jobs/view/junior-customer-success-specialist-benelux-growing-impact-scale-up-at-simvia-4462919236,https://nl.linkedin.com/company/simvia-suppychain,4462919236
Simvia,Junior Customer Success Specialist - Benelux - Growing Impact Scale Up,Amsterdam,2026-09-16,customer happiness,nee,https://nl.linkedin.com/jobs/view/junior-customer-success-specialist-benelux-growing-impact-scale-up-at-simvia-4467970325,https://nl.linkedin.com/company/simvia-suppychain,4467970325
Simvia,Customer Success Manager - Benelux - Growing Impact Scale Up,Amsterdam,2026-09-21,customer happiness,nee,https://nl.linkedin.com/jobs/view/customer-success-manager-benelux-growing-impact-scale-up-at-simvia-4469842764,https://nl.linkedin.com/company/simvia-suppychain,4469842764
Sligro Food Group,Medewerker Customer Care,Breda,2026-09-22,klantenservice medewerker,nee,https://nl.linkedin.com/jobs/view/medewerker-customer-care-at-sligro-food-group-4470293178,https://nl.linkedin.com/company/sligro-food-group,4470293178
Smart Health,Online marketeer,Rotterdam,2026-04-07,webcare medewerker,nee,https://nl.linkedin.com/jobs/view/online-marketeer-at-smart-health-4398376296,https://nl.linkedin.com/company/smarthealthnl,4398376296
Smartwares Group,Customer Contact Specialist (E-commerce),Tilburg,2026-09-08,customer happiness,nee,https://nl.linkedin.com/jobs/view/customer-contact-specialist-e-commerce-at-smartwares-group-4462505766,https://nl.linkedin.com/company/smartwaresgroup,4462505766
Smollan Netherlands,Customer Success Medewerker,Amsterdam,2026-08-21,customer happiness,nee,https://nl.linkedin.com/jobs/view/customer-success-medewerker-at-smollan-netherlands-4447520039,https://www.linkedin.com/company/smollan-netherlands,4447520039
Snelstart,Klantenservice Medewerker Amersfoort,Amersfoort,2026-08-25,klantenservice medewerker,nee,https://nl.linkedin.com/jobs/view/klantenservice-medewerker-amersfoort-at-snelstart-4447533157,https://nl.linkedin.com/company/snelstart,4447533157
SoftwareOne,Klantenservice,Amsterdam,2026-09-08,customer happiness,nee,https://nl.linkedin.com/jobs/view/klantenservice-at-softwareone-4463245596,https://ch.linkedin.com/company/softwareone,4463245596
SoftwareOne,Binnendienst,Amsterdam,2026-09-08,customer happiness,nee,https://nl.linkedin.com/jobs/view/binnendienst-at-softwareone-4463239599,https://ch.linkedin.com/company/softwareone,4463239599
SoftwareOne,Trainee Sales Support,Amsterdam,2026-09-08,customer happiness,nee,https://nl.linkedin.com/jobs/view/trainee-sales-support-at-softwareone-4463230847,https://ch.linkedin.com/company/softwareone,4463230847
SoftwareOne,Customer Success Manager,Amsterdam,2026-09-21,customer happiness,nee,https://nl.linkedin.com/jobs/view/customer-success-manager-at-softwareone-4468775473,https://ch.linkedin.com/company/softwareone,4468775473
"Solera Holdings, LLC.",Junior Customer Success Representative,Den Haag,2026-08-02,customer happiness,nee,https://nl.linkedin.com/jobs/view/junior-customer-success-representative-at-solera-holdings-llc-4402372368,https://www.linkedin.com/company/solera,4402372368
Solid Partners ICT Groep,ServiceDesk Medewerker (IT Support Engineer),Raalte,2026-07-23,webcare medewerker,nee,https://nl.linkedin.com/jobs/view/servicedesk-medewerker-it-support-engineer-at-solid-partners-ict-groep-4441553368,https://nl.linkedin.com/company/solid-partners-ict-groep,4441553368
SomnoMed France,Customer service Medewerker (Dutch fluent),Arnhem,2026-01-08,klantenservice medewerker,nee,https://nl.linkedin.com/jobs/view/customer-service-medewerker-dutch-fluent-at-somnomed-france-4330913083,https://fr.linkedin.com/company/somnomedfrance,4330913083
Sonova Group,Customer Service employee,Vianen,2026-09-18,klantenservice medewerker,nee,https://nl.linkedin.com/jobs/view/customer-service-employee-at-sonova-group-4383396850,https://ch.linkedin.com/company/sonovagroup,4383396850
Spacewell,Customer Success Manager,Arnhem,2026-04-30,customer happiness,nee,https://nl.linkedin.com/jobs/view/customer-success-manager-at-spacewell-4408796947,https://be.linkedin.com/company/spacewell-a-nemetschek-company,4408796947
Spectrum Equity,"EMEA Customer Success Manager, Nordic Speaker",Amsterdam,2026-09-15,customer happiness,nee,https://nl.linkedin.com/jobs/view/emea-customer-success-manager-nordic-speaker-at-spectrum-equity-4465563415,https://www.linkedin.com/company/spectrum-equity,4465563415
SPS Commerce,Customer Success Manager III,Breukelen,2026-09-03,customer happiness,nee,https://nl.linkedin.com/jobs/view/customer-success-manager-iii-at-sps-commerce-4461695365,https://www.linkedin.com/company/sps-commerce,4461695365
stichd,Customer Service Representative (Formula 1 &amp; Football),'s-Hertogenbosch,2026-09-17,klantenservice medewerker,nee,https://nl.linkedin.com/jobs/view/customer-service-representative-formula-1-football-at-stichd-4468608843,https://nl.linkedin.com/company/stichdofficial,4468608843
STOX Energy Socks,Customer Service Specialist,Amsterdam,2026-09-04,klantenservice medewerker,nee,https://nl.linkedin.com/jobs/view/customer-service-specialist-at-stox-energy-socks-4463382019,https://nl.linkedin.com/company/stox-energy-socks,4463382019
Studenten.net,Fulltime Wasstraat Medewerker,Breda,2026-08-02,webcare medewerker,nee,https://nl.linkedin.com/jobs/view/fulltime-wasstraat-medewerker-at-studenten-net-4447880623,https://nl.linkedin.com/company/studenten-net,4447880623
Studenten.net,Service Medewerk(st)er Schoonmaak Oosterhout,Oosterhout,2026-08-19,webcare medewerker,nee,https://nl.linkedin.com/jobs/view/service-medewerk-st-er-schoonmaak-oosterhout-at-studenten-net-4456405516,https://nl.linkedin.com/company/studenten-net,4456405516
Studenten.net,Key Account Customer Service DHL Express,Nijmegen,2026-09-11,customer happiness,nee,https://nl.linkedin.com/jobs/view/key-account-customer-service-dhl-express-at-studenten-net-4466083005,https://nl.linkedin.com/company/studenten-net,4466083005
Studenten.net,Zwolle productiemedewerker,Zwolle,2026-09-18,webcare medewerker,nee,https://nl.linkedin.com/jobs/view/zwolle-productiemedewerker-at-studenten-net-4469258568,https://nl.linkedin.com/company/studenten-net,4469258568
Suitsupply,Customer Service Specialist,Amsterdam,2026-09-22,klantenservice medewerker,nee,https://nl.linkedin.com/jobs/view/customer-service-specialist-at-suitsupply-4326536412,https://nl.linkedin.com/company/suitsupply,4326536412
SumUp,Customer Support Agent,Amsterdam,2026-09-02,klantenservice medewerker,nee,https://nl.linkedin.com/jobs/view/customer-support-agent-at-sumup-4421965211,https://uk.linkedin.com/company/sumup,4421965211
Sunny Cars,Customer Service Expert (24-40 uur),Haarlem,2026-09-09,klantenservice medewerker,nee,https://nl.linkedin.com/jobs/view/customer-service-expert-24-40-uur-at-sunny-cars-4465026977,https://nl.linkedin.com/company/sunny-cars-nederland,4465026977
Swiss Sense,Web Analist Digital Commerce,Uden,2026-09-14,webcare medewerker,nee,https://nl.linkedin.com/jobs/view/web-analist-digital-commerce-at-swiss-sense-4467094489,https://nl.linkedin.com/company/swisssense,4467094489
TalentForge Ltd,Customer Support Clerk,Eindhoven,2026-09-21,webcare medewerker,nee,https://nl.linkedin.com/jobs/view/customer-support-clerk-at-talentforge-ltd-4469867018,https://www.linkedin.com/company/talentforge-ltd,4469867018
Talentix,Customer Success Manager,Haarlem,2026-08-05,customer happiness,nee,https://nl.linkedin.com/jobs/view/customer-success-manager-at-talentix-4448048486,https://nl.linkedin.com/company/talentix-ai,4448048486
Tandem Health,Customer Success Specialist - Netherlands,Leiden,2026-09-04,customer happiness,nee,https://nl.linkedin.com/jobs/view/customer-success-specialist-netherlands-at-tandem-health-4461749093,https://se.linkedin.com/company/tandem-health,4461749093
Tandem Health,Customer Success Specialist - Netherlands,Leiden,2026-09-04,customer happiness,nee,https://nl.linkedin.com/jobs/view/customer-success-specialist-netherlands-at-tandem-health-4461745151,https://se.linkedin.com/company/tandem-health,4461745151
Tangent,Entry level Customer Success Manager (€30-€60k salary + commission),Amsterdam Area,2026-09-04,customer happiness,nee,https://nl.linkedin.com/jobs/view/entry-level-customer-success-manager-%E2%82%AC30-%E2%82%AC60k-salary-%2B-commission-at-tangent-4463361874,https://uk.linkedin.com/company/jointangent,4463361874
Tarkett,Customer Service Representative,Waalwijk,2026-06-26,klantenservice medewerker,nee,https://nl.linkedin.com/jobs/view/customer-service-representative-at-tarkett-4431709604,https://fr.linkedin.com/company/tarkett,4431709604
TCC smart IT solutions,Customer Success Manager,Tilburg,2026-02-26,customer happiness,nee,https://nl.linkedin.com/jobs/view/customer-success-manager-at-tcc-smart-it-solutions-4375282443,https://nl.linkedin.com/company/tcc-smart-it-solutions,4375282443
Tech Rise,Head of Customer Success,Amsterdam,2026-09-22,customer happiness,nee,https://nl.linkedin.com/jobs/view/head-of-customer-success-at-tech-rise-4456583876,https://nl.linkedin.com/company/techrisepeople,4456583876
Technische Unie,Customer Service Medewerker,Eindhoven,2026-08-24,klantenservice medewerker,nee,https://nl.linkedin.com/jobs/view/customer-service-medewerker-at-technische-unie-4458474159,https://nl.linkedin.com/company/technische-unie,4458474159
Technische Unie,Customer Service Medewerker,Dordrecht,2026-09-16,klantenservice medewerker,nee,https://nl.linkedin.com/jobs/view/customer-service-medewerker-at-technische-unie-4466953716,https://nl.linkedin.com/company/technische-unie,4466953716
Technische Unie,Customer Service Medewerker,Zwolle,2026-09-17,klantenservice medewerker,nee,https://nl.linkedin.com/jobs/view/customer-service-medewerker-at-technische-unie-4466956665,https://nl.linkedin.com/company/technische-unie,4466956665
Telco Accessories Group,Klantenservicemedewerker,Houten,2026-09-21,klantenservice medewerker,nee,https://nl.linkedin.com/jobs/view/klantenservicemedewerker-at-telco-accessories-group-4467395413,https://nl.linkedin.com/company/telco-accessories-group,4467395413
Telco Accessories Group,Klantenservicemedewerker,Lichtenvoorde,2026-09-21,klantenservice medewerker,nee,https://nl.linkedin.com/jobs/view/klantenservicemedewerker-at-telco-accessories-group-4467383708,https://nl.linkedin.com/company/telco-accessories-group,4467383708
Tellent,Customer Success Manager - DACH,Amsterdam,2026-09-07,customer happiness,nee,https://nl.linkedin.com/jobs/view/customer-success-manager-dach-at-tellent-4462200150,https://nl.linkedin.com/company/tellenthq,4462200150
Tellent,Digital Customer Success Manager - Benelux,Amsterdam,2026-09-21,customer happiness,nee,https://nl.linkedin.com/jobs/view/digital-customer-success-manager-benelux-at-tellent-4467383612,https://nl.linkedin.com/company/tellenthq,4467383612
Termeer Groep,Webshopmedewerker (maandag),Tilburg,2026-09-16,webcare medewerker,nee,https://nl.linkedin.com/jobs/view/webshopmedewerker-maandag-at-termeer-groep-4371879320,https://nl.linkedin.com/company/termeergroep,4371879320
The Dare Company,Vacature Front end developer,Rotterdam,2026-07-10,webcare medewerker,nee,https://nl.linkedin.com/jobs/view/vacature-front-end-developer-at-the-dare-company-4449069211,https://nl.linkedin.com/company/the-dare-company,4449069211
The Dare Company,Vacature online marketeer (junior/medior),Rotterdam,2026-07-10,webcare medewerker,nee,https://nl.linkedin.com/jobs/view/vacature-online-marketeer-junior-medior-at-the-dare-company-4449069214,https://nl.linkedin.com/company/the-dare-company,4449069214
The Dare Company,Vacature Full Stack Developer,Rotterdam,2026-07-10,webcare medewerker,nee,https://nl.linkedin.com/jobs/view/vacature-full-stack-developer-at-the-dare-company-4449053555,https://nl.linkedin.com/company/the-dare-company,4449053555
The Lemon Consulting,Klantenservicemedewerker,Rotterdam,2026-08-19,klantenservice medewerker,nee,https://nl.linkedin.com/jobs/view/klantenservicemedewerker-at-the-lemon-consulting-4455401717,https://www.linkedin.com/company/the-lemon-consulting,4455401717
The Lemon Consulting,Klantenservicemedewerker,Utrecht,2026-08-19,klantenservice medewerker,nee,https://nl.linkedin.com/jobs/view/klantenservicemedewerker-at-the-lemon-consulting-4454998808,https://www.linkedin.com/company/the-lemon-consulting,4454998808
The Lemon Consulting,Klantenservicemedewerker,Amsterdam,2026-08-19,klantenservice medewerker,nee,https://nl.linkedin.com/jobs/view/klantenservicemedewerker-at-the-lemon-consulting-4455400755,https://www.linkedin.com/company/the-lemon-consulting,4455400755
The Lemon Consulting,Klantenservicemedewerker,Arnhem,2026-08-19,klantenservice medewerker,nee,https://nl.linkedin.com/jobs/view/klantenservicemedewerker-at-the-lemon-consulting-4455417585,https://www.linkedin.com/company/the-lemon-consulting,4455417585
The Lemon Consulting,Klantenservicemedewerker,Eindhoven,2026-08-19,klantenservice medewerker,nee,https://nl.linkedin.com/jobs/view/klantenservicemedewerker-at-the-lemon-consulting-4454996801,https://www.linkedin.com/company/the-lemon-consulting,4454996801
The Lemon Consulting,Klantenservicemedewerker,Den Haag,2026-08-19,klantenservice medewerker,nee,https://nl.linkedin.com/jobs/view/klantenservicemedewerker-at-the-lemon-consulting-4455411705,https://www.linkedin.com/company/the-lemon-consulting,4455411705
The Lemon Consulting,Klantenservicemedewerker,Haarlem,2026-08-19,klantenservice medewerker,nee,https://nl.linkedin.com/jobs/view/klantenservicemedewerker-at-the-lemon-consulting-4454995730,https://www.linkedin.com/company/the-lemon-consulting,4454995730
The Lemon Consulting,Klantenservicemedewerker,Nijmegen,2026-08-19,klantenservice medewerker,nee,https://nl.linkedin.com/jobs/view/klantenservicemedewerker-at-the-lemon-consulting-4455415712,https://www.linkedin.com/company/the-lemon-consulting,4455415712
The Rent Company,Medewerker Klantenservice,'s-Hertogenbosch,2026-09-03,klantenservice medewerker,nee,https://nl.linkedin.com/jobs/view/medewerker-klantenservice-at-the-rent-company-4460421208,https://nl.linkedin.com/company/the-rent-company-bv,4460421208
Thuiszorg West-Brabant (TWB),Collega in de Thuiszorg regio Breda,Breda,2026-07-07,webcare medewerker,nee,https://nl.linkedin.com/jobs/view/collega-in-de-thuiszorg-regio-breda-at-twb-thuiszorg-west-brabant-4437741891,https://nl.linkedin.com/company/thuiszorg-west-brabant,4437741891
Tibber,Customer Support Specialist,Amsterdam,2026-09-08,klantenservice medewerker,nee,https://nl.linkedin.com/jobs/view/customer-support-specialist-at-tibber-4414816920,https://no.linkedin.com/company/tibber,4414816920
TOPdesk,Customer Succes Manager (NL),Delft,2026-09-14,customer happiness,nee,https://nl.linkedin.com/jobs/view/customer-succes-manager-nl-at-topdesk-4465762335,https://nl.linkedin.com/company/topdesk,4465762335
Treatwell,Customer Experience Specialist NL (32-40 hours),Amsterdam,2026-09-02,klantenservice medewerker,nee,https://nl.linkedin.com/jobs/view/customer-experience-specialist-nl-32-40-hours-at-treatwell-4462189897,https://uk.linkedin.com/company/treatwell-com,4462189897
Treatwell,Customer Success Manager NL,Amsterdam,2026-09-18,webcare medewerker,nee,https://nl.linkedin.com/jobs/view/customer-success-manager-nl-at-treatwell-4469133608,https://uk.linkedin.com/company/treatwell-com,4469133608
Trengo - Smart Customer Engagement Platform,Customer Success Manager - Dutch speaking,Utrecht,2026-07-31,customer happiness,nee,https://nl.linkedin.com/jobs/view/customer-success-manager-dutch-speaking-at-trengo-4447299663,https://nl.linkedin.com/company/trengo,4447299663
Trengo - Smart Customer Engagement Platform,Junior Digital Customer Success Manager - Dutch speaking,Utrecht,2026-08-20,customer happiness,nee,https://nl.linkedin.com/jobs/view/junior-digital-customer-success-manager-dutch-speaking-at-trengo-4456483825,https://nl.linkedin.com/company/trengo,4456483825
Trengo - Smart Customer Engagement Platform,Customer Success Manager - Dutch speaking,Randstad,2026-08-28,customer happiness,nee,https://nl.linkedin.com/jobs/view/customer-success-manager-dutch-speaking-at-trengo-4455875519,https://nl.linkedin.com/company/trengo,4455875519
Triodos Bank,Head of Customer Services TBNL,Driebergen-Rijsenburg,2026-09-02,customer happiness,nee,https://nl.linkedin.com/jobs/view/head-of-customer-services-tbnl-at-triodos-bank-4462440160,https://nl.linkedin.com/company/triodos-bank,4462440160
Troostwijk Auctions,Klantenservice Medewerker,Amsterdam,2025-10-22,klantenservice medewerker,nee,https://nl.linkedin.com/jobs/view/klantenservice-medewerker-at-troostwijk-auctions-4317481945,https://nl.linkedin.com/company/troostwijk-auctions,4317481945
Troostwijk Auctions,Klantenservice medewerker,Amsterdam,2026-09-02,klantenservice medewerker,nee,https://nl.linkedin.com/jobs/view/klantenservice-medewerker-at-troostwijk-auctions-4457342326,https://nl.linkedin.com/company/troostwijk-auctions,4457342326
Trusted Shops,Customer Success Manager Benelux (f/m/d),Amsterdam,2026-09-07,customer happiness,nee,https://nl.linkedin.com/jobs/view/customer-success-manager-benelux-f-m-d-at-trusted-shops-4461893682,https://de.linkedin.com/company/trustedshops,4461893682
Trustoo.nl,Junior Customer Success Manager,Amsterdam,2026-09-01,customer happiness,nee,https://nl.linkedin.com/jobs/view/junior-customer-success-manager-at-trustoo-nl-4461719171,https://nl.linkedin.com/company/trustoo-de-beste-bedrijven-voor-jou,4461719171
Trustoo.nl,Customer Success Manager,Amsterdam,2026-09-03,customer happiness,nee,https://nl.linkedin.com/jobs/view/customer-success-manager-at-trustoo-nl-4460735308,https://nl.linkedin.com/company/trustoo-de-beste-bedrijven-voor-jou,4460735308
Trustpilot,Enterprise Customer Success Manager - Benelux,Rotterdam,2026-09-04,customer happiness,nee,https://nl.linkedin.com/jobs/view/enterprise-customer-success-manager-benelux-at-trustpilot-4416162109,https://dk.linkedin.com/company/trustpilot,4416162109
Trustpilot,Customer Success Manager,Amsterdam,2026-09-10,customer happiness,nee,https://nl.linkedin.com/jobs/view/customer-success-manager-at-trustpilot-4437752165,https://dk.linkedin.com/company/trustpilot,4437752165
Trustpilot,Enterprise Customer Success Manager - Benelux,Amsterdam,2026-09-21,customer happiness,nee,https://nl.linkedin.com/jobs/view/enterprise-customer-success-manager-benelux-at-trustpilot-4413949306,https://dk.linkedin.com/company/trustpilot,4413949306
Trustpilot Italia,Enterprise Customer Success Manager - Benelux,Amsterdam,2026-08-06,customer happiness,nee,https://nl.linkedin.com/jobs/view/enterprise-customer-success-manager-benelux-at-trustpilot-italia-4450014111,https://it.linkedin.com/company/trustpilot-italia,4450014111
Trustpilot Italia,Associate Customer Success Manager - Benelux Market,Amsterdam,2026-08-06,customer happiness,nee,https://nl.linkedin.com/jobs/view/associate-customer-success-manager-benelux-market-at-trustpilot-italia-4450016093,https://it.linkedin.com/company/trustpilot-italia,4450016093
Twentyseven,Open sollicitatie - Twentyseven,Eindhoven,2024-11-26,webcare medewerker,nee,https://nl.linkedin.com/jobs/view/open-sollicitatie-twentyseven-at-twentyseven-4085642446,https://nl.linkedin.com/company/twentysevenagency,4085642446
Ultimesh,E-commerce Medewerker,Hellevoetsluis,2026-09-11,webcare medewerker,nee,https://nl.linkedin.com/jobs/view/e-commerce-medewerker-at-ultimesh-4466068170,https://nl.linkedin.com/company/ultimesh,4466068170
UMC Utrecht,Medewerker schoonmaak &amp; services,Utrecht,2026-04-14,webcare medewerker,nee,https://nl.linkedin.com/jobs/view/medewerker-schoonmaak-services-at-umc-utrecht-4392436330,https://nl.linkedin.com/company/umcutrecht,4392436330
Unica ICT,Customer Succes Specialist,Eindhoven,2026-01-22,customer happiness,nee,https://nl.linkedin.com/jobs/view/customer-succes-specialist-at-unica-ict-4364820615,https://nl.linkedin.com/company/unica-ict,4364820615
Unica ICT,Customer Succes Specialist,Lemelerveld,2026-01-22,customer happiness,nee,https://nl.linkedin.com/jobs/view/customer-succes-specialist-at-unica-ict-4364690737,https://nl.linkedin.com/company/unica-ict,4364690737
Vaeshartelt.rc,Allround Medewerker Bediening,Maastricht,2026-06-18,webcare medewerker,nee,https://nl.linkedin.com/jobs/view/allround-medewerker-bediening-at-vaeshartelt-rc-4427819813,https://nl.linkedin.com/company/buitenplaatsvaeshartelt,4427819813
Valicare,PHP Developer,Den Haag,2026-08-01,webcare medewerker,nee,https://nl.linkedin.com/jobs/view/php-developer-at-valicare-4445558465,https://nl.linkedin.com/company/valicare,4445558465
Valicare,Full Stack Developer,Den Haag,2026-08-01,webcare medewerker,nee,https://nl.linkedin.com/jobs/view/full-stack-developer-at-valicare-4445548564,https://nl.linkedin.com/company/valicare,4445548564
VAMAT,Medewerker Customer Service,"Utrecht, Nederland",2026-09-08,klantenservice medewerker,nee,https://nl.linkedin.com/jobs/view/medewerker-customer-service-at-vamat-4464449514,https://nl.linkedin.com/company/vamat,4464449514
Van den Bosch,Klantenservicemedewerker,Erp,2026-09-03,klantenservice medewerker,nee,https://nl.linkedin.com/jobs/view/klantenservicemedewerker-at-van-den-bosch-4462788081,https://nl.linkedin.com/company/van-den-bosch,4462788081
Van den Udenhout Groep,Medewerker Klantenservice | 's-Hertogenbosch,'s-Hertogenbosch,2026-09-08,klantenservice medewerker,nee,https://nl.linkedin.com/jobs/view/medewerker-klantenservice-s-hertogenbosch-at-van-den-udenhout-groep-4464610992,https://nl.linkedin.com/company/van-den-udenhout-groep,4464610992
Van der Hoeven Kliniek,Medewerker beveiliging en receptie,Utrecht,2026-09-16,webcare medewerker,nee,https://nl.linkedin.com/jobs/view/medewerker-beveiliging-en-receptie-at-van-der-hoeven-kliniek-4459146998,https://nl.linkedin.com/company/van-der-hoeven-kliniek,4459146998
Van der Knaap,"Medewerker marketing, communicatie en events",Kwintsheul,2026-09-14,webcare medewerker,nee,https://nl.linkedin.com/jobs/view/medewerker-marketing-communicatie-en-events-at-van-der-knaap-4467073432,https://nl.linkedin.com/company/van-der-knaap-group-of-companies,4467073432
Van der Valk Hotel Den Haag - Wassenaar,Allround medewerker bediening – inclusief betaalde BBL-opleiding!,Wassenaar,2026-08-14,webcare medewerker,nee,https://nl.linkedin.com/jobs/view/allround-medewerker-bediening-%E2%80%93-inclusief-betaalde-bbl-opleiding%21-at-van-der-valk-hotel-den-haag-wassenaar-4454502096,https://nl.linkedin.com/company/van-der-valk-hotel-den-haag---wassenaar,4454502096
Van der Valk Hotel Middelburg,Wellness medewerker,Middelburg,2026-08-06,webcare medewerker,nee,https://nl.linkedin.com/jobs/view/wellness-medewerker-at-van-der-valk-hotel-middelburg-4450237485,https://nl.linkedin.com/company/van-der-valk-hotel-middelburg,4450237485
Van der Valk Hotel Middelburg,Medewerker bediening parttime/ fulltime,Middelburg,2026-08-09,webcare medewerker,nee,https://nl.linkedin.com/jobs/view/medewerker-bediening-parttime-fulltime-at-van-der-valk-hotel-middelburg-4462809342,https://nl.linkedin.com/company/van-der-valk-hotel-middelburg,4462809342
Van Gooi,Front-end Developer (Energy Systems),Utrecht,2026-08-18,webcare medewerker,nee,https://nl.linkedin.com/jobs/view/front-end-developer-energy-systems-at-van-gooi-4452846493,https://nl.linkedin.com/company/vangooi,4452846493
Van Mossel Automotive Group,Klantenservice medewerker,Amsterdam-Zuid,2026-07-23,klantenservice medewerker,nee,https://nl.linkedin.com/jobs/view/klantenservice-medewerker-at-van-mossel-automotive-group-4455290901,https://nl.linkedin.com/company/van-mossel-group,4455290901
Van Mossel Automotive Group,Klantenservice Medewerker,Zwolle,2026-07-23,klantenservice medewerker,nee,https://nl.linkedin.com/jobs/view/klantenservice-medewerker-at-van-mossel-automotive-group-4455308014,https://nl.linkedin.com/company/van-mossel-group,4455308014
Van Mossel Automotive Group,Medewerker Klantenservice,Tilburg,2026-08-11,klantenservice medewerker,nee,https://nl.linkedin.com/jobs/view/medewerker-klantenservice-at-van-mossel-automotive-group-4455292954,https://nl.linkedin.com/company/van-mossel-group,4455292954
Van Nieuwpoort Groep,Medewerker marketingcommunicatie,Gouda,2026-09-04,webcare medewerker,nee,https://nl.linkedin.com/jobs/view/medewerker-marketingcommunicatie-at-van-nieuwpoort-groep-4461171249,https://nl.linkedin.com/company/van-nieuwpoort-groep,4461171249
Van Vulpen,Junior Servicedesk Medewerker IT,Gorinchem,2026-09-04,webcare medewerker,nee,https://nl.linkedin.com/jobs/view/junior-servicedesk-medewerker-it-at-van-vulpen-4461985459,https://nl.linkedin.com/company/vanvulpen,4461985459
Vandebron,Customer Service Medewerker,Amsterdam,2026-05-28,klantenservice medewerker,nee,https://nl.linkedin.com/jobs/view/customer-service-medewerker-at-vandebron-4431658020,https://nl.linkedin.com/company/vandebron,4431658020
VAST.,E‑commerce Specialist,'s-Heerenberg,2026-07-14,webcare medewerker,nee,https://nl.linkedin.com/jobs/view/e%E2%80%91commerce-specialist-at-vast-4440568385,https://nl.linkedin.com/company/vastnu,4440568385
vb&amp;t Vastgoed en Huisvesting,Medewerker Klantenservice Vastgoed,Eindhoven,2026-09-02,klantenservice medewerker,nee,https://nl.linkedin.com/jobs/view/medewerker-klantenservice-vastgoed-at-vb-t-vastgoed-en-huisvesting-4462410073,https://nl.linkedin.com/company/vb&amp;t-groep,4462410073
VCSW - Specialist in sociale zekerheid,Customer Excellence medewerker,Den Haag,2026-09-06,klantenservice medewerker,nee,https://nl.linkedin.com/jobs/view/customer-excellence-medewerker-at-vcsw-4444413436,https://nl.linkedin.com/company/vcsw,4444413436
VDL GL Precision B.V.,Allround Medewerker Cleaning Center,Eindhoven,2026-09-01,webcare medewerker,nee,https://nl.linkedin.com/jobs/view/allround-medewerker-cleaning-center-at-vdl-gl-precision-b-v-4442740995,https://www.linkedin.com/company/vdl-gl-precision-b.v.,4442740995
Vecht en IJssel,Open sollicitatie,IJsselstein,2025-03-26,webcare medewerker,nee,https://nl.linkedin.com/jobs/view/open-sollicitatie-at-vecht-en-ijssel-4190977851,https://nl.linkedin.com/company/vecht-en-ijssel,4190977851
VELUX,Customer Service &amp; Support Professional,De Meern,2026-09-05,klantenservice medewerker,nee,https://nl.linkedin.com/jobs/view/customer-service-support-professional-at-velux-4445212191,https://dk.linkedin.com/company/velux,4445212191
VELUX,Customer Service Advisor,De Meern,2026-09-08,klantenservice medewerker,nee,https://nl.linkedin.com/jobs/view/customer-service-advisor-at-velux-4255717803,https://dk.linkedin.com/company/velux,4255717803
VELUX,Customer Service Professional met technische affiniteit,De Meern,2026-09-09,klantenservice medewerker,nee,https://nl.linkedin.com/jobs/view/customer-service-professional-met-technische-affiniteit-at-velux-4465054190,https://dk.linkedin.com/company/velux,4465054190
Veneta.com,Tracking &amp; Measurement Specialist,Zwolle,2026-09-09,webcare medewerker,nee,https://nl.linkedin.com/jobs/view/tracking-measurement-specialist-at-veneta-com-4454745710,https://nl.linkedin.com/company/veneta-bv,4454745710
Verathon,Customer Service Specialist,Amsterdam,2026-08-31,klantenservice medewerker,nee,https://nl.linkedin.com/jobs/view/customer-service-specialist-at-verathon-4460070748,https://www.linkedin.com/company/verathon,4460070748
Verisure,Klantenservice medewerker Inbound,Amsterdam,2026-09-17,klantenservice medewerker,nee,https://nl.linkedin.com/jobs/view/klantenservice-medewerker-inbound-at-verisure-4466254242,https://ch.linkedin.com/company/verisure,4466254242
Verisure,Technische helpdesk medewerker,Amsterdam,2026-09-17,webcare medewerker,nee,https://nl.linkedin.com/jobs/view/technische-helpdesk-medewerker-at-verisure-4466269050,https://ch.linkedin.com/company/verisure,4466269050
Vermaat,Horecamedewerker Antoni van Leeuwenhoek,Amsterdam,2026-08-26,webcare medewerker,nee,https://nl.linkedin.com/jobs/view/horecamedewerker-antoni-van-leeuwenhoek-at-vermaat-4461442279,https://nl.linkedin.com/company/vermaat,4461442279
versAlert B.V.,Klantsupport medewerker,Utrecht,2026-09-10,klantenservice medewerker,nee,https://nl.linkedin.com/jobs/view/klantsupport-medewerker-at-versalert-b-v-4463455293,https://www.linkedin.com/company/versalert-b.v.,4463455293
Verzuimdata,Medewerker Service &amp; Support,Ridderkerk,2026-09-14,webcare medewerker,nee,https://nl.linkedin.com/jobs/view/medewerker-service-support-at-verzuimdata-b-v-4440557380,https://nl.linkedin.com/company/verzuimdata-b.v.,4440557380
Veynex Embedded Software,ICT Support Medewerker,Maastricht,2026-07-03,webcare medewerker,nee,https://nl.linkedin.com/jobs/view/ict-support-medewerker-at-veynex-embedded-software-4446509258,https://nl.linkedin.com/company/veynex,4446509258
Veynex Embedded Software,ICT Support Medewerker,Venlo,2026-07-03,webcare medewerker,nee,https://nl.linkedin.com/jobs/view/ict-support-medewerker-at-veynex-embedded-software-4446500441,https://nl.linkedin.com/company/veynex,4446500441
Veynex Embedded Software,ICT Support Medewerker,Eindhoven,2026-07-03,webcare medewerker,nee,https://nl.linkedin.com/jobs/view/ict-support-medewerker-at-veynex-embedded-software-4446397517,https://nl.linkedin.com/company/veynex,4446397517
Viamanta,Partner Success Specialist (m/f/x),Amsterdam,2026-06-02,customer happiness,nee,https://nl.linkedin.com/jobs/view/partner-success-specialist-m-f-x-at-viamanta-4423923357,https://nl.linkedin.com/company/viamanta,4423923357
ViewSonic,Customer Success Coordinator German,Weesp,2026-09-04,customer happiness,nee,https://nl.linkedin.com/jobs/view/customer-success-coordinator-german-at-viewsonic-4461974451,https://www.linkedin.com/company/viewsonic,4461974451
Viking Europe,Local Commercial Web Manager NLD,Venlo,2026-09-16,webcare medewerker,nee,https://nl.linkedin.com/jobs/view/local-commercial-web-manager-nld-at-viking-europe-4468262157,https://nl.linkedin.com/company/viking-europe,4468262157
Viking Nederland,Local Commercial Web Manager NLD,Venlo,2026-09-16,webcare medewerker,nee,https://nl.linkedin.com/jobs/view/local-commercial-web-manager-nld-at-viking-nederland-4468261625,https://nl.linkedin.com/company/vikingnederland,4468261625
VIKTOR,Customer Success Manager,Rotterdam,2026-09-15,customer happiness,nee,https://nl.linkedin.com/jobs/view/customer-success-manager-at-viktor-4467494832,https://nl.linkedin.com/company/viktor-ai,4467494832
Vintage.com,German Customer Experience Agent,Duiven,2026-09-09,klantenservice medewerker,nee,https://nl.linkedin.com/jobs/view/german-customer-experience-agent-at-vintage-com-4464128593,https://nl.linkedin.com/company/vintage-com,4464128593
Vintage.com,French Customer Experience Agent,Duiven,2026-09-15,klantenservice medewerker,nee,https://nl.linkedin.com/jobs/view/french-customer-experience-agent-at-vintage-com-4464134036,https://nl.linkedin.com/company/vintage-com,4464134036
Vintage.com,French Customer Experience Agent,Arnhem,2026-09-15,klantenservice medewerker,nee,https://nl.linkedin.com/jobs/view/french-customer-experience-agent-at-vintage-com-4465596031,https://nl.linkedin.com/company/vintage-com,4465596031
VIPS PMS,Customer Success &amp; Accountmanager VIPS PMS,Nieuwegein,2026-08-27,customer happiness,nee,https://nl.linkedin.com/jobs/view/customer-success-accountmanager-vips-pms-at-vips-pms-4458962293,https://nl.linkedin.com/company/vips-pms,4458962293
Virtual Assistant Team,Digital Marketer with Click Funnels,Est,2025-04-03,webcare medewerker,nee,https://nl.linkedin.com/jobs/view/digital-marketer-with-click-funnels-at-virtual-assistant-team-4197787540,https://au.linkedin.com/company/virtualassistantteam,4197787540
Voetencentrum Wender,Medewerker Servicedesk,Hengelo,2026-09-09,webcare medewerker,nee,https://nl.linkedin.com/jobs/view/medewerker-servicedesk-at-voetencentrum-wender-4465058771,https://nl.linkedin.com/company/voetencentrum-wender,4465058771
VolkerWessels Infra Digital,Servicedeskmedewerker,Vianen,2026-07-08,webcare medewerker,nee,https://nl.linkedin.com/jobs/view/servicedeskmedewerker-at-volkerwessels-infra-digital-4437066756,https://nl.linkedin.com/company/volkerwesselsinfradigital,4437066756
Volkswagen Pon Financial Services,Klantadviseur Lease,Amersfoort,2026-09-04,customer happiness,nee,https://nl.linkedin.com/jobs/view/klantadviseur-lease-at-volkswagen-pon-financial-services-4463307063,https://nl.linkedin.com/company/volkswagen-pon-financial-services,4463307063
Vondel Hotels,Medewerker Bediening,Amsterdam,2026-06-04,webcare medewerker,nee,https://nl.linkedin.com/jobs/view/medewerker-bediening-at-vondel-hotels-4423376761,https://nl.linkedin.com/company/vondel-hotels,4423376761
Voordeeluitjes,Klantenservicemedewerker Voordeeluitjes.nl,Deventer,2026-07-21,klantenservice medewerker,nee,https://nl.linkedin.com/jobs/view/klantenservicemedewerker-voordeeluitjes-nl-at-voordeeluitjes-nl-4442996961,https://nl.linkedin.com/company/voordeeluitjes,4442996961
Vulpes Goods,Customer Experience Specialist,Bunnik,2026-08-25,customer happiness,ja,https://nl.linkedin.com/jobs/view/customer-experience-specialist-at-vulpes-goods-4458599796,https://nl.linkedin.com/company/vulpes-goods,4458599796
Waldom,Customer Experience Manager,Amsterdam Area,2026-09-17,customer happiness,nee,https://nl.linkedin.com/jobs/view/customer-experience-manager-at-waldom-4467553620,https://www.linkedin.com/company/waldom,4467553620
Waldom,Customer Experience Specialist - German Speaking,Amsterdam Area,2026-09-21,customer happiness,nee,https://nl.linkedin.com/jobs/view/customer-experience-specialist-german-speaking-at-waldom-4467556585,https://www.linkedin.com/company/waldom,4467556585
Wannet Sports Insurance,Marketing Specialist,Arnhem,2026-06-29,webcare medewerker,nee,https://nl.linkedin.com/jobs/view/marketing-specialist-at-wannet-sports-insurance-4433647808,https://www.linkedin.com/company/wannet-sports-insurance,4433647808
WaveWorks Recruitment,Customer Success Specialist | Up to €65k,"Zuid-Holland, Nederland",2026-08-27,customer happiness,nee,https://nl.linkedin.com/jobs/view/customer-success-specialist-up-to-%E2%82%AC65k-at-waveworks-recruitment-4431482556,https://nl.linkedin.com/company/waveworks-recruitment,4431482556
Webgrade,WordPress Developer,Den Haag,2026-08-12,webcare medewerker,nee,https://nl.linkedin.com/jobs/view/wordpress-developer-at-webgrade-4450196396,https://nl.linkedin.com/company/webgradenl,4450196396
Webstijl B.V.,Traineeship/junior medewerker online marketing bij Webstijl,Alphen aan den Rijn,2026-07-03,webcare medewerker,nee,https://nl.linkedin.com/jobs/view/traineeship-junior-medewerker-online-marketing-bij-webstijl-at-webstijl-b-v-4436904592,https://nl.linkedin.com/company/webstijl-b-v-,4436904592
Weeztix,Customer Succes Manager Cashless,Amsterdam,2026-08-19,customer happiness,nee,https://nl.linkedin.com/jobs/view/customer-succes-manager-cashless-at-weeztix-4456157968,https://nl.linkedin.com/company/weeztix,4456157968
Weight Doctors,Patiënten Coördinator / Receptioniste / Medisch Assistent(e),Waalre,2026-09-18,webcare medewerker,nee,https://nl.linkedin.com/jobs/view/pati%C3%ABnten-co%C3%B6rdinator-receptioniste-medisch-assistent-e-at-weight-doctors-4466633992,https://de.linkedin.com/company/weight-doctors-worldwide,4466633992
Wellis Health,Website &amp; SEO Marketeer,Rotterdam,2026-09-04,webcare medewerker,nee,https://nl.linkedin.com/jobs/view/website-seo-marketeer-at-wellis-health-4463377250,https://nl.linkedin.com/company/wellis-health,4463377250
Werken bij Technische Unie,Customer Service Medewerker,Eindhoven,2026-09-15,klantenservice medewerker,nee,https://nl.linkedin.com/jobs/view/customer-service-medewerker-at-werken-bij-technische-unie-4458177733,https://www.linkedin.com/company/werken-bij-technische-unie,4458177733
Werken bij Technische Unie,Customer Service Medewerker,Dordrecht,2026-09-16,klantenservice medewerker,nee,https://nl.linkedin.com/jobs/view/customer-service-medewerker-at-werken-bij-technische-unie-4468215955,https://www.linkedin.com/company/werken-bij-technische-unie,4468215955
Werken bij Technische Unie,Customer Service Medewerker,Zwolle,2026-09-17,klantenservice medewerker,nee,https://nl.linkedin.com/jobs/view/customer-service-medewerker-at-werken-bij-technische-unie-4467194467,https://www.linkedin.com/company/werken-bij-technische-unie,4467194467
Werken in Gelderland,Medewerker Servicedesk ICT,Nijmegen,2026-09-03,webcare medewerker,nee,https://nl.linkedin.com/jobs/view/medewerker-servicedesk-ict-at-werken-in-gelderland-4461663040,https://nl.linkedin.com/company/werkeningelderland,4461663040
Werken in Gelderland,Web- en contentspecialist,Zwolle,2026-09-17,webcare medewerker,nee,https://nl.linkedin.com/jobs/view/web-en-contentspecialist-at-werken-in-gelderland-4467543315,https://nl.linkedin.com/company/werkeningelderland,4467543315
Werkenbij,Medewerker Backoffice,Amsterdam,2026-09-16,webcare medewerker,nee,https://nl.linkedin.com/jobs/view/medewerker-backoffice-at-working%40-4467947164,https://nl.linkedin.com/showcase/werkenbijvu/,4467947164
WestCord Hotels,Housekeeping Medewerker,Rotterdam,2025-09-09,webcare medewerker,nee,https://nl.linkedin.com/jobs/view/housekeeping-medewerker-at-westcord-hotels-4295890789,https://nl.linkedin.com/company/westcord-hotels,4295890789
WestCord Hotels,Medewerker Algemene Schoonmaak,Rotterdam,2026-04-01,webcare medewerker,nee,https://nl.linkedin.com/jobs/view/medewerker-algemene-schoonmaak-at-westcord-hotels-4396644514,https://nl.linkedin.com/company/westcord-hotels,4396644514
WestCord Hotels,Medewerker Bediening,Amsterdam,2026-05-22,webcare medewerker,nee,https://nl.linkedin.com/jobs/view/medewerker-bediening-at-westcord-hotels-4414300967,https://nl.linkedin.com/company/westcord-hotels,4414300967
WestCord Hotels,Hotel Operations Medewerker,Amsterdam,2026-08-13,webcare medewerker,nee,https://nl.linkedin.com/jobs/view/hotel-operations-medewerker-at-westcord-hotels-4450828040,https://nl.linkedin.com/company/westcord-hotels,4450828040
WestCord Hotels,Medewerker Bediening Fulltime,Amsterdam,2026-08-31,webcare medewerker,nee,https://nl.linkedin.com/jobs/view/medewerker-bediening-fulltime-at-westcord-hotels-4459204346,https://nl.linkedin.com/company/westcord-hotels,4459204346
WestCord Hotels,Medewerker Bediening Fulltime,Groningen,2026-09-14,webcare medewerker,nee,https://nl.linkedin.com/jobs/view/medewerker-bediening-fulltime-at-westcord-hotels-4464799747,https://nl.linkedin.com/company/westcord-hotels,4464799747
WestCord Strandhotel Seeduyn,Medewerker Algemene Schoonmaak,Rotterdam,2026-05-01,webcare medewerker,nee,https://nl.linkedin.com/jobs/view/medewerker-algemene-schoonmaak-at-westcord-strandhotel-seeduyn-4415283850,https://www.linkedin.com/company/westcord-strandhotel-resort-seeduyn,4415283850
Whiskybase,Content Producer,Rotterdam,2026-09-17,webcare medewerker,nee,https://nl.linkedin.com/jobs/view/content-producer-at-whiskybase-4467206587,https://nl.linkedin.com/company/whiskybase,4467206587
Whitevision,"Service Medewerker, €3.000 - €3.500 | Rotterdam/Zoetermeer",Rotterdam,2026-08-06,webcare medewerker,nee,https://nl.linkedin.com/jobs/view/service-medewerker-%E2%82%AC3-000-%E2%82%AC3-500-rotterdam-zoetermeer-at-whitevision-4448820634,https://nl.linkedin.com/company/whitevision-b-v-,4448820634
Wolf Steel Ltd,Technical Support Associate,Tiel,2026-06-11,webcare medewerker,nee,https://nl.linkedin.com/jobs/view/technical-support-associate-at-wolf-steel-ltd-4424830485,https://ca.linkedin.com/company/wolf-steel-ltd,4424830485
Wolters Kluwer,Customer Success Specialist (Dutch speaking),Hoevelaken,2026-09-11,customer happiness,nee,https://nl.linkedin.com/jobs/view/customer-success-specialist-dutch-speaking-at-wolters-kluwer-4426643798,https://nl.linkedin.com/company/wolters-kluwer,4426643798
Womanly Jobs,Customer Support Specialist,Delft,2026-09-21,customer happiness,nee,https://nl.linkedin.com/jobs/view/customer-support-specialist-at-womanly-jobs-4468712438,https://nl.linkedin.com/company/womanlyjobs,4468712438
Womanly Jobs,Customer Support Specialist,Zwolle,2026-09-21,customer happiness,nee,https://nl.linkedin.com/jobs/view/customer-support-specialist-at-womanly-jobs-4468494736,https://nl.linkedin.com/company/womanlyjobs,4468494736
Workiva,Customer Success Manager - German Speaking,Amsterdam,2026-09-14,customer happiness,nee,https://nl.linkedin.com/jobs/view/customer-success-manager-german-speaking-at-workiva-4465763814,https://www.linkedin.com/company/workiva,4465763814
WorkplaceBuddy,Customer Success Manager (Dutch speaking),Amsterdam,2026-09-21,customer happiness,nee,https://nl.linkedin.com/jobs/view/customer-success-manager-dutch-speaking-at-workplacebuddy-4469867784,https://nl.linkedin.com/company/workplacebuddy,4469867784
Workspace 365,Senior Customer Succes Manager,Nijkerk,2026-07-28,customer happiness,nee,https://nl.linkedin.com/jobs/view/senior-customer-succes-manager-at-workspace-365-4445701606,https://nl.linkedin.com/company/workspace-365,4445701606
Workspace 365,Senior Customer Success Manager,Nijkerk,2026-08-27,customer happiness,nee,https://nl.linkedin.com/jobs/view/senior-customer-success-manager-at-workspace-365-4459690374,https://nl.linkedin.com/company/workspace-365,4459690374
WP Masters,SEO Specialist (junior),Amsterdam,2026-08-05,webcare medewerker,nee,https://nl.linkedin.com/jobs/view/seo-specialist-junior-at-wp-masters-4448906732,https://nl.linkedin.com/company/wp-masters,4448906732
WP SEO AI,Wordpress Developer (German/Dutch Speaking),Amsterdam,2026-08-31,webcare medewerker,nee,https://nl.linkedin.com/jobs/view/wordpress-developer-german-dutch-speaking-at-wp-seo-ai-4461201969,https://nl.linkedin.com/company/seoai,4461201969
You Sure,Customer Support Medewerker,Hoofddorp,2026-06-22,klantenservice medewerker,nee,https://nl.linkedin.com/jobs/view/customer-support-medewerker-at-you-sure-4430584617,https://nl.linkedin.com/company/you-sure,4430584617
You Sure,Customer Support Medewerker,Hoofddorp,2026-09-20,klantenservice medewerker,nee,https://nl.linkedin.com/jobs/view/customer-support-medewerker-at-you-sure-4372512433,https://nl.linkedin.com/company/you-sure,4372512433
Youvia,Website &amp; Service Specialist,Amsterdam,2026-07-17,webcare medewerker,nee,https://nl.linkedin.com/jobs/view/website-service-specialist-at-youvia-4451630881,https://nl.linkedin.com/company/youvia,4451630881
Yusen Logistics,Customer Service Employee,Moerdijk,2026-09-18,klantenservice medewerker,nee,https://nl.linkedin.com/jobs/view/customer-service-employee-at-yusen-logistics-4412798148,https://jp.linkedin.com/company/yusen-logistics-,4412798148
Zelesta,E-commerce Specialist,Soesterberg,2026-09-21,webcare medewerker,nee,https://nl.linkedin.com/jobs/view/e-commerce-specialist-at-zelesta-4469874193,https://nl.linkedin.com/company/zelesta,4469874193
Zimmer Biomet,Customer Experience - Local Strategic Partner,Breda,2026-09-10,customer happiness,nee,https://nl.linkedin.com/jobs/view/customer-experience-local-strategic-partner-at-zimmer-biomet-4454995782,https://www.linkedin.com/company/zimmerbiomet,4454995782
ZINN (Zorgorganisatie in Noord Nederland),Medewerker Servicedesk ICT,Haren,2026-09-04,webcare medewerker,nee,https://nl.linkedin.com/jobs/view/medewerker-servicedesk-ict-at-zinn-zorgorganisatie-in-noord-nederland-4461947640,https://nl.linkedin.com/company/zinn-zorgorganisatie-in-noord-nederland-,4461947640
Zitmaxx Wonen,Product Content Specialist,Ter Aar,2026-08-11,webcare medewerker,nee,https://nl.linkedin.com/jobs/view/product-content-specialist-at-zitmaxx-wonen-4452686271,https://nl.linkedin.com/company/zitmaxx-wonen,4452686271
Zitmaxx Wonen,Medewerker Productcontent en Prijsbeheer,Ter Aar,2026-08-20,webcare medewerker,nee,https://nl.linkedin.com/jobs/view/medewerker-productcontent-en-prijsbeheer-at-zitmaxx-wonen-4457013131,https://nl.linkedin.com/company/zitmaxx-wonen,4457013131
Zonneplan,Junior Service Specialist,Zwolle,2026-09-03,klantenservice medewerker,nee,https://nl.linkedin.com/jobs/view/junior-service-specialist-at-zonneplan-4443190588,https://nl.linkedin.com/company/zonneplan,4443190588
Zonneplan,Customer Support Specialist,Zwolle,2026-09-15,klantenservice medewerker,nee,https://nl.linkedin.com/jobs/view/customer-support-specialist-at-zonneplan-4324809529,https://nl.linkedin.com/company/zonneplan,4324809529
Zorg en Zekerheid,Senior (Lead) Front-end Developer,Leiden,2026-08-31,webcare medewerker,nee,https://nl.linkedin.com/jobs/view/senior-lead-front-end-developer-at-zorg-en-zekerheid-4460030095,https://nl.linkedin.com/company/zorg-en-zekerheid,4460030095
Zorg+Welzijn,Huiskamer medewerker | PG,Hilversum,2026-07-24,webcare medewerker,nee,https://nl.linkedin.com/jobs/view/huiskamer-medewerker-pg-at-zorg%2Bwelzijn-4444975815,https://nl.linkedin.com/company/platform-welzijn,4444975815
ZwolleDoet!,Webredacteur voor IVN Zwolle,Zwolle,2026-09-13,webcare medewerker,nee,https://nl.linkedin.com/jobs/view/webredacteur-voor-ivn-zwolle-at-zwolledoet%21-4466765993,https://nl.linkedin.com/company/zwolledoet,4466765993
