bedrijf,functie,plaats,datum,zoekterm,al_in_pool,vacature_url,bedrijf_linkedin,vacature_id
123inkt.nl,Data Entry Medewerker,Nederhorst den Berg,2026-09-01,webcare medewerker,nee,https://nl.linkedin.com/jobs/view/data-entry-medewerker-at-123inkt-nl-4451882106,https://nl.linkedin.com/company/123inkt-nl,4451882106
123inkt.nl,Klantenservice Medewerker,Utrecht,2026-09-02,klantenservice medewerker,nee,https://nl.linkedin.com/jobs/view/klantenservice-medewerker-at-123inkt-nl-4462410113,https://nl.linkedin.com/company/123inkt-nl,4462410113
123inkt.nl,Klantenservice Medewerker,Almere,2026-09-08,klantenservice medewerker,nee,https://nl.linkedin.com/jobs/view/klantenservice-medewerker-at-123inkt-nl-4455362398,https://nl.linkedin.com/company/123inkt-nl,4455362398
123inkt.nl,Klantenservice Medewerker,Nederhorst den Berg,2026-09-09,klantenservice medewerker,nee,https://nl.linkedin.com/jobs/view/klantenservice-medewerker-at-123inkt-nl-4465067107,https://nl.linkedin.com/company/123inkt-nl,4465067107
123inkt.nl,Klantenservice Medewerker,Veenendaal,2026-09-16,klantenservice medewerker,nee,https://nl.linkedin.com/jobs/view/klantenservice-medewerker-at-123inkt-nl-4459198463,https://nl.linkedin.com/company/123inkt-nl,4459198463
123schoon.nl,Klantenservice Medewerker,Nederhorst den Berg,2026-09-10,klantenservice medewerker,nee,https://nl.linkedin.com/jobs/view/klantenservice-medewerker-at-123schoon-nl-4465393012,https://nl.linkedin.com/company/123schoon.nl,4465393012
3Shape,Customer Success Manager,Amsterdam,2026-03-19,customer happiness,nee,https://nl.linkedin.com/jobs/view/customer-success-manager-at-3shape-4387735038,https://dk.linkedin.com/company/3shape,4387735038
3Shape,Customer Success Manager BeNeLux,Amsterdam,2026-09-22,customer happiness,nee,https://nl.linkedin.com/jobs/view/customer-success-manager-benelux-at-3shape-4470298062,https://dk.linkedin.com/company/3shape,4470298062
4shipping,Customer Success Specialist,Zwijndrecht,2026-08-25,customer happiness,nee,https://nl.linkedin.com/jobs/view/customer-success-specialist-at-4shipping-4458745711,https://nl.linkedin.com/company/4shipping-com,4458745711
A.P. Moller - Maersk,Service Delivery Manager,Rotterdam,2026-09-10,customer happiness,nee,https://nl.linkedin.com/jobs/view/service-delivery-manager-at-a-p-moller-maersk-4465629892,https://dk.linkedin.com/company/maersk-group,4465629892
A.P. Moller - Maersk,Service Delivery Manager,Almere,2026-09-10,customer happiness,nee,https://nl.linkedin.com/jobs/view/service-delivery-manager-at-a-p-moller-maersk-4465627826,https://dk.linkedin.com/company/maersk-group,4465627826
a.s.r. verzekeringen,Klantenservice Medewerker Pensioenen,Utrecht,2026-09-16,klantenservice medewerker,nee,https://nl.linkedin.com/jobs/view/klantenservice-medewerker-pensioenen-at-a-s-r-4468215511,https://nl.linkedin.com/company/asrverzekeringen,4468215511
a.s.r. verzekeringen,Klantsupport Medewerker,Utrecht,2026-09-16,klantenservice medewerker,nee,https://nl.linkedin.com/jobs/view/klantsupport-medewerker-at-a-s-r-4468229369,https://nl.linkedin.com/company/asrverzekeringen,4468229369
Aareon NL,Klantencoach,Oosterhout,2026-08-31,customer happiness,nee,https://nl.linkedin.com/jobs/view/klantencoach-at-aareon-nl-4461233108,https://nl.linkedin.com/company/aareon-nl,4461233108
Abiom,Servicedesk Medewerker,Houten,2026-09-17,webcare medewerker,nee,https://nl.linkedin.com/jobs/view/servicedesk-medewerker-at-abiom-4468622719,https://nl.linkedin.com/company/abiom,4468622719
Abroad Experience International Recruitment,Customer Service Representative,Amsterdam,2026-09-21,klantenservice medewerker,nee,https://nl.linkedin.com/jobs/view/customer-service-representative-at-abroad-experience-international-recruitment-4467399294,https://nl.linkedin.com/company/abroad-experience-bv,4467399294
AIMMS,sr. Customer Success Manager Supply Chain,Haarlem,2026-07-02,customer happiness,nee,https://nl.linkedin.com/jobs/view/sr-customer-success-manager-supply-chain-at-aimms-4435569864,https://nl.linkedin.com/company/aimms,4435569864
AkzoNobel,Customer Service Representative,Sassenheim,2026-09-18,klantenservice medewerker,nee,https://nl.linkedin.com/jobs/view/customer-service-representative-at-akzonobel-4469125291,https://nl.linkedin.com/company/akzonobel,4469125291
All About Work,Communicatiemedewerker,Stadskanaal,2026-09-11,webcare medewerker,nee,https://nl.linkedin.com/jobs/view/communicatiemedewerker-at-all-about-work-4466099513,https://nl.linkedin.com/company/allaboutwork,4466099513
Allegion,Customer Experience Manager,Veenendaal,2026-07-01,customer happiness,nee,https://nl.linkedin.com/jobs/view/customer-experience-manager-at-allegion-4434639725,https://ie.linkedin.com/company/allegion,4434639725
Allianz Trade in Nederland,CUSTOMER LINE OFFICER,'s-Hertogenbosch,2026-09-17,klantenservice medewerker,nee,https://nl.linkedin.com/jobs/view/customer-line-officer-at-allianz-trade-in-the-netherlands-4468675649,https://nl.linkedin.com/company/allianz-trade-nederland,4468675649
Alphenix Bouwgroep B.V.,Representante de atendimento ao cliente,Amsterdam,2026-09-11,klantenservice medewerker,nee,,,4465857175
Alpina Group,Klantcontact medewerker,Arnhem,2026-09-01,klantenservice medewerker,nee,https://nl.linkedin.com/jobs/view/klantcontact-medewerker-at-alpina-group-4460258610,https://nl.linkedin.com/company/alpinagroupbv,4460258610
Amazon,"Selling Partner Support Associate — Korean Speaker, Selling Partner Support",Middelburg,2026-09-18,customer happiness,nee,https://nl.linkedin.com/jobs/view/selling-partner-support-associate-%E2%80%94-korean-speaker-selling-partner-support-at-amazon-4469141601,https://www.linkedin.com/company/amazon,4469141601
Amdax,Customer Success Coordinator,Amsterdam,2026-09-09,customer happiness,nee,https://nl.linkedin.com/jobs/view/customer-success-coordinator-at-amdax-4465011695,https://nl.linkedin.com/company/amdaxgroup,4465011695
Amega,Service &amp; support medewerker Inbound,Dordrecht,2026-09-21,klantenservice medewerker,nee,https://nl.linkedin.com/jobs/view/service-support-medewerker-inbound-at-amega-4468720965,https://nl.linkedin.com/company/amega-holding-b-v-,4468720965
American Eagle Outfitters Inc.,Customer Service Specialist,Amsterdam,2026-08-25,klantenservice medewerker,nee,https://nl.linkedin.com/jobs/view/customer-service-specialist-at-american-eagle-outfitters-inc-4456588466,https://www.linkedin.com/company/american-eagle-outfitters,4456588466
American Express,American Express - Centurion Lounge Ambassador,Amsterdam,2026-09-08,customer happiness,nee,https://nl.linkedin.com/jobs/view/american-express-centurion-lounge-ambassador-at-american-express-4463531151,https://www.linkedin.com/company/american-express,4463531151
Aon,Key Account Handler Customer Service,Rotterdam,2026-09-09,klantenservice medewerker,nee,https://nl.linkedin.com/jobs/view/key-account-handler-customer-service-at-aon-4456143590,https://uk.linkedin.com/company/aon,4456143590
Aon,Junior Website Specialist,Rotterdam,2026-09-19,webcare medewerker,nee,https://nl.linkedin.com/jobs/view/junior-website-specialist-at-aon-4458595737,https://uk.linkedin.com/company/aon,4458595737
Aquaculture Stewardship Council (ASC),Traceability Coordinator,Nederland,2026-08-27,webcare medewerker,nee,https://nl.linkedin.com/jobs/view/traceability-coordinator-at-aquaculture-stewardship-council-asc-4458652020,https://nl.linkedin.com/company/aquaculture-stewardship-council,4458652020
Arlon Graphics,Customer Support Specialist EMEA,Den Haag,2026-09-03,klantenservice medewerker,nee,https://nl.linkedin.com/jobs/view/customer-support-specialist-emea-at-arlon-graphics-4461654441,https://www.linkedin.com/company/arlongraphics,4461654441
ASA Talent,Key Account Customer Service DHL,Amersfoort,2026-09-18,customer happiness,nee,https://nl.linkedin.com/jobs/view/key-account-customer-service-dhl-at-asa-talent-4466914840,https://nl.linkedin.com/company/asa-talent,4466914840
ASAPCLOUD,Customer Success Manager,Houten,2026-09-21,customer happiness,nee,https://nl.linkedin.com/jobs/view/customer-success-manager-at-asapcloud-4467603330,https://nl.linkedin.com/company/asapcloudbv,4467603330
Ascom,First Line Support Engineer,Utrecht,2026-08-18,webcare medewerker,nee,https://nl.linkedin.com/jobs/view/first-line-support-engineer-at-ascom-4454455600,https://ch.linkedin.com/company/ascom,4454455600
Asendia,Customer Success Manager,Eindhoven,2026-08-25,customer happiness,nee,https://nl.linkedin.com/jobs/view/customer-success-manager-at-asendia-4457491307,https://ch.linkedin.com/company/asendia,4457491307
Ashby,Mid-Market Customer Success Manager - EMEA,Amsterdam,2026-09-18,customer happiness,nee,https://nl.linkedin.com/jobs/view/mid-market-customer-success-manager-emea-at-ashby-4468016415,https://www.linkedin.com/company/ashbyhq,4468016415
ASSA ABLOY Group,Klantenservice medewerker,Ede,2026-09-16,klantenservice medewerker,nee,https://nl.linkedin.com/jobs/view/klantenservice-medewerker-at-assa-abloy-group-4466202608,https://se.linkedin.com/company/assaabloy,4466202608
Atlassian,"Principal Customer Success Manager, Strategic DACH",Amsterdam,2026-09-22,customer happiness,nee,https://nl.linkedin.com/jobs/view/principal-customer-success-manager-strategic-dach-at-atlassian-4451509548,https://au.linkedin.com/company/atlassian,4451509548
Atlassian,"Principal Customer Success Manager, Strategic DACH",Nederland,2026-09-22,customer happiness,nee,https://nl.linkedin.com/jobs/view/principal-customer-success-manager-strategic-dach-at-atlassian-4451399926,https://au.linkedin.com/company/atlassian,4451399926
Atos Medical,Consumer Care Specialist,Amersfoort,2026-09-19,customer happiness,nee,https://nl.linkedin.com/jobs/view/consumer-care-specialist-at-atos-medical-4440770846,https://se.linkedin.com/company/atosmedicalcom,4440770846
Audax Nederland,Medewerker klantenservice,Almere,2026-09-08,klantenservice medewerker,nee,https://nl.linkedin.com/jobs/view/medewerker-klantenservice-at-audax-netherlands-4440551063,https://nl.linkedin.com/company/audaxenergy-nl,4440551063
Autodistribution Nederland,Customer Support Medewerker,'s-Hertogenbosch,2026-08-31,klantenservice medewerker,nee,https://nl.linkedin.com/jobs/view/customer-support-medewerker-at-autodistribution-nederland-4450612001,https://nl.linkedin.com/company/autodistribution-nederland-b.v.,4450612001
Autoflex Automotive Software,Medewerker Klantenservice &amp; Support,Putten,2026-09-14,klantenservice medewerker,nee,https://nl.linkedin.com/jobs/view/medewerker-klantenservice-support-at-autoflex-4467070838,https://nl.linkedin.com/company/autoflex,4467070838
Avantor,Costumer Service,Amsterdam,2026-09-08,klantenservice medewerker,nee,https://nl.linkedin.com/jobs/view/costumer-service-at-avantor-4436910322,https://www.linkedin.com/company/avantorinc,4436910322
AVH Outdoor Tuinmeubelen,Fulltime klantenservice medewerker,Numansdorp,2026-02-24,klantenservice medewerker,nee,https://nl.linkedin.com/jobs/view/fulltime-klantenservice-medewerker-at-avh-outdoor-tuinmeubelen-4377141843,https://nl.linkedin.com/company/avh-outdoor-tuinmeubelen,4377141843
Axians NL,Customer Care Specialist,Eindhoven,2026-09-10,klantenservice medewerker,nee,https://nl.linkedin.com/jobs/view/customer-care-specialist-at-axians-nl-4456487800,https://nl.linkedin.com/company/axiansnl,4456487800
Axians NL | Data Analytics,Customer Care Specialist,Eindhoven,2026-08-20,klantenservice medewerker,nee,https://nl.linkedin.com/jobs/view/customer-care-specialist-at-axians-data-ai-4453869579,https://nl.linkedin.com/company/axians-data-ai,4453869579
AxionContinu,Medewerker ICT-Servicedesk,Utrecht,2026-08-25,webcare medewerker,nee,https://nl.linkedin.com/jobs/view/medewerker-ict-servicedesk-at-axioncontinu-4466945841,https://nl.linkedin.com/company/axioncontinu,4466945841
Axivate Horeca Group,Medewerker Bediening (Nieuw concept),Utrecht,2026-09-18,webcare medewerker,nee,https://nl.linkedin.com/jobs/view/medewerker-bediening-nieuw-concept-at-axivate-horeca-group-4469115573,https://nl.linkedin.com/company/axivatehorecagroup,4469115573
Barista-Essentials,Klantenservice manager I Chef blije thuisbarista's,Utrecht,2026-08-07,customer happiness,nee,https://nl.linkedin.com/jobs/view/klantenservice-manager-i-chef-blije-thuisbarista-s-at-barista-essentials-4450737905,https://nl.linkedin.com/company/barista-essentials,4450737905
Basic-Fit,Customer Support Agent (German),Hoofddorp,2026-09-17,klantenservice medewerker,nee,https://nl.linkedin.com/jobs/view/customer-support-agent-german-at-basic-fit-4462471375,https://nl.linkedin.com/company/basic-fit,4462471375
Basic-Fit,Customer Support Agent (Nederlands),Hoofddorp,2026-09-17,klantenservice medewerker,nee,https://nl.linkedin.com/jobs/view/customer-support-agent-nederlands-at-basic-fit-4462467412,https://nl.linkedin.com/company/basic-fit,4462467412
Bax Music,Telefoonmedewerker Winkel Amsterdam,Amsterdam,2026-07-24,klantenservice medewerker,nee,https://nl.linkedin.com/jobs/view/telefoonmedewerker-winkel-amsterdam-at-bax-music-4441833090,https://nl.linkedin.com/company/baxmusic,4441833090
Bax Music,Telefoonmedewerker Winkel Rotterdam,Rotterdam,2026-07-24,klantenservice medewerker,nee,https://nl.linkedin.com/jobs/view/telefoonmedewerker-winkel-rotterdam-at-bax-music-4441824515,https://nl.linkedin.com/company/baxmusic,4441824515
Bax Music,Telefoonmedewerker Winkel Apeldoorn,Apeldoorn,2026-08-18,klantenservice medewerker,nee,https://nl.linkedin.com/jobs/view/telefoonmedewerker-winkel-apeldoorn-at-bax-music-4454484385,https://nl.linkedin.com/company/baxmusic,4454484385
BCS HR Software,Customer Success Manager,'s-Hertogenbosch,2026-07-29,customer happiness,nee,https://nl.linkedin.com/jobs/view/customer-success-manager-at-bcs-hr-software-4446743358,https://nl.linkedin.com/company/bcs-hr-software,4446743358
Bedrijfsfitness Nederland,Customer Support Specialist,Heerenveen,2026-09-11,klantenservice medewerker,nee,https://nl.linkedin.com/jobs/view/customer-support-specialist-at-bedrijfsfitness-nederland-by-epassi-4457324263,https://nl.linkedin.com/company/bedrijfsfitness-nederland,4457324263
Bergman Clinics,CSA Medewerker,Capelle aan den IJssel,2026-09-07,webcare medewerker,nee,https://nl.linkedin.com/jobs/view/csa-medewerker-at-bergman-clinics-4464325862,https://nl.linkedin.com/company/bergman-clinics,4464325862
Billink,Customer Success Manager,Gouda,2026-08-18,customer happiness,nee,https://nl.linkedin.com/jobs/view/customer-success-manager-at-billink-4455757456,https://nl.linkedin.com/company/billink-bv,4455757456
Bizzdesign,Senior Customer Success Manager,Utrecht,2026-09-09,customer happiness,nee,https://nl.linkedin.com/jobs/view/senior-customer-success-manager-at-bizzdesign-4463808925,https://nl.linkedin.com/company/bizzdesign,4463808925
Bloom &amp; Wild,Customer Support Senior Associate (Dutch or German Speaking),Amsterdam,2026-08-06,klantenservice medewerker,nee,https://nl.linkedin.com/jobs/view/customer-support-senior-associate-dutch-or-german-speaking-at-bloom-wild-4450264669,https://uk.linkedin.com/company/bloom-&amp;-wild,4450264669
Bloom &amp; Wild,Customer Delight Talent Pool,Amsterdam,2026-09-13,klantenservice medewerker,nee,https://nl.linkedin.com/jobs/view/customer-delight-talent-pool-at-bloom-wild-4466735976,https://uk.linkedin.com/company/bloom-&amp;-wild,4466735976
bloomon,Customer Support Senior Associate (Dutch or German Speaking),Amsterdam Area,2026-09-15,klantenservice medewerker,ja,https://nl.linkedin.com/jobs/view/customer-support-senior-associate-dutch-or-german-speaking-at-bloomon-4467727735,https://nl.linkedin.com/company/bloomon,4467727735
Boels Rental,Manager Customer Service,Sittard,2026-09-08,customer happiness,nee,https://nl.linkedin.com/jobs/view/manager-customer-service-at-boels-rental-4464469303,https://nl.linkedin.com/company/boels-rental,4464469303
Booking Boosters,Customer Support Specialist DACH,Enschede,2026-09-16,customer happiness,nee,https://nl.linkedin.com/jobs/view/customer-support-specialist-dach-at-booking-boosters-4468318072,https://nl.linkedin.com/company/bookingboosters,4468318072
Booking Experts,Customer Success Specialist,Enschede,2026-03-24,customer happiness,nee,https://nl.linkedin.com/jobs/view/customer-success-specialist-at-booking-experts-b-v-4389326232,https://nl.linkedin.com/company/bookingexperts,4389326232
Booking Experts,Customer Success Manager,Enschede,2026-03-28,customer happiness,nee,https://nl.linkedin.com/jobs/view/customer-success-manager-at-booking-experts-b-v-4391239572,https://nl.linkedin.com/company/bookingexperts,4391239572
Booking Experts,Customer Support Specialist DACH,Enschede,2026-09-17,customer happiness,nee,https://nl.linkedin.com/jobs/view/customer-support-specialist-dach-at-booking-experts-b-v-4467141096,https://nl.linkedin.com/company/bookingexperts,4467141096
Booking Experts,Customer Support Specialist DACH,Enschede,2026-09-17,customer happiness,nee,https://nl.linkedin.com/jobs/view/customer-support-specialist-dach-at-booking-experts-b-v-4467138168,https://nl.linkedin.com/company/bookingexperts,4467138168
Booston.io,Cleanroom Medewerker 2-ploegen (Bergeijk) | NL or ENG,Bergeyk,2026-09-21,webcare medewerker,nee,https://nl.linkedin.com/jobs/view/cleanroom-medewerker-2-ploegen-bergeijk-nl-or-eng-at-booston-io-4468736436,https://nl.linkedin.com/company/booston,4468736436
BridgeFund,Customer Service Representative,Amsterdam,2026-09-09,klantenservice medewerker,nee,https://nl.linkedin.com/jobs/view/customer-service-representative-at-bridgefund-4445916609,https://nl.linkedin.com/company/bridgefund,4445916609
Brink's Solutions Nederland,Customer Success Agent (32-40 uur),"Utrecht, Nederland",2026-09-08,customer happiness,nee,https://nl.linkedin.com/jobs/view/customer-success-agent-32-40-uur-at-brink-s-solutions-nederland-4462295963,https://nl.linkedin.com/company/brinksnl,4462295963
Brocacef,IT Business Product Support,"Utrecht, Nederland",2026-08-31,webcare medewerker,nee,https://nl.linkedin.com/jobs/view/it-business-product-support-at-brocacef-4449997983,https://nl.linkedin.com/company/brocacef,4449997983
Brocacef,Facilitair servicedesk medewerker,Utrecht,2026-08-31,webcare medewerker,nee,https://nl.linkedin.com/jobs/view/facilitair-servicedesk-medewerker-at-brocacef-4413945247,https://nl.linkedin.com/company/brocacef,4413945247
Brocacef,Medewerker contact en support,Maarssen,2026-09-14,klantenservice medewerker,nee,https://nl.linkedin.com/jobs/view/medewerker-contact-en-support-at-brocacef-4376576436,https://nl.linkedin.com/company/brocacef,4376576436
Bruynzeel Keukens,Klantbegeleider Retail,Bergen op Zoom,2026-09-15,customer happiness,nee,https://nl.linkedin.com/jobs/view/klantbegeleider-retail-at-bruynzeel-keukens-4458070511,https://nl.linkedin.com/company/bruynzeel-keukens-bv,4458070511
Bugaboo Group,Growth Content &amp; Product Data Specialist,Amsterdam,2026-09-18,webcare medewerker,nee,https://nl.linkedin.com/jobs/view/growth-content-product-data-specialist-at-bugaboo-group-4466683442,https://www.linkedin.com/company/bugaboo-group,4466683442
Burger Support BV,Customer Service Medewerker,Lelystad,2026-09-17,klantenservice medewerker,nee,https://nl.linkedin.com/jobs/view/customer-service-medewerker-at-burger-support-bv-4468602778,https://nl.linkedin.com/company/burgersupport,4468602778
BUX,Customer Support Representative (deutschsprachig),Amsterdam,2026-09-08,klantenservice medewerker,nee,https://nl.linkedin.com/jobs/view/customer-support-representative-deutschsprachig-at-bux-4463286894,https://nl.linkedin.com/company/bux,4463286894
BUX,Customer Support Representative (Nederlandstalig),Amsterdam,2026-09-08,customer happiness,nee,https://nl.linkedin.com/jobs/view/customer-support-representative-nederlandstalig-at-bux-4452360388,https://nl.linkedin.com/company/bux,4452360388
Cabau Lifestyle,CRO Specialist,Arnhem,2026-08-21,webcare medewerker,ja,https://nl.linkedin.com/jobs/view/cro-specialist-at-cabau-lifestyle-4457305819,https://nl.linkedin.com/company/cabau-lifestyle,4457305819
Capgemini,Frontend Developer - NL,Utrecht,2026-06-03,webcare medewerker,nee,https://nl.linkedin.com/jobs/view/frontend-developer-nl-at-capgemini-4418513610,https://fr.linkedin.com/company/capgemini,4418513610
Capgemini,Frontend Developer,Utrecht,2026-06-03,webcare medewerker,nee,https://nl.linkedin.com/jobs/view/frontend-developer-at-capgemini-4419468026,https://fr.linkedin.com/company/capgemini,4419468026
Cardano,Digital Marketing Coordinator,Rotterdam,2026-09-04,webcare medewerker,nee,https://nl.linkedin.com/jobs/view/digital-marketing-coordinator-at-cardano-4463379096,https://nl.linkedin.com/company/cardano,4463379096
Cartier,Client Advisor - Greek and Italian,Amsterdam,2026-09-18,customer happiness,nee,https://nl.linkedin.com/jobs/view/client-advisor-greek-and-italian-at-cartier-4449738381,https://ch.linkedin.com/company/cartier,4449738381
Catawiki,Frontend Engineer,Randstad,2026-09-21,webcare medewerker,nee,https://nl.linkedin.com/jobs/view/frontend-engineer-at-catawiki-4467372028,https://nl.linkedin.com/company/catawiki,4467372028
Cato Networks,Customer Success Manager,Amsterdam,2026-08-31,customer happiness,nee,https://nl.linkedin.com/jobs/view/customer-success-manager-at-cato-networks-4440136307,https://il.linkedin.com/company/cato-networks,4440136307
CDA,Digital marketeer,Den Haag,2026-09-18,webcare medewerker,nee,https://nl.linkedin.com/jobs/view/digital-marketeer-at-cda-4251674255,https://nl.linkedin.com/company/cda,4251674255
Cedrah,Senior medewerker ICT,Barendrecht,2026-08-04,webcare medewerker,nee,https://nl.linkedin.com/jobs/view/senior-medewerker-ict-at-cedrah-4447372315,https://nl.linkedin.com/company/cedrah,4447372315
Cegeka,Onsite Support,"Utrecht, Nederland",2026-09-15,webcare medewerker,nee,https://nl.linkedin.com/jobs/view/onsite-support-at-cegeka-4465913004,https://be.linkedin.com/company/cegeka,4465913004
CGI Nederland,On Site Support Specialist - Global Technology Operations,Schaijk,2026-09-05,webcare medewerker,nee,https://nl.linkedin.com/jobs/view/on-site-support-specialist-global-technology-operations-at-cgi-nederland-4445232652,https://nl.linkedin.com/company/cgi-in-nederland,4445232652
Chane,IT Service Desk Medewerker,Rotterdam,2026-09-04,webcare medewerker,nee,https://nl.linkedin.com/jobs/view/it-service-desk-medewerker-at-chane-4429332633,https://www.linkedin.com/company/chaneterminals,4429332633
Check Point Software,Customer Success Manager,Utrecht,2026-09-21,customer happiness,nee,https://nl.linkedin.com/jobs/view/customer-success-manager-at-check-point-software-4442515867,https://www.linkedin.com/company/check-point-software-technologies,4442515867
ChipSoft Nederland,Growth Marketeer,Amsterdam,2026-09-15,webcare medewerker,nee,https://nl.linkedin.com/jobs/view/growth-marketeer-at-chipsoft-nederland-4448895867,https://nl.linkedin.com/company/chipsoft,4448895867
CIMSOLUTIONS,Front-end Developer,Utrecht Area,2026-09-22,webcare medewerker,nee,https://nl.linkedin.com/jobs/view/front-end-developer-at-cimsolutions-4468540428,https://nl.linkedin.com/company/cimsolutions,4468540428
Cleve &amp; Zonen,Medewerker Customer Service,Rotterdam,2026-03-02,klantenservice medewerker,nee,https://nl.linkedin.com/jobs/view/medewerker-customer-service-at-cleve-zonen-4378820855,https://nl.linkedin.com/company/cleve-zonen-b-v-,4378820855
Cleve &amp; Zonen,Customer Service Medewerker,Rotterdam,2026-08-21,klantenservice medewerker,nee,https://nl.linkedin.com/jobs/view/customer-service-medewerker-at-cleve-zonen-4457524926,https://nl.linkedin.com/company/cleve-zonen-b-v-,4457524926
Cleverbase,Front Desk Medewerker,Den Haag,2026-06-09,webcare medewerker,nee,https://nl.linkedin.com/jobs/view/front-desk-medewerker-at-cleverbase-4426335235,https://nl.linkedin.com/company/cleverbase,4426335235
Cleverbase,Front Desk Employee,Den Haag,2026-07-23,webcare medewerker,nee,https://nl.linkedin.com/jobs/view/front-desk-employee-at-cleverbase-4444435854,https://nl.linkedin.com/company/cleverbase,4444435854
Cleverbase,Administratief Medewerker,Den Haag,2026-07-23,webcare medewerker,nee,https://nl.linkedin.com/jobs/view/administratief-medewerker-at-cleverbase-4444446179,https://nl.linkedin.com/company/cleverbase,4444446179
Cloudpillo,Klantenservice Medewerker - Duits / Engels,'s-Hertogenbosch,2026-09-14,klantenservice medewerker,nee,https://nl.linkedin.com/jobs/view/klantenservice-medewerker-duits-engels-at-cloudpillo-4446056309,https://www.linkedin.com/company/cloudpillo,4446056309
ClubCollect,Customer Support Representative,Assen,2025-10-26,klantenservice medewerker,nee,https://nl.linkedin.com/jobs/view/customer-support-representative-at-clubcollect-4317637159,https://nl.linkedin.com/company/clubcollect,4317637159
Cold Care Group,Office &amp; Marketing Medewerker,Apeldoorn,2026-08-13,webcare medewerker,nee,https://nl.linkedin.com/jobs/view/office-marketing-medewerker-at-cold-care-group-4454012970,https://nl.linkedin.com/company/coldcaregroup.nl,4454012970
Colliers,Customer Support Specialist,Nieuwegein,2026-09-08,klantenservice medewerker,nee,https://nl.linkedin.com/jobs/view/customer-support-specialist-at-colliers-4464492902,https://ca.linkedin.com/company/colliers,4464492902
Colosseum Dental Benelux,Baliemedewerker,Den Haag,2026-02-24,webcare medewerker,nee,https://nl.linkedin.com/jobs/view/baliemedewerker-at-colosseum-dental-benelux-4376438027,https://nl.linkedin.com/company/colosseum-dental-benelux,4376438027
Commaxx Group,ONLINE MARKETEER (WEBSHOP SPECIALIST) - COMMAXX KERKRADE,Kerkrade,2026-08-05,webcare medewerker,nee,https://nl.linkedin.com/jobs/view/online-marketeer-webshop-specialist-commaxx-kerkrade-at-commaxx-group-4449483048,https://nl.linkedin.com/company/commaxxgroup,4449483048
CompuGroup Medical SE &amp; Co. KGaA,L1 Support Professional,Echt,2026-09-02,webcare medewerker,nee,https://nl.linkedin.com/jobs/view/l1-support-professional-at-compugroup-medical-se-co-kgaa-4415662858,https://de.linkedin.com/company/compugroup-medical,4415662858
Concentrix,Klantenservicemedewerker BMW Customer Service - Rijswijk,Rijswijk,2026-09-07,klantenservice medewerker,nee,https://nl.linkedin.com/jobs/view/klantenservicemedewerker-bmw-customer-service-rijswijk-at-concentrix-4462215965,https://www.linkedin.com/company/concentrix,4462215965
Coolblue,Klantenservice Medewerker,Rotterdam,2026-06-04,klantenservice medewerker,nee,https://nl.linkedin.com/jobs/view/klantenservice-medewerker-at-coolblue-4423516106,https://nl.linkedin.com/company/coolblue,4423516106
Coolblue,Product Journey Manager,Rotterdam,2026-06-04,webcare medewerker,nee,https://nl.linkedin.com/jobs/view/product-journey-manager-at-coolblue-4423506689,https://nl.linkedin.com/company/coolblue,4423506689
Coolblue,Customer Service Representative German Speaking,Rotterdam,2026-07-03,klantenservice medewerker,nee,https://nl.linkedin.com/jobs/view/customer-service-representative-german-speaking-at-coolblue-4436465660,https://nl.linkedin.com/company/coolblue,4436465660
Coolblue,Klantenservice Medewerker Duitstalig,Rotterdam,2026-07-03,klantenservice medewerker,nee,https://nl.linkedin.com/jobs/view/klantenservice-medewerker-duitstalig-at-coolblue-4436467569,https://nl.linkedin.com/company/coolblue,4436467569
Coolblue,Product Redacteur,Rotterdam,2026-08-12,webcare medewerker,nee,https://nl.linkedin.com/jobs/view/product-redacteur-at-coolblue-4452343357,https://nl.linkedin.com/company/coolblue,4452343357
Coolblue,Online Marketeer Coolblue Zakelijk,Rotterdam,2026-09-05,webcare medewerker,nee,https://nl.linkedin.com/jobs/view/online-marketeer-coolblue-zakelijk-at-coolblue-4436724998,https://nl.linkedin.com/company/coolblue,4436724998
Coolblue,Front-End React/Next.js Developer,Rotterdam,2026-09-22,webcare medewerker,nee,https://nl.linkedin.com/jobs/view/front-end-react-next-js-developer-at-coolblue-4470235678,https://nl.linkedin.com/company/coolblue,4470235678
Coolblue,Senior Front-end Developer,Rotterdam,2026-09-22,webcare medewerker,nee,https://nl.linkedin.com/jobs/view/senior-front-end-developer-at-coolblue-4470226967,https://nl.linkedin.com/company/coolblue,4470226967
Coolblue,Front-End React/Next.js Developer,Rotterdam,2026-09-22,webcare medewerker,nee,https://nl.linkedin.com/jobs/view/front-end-react-next-js-developer-at-coolblue-4470242471,https://nl.linkedin.com/company/coolblue,4470242471
Copaco,Junior Customer Success Medewerker,Eindhoven,2026-08-22,customer happiness,nee,https://nl.linkedin.com/jobs/view/junior-customer-success-medewerker-at-copaco-4468223015,https://nl.linkedin.com/company/copaco,4468223015
Copaco,Junior Customer Success Medewerker,Eindhoven,2026-09-16,customer happiness,nee,https://nl.linkedin.com/jobs/view/junior-customer-success-medewerker-at-copaco-4465979845,https://nl.linkedin.com/company/copaco,4465979845
CowManager,Full stack-ontwikkelaar,Harmelen,2026-09-18,webcare medewerker,nee,https://nl.linkedin.com/jobs/view/full-stack-ontwikkelaar-at-cowmanager-4467829869,https://nl.linkedin.com/company/cowmanager-bv,4467829869
Cqure,Junior SOC Analist,"Flevoland, Nederland",2026-09-18,webcare medewerker,nee,https://nl.linkedin.com/jobs/view/junior-soc-analist-at-cqure-4466689593,https://nl.linkedin.com/company/cqure,4466689593
Currentt,Technical Support &amp; Customer Success Manager,Amsterdam,2026-07-20,customer happiness,nee,https://nl.linkedin.com/jobs/view/technical-support-customer-success-manager-at-currentt-4442781365,https://nl.linkedin.com/company/currentt,4442781365
CWS Hygiene Nederland,Medewerker customer care | 32-40 uur,Den Bosch,2026-08-28,klantenservice medewerker,nee,https://nl.linkedin.com/jobs/view/medewerker-customer-care-32-40-uur-at-cws-hygiene-nederland-4460301689,https://nl.linkedin.com/company/cws-nederland,4460301689
CWS Hygiene Nederland,Medewerker customer care,Den Bosch,2026-08-28,webcare medewerker,nee,https://nl.linkedin.com/jobs/view/medewerker-customer-care-at-cws-hygiene-nederland-4460322248,https://nl.linkedin.com/company/cws-nederland,4460322248
CZ,Digital Designer,Tilburg,2026-09-10,webcare medewerker,nee,https://nl.linkedin.com/jobs/view/digital-designer-at-cz-4465820514,https://nl.linkedin.com/company/cz,4465820514
CZ,Medewerker Secretariaat (divisie Data &amp; IT),Tilburg,2026-09-15,webcare medewerker,nee,https://nl.linkedin.com/jobs/view/medewerker-secretariaat-divisie-data-it-at-cz-4458230893,https://nl.linkedin.com/company/cz,4458230893
Daifuku Airport Netherlands,Medewerker IT Servicedesk,Hoofddorp,2026-08-04,webcare medewerker,nee,https://nl.linkedin.com/jobs/view/medewerker-it-servicedesk-at-daifuku-airport-netherlands-4449010191,https://www.linkedin.com/company/daifuku-airport-netherlands-group,4449010191
Dalux,Customer Success Manager - Rotterdam,Rotterdam,2026-09-08,customer happiness,nee,https://nl.linkedin.com/jobs/view/customer-success-manager-rotterdam-at-dalux-4437181382,https://dk.linkedin.com/company/dalux,4437181382
DataSnipper,Director of Customer Success (Strategic Accounts),Amsterdam,2026-09-04,customer happiness,nee,https://nl.linkedin.com/jobs/view/director-of-customer-success-strategic-accounts-at-datasnipper-4454055169,https://nl.linkedin.com/company/datasnipper,4454055169
DataSnipper,Strategic Customer Success Manager,Amsterdam,2026-09-16,customer happiness,nee,https://nl.linkedin.com/jobs/view/strategic-customer-success-manager-at-datasnipper-4467963733,https://nl.linkedin.com/company/datasnipper,4467963733
Dawn Foods Global,Customer Service Employee,Vlaardingen,2026-09-08,klantenservice medewerker,nee,https://nl.linkedin.com/jobs/view/customer-service-employee-at-dawn-foods-global-4462503620,https://www.linkedin.com/company/dawn-food-products,4462503620
de Bijenkorf,Data Entry Medewerker E-commerce,Amsterdam,2026-09-05,webcare medewerker,nee,https://nl.linkedin.com/jobs/view/data-entry-medewerker-e-commerce-at-de-bijenkorf-4463778700,https://nl.linkedin.com/company/de-bijenkorf,4463778700
de Bijenkorf,Medewerker Services,Amsterdam,2026-09-16,klantenservice medewerker,nee,https://nl.linkedin.com/jobs/view/medewerker-services-at-de-bijenkorf-4468247745,https://nl.linkedin.com/company/de-bijenkorf,4468247745
de Bijenkorf,Senior Medewerker Klantenservice,Amsterdam,2026-09-21,klantenservice medewerker,nee,https://nl.linkedin.com/jobs/view/senior-medewerker-klantenservice-at-de-bijenkorf-4433891476,https://nl.linkedin.com/company/de-bijenkorf,4433891476
De Haan IT,Servicedeskmedewerker / Klantenservice medewerker ICT / Application Service Engineer,Almere,2026-09-14,webcare medewerker,nee,https://nl.linkedin.com/jobs/view/servicedeskmedewerker-klantenservice-medewerker-ict-application-service-engineer-at-de-haan-it-4467062948,https://nl.linkedin.com/company/de-haan-b.v.,4467062948
De Heer Medicom,Helpdeskmedewerker,"Limburg, Nederland",2026-09-10,webcare medewerker,nee,https://nl.linkedin.com/jobs/view/helpdeskmedewerker-at-de-heer-medicom-4464505220,https://nl.linkedin.com/company/de-heer-medicom,4464505220
De Mandemakers Groep,Technisch web analist,Waalwijk,2026-09-11,webcare medewerker,nee,https://nl.linkedin.com/jobs/view/technisch-web-analist-at-de-mandemakers-groep-4466320062,https://nl.linkedin.com/company/demandemakersgroep,4466320062
DeepHealth,Technical Support Engineer,Nederland,2026-06-01,webcare medewerker,nee,https://nl.linkedin.com/jobs/view/technical-support-engineer-at-deephealth-4421858266,https://www.linkedin.com/company/deephealthai,4421858266
DeJong Cheese - Alphenaer,E-commerce Medewerker (24 uur),Alphen,2026-07-28,webcare medewerker,nee,https://nl.linkedin.com/jobs/view/e-commerce-medewerker-24-uur-at-dejong-cheese-alphenaer-4446156538,https://nl.linkedin.com/company/dejong-cheese,4446156538
Deloox,Customer Care Medewerker,Eindhoven,2026-06-04,klantenservice medewerker,nee,https://nl.linkedin.com/jobs/view/customer-care-medewerker-at-deloox-4420161438,https://nl.linkedin.com/company/deloox,4420161438
Den Ouden,Medewerker Customer Service,Schijndel,2026-09-07,klantenservice medewerker,nee,https://nl.linkedin.com/jobs/view/medewerker-customer-service-at-den-ouden-groep-4464314677,https://nl.linkedin.com/company/den-ouden-groep,4464314677
Dentalair,MEDEWERKER WEBSHOP &amp; SUPPORT,Dordrecht,2026-09-04,webcare medewerker,nee,https://nl.linkedin.com/jobs/view/medewerker-webshop-support-at-dentalair-4461970298,https://nl.linkedin.com/company/dentalair,4461970298
DentalZorg Tandheelkunde,Medewerker Online Marketing,Amsterdam,2025-12-01,webcare medewerker,nee,https://nl.linkedin.com/jobs/view/medewerker-online-marketing-at-dentalzorg-tandheelkunde-4324997576,https://nl.linkedin.com/company/dentalzorgnl,4324997576
Deployteq,ICT-servicedeskmedewerker,Ter Heijde,2026-09-01,webcare medewerker,nee,https://nl.linkedin.com/jobs/view/ict-servicedeskmedewerker-at-deployteq-4449849329,https://nl.linkedin.com/company/deployteq,4449849329
Deponti,Customer Service Medewerker – 32-40 uur | Oss,Oss,2026-07-03,klantenservice medewerker,nee,https://nl.linkedin.com/jobs/view/customer-service-medewerker-%E2%80%93-32-40-uur-oss-at-deponti-4433144047,https://nl.linkedin.com/company/deponti,4433144047
DETEC Beveiliging,Klantenservice medewerker,Purmerend,2025-12-12,klantenservice medewerker,nee,https://nl.linkedin.com/jobs/view/klantenservice-medewerker-at-detec-beveiliging-4330525254,https://nl.linkedin.com/company/detecbeveiliging,4330525254
DeWarmte,Customer Experience Manager,'s-Gravenhage,2026-09-09,customer happiness,nee,https://nl.linkedin.com/jobs/view/customer-experience-manager-at-dewarmte-4465075329,https://nl.linkedin.com/company/dewarmte,4465075329
Digital Newsgroup (DNG),Linkbuildingspecialist,Tilburg,2026-08-26,webcare medewerker,nee,https://nl.linkedin.com/jobs/view/linkbuildingspecialist-at-digital-newsgroup-bv-4459177785,https://nl.linkedin.com/company/digital-newsgroup-dng,4459177785
Dimplex Consumer Products,Customer Experience Representative,Heerenveen,2026-09-14,klantenservice medewerker,nee,https://nl.linkedin.com/jobs/view/customer-experience-representative-at-dimplex-consumer-products-4467074522,https://uk.linkedin.com/company/dimplexconsumerproducts,4467074522
Dirk van den Broek,Medewerker Klantenservice en Servicedesk,Alphen aan den Rijn,2026-09-17,klantenservice medewerker,nee,https://nl.linkedin.com/jobs/view/medewerker-klantenservice-en-servicedesk-at-dirk-van-den-broek-4467506639,https://nl.linkedin.com/company/dirk-van-den-broek,4467506639
DNA Services B.V.,ServiceDesk medewerker,Hendrik-Ido-Ambacht,2026-08-21,webcare medewerker,nee,https://nl.linkedin.com/jobs/view/servicedesk-medewerker-at-dna-services-b-v-4456744810,https://nl.linkedin.com/company/dna-services-bv,4456744810
DotControl,Medior Front-End Developer,Rotterdam,2025-03-17,webcare medewerker,nee,https://nl.linkedin.com/jobs/view/medior-front-end-developer-at-dotcontrol-4184477436,https://nl.linkedin.com/company/dotcontrol,4184477436
Dripps.ai,Customer Success Manager,Utrecht,2026-07-21,customer happiness,nee,https://nl.linkedin.com/jobs/view/customer-success-manager-at-dripps-ai-4442680636,https://nl.linkedin.com/company/dripps-ai,4442680636
DroneShield,Customer Success Manager - EMEA,Amsterdam,2026-09-14,customer happiness,nee,https://nl.linkedin.com/jobs/view/customer-success-manager-emea-at-droneshield-4465784581,https://au.linkedin.com/company/droneshield,4465784581
dsm-firmenich,"Lead Expert, Regional Customer Experience, ISOL",Delft,2026-09-17,customer happiness,nee,https://nl.linkedin.com/jobs/view/lead-expert-regional-customer-experience-isol-at-dsm-firmenich-4466262477,https://www.linkedin.com/company/dsm-firmenich,4466262477
DSV - Global Transport and Logistics,Customer Care &amp; Support Dutch/ French-speaking,Moerdijk,2026-09-05,klantenservice medewerker,nee,https://nl.linkedin.com/jobs/view/customer-care-support-dutch-french-speaking-at-dsv-global-transport-and-logistics-4435215896,https://dk.linkedin.com/company/dsv,4435215896
DSV - Global Transport and Logistics,Customer Care &amp; Support Nederlands-Franstalig,Moerdijk,2026-09-05,klantenservice medewerker,nee,https://nl.linkedin.com/jobs/view/customer-care-support-nederlands-franstalig-at-dsv-global-transport-and-logistics-4435230329,https://dk.linkedin.com/company/dsv,4435230329
DSV - Global Transport and Logistics,Customer Service Representative,Venlo,2026-09-21,klantenservice medewerker,nee,https://nl.linkedin.com/jobs/view/customer-service-representative-at-dsv-global-transport-and-logistics-4459798043,https://dk.linkedin.com/company/dsv,4459798043
Dynamic People B.V. | Amsterdam | The Netherlands,Customer Success Manager,Amsterdam Area,2026-09-14,customer happiness,nee,https://nl.linkedin.com/jobs/view/customer-success-manager-at-dynamic-people-4463877500,https://nl.linkedin.com/company/dynamic-people-b.v.,4463877500
e-Quest,Servicedeskmedewerker Breedband Helmond,Helmond,2026-08-04,webcare medewerker,nee,https://nl.linkedin.com/jobs/view/servicedeskmedewerker-breedband-helmond-at-e-quest-4449071697,https://nl.linkedin.com/company/e-quest-automatisering,4449071697
Eddy Grid,Customer Success Manager - Customer Relations (Fluent Dutch Speaker),Utrecht,2026-09-18,customer happiness,nee,https://nl.linkedin.com/jobs/view/customer-success-manager-customer-relations-fluent-dutch-speaker-at-eddy-grid-4466687118,https://nl.linkedin.com/company/eddy-grid,4466687118
Eddy Grid,Customer Success Manager - Customer Relations,"Utrecht, Nederland",2026-09-22,customer happiness,nee,https://nl.linkedin.com/jobs/view/customer-success-manager-customer-relations-at-eddy-grid-4470261983,https://nl.linkedin.com/company/eddy-grid,4470261983
EerstelijnsZorg Zoetermeer,Servicedeskmedewerker ICT &amp; Facilitaire Dienstverlening (fulltime),Zoetermeer,2026-08-24,webcare medewerker,nee,https://nl.linkedin.com/jobs/view/servicedeskmedewerker-ict-facilitaire-dienstverlening-fulltime-at-eerstelijnszorg-zoetermeer-4455842587,https://nl.linkedin.com/company/eerstelijnszorg-zoetermeer,4455842587
Effectory,Customer Success Manager (Mid-Market),Amsterdam,2026-09-10,customer happiness,nee,https://nl.linkedin.com/jobs/view/customer-success-manager-mid-market-at-effectory-4422416152,https://nl.linkedin.com/company/effectory,4422416152
Effectory,Customer Success Manager - Public sector,Amsterdam,2026-09-15,customer happiness,nee,https://nl.linkedin.com/jobs/view/customer-success-manager-public-sector-at-effectory-4467761203,https://nl.linkedin.com/company/effectory,4467761203
efficy CRM,Customer Care Officer (Dutch speaker),Utrecht,2026-09-10,klantenservice medewerker,nee,https://nl.linkedin.com/jobs/view/customer-care-officer-dutch-speaker-at-efficy-crm-4463431909,https://be.linkedin.com/company/efficy,4463431909
efficy Group,Customer Care Officer L1 (Nederlandstalig),Utrecht,2026-08-24,klantenservice medewerker,nee,https://nl.linkedin.com/jobs/view/customer-care-officer-l1-nederlandstalig-at-efficy-group-4450116544,https://be.linkedin.com/company/efficy-group,4450116544
efficy Group,Customer Care Officer (Dutch speaker),Utrecht,2026-09-07,klantenservice medewerker,nee,https://nl.linkedin.com/jobs/view/customer-care-officer-dutch-speaker-at-efficy-group-4452436527,https://be.linkedin.com/company/efficy-group,4452436527
Efulfilment Europe,Customer Success Medewerker,Almere,2026-05-08,customer happiness,nee,https://nl.linkedin.com/jobs/view/customer-success-medewerker-at-efulfilment-europe-4412127084,https://nl.linkedin.com/company/efulfilmenteu,4412127084
Ekco,Support Engineer,Veenendaal,2026-07-24,webcare medewerker,nee,https://nl.linkedin.com/jobs/view/support-engineer-at-ekco-4454901763,https://ie.linkedin.com/company/ekco-it,4454901763
Elektrobode B.V.,Medewerker klantenservice,Assen,2026-09-08,klantenservice medewerker,nee,https://nl.linkedin.com/jobs/view/medewerker-klantenservice-at-elektrobode-b-v-4464322167,https://nl.linkedin.com/company/elektrobode,4464322167
Element Logic®,Global Head of Customer Programs,Bemmel,2026-09-03,customer happiness,nee,https://nl.linkedin.com/jobs/view/global-head-of-customer-programs-at-element-logic%C2%AE-4463270811,https://no.linkedin.com/company/element-logic,4463270811
Elevation Partners,Manager klantsuccessen,Amersfoort,2026-08-27,customer happiness,nee,https://nl.linkedin.com/jobs/view/manager-klantsuccessen-at-elevation-partners-4459828399,https://nl.linkedin.com/company/elevation-partners-nederland,4459828399
ELIS,Customer Relations Medewerker,Schiedam,2026-09-17,klantenservice medewerker,nee,https://nl.linkedin.com/jobs/view/customer-relations-medewerker-at-elis-4465088471,https://fr.linkedin.com/company/elis_2,4465088471
Endeavour,Medior Allround Online Marketeer,Haarlem,2026-07-30,webcare medewerker,nee,https://nl.linkedin.com/jobs/view/medior-allround-online-marketeer-at-endeavour-4446747400,https://nl.linkedin.com/company/endeavour-agency,4446747400
Energie VanOns,Medewerker klantenservice,"Groningen, Nederland",2026-09-17,klantenservice medewerker,nee,https://nl.linkedin.com/jobs/view/medewerker-klantenservice-at-energie-vanons-4468636614,https://nl.linkedin.com/company/energie-vanons,4468636614
Equalture,Customer Success Manager,Rotterdam,2026-09-15,customer happiness,nee,https://nl.linkedin.com/jobs/view/customer-success-manager-at-equalture-4467736231,https://nl.linkedin.com/company/equalture,4467736231
Equinix,Regional Customer Success Management - Enterprise,Amsterdam,2026-09-21,customer happiness,nee,https://nl.linkedin.com/jobs/view/regional-customer-success-management-enterprise-at-equinix-4467605803,https://www.linkedin.com/company/equinix,4467605803
Essity,Customer Facing &amp; Order Management Representative,Zeist,2026-08-28,klantenservice medewerker,nee,https://nl.linkedin.com/jobs/view/customer-facing-order-management-representative-at-essity-4458075797,https://se.linkedin.com/company/essity,4458075797
Europe Cycle Company,Klantenservice/Aftersales,Aalsmeer,2025-12-03,klantenservice medewerker,nee,https://nl.linkedin.com/jobs/view/klantenservice-aftersales-at-europe-cycle-company-4341551459,https://nl.linkedin.com/company/europe-cycle-company,4341551459
Everflow - Partner Marketing Platform,"Customer Success Manager, Support - EU",Amsterdam,2026-09-09,customer happiness,nee,https://nl.linkedin.com/jobs/view/customer-success-manager-support-eu-at-everflow-partner-marketing-platform-4465016580,https://www.linkedin.com/company/everflowio,4465016580
Evers Kassasystemen bv,Junior Support Medewerker,'s-Hertogenbosch,2026-08-27,webcare medewerker,nee,https://nl.linkedin.com/jobs/view/junior-support-medewerker-at-evers-kassasystemen-bv-4457744746,https://nl.linkedin.com/company/evers-kassasystemen-bv,4457744746
Eye Security,Customer Success Manager Netherlands (m/f/x),Rotterdam and The Hague,2026-09-01,customer happiness,nee,https://nl.linkedin.com/jobs/view/customer-success-manager-netherlands-m-f-x-at-eye-security-4442097035,https://nl.linkedin.com/company/eyesecurity,4442097035
Eye Security,Customer Success Manager Netherlands (m/f/x),Nederland,2026-09-01,customer happiness,nee,https://nl.linkedin.com/jobs/view/customer-success-manager-netherlands-m-f-x-at-eye-security-4442074964,https://nl.linkedin.com/company/eyesecurity,4442074964
Facilicom Groep,Senior Digital Marketeer,Schiedam,2026-09-18,webcare medewerker,nee,https://nl.linkedin.com/jobs/view/senior-digital-marketeer-at-facilicom-groep-4469172168,https://nl.linkedin.com/company/facilicom,4469172168
Farm Frites,Customer Service Medewerker,"Zuid-Holland, Nederland",2026-09-19,klantenservice medewerker,nee,https://nl.linkedin.com/jobs/view/customer-service-medewerker-at-farm-frites-4441375026,https://nl.linkedin.com/company/farm-frites,4441375026
Felix NL,Customer Service Representative Belgium &amp; Luxemburg,Helmond,2026-09-20,klantenservice medewerker,nee,https://nl.linkedin.com/jobs/view/customer-service-representative-belgium-luxemburg-at-felix-nl-4468447647,https://nl.linkedin.com/company/felixnl,4468447647
Findwhere,Growth Marketeer,Noordwijk aan Zee,2026-09-14,webcare medewerker,nee,https://nl.linkedin.com/jobs/view/growth-marketeer-at-findwhere-4467089736,https://nl.linkedin.com/company/findwhere,4467089736
Fleetport.nl,Klantenservice medewerker (Pooldesk),Bleiswijk,2026-07-30,klantenservice medewerker,nee,https://nl.linkedin.com/jobs/view/klantenservice-medewerker-pooldesk-at-fleetport-nl-4446464750,https://nl.linkedin.com/company/fleetport-nl,4446464750
Flokk Nederland,Customer service medewerker Benelux,Rotterdam,2026-07-27,klantenservice medewerker,nee,https://nl.linkedin.com/jobs/view/customer-service-medewerker-benelux-at-flokk-nederland-4445900924,https://nl.linkedin.com/company/flokk-nederland,4445900924
FOOX Bergsma Franeker BV,Binnendienst Medewerker Webshop Foods &amp; Goods - (fulltime),Franeker,2026-09-17,webcare medewerker,nee,https://nl.linkedin.com/jobs/view/binnendienst-medewerker-webshop-foods-goods-fulltime-at-foox-bergsma-franeker-bv-4468637112,https://nl.linkedin.com/company/foox-bergsma-franeker-bv,4468637112
Forbo Group,Website Specialist,Assendelft,2026-09-09,webcare medewerker,nee,https://nl.linkedin.com/jobs/view/website-specialist-at-forbo-group-4465066016,https://ch.linkedin.com/company/forbo-group,4465066016
Fortezza Groep,Servicedesk Medewerker,Zoetermeer,2026-08-26,webcare medewerker,nee,https://nl.linkedin.com/jobs/view/servicedesk-medewerker-at-fortezza-4459307317,https://nl.linkedin.com/company/fortezza-groep,4459307317
Fortifi Food Processing Solutions,Customer Service Representative,Huizen,2026-09-18,klantenservice medewerker,nee,https://nl.linkedin.com/jobs/view/customer-service-representative-at-fortifi-food-processing-solutions-4466224666,https://www.linkedin.com/company/fortififoodsolutions,4466224666
French Selection (FS),Dutch Speaking Customer Experience Representative,Eindhoven,2026-09-10,klantenservice medewerker,nee,https://nl.linkedin.com/jobs/view/dutch-speaking-customer-experience-representative-at-french-selection-fs-4464530294,https://uk.linkedin.com/company/french-selection-uk-limited,4464530294
French Selection (FS),Medewerker Klantenservice / Customer Experience (Nederlands &amp; Engels),Eindhoven Area,2026-09-10,klantenservice medewerker,nee,https://nl.linkedin.com/jobs/view/medewerker-klantenservice-customer-experience-nederlands-engels-at-french-selection-fs-4465807422,https://uk.linkedin.com/company/french-selection-uk-limited,4465807422
French Selection (FS),Medewerker Klantenservice / Customer Experience (Nederlands &amp; Engels),Eindhoven,2026-09-15,klantenservice medewerker,nee,https://nl.linkedin.com/jobs/view/medewerker-klantenservice-customer-experience-nederlands-engels-at-french-selection-fs-4466158622,https://uk.linkedin.com/company/french-selection-uk-limited,4466158622
Funda,Frontend Developer,Amsterdam Area,2026-09-17,webcare medewerker,nee,https://nl.linkedin.com/jobs/view/frontend-developer-at-funda-4458164601,https://nl.linkedin.com/company/funda,4458164601
GAC Motor Europe,Digital Marketing &amp; Social Media Specialist,Amsterdam,2026-08-20,webcare medewerker,nee,https://nl.linkedin.com/jobs/view/digital-marketing-social-media-specialist-at-gac-motor-europe-4455474595,https://www.linkedin.com/company/gac-motor-europe,4455474595
Garanti BBVA International,Klantcontactadviseur Sparen,Amsterdam,2026-05-18,klantenservice medewerker,nee,https://nl.linkedin.com/jobs/view/klantcontactadviseur-sparen-at-garanti-bbva-international-4403973280,https://nl.linkedin.com/company/garantibank-international-nv,4403973280
Gemeente Krimpenerwaard,Medewerker Klantcontact,Bergambacht,2026-09-17,klantenservice medewerker,nee,https://nl.linkedin.com/jobs/view/medewerker-klantcontact-at-gemeente-krimpenerwaard-4468643620,https://nl.linkedin.com/company/gemeente-krimpenerwaard,4468643620
Genesys,Customer Success Director,Amsterdam Area,2026-07-16,customer happiness,nee,https://nl.linkedin.com/jobs/view/customer-success-director-at-genesys-4436073958,https://www.linkedin.com/company/genesys,4436073958
Geotab,SMB Senior Customer Success Manager (CSM) Netherlands,Amsterdam,2026-09-18,customer happiness,nee,https://nl.linkedin.com/jobs/view/smb-senior-customer-success-manager-csm-netherlands-at-geotab-4467845183,https://ca.linkedin.com/company/geotab,4467845183
Get-e,Client Relationship Manager,Hoofddorp,2026-09-10,customer happiness,nee,https://nl.linkedin.com/jobs/view/client-relationship-manager-at-get-e-4465648005,https://nl.linkedin.com/company/get-e,4465648005
Giga Meubel,Klantenservice medewerker 32-40 uur,Barneveld,2026-09-08,klantenservice medewerker,nee,https://nl.linkedin.com/jobs/view/klantenservice-medewerker-32-40-uur-at-giga-meubel-4462523800,https://nl.linkedin.com/company/giga-meubel,4462523800
Gilde-BT,ONLINE MARKETEER,Venlo,2026-09-08,webcare medewerker,nee,https://nl.linkedin.com/jobs/view/online-marketeer-at-gilde-bt-4464446931,https://nl.linkedin.com/company/gildebt,4464446931
Globus Medical,Sr Customer Service Representative,Brunssum,2025-06-10,klantenservice medewerker,nee,https://nl.linkedin.com/jobs/view/sr-customer-service-representative-at-globus-medical-4245482430,https://www.linkedin.com/company/globus-medical,4245482430
GO! Express &amp; Logistics,Customer Service Agent (40 uur),Veenendaal,2026-09-08,klantenservice medewerker,nee,https://nl.linkedin.com/jobs/view/customer-service-agent-40-uur-at-go%21-express-logistics-4462293610,https://de.linkedin.com/company/go-express-&amp;-logistics,4462293610
GoDutch,Customer Operations Agent,Amsterdam,2026-01-13,klantenservice medewerker,nee,https://nl.linkedin.com/jobs/view/customer-operations-agent-at-godutch-4354448067,https://nl.linkedin.com/company/godutchcom,4354448067
GoedGepickt Webwinkel Magazijnsoftware,Customer Success &amp; Support Specialist,Etten-Leur,2026-07-02,customer happiness,nee,https://nl.linkedin.com/jobs/view/customer-success-support-specialist-at-goedgepickt-webwinkel-magazijnsoftware-4435018603,https://nl.linkedin.com/company/goedgepickt,4435018603
GoodHabitz,Webflow Developer (Marketing),Eindhoven,2026-08-27,webcare medewerker,nee,https://nl.linkedin.com/jobs/view/webflow-developer-marketing-at-goodhabitz-4457754763,https://nl.linkedin.com/company/goodhabitz,4457754763
Greenchoice,Medewerker Klantenservice Zakelijk,Nijmegen,2026-09-07,klantenservice medewerker,nee,https://nl.linkedin.com/jobs/view/medewerker-klantenservice-zakelijk-at-greenchoice-4464371525,https://nl.linkedin.com/company/greenchoice,4464371525
GTE,SEO &amp; Product Page Marketing Specialist for Supplement Brand,Nieuwegein,2026-05-14,webcare medewerker,nee,https://nl.linkedin.com/jobs/view/seo-product-page-marketing-specialist-for-supplement-brand-at-gte-4414745284,https://www.linkedin.com/company/gte2018,4414745284
GTE,General VA – Social Media Management,Nieuwegein,2026-08-24,webcare medewerker,nee,https://nl.linkedin.com/jobs/view/general-va-%E2%80%93-social-media-management-at-gte-4457163824,https://www.linkedin.com/company/gte2018,4457163824
"GXO Logistics, Inc.",Customer Service Officer,Oude Meer,2026-09-02,klantenservice medewerker,nee,https://nl.linkedin.com/jobs/view/customer-service-officer-at-gxo-logistics-inc-4462432132,https://www.linkedin.com/company/gxologistics,4462432132
"GXO Logistics, Inc.",Customer Service Representative,Amsterdam Area,2026-09-03,klantenservice medewerker,nee,https://nl.linkedin.com/jobs/view/customer-service-representative-at-gxo-logistics-inc-4460475892,https://www.linkedin.com/company/gxologistics,4460475892
Hammer IT Services B.V.,Allround Medewerker IT &amp; Klantenservice,Zevenaar,2026-08-26,webcare medewerker,nee,https://nl.linkedin.com/jobs/view/allround-medewerker-it-klantenservice-at-hammer-it-services-b-v-4459328254,https://nl.linkedin.com/company/hammerit,4459328254
Hans Boodt Mannequins,Customer Support Employee,Zwijndrecht,2026-09-16,klantenservice medewerker,nee,https://nl.linkedin.com/jobs/view/customer-support-employee-at-hans-boodt-mannequins-4465926563,https://nl.linkedin.com/company/hansboodtmannequins,4465926563
Happy Hair Service,E-commerce &amp; Content Specialist,Berkel en Rodenrijs,2026-09-15,webcare medewerker,nee,https://nl.linkedin.com/jobs/view/e-commerce-content-specialist-at-happy-hair-service-4467753157,https://nl.linkedin.com/company/happy-hair-service,4467753157
Harnham,Customer success manager - retail experience required,Randstad,2026-08-27,customer happiness,nee,https://nl.linkedin.com/jobs/view/customer-success-manager-retail-experience-required-at-harnham-4416264605,https://uk.linkedin.com/company/harnham,4416264605
Hart Beach,Website &amp; Webshop Beheerder,'s-Gravenhage,2026-09-19,webcare medewerker,nee,https://nl.linkedin.com/jobs/view/website-webshop-beheerder-at-hart-beach-4469525581,https://nl.linkedin.com/company/hartbeach,4469525581
Haselhoff Groep,ICT Supportdesk Medewerker 1e en 2e lijns,Utrecht,2026-07-27,webcare medewerker,nee,https://nl.linkedin.com/jobs/view/ict-supportdesk-medewerker-1e-en-2e-lijns-at-haselhoff-groep-4428635483,https://nl.linkedin.com/company/haselhoff-groep,4428635483
HAVI,Customer Service medewerker,Amersfoort,2026-09-10,klantenservice medewerker,nee,https://nl.linkedin.com/jobs/view/customer-service-medewerker-at-havi-4428890417,https://www.linkedin.com/company/havigroup,4428890417
Haystack People,Customer Succes Manager (SaaS/AI),Nijmegen,2026-09-14,customer happiness,nee,https://nl.linkedin.com/jobs/view/customer-succes-manager-saas-ai-at-haystack-people-4465786674,https://nl.linkedin.com/company/haystack-people,4465786674
HCI - Health Cloud Initiative,Customer Service Medewerker,Haarlem,2026-09-09,klantenservice medewerker,nee,https://nl.linkedin.com/jobs/view/customer-service-medewerker-at-health-cloud-initiative-4463836184,https://nl.linkedin.com/company/healthcloudinitiative,4463836184
HCI - Health Cloud Initiative,Growth Marketeer,Amsterdam,2026-09-09,webcare medewerker,nee,https://nl.linkedin.com/jobs/view/growth-marketeer-at-health-cloud-initiative-4463846037,https://nl.linkedin.com/company/healthcloudinitiative,4463846037
HealthConnected (NL),Customer Succes Specialist,Alkmaar,2026-09-11,customer happiness,nee,https://nl.linkedin.com/jobs/view/customer-succes-specialist-at-healthconnected-nl-4466090452,https://nl.linkedin.com/company/healthconnected-nl,4466090452
Hedin Automotive NL,"Medewerker Klantcontact Kia, Fiat, Opel, Jeep en Alfa Romeo",Wormerveer,2026-07-29,klantenservice medewerker,nee,https://nl.linkedin.com/jobs/view/medewerker-klantcontact-kia-fiat-opel-jeep-en-alfa-romeo-at-hedin-automotive-nl-4446078433,https://nl.linkedin.com/company/hedin-automotive-nl,4446078433
Hemubo,Support medewerker ICT,Almere,2026-09-17,webcare medewerker,nee,https://nl.linkedin.com/jobs/view/support-medewerker-ict-at-hemubo-4457974171,https://nl.linkedin.com/company/hemubo,4457974171
Heras Mobile Fencing &amp; Security,Content Performance Specialist,Best,2026-09-16,webcare medewerker,nee,https://nl.linkedin.com/jobs/view/content-performance-specialist-at-heras-mobile-fencing-security-4467979817,https://nl.linkedin.com/company/heras-mobile-fencing-&amp;-security,4467979817
Herbalife,Customer Service Representative with English and Dutch - Netherlands and Belgium,Utrecht,2026-09-04,klantenservice medewerker,nee,https://nl.linkedin.com/jobs/view/customer-service-representative-with-english-and-dutch-netherlands-and-belgium-at-herbalife-4434132710,https://www.linkedin.com/company/herbalife,4434132710
Hertz,Customer Service Representative,Amstelveen,2026-09-09,klantenservice medewerker,nee,https://nl.linkedin.com/jobs/view/customer-service-representative-at-hertz-4463855254,https://www.linkedin.com/company/hertz,4463855254
Hertz,Customer Service Representative,Amstelveen,2026-09-11,klantenservice medewerker,nee,https://nl.linkedin.com/jobs/view/customer-service-representative-at-hertz-4464561778,https://www.linkedin.com/company/hertz,4464561778
Het Notarieel,Frontoffice medewerker,Zwolle,2026-08-31,webcare medewerker,nee,https://nl.linkedin.com/jobs/view/frontoffice-medewerker-at-het-notarieel-4461094787,https://nl.linkedin.com/company/het-notarieel,4461094787
HiBob,Dutch speaking Enterprise Customer Success Manager,Amsterdam,2026-09-22,customer happiness,nee,https://nl.linkedin.com/jobs/view/dutch-speaking-enterprise-customer-success-manager-at-hibob-4470298188,https://www.linkedin.com/company/hibob,4470298188
Holland &amp; Barrett Benelux,Customer Service Advisor,Amsterdam,2026-08-05,klantenservice medewerker,nee,https://nl.linkedin.com/jobs/view/customer-service-advisor-at-holland-barrett-benelux-4449659814,https://nl.linkedin.com/company/holland-barrett-benelux,4449659814
Holmen,Customer Service employee DACH,Amsterdam,2026-09-21,klantenservice medewerker,nee,https://nl.linkedin.com/jobs/view/customer-service-employee-dach-at-holmen-4458134943,https://se.linkedin.com/company/holmen,4458134943
Homefashion Group B.V.,E commerce Specialist - Merchandising &amp; Content,Geertruidenberg,2026-08-18,webcare medewerker,nee,https://nl.linkedin.com/jobs/view/e-commerce-specialist-merchandising-content-at-homefashion-group-b-v-4454176840,https://nl.linkedin.com/company/homefashion-group-b-v-,4454176840
Hostnet,Client Manager - Websites,Amsterdam,2026-09-15,webcare medewerker,nee,https://nl.linkedin.com/jobs/view/client-manager-websites-at-hostnet-bv-4454747392,https://nl.linkedin.com/company/hostnet-bv,4454747392
Hostnet,Customer Success Representative,Amsterdam,2026-09-17,customer happiness,nee,https://nl.linkedin.com/jobs/view/customer-success-representative-at-hostnet-bv-4456027234,https://nl.linkedin.com/company/hostnet-bv,4456027234
Hotel-Congrescentrum De Zeeuwse Stromen,Medewerker bediening,Zierikzee,2026-01-16,webcare medewerker,nee,https://nl.linkedin.com/jobs/view/medewerker-bediening-at-hotel-congrescentrum-de-zeeuwse-stromen-4362985125,https://nl.linkedin.com/company/hotel-congrescentrum-de-zeeuwse-stromen,4362985125
Hotelprofessionals,Medewerker Algemene Schoonmaak,Rotterdam,2026-06-04,webcare medewerker,nee,https://nl.linkedin.com/jobs/view/medewerker-algemene-schoonmaak-at-hotelprofessionals-4424386947,https://nl.linkedin.com/company/hotelprofessionals,4424386947
Hotelprofessionals,Allround Medewerker,Amstelveen,2026-07-06,webcare medewerker,nee,https://nl.linkedin.com/jobs/view/allround-medewerker-at-hotelprofessionals-4436082955,https://nl.linkedin.com/company/hotelprofessionals,4436082955
Hotelprofessionals,Medewerker Bediening,Den Haag,2026-07-06,webcare medewerker,nee,https://nl.linkedin.com/jobs/view/medewerker-bediening-at-hotelprofessionals-4436090654,https://nl.linkedin.com/company/hotelprofessionals,4436090654
Hotelprofessionals,Medewerker bediening ontbijt (fulltime),Rotterdam,2026-07-17,webcare medewerker,nee,https://nl.linkedin.com/jobs/view/medewerker-bediening-ontbijt-fulltime-at-hotelprofessionals-4441196187,https://nl.linkedin.com/company/hotelprofessionals,4441196187
Hotelprofessionals,Medewerker Schoonmaak,Deventer,2026-07-29,webcare medewerker,nee,https://nl.linkedin.com/jobs/view/medewerker-schoonmaak-at-hotelprofessionals-4446073167,https://nl.linkedin.com/company/hotelprofessionals,4446073167
Hotelprofessionals,Medewerker bediening,Delft,2026-08-06,webcare medewerker,nee,https://nl.linkedin.com/jobs/view/medewerker-bediening-at-hotelprofessionals-4450021012,https://nl.linkedin.com/company/hotelprofessionals,4450021012
Hotelprofessionals,Guest Relations Medewerker,Amsterdam,2026-08-24,customer happiness,nee,https://nl.linkedin.com/jobs/view/guest-relations-medewerker-at-hotelprofessionals-4457402162,https://nl.linkedin.com/company/hotelprofessionals,4457402162
Hotelprofessionals,GUEST RELATIONS OFFICER,Amsterdam,2026-08-26,customer happiness,nee,https://nl.linkedin.com/jobs/view/guest-relations-officer-at-hotelprofessionals-4458312762,https://nl.linkedin.com/company/hotelprofessionals,4458312762
Hotelprofessionals,Medewerker Bediening Fulltime,Amsterdam,2026-08-31,webcare medewerker,nee,https://nl.linkedin.com/jobs/view/medewerker-bediening-fulltime-at-hotelprofessionals-4460007210,https://nl.linkedin.com/company/hotelprofessionals,4460007210
HousApp,Customer Success Manager,Amsterdam,2026-06-01,customer happiness,nee,https://nl.linkedin.com/jobs/view/customer-success-manager-at-housapp-4421803765,https://nl.linkedin.com/company/housapp,4421803765
Houthoff,Marketing- &amp; Communicatiemedewerker,Amsterdam,2026-09-01,webcare medewerker,nee,https://nl.linkedin.com/jobs/view/marketing-communicatiemedewerker-at-houthoff-4461708868,https://nl.linkedin.com/company/houthoff-,4461708868
"Hunter Douglas, Inc.",Customer Service Representative,Boxtel,2026-09-17,klantenservice medewerker,nee,https://nl.linkedin.com/jobs/view/customer-service-representative-at-hunter-douglas-inc-4439193599,https://www.linkedin.com/company/hunter-douglas-us,4439193599
i-Aspect B.V.,SEO- en contentspecialist,Utrecht,2026-08-26,webcare medewerker,nee,https://nl.linkedin.com/jobs/view/seo-en-contentspecialist-at-i-aspect-b-v-4457277027,https://nl.linkedin.com/company/i-aspect-b.v.,4457277027
Icetubs,Webflow &amp; Shopify Developer,Amsterdam-West,2026-07-13,webcare medewerker,nee,https://nl.linkedin.com/jobs/view/webflow-shopify-developer-at-icetubs-4440044522,https://nl.linkedin.com/company/icetubs,4440044522
IGO Promo NL,Customer Service Medewerker,Helmond,2026-06-04,klantenservice medewerker,nee,https://nl.linkedin.com/jobs/view/customer-service-medewerker-at-igo-promo-4393526741,https://nl.linkedin.com/company/igo-promo-nl,4393526741
ilionx healthcare,Customer Succes Manager,'s-Hertogenbosch,2026-08-10,customer happiness,nee,https://nl.linkedin.com/jobs/view/customer-succes-manager-at-ilionx-healthcare-4451844098,https://nl.linkedin.com/company/ilionxhealthcare,4451844098
Incision,Customer Success Manager – Benelux,Amsterdam,2026-09-14,customer happiness,nee,https://nl.linkedin.com/jobs/view/customer-success-manager-%E2%80%93-benelux-at-incision-4438340131,https://nl.linkedin.com/company/incision-group,4438340131
Independent Recruiters,Customer Success Manager,Amsterdam,2026-09-15,customer happiness,nee,https://nl.linkedin.com/jobs/view/customer-success-manager-at-independent-recruiters-4466537260,https://nl.linkedin.com/company/independent-recruiters,4466537260
Infra Light Engineering,Medewerker Klantenservice,Hoofddorp,2026-07-31,klantenservice medewerker,nee,https://nl.linkedin.com/jobs/view/medewerker-klantenservice-at-infra-light-engineering-4447141253,https://nl.linkedin.com/company/infra-light-engineering-b.v.,4447141253
Inktweb.nl,Customer Support,Alkmaar,2026-08-07,klantenservice medewerker,nee,https://nl.linkedin.com/jobs/view/customer-support-at-inktweb-nl-4450703072,https://nl.linkedin.com/company/inktweb,4450703072
Inktweb.nl,Commercieel Medewerker,Alkmaar,2026-08-07,webcare medewerker,nee,https://nl.linkedin.com/jobs/view/commercieel-medewerker-at-inktweb-nl-4450688494,https://nl.linkedin.com/company/inktweb,4450688494
Inktweb.nl,E-commerce Marketing Specialist,Alkmaar,2026-08-07,webcare medewerker,nee,https://nl.linkedin.com/jobs/view/e-commerce-marketing-specialist-at-inktweb-nl-4450688495,https://nl.linkedin.com/company/inktweb,4450688495
InShared,Web Analytics Specialist,Leusden,2026-07-27,webcare medewerker,nee,https://nl.linkedin.com/jobs/view/web-analytics-specialist-at-inshared-4445943002,https://nl.linkedin.com/company/inshared,4445943002
Insify,Customer Support Specialist,Amsterdam,2026-09-14,klantenservice medewerker,nee,https://nl.linkedin.com/jobs/view/customer-support-specialist-at-insify-4371506602,https://nl.linkedin.com/company/insify,4371506602
Inspired Thinking Group (ITG),ICT-servicedeskmedewerker,Utrecht,2026-09-02,webcare medewerker,nee,https://nl.linkedin.com/jobs/view/ict-servicedeskmedewerker-at-inspired-thinking-group-itg-4452465029,https://uk.linkedin.com/company/inspiredthinkinggroup,4452465029
Insulet Corporation,Associate Marketing Specialist BLX,"Overijssel, Nederland",2026-09-01,webcare medewerker,nee,https://nl.linkedin.com/jobs/view/associate-marketing-specialist-blx-at-insulet-corporation-4460615289,https://www.linkedin.com/company/insulet-corporation,4460615289
Intergamma,Frontend ontwikkelaar,Leusden,2026-08-24,webcare medewerker,nee,https://nl.linkedin.com/jobs/view/frontend-ontwikkelaar-at-intergamma-4419813509,https://nl.linkedin.com/company/intergamma,4419813509
Interu - built by iov42,Customer Success Manager - Dutch Speaker,Amsterdam Area,2026-09-04,customer happiness,nee,https://nl.linkedin.com/jobs/view/customer-success-manager-dutch-speaker-at-interu-built-by-iov42-4463348829,https://uk.linkedin.com/company/iov42,4463348829
Intralox,Customer Service Account Representative - Polish speaking,Hoofddorp,2026-09-04,customer happiness,nee,https://nl.linkedin.com/jobs/view/customer-service-account-representative-polish-speaking-at-intralox-4463383155,https://www.linkedin.com/company/intralox,4463383155
Intralox,Customer Service Account Representative - Spanish speaking,Hoofddorp,2026-09-04,customer happiness,nee,https://nl.linkedin.com/jobs/view/customer-service-account-representative-spanish-speaking-at-intralox-4463370954,https://www.linkedin.com/company/intralox,4463370954
Intralox,Customer Service Account Representative - Danish speaking,Hoofddorp,2026-09-21,customer happiness,nee,https://nl.linkedin.com/jobs/view/customer-service-account-representative-danish-speaking-at-intralox-4463385139,https://www.linkedin.com/company/intralox,4463385139
Invorderingsbedrijf,Klantenservice Medewerker,Den Haag,2026-07-13,klantenservice medewerker,nee,https://nl.linkedin.com/jobs/view/klantenservice-medewerker-at-invorderingsbedrijf-4440044391,https://nl.linkedin.com/company/invorderingsbedrijf,4440044391
iO,Medior contentspecialist,Amsterdam,2026-07-04,webcare medewerker,nee,https://nl.linkedin.com/jobs/view/medior-contentspecialist-at-io-4446877573,https://be.linkedin.com/company/iodigital-com,4446877573
iO,Webredacteur (Rijks)overheid,Amsterdam,2026-09-21,webcare medewerker,nee,https://nl.linkedin.com/jobs/view/webredacteur-rijks-overheid-at-io-4294348340,https://be.linkedin.com/company/iodigital-com,4294348340
iSpeedToLead,Customer Success Manager,Amsterdam,2026-09-01,customer happiness,nee,https://nl.linkedin.com/jobs/view/customer-success-manager-at-ispeedtolead-4462031875,https://www.linkedin.com/company/ispeedtolead,4462031875
ista Nederland,Klantenservicemedewerker,Schiedam,2026-09-16,klantenservice medewerker,nee,https://nl.linkedin.com/jobs/view/klantenservicemedewerker-at-ista-nederland-b-v-4468276179,https://nl.linkedin.com/company/ista-nederland-b-v,4468276179
IT-Wizzard,Eerstelijns support medewerker ICT,Harlingen,2026-09-15,webcare medewerker,nee,https://nl.linkedin.com/jobs/view/eerstelijns-support-medewerker-ict-at-it-wizzard-4467471105,https://www.linkedin.com/company/it-wizzard,4467471105
itsme.,Marketingmedewerker,Raamsdonksveer,2026-08-28,webcare medewerker,nee,https://nl.linkedin.com/jobs/view/marketingmedewerker-at-itsme-4458948299,https://nl.linkedin.com/company/itsme-b-v,4458948299
Jaarverslag.org,Product owner/ support medewerker,Apeldoorn,2026-09-21,webcare medewerker,nee,https://nl.linkedin.com/jobs/view/product-owner-support-medewerker-at-jaarverslag-org-4181336321,https://nl.linkedin.com/company/jaarverslag-org,4181336321
Jaarverslag.org,Medewerker klantgeluk,Apeldoorn,2026-09-22,webcare medewerker,nee,https://nl.linkedin.com/jobs/view/medewerker-klantgeluk-at-jaarverslag-org-4470282794,https://nl.linkedin.com/company/jaarverslag-org,4470282794
Jac Hensen,E-commerce &amp; Online-Marketing Specialist,Amersfoort,2026-09-21,webcare medewerker,nee,https://nl.linkedin.com/jobs/view/e-commerce-online-marketing-specialist-at-jac-hensen-4469885136,https://nl.linkedin.com/company/jac-hensen-mannenmode,4469885136
JD.COM,Customer Service Specialist,Rotterdam and The Hague,2026-09-22,klantenservice medewerker,nee,https://nl.linkedin.com/jobs/view/customer-service-specialist-at-jd-com-4414673937,https://cn.linkedin.com/company/jd.com,4414673937
Jellema Automatiseringsservice B.V.,Support Medewerker (met doorgroeimogelijkheid),Nieuwleusen,2026-08-01,webcare medewerker,nee,https://nl.linkedin.com/jobs/view/support-medewerker-met-doorgroeimogelijkheid-at-jellema-automatiseringsservice-b-v-4447824701,https://nl.linkedin.com/company/jellema-automatiseringsservice,4447824701
Jobgether,Customer Success &amp; Retention Manager,Nederland,2026-09-16,customer happiness,nee,https://nl.linkedin.com/jobs/view/customer-success-retention-manager-at-jobgether-4466823728,https://be.linkedin.com/company/jobgether,4466823728
Jobgether,VIP Account Manager,Nederland,2026-09-18,customer happiness,nee,https://nl.linkedin.com/jobs/view/vip-account-manager-at-jobgether-4467821946,https://be.linkedin.com/company/jobgether,4467821946
Jobgether,VIP HOST,Nederland,2026-09-21,customer happiness,nee,https://nl.linkedin.com/jobs/view/vip-host-at-jobgether-4468766208,https://be.linkedin.com/company/jobgether,4468766208
Jobgether,Customer Care Poker Specialist,Nederland,2026-09-22,customer happiness,nee,https://nl.linkedin.com/jobs/view/customer-care-poker-specialist-at-jobgether-4468543207,https://be.linkedin.com/company/jobgether,4468543207
Jobgether,Customer Care Specialist,Nederland,2026-09-22,customer happiness,nee,https://nl.linkedin.com/jobs/view/customer-care-specialist-at-jobgether-4468523784,https://be.linkedin.com/company/jobgether,4468523784
Jobster,Klantenservice medewerker Energie bij Coolblue - Studentjob.nl,Rotterdam,2026-09-21,klantenservice medewerker,nee,https://nl.linkedin.com/jobs/view/klantenservice-medewerker-energie-bij-coolblue-studentjob-nl-at-jobster-4468744123,https://nl.linkedin.com/company/jobster-com,4468744123
Jobster,Klantenservice Medewerker bij Coolblue - Studentjob.nl,Rotterdam,2026-09-21,klantenservice medewerker,nee,https://nl.linkedin.com/jobs/view/klantenservice-medewerker-bij-coolblue-studentjob-nl-at-jobster-4468736590,https://nl.linkedin.com/company/jobster-com,4468736590
Jobster,Customer Service Medewerker - Uitzendbureau.nl,Rotterdam,2026-09-21,klantenservice medewerker,nee,https://nl.linkedin.com/jobs/view/customer-service-medewerker-uitzendbureau-nl-at-jobster-4468744472,https://nl.linkedin.com/company/jobster-com,4468744472
Jobster,Medewerker Klantenservice - Uitzendbureau.nl,Oosterhout,2026-09-21,klantenservice medewerker,nee,https://nl.linkedin.com/jobs/view/medewerker-klantenservice-uitzendbureau-nl-at-jobster-4468745446,https://nl.linkedin.com/company/jobster-com,4468745446
Jobster,Customer Care Specialist - Jobbird.com,Beverwijk,2026-09-21,klantenservice medewerker,nee,https://nl.linkedin.com/jobs/view/customer-care-specialist-jobbird-com-at-jobster-4468718960,https://nl.linkedin.com/company/jobster-com,4468718960
Jobster,Customer Support Medewerker - Uitzendbureau.nl,Best,2026-09-21,klantenservice medewerker,nee,https://nl.linkedin.com/jobs/view/customer-support-medewerker-uitzendbureau-nl-at-jobster-4468748340,https://nl.linkedin.com/company/jobster-com,4468748340
Jobster,Customer Service Medewerker - Uitzendbureau.nl,'s-Hertogenbosch,2026-09-21,klantenservice medewerker,nee,https://nl.linkedin.com/jobs/view/customer-service-medewerker-uitzendbureau-nl-at-jobster-4468742114,https://nl.linkedin.com/company/jobster-com,4468742114
Jobster,Medewerker Binnendienst - Uitzendbureau.nl,Dordrecht,2026-09-21,webcare medewerker,nee,https://nl.linkedin.com/jobs/view/medewerker-binnendienst-uitzendbureau-nl-at-jobster-4468753144,https://nl.linkedin.com/company/jobster-com,4468753144
Jobster,Productiemedewerker 5-ploegen Abbott - Start People,Zwolle,2026-09-21,webcare medewerker,nee,https://nl.linkedin.com/jobs/view/productiemedewerker-5-ploegen-abbott-start-people-at-jobster-4468743853,https://nl.linkedin.com/company/jobster-com,4468743853
Jobster,Zwolle productiemedewerker - ASA Talent,Zwolle,2026-09-21,webcare medewerker,nee,https://nl.linkedin.com/jobs/view/zwolle-productiemedewerker-asa-talent-at-jobster-4468740794,https://nl.linkedin.com/company/jobster-com,4468740794
Jobster,Key Account Customer Service DHL Express - ASA Talent,Nijmegen,2026-09-21,customer happiness,nee,https://nl.linkedin.com/jobs/view/key-account-customer-service-dhl-express-asa-talent-at-jobster-4468740984,https://nl.linkedin.com/company/jobster-com,4468740984
Jobster,Klantenservice medewerker Leusden - Inspire,Leusden,2026-09-22,klantenservice medewerker,nee,https://nl.linkedin.com/jobs/view/klantenservice-medewerker-leusden-inspire-at-jobster-4470408674,https://nl.linkedin.com/company/jobster-com,4470408674
Jobster,Klantenservice medewerker Leusden - Inspire,Nijkerk,2026-09-22,klantenservice medewerker,nee,https://nl.linkedin.com/jobs/view/klantenservice-medewerker-leusden-inspire-at-jobster-4470414517,https://nl.linkedin.com/company/jobster-com,4470414517
Jobster,Klantenservice medewerker Leusden - Inspire,Woudenberg,2026-09-22,klantenservice medewerker,nee,https://nl.linkedin.com/jobs/view/klantenservice-medewerker-leusden-inspire-at-jobster-4470403812,https://nl.linkedin.com/company/jobster-com,4470403812
Jobster,Klantenservice medewerker Leusden - Inspire,Amersfoort,2026-09-22,klantenservice medewerker,nee,https://nl.linkedin.com/jobs/view/klantenservice-medewerker-leusden-inspire-at-jobster-4470403888,https://nl.linkedin.com/company/jobster-com,4470403888
Jobster,Klantexpert Leusden - Inspire,Leusden,2026-09-22,klantenservice medewerker,nee,https://nl.linkedin.com/jobs/view/klantexpert-leusden-inspire-at-jobster-4470416389,https://nl.linkedin.com/company/jobster-com,4470416389
Jobster,Klantenservice medewerker Amersfoort - Inspire,Amersfoort,2026-09-22,klantenservice medewerker,nee,https://nl.linkedin.com/jobs/view/klantenservice-medewerker-amersfoort-inspire-at-jobster-4470416376,https://nl.linkedin.com/company/jobster-com,4470416376
Joerns Healthcare bv,Medewerker Servicecentrum,Houten,2026-05-26,webcare medewerker,nee,https://nl.linkedin.com/jobs/view/medewerker-servicecentrum-at-joerns-healthcare-bv-4419148738,https://nl.linkedin.com/company/joerns-healthcare-bv,4419148738
Joerns Healthcare bv,Klantadviseur Zorghulpmiddelen,Houten,2026-09-11,klantenservice medewerker,nee,https://nl.linkedin.com/jobs/view/klantadviseur-zorghulpmiddelen-at-joerns-healthcare-bv-4466071775,https://nl.linkedin.com/company/joerns-healthcare-bv,4466071775
Johnson Controls,Customer Service Employee,Enschede,2026-09-12,klantenservice medewerker,nee,https://nl.linkedin.com/jobs/view/customer-service-employee-at-johnson-controls-4464268348,https://ie.linkedin.com/company/johnson-controls,4464268348
JouwWeb,Front End Engineer,Eindhoven,2026-09-16,webcare medewerker,nee,https://nl.linkedin.com/jobs/view/front-end-engineer-at-jouwweb-4468222228,https://nl.linkedin.com/company/jouwweb,4468222228
JouwWeb,Customer Support Employee - Evening Shifts,Eindhoven,2026-09-18,webcare medewerker,nee,https://nl.linkedin.com/jobs/view/customer-support-employee-evening-shifts-at-jouwweb-4469189594,https://nl.linkedin.com/company/jouwweb,4469189594
JP Gray,Customer Service Representative,Rotterdam,2026-09-15,klantenservice medewerker,nee,https://nl.linkedin.com/jobs/view/customer-service-representative-at-jp-gray-4466501649,https://nl.linkedin.com/company/jp-gray,4466501649
JP.cars,Customer Success Manager Benelux,Randstad,2026-09-14,customer happiness,nee,https://nl.linkedin.com/jobs/view/customer-success-manager-benelux-at-jp-cars-4455180949,https://nl.linkedin.com/company/jpcarsamsterdam,4455180949
JP.cars,Customer Success Manager DACH,Randstad,2026-09-14,customer happiness,nee,https://nl.linkedin.com/jobs/view/customer-success-manager-dach-at-jp-cars-4455199524,https://nl.linkedin.com/company/jpcarsamsterdam,4455199524
JR286,Customer Service Representative (International Sales),Hilversum,2026-09-08,klantenservice medewerker,nee,https://nl.linkedin.com/jobs/view/customer-service-representative-international-sales-at-jr286-4458671910,https://www.linkedin.com/company/jr286,4458671910
Jumbo Supermarkten,Frontend Developer,Veghel,2026-09-05,webcare medewerker,nee,https://nl.linkedin.com/jobs/view/frontend-developer-at-jumbo-supermarkten-4426952648,https://nl.linkedin.com/company/jumbo-supermarkten,4426952648
Justus People,Customer Care Representative,Badhoevedorp,2026-09-14,klantenservice medewerker,nee,https://nl.linkedin.com/jobs/view/customer-care-representative-at-justus-people-4466129270,https://nl.linkedin.com/company/justus-people,4466129270
JYSK,Customer Service Medewerker,Arnhem,2026-06-02,klantenservice medewerker,nee,https://nl.linkedin.com/jobs/view/customer-service-medewerker-at-jysk-4419284453,https://dk.linkedin.com/company/jysk,4419284453
JYSK,Customer Service Medewerker,Arnhem,2026-07-07,klantenservice medewerker,nee,https://nl.linkedin.com/jobs/view/customer-service-medewerker-at-jysk-4434528177,https://dk.linkedin.com/company/jysk,4434528177
JYSK,Customer Service Medewerker,Arnhem,2026-07-28,klantenservice medewerker,nee,https://nl.linkedin.com/jobs/view/customer-service-medewerker-at-jysk-4443281405,https://dk.linkedin.com/company/jysk,4443281405
Kaleido,Customer Care Specialist - Dutch speaking,Utrecht,2026-09-02,klantenservice medewerker,nee,https://nl.linkedin.com/jobs/view/customer-care-specialist-dutch-speaking-at-kaleido-4462131138,https://nl.linkedin.com/company/hellokaleido,4462131138
Kaleido,Customer Care Specialist - Dutch Speaking,"Utrecht, Nederland",2026-09-15,klantenservice medewerker,nee,https://nl.linkedin.com/jobs/view/customer-care-specialist-dutch-speaking-at-kaleido-4466508870,https://nl.linkedin.com/company/hellokaleido,4466508870
Kaleido,Customer Support Medewerker - Nederlandstalig,Utrecht,2026-09-18,klantenservice medewerker,nee,https://nl.linkedin.com/jobs/view/customer-support-medewerker-nederlandstalig-at-kaleido-4469158931,https://nl.linkedin.com/company/hellokaleido,4469158931
Kaliber,Conversion &amp; Growth Specialist,Utrecht,2026-07-23,webcare medewerker,nee,https://nl.linkedin.com/jobs/view/conversion-growth-specialist-at-kaliber-4441087777,https://nl.linkedin.com/company/kaliber-interactive,4441087777
Kaliber,Conversion &amp; Growth Specialist,Utrecht,2026-09-22,webcare medewerker,nee,https://nl.linkedin.com/jobs/view/conversion-growth-specialist-at-kaliber-4470404906,https://nl.linkedin.com/company/kaliber-interactive,4470404906
KernGezond,Vacature: Front Office Medewerk(st)er Lelystad – 16u (waarneming),Lelystad,2026-09-03,webcare medewerker,nee,https://nl.linkedin.com/jobs/view/vacature-front-office-medewerk-st-er-lelystad-%E2%80%93-16u-waarneming-at-kerngezond-4460749394,https://nl.linkedin.com/company/kerngezond,4460749394
Keter,Specialist eCommerce,Rijen,2026-08-24,webcare medewerker,nee,https://nl.linkedin.com/jobs/view/specialist-ecommerce-at-keter-4456862711,https://uk.linkedin.com/company/keter,4456862711
Keywords Studios,Customer Success Manager - Video Games - Remote,Nederland,2026-07-31,customer happiness,nee,https://nl.linkedin.com/jobs/view/customer-success-manager-video-games-remote-at-keywords-studios-4447524776,https://ie.linkedin.com/company/keywordsstudios,4447524776
Kivits Drunen,Customer Service Medewerker,Waalwijk,2026-09-02,klantenservice medewerker,nee,https://nl.linkedin.com/jobs/view/customer-service-medewerker-at-kivits-drunen-4443319622,https://nl.linkedin.com/company/kivits-drunen,4443319622
KnappeKoppen.work,Customer Success Manager Automotive,Amsterdam,2026-09-15,customer happiness,nee,https://nl.linkedin.com/jobs/view/customer-success-manager-automotive-at-knappekoppen-work-4467740959,https://nl.linkedin.com/company/knappekoppen-amsterdam,4467740959
Knivesandtools,Klantenservice medewerker e-commerce Apeldoorn (32-40 uur),Apeldoorn,2026-07-17,klantenservice medewerker,nee,https://nl.linkedin.com/jobs/view/klantenservice-medewerker-e-commerce-apeldoorn-32-40-uur-at-knivesandtools-4441984192,https://nl.linkedin.com/company/knivesandtools-kato,4441984192
KONE,Customer Service Agent (KDB),Arnhem,2026-09-02,klantenservice medewerker,nee,https://nl.linkedin.com/jobs/view/customer-service-agent-kdb-at-kone-4434478590,https://fi.linkedin.com/company/kone,4434478590
Kwantum,E commerce Specialist - Merchandising &amp; Content,Geertruidenberg,2026-08-18,webcare medewerker,nee,https://nl.linkedin.com/jobs/view/e-commerce-specialist-merchandising-content-at-kwantum-4454181057,https://nl.linkedin.com/company/kwantum,4454181057
La Souris,Customer Succes Medewerker,Doetinchem,2026-06-01,customer happiness,nee,https://nl.linkedin.com/jobs/view/customer-succes-medewerker-at-la-souris-4421659410,https://nl.linkedin.com/company/la-souris-scooter,4421659410
Laminaat en Parket Almere,E-commerce Specialist,Den Haag,2026-08-31,webcare medewerker,nee,https://nl.linkedin.com/jobs/view/e-commerce-specialist-at-laminaat-en-parket-almere-4460019168,https://nl.linkedin.com/company/laminaat-en-parket-almere,4460019168
Leen Bakker,E commerce Specialist - Merchandising &amp; Content,Geertruidenberg,2026-08-18,webcare medewerker,nee,https://nl.linkedin.com/jobs/view/e-commerce-specialist-merchandising-content-at-leen-bakker-4454170846,https://nl.linkedin.com/company/leen-bakker,4454170846
Lekkerland Nederland B.V.,Webanalist,Son en Breugel,2026-09-18,webcare medewerker,nee,https://nl.linkedin.com/jobs/view/webanalist-at-lekkerland-nederland-b-v-4469128135,https://nl.linkedin.com/company/lekkerland-nederland-bv,4469128135
Leonardo Hotels Benelux,GUEST RELATIONS OFFICER,Amsterdam,2026-09-03,customer happiness,nee,https://nl.linkedin.com/jobs/view/guest-relations-officer-at-leonardo-hotels-benelux-4444444477,https://nl.linkedin.com/company/leonardohotelsnl,4444444477
LeoVegas Group,Customer Experience Advisor - Dutch,Doetinchem,2026-09-09,klantenservice medewerker,nee,https://nl.linkedin.com/jobs/view/customer-experience-advisor-dutch-at-leovegas-group-4464117561,https://se.linkedin.com/company/leovegasgroup,4464117561
LessonUp,Customer Success Manager,Den Haag,2026-09-07,customer happiness,nee,https://nl.linkedin.com/jobs/view/customer-success-manager-at-lessonup-4464092647,https://nl.linkedin.com/company/lessonupnl,4464092647
Lightspeed Commerce,Product Adoption Strategist (Human-Led &amp; Interactive) French speaking,Amsterdam,2026-09-03,customer happiness,nee,https://nl.linkedin.com/jobs/view/product-adoption-strategist-human-led-interactive-french-speaking-at-lightspeed-commerce-4450175693,https://ca.linkedin.com/company/lightspeedcommerce,4450175693
Lightspeed Commerce,Key Account Manager (Amsterdam),Amsterdam,2026-09-11,customer happiness,nee,https://nl.linkedin.com/jobs/view/key-account-manager-amsterdam-at-lightspeed-commerce-4426882090,https://ca.linkedin.com/company/lightspeedcommerce,4426882090
Linkedtalent,Medewerker Klantenservice,Zwolle,2026-07-19,klantenservice medewerker,nee,https://nl.linkedin.com/jobs/view/medewerker-klantenservice-at-linkedtalent-4450800683,https://nl.linkedin.com/company/linkedtalent,4450800683
Linkedtalent,MEDEWERKER KLANTENSERVICE VERKOOP,Zwolle,2026-07-31,klantenservice medewerker,nee,https://nl.linkedin.com/jobs/view/medewerker-klantenservice-verkoop-at-linkedtalent-4456932867,https://nl.linkedin.com/company/linkedtalent,4456932867
Linkedtalent,Customer Service Medewerker,Barendrecht,2026-08-14,klantenservice medewerker,nee,https://nl.linkedin.com/jobs/view/customer-service-medewerker-at-linkedtalent-4456941833,https://nl.linkedin.com/company/linkedtalent,4456941833
Linkedtalent,Customer Service Medewerker,Etten-Leur,2026-09-10,klantenservice medewerker,nee,https://nl.linkedin.com/jobs/view/customer-service-medewerker-at-linkedtalent-4463454133,https://nl.linkedin.com/company/linkedtalent,4463454133
LMW,Medewerker Support,Breukelen,2026-07-10,klantenservice medewerker,nee,https://nl.linkedin.com/jobs/view/medewerker-support-at-lmw-4439020724,https://nl.linkedin.com/company/linkedin-lmw,4439020724
Louis Vuitton,CLIENT ADVISOR - AMSTERDAM,Amsterdam,2026-09-05,customer happiness,nee,https://nl.linkedin.com/jobs/view/client-advisor-amsterdam-at-louis-vuitton-4454866431,https://fr.linkedin.com/company/louis-vuitton,4454866431
Lucid Motors,Customer Care Representative – German Speaking,Amsterdam,2026-07-13,klantenservice medewerker,nee,https://nl.linkedin.com/jobs/view/customer-care-representative-%E2%80%93-german-speaking-at-lucid-motors-4439415412,https://www.linkedin.com/company/lucidmotors,4439415412
Lucid Software,EMEA Customer Success Manager,Amsterdam,2026-09-08,customer happiness,nee,https://nl.linkedin.com/jobs/view/emea-customer-success-manager-at-lucid-software-4464498854,https://www.linkedin.com/company/lucidsoftware,4464498854
Lucid Software,"EMEA Customer Success Manager, Nordic Speaker",Amsterdam,2026-09-14,customer happiness,nee,https://nl.linkedin.com/jobs/view/emea-customer-success-manager-nordic-speaker-at-lucid-software-4467251933,https://www.linkedin.com/company/lucidsoftware,4467251933
Lyreco Group,Customer Service Medewerker,Sliedrecht,2026-09-17,klantenservice medewerker,nee,https://nl.linkedin.com/jobs/view/customer-service-medewerker-at-lyreco-group-4468685349,https://fr.linkedin.com/company/lyreco-group,4468685349
Maas-De Koning,Medewerker KCC – Telefonie,Moordrecht,2026-09-14,klantenservice medewerker,nee,https://nl.linkedin.com/jobs/view/medewerker-kcc-%E2%80%93-telefonie-at-maas-de-koning-4467091310,https://nl.linkedin.com/company/maas-de-koning,4467091310
Magnet.me,Customer Success Manager,Rotterdam,2026-09-08,customer happiness,nee,https://nl.linkedin.com/jobs/view/customer-success-manager-at-magnet-me-4464481159,https://nl.linkedin.com/company/magnet-me,4464481159
MANN+HUMMEL,S&amp;M IAM Customer Service,Nieuwegein,2026-06-23,klantenservice medewerker,nee,https://nl.linkedin.com/jobs/view/s-m-iam-customer-service-at-mann%2Bhummel-4430433324,https://de.linkedin.com/company/mannhummel,4430433324
Marente,Helpende (plus) + verzorgende IG flexpool in Sassenheim,Sassenheim,2026-06-26,webcare medewerker,nee,https://nl.linkedin.com/jobs/view/helpende-plus-%2B-verzorgende-ig-flexpool-in-sassenheim-at-marente-4433894426,https://nl.linkedin.com/company/marente,4433894426
Marie-Stella-Maris (B Corp),E-commerce Specialist,Amsterdam,2026-09-09,webcare medewerker,nee,https://nl.linkedin.com/jobs/view/e-commerce-specialist-at-marie-stella-maris-b-corp-4465099318,https://nl.linkedin.com/company/marie-stella-maris,4465099318
Matt Sleeps,E-commerce &amp; CRO specialist,Amsterdam,2026-05-29,webcare medewerker,ja,https://nl.linkedin.com/jobs/view/e-commerce-cro-specialist-at-matt-sleeps-4420925045,https://nl.linkedin.com/company/matt-sleeps,4420925045
MCI,Remote Customer Service Agent,Middelburg,2025-10-27,klantenservice medewerker,nee,https://nl.linkedin.com/jobs/view/remote-customer-service-agent-at-mci-4318048446,https://www.linkedin.com/company/mci-bpo,4318048446
MCI,Remote Customer Service Agent,Middelburg,2025-10-27,klantenservice medewerker,nee,https://nl.linkedin.com/jobs/view/remote-customer-service-agent-at-mci-4318053390,https://www.linkedin.com/company/mci-bpo,4318053390
MCI,Remote Customer Service Agent,Middelburg,2025-10-27,klantenservice medewerker,nee,https://nl.linkedin.com/jobs/view/remote-customer-service-agent-at-mci-4318059417,https://www.linkedin.com/company/mci-bpo,4318059417
MCI,Remote Customer Service Agent,Middelburg,2025-10-31,klantenservice medewerker,nee,https://nl.linkedin.com/jobs/view/remote-customer-service-agent-at-mci-4331761143,https://www.linkedin.com/company/mci-bpo,4331761143
MCI,Remote Customer Service Agent,Middelburg,2025-10-31,klantenservice medewerker,nee,https://nl.linkedin.com/jobs/view/remote-customer-service-agent-at-mci-4331746962,https://www.linkedin.com/company/mci-bpo,4331746962
Media Vacatures,Multi Ratio: Marketingmedewerker,Zutphen,2026-02-23,webcare medewerker,nee,https://nl.linkedin.com/jobs/view/multi-ratio-marketingmedewerker-at-media-vacatures-4377014816,https://nl.linkedin.com/company/mediavacatures,4377014816
MediaMarkt Benelux,Customer Solution Expert,Rotterdam,2026-09-15,klantenservice medewerker,nee,https://nl.linkedin.com/jobs/view/customer-solution-expert-at-mediamarkt-benelux-4456517815,https://nl.linkedin.com/company/mediamarkt-benelux,4456517815
MediaMarkt Benelux,Customer Care Specialist Marketplace,Rotterdam,2026-09-17,klantenservice medewerker,nee,https://nl.linkedin.com/jobs/view/customer-care-specialist-marketplace-at-mediamarkt-benelux-4448057233,https://nl.linkedin.com/company/mediamarkt-benelux,4448057233
Medipoint,Productiemedewerker reiniging,Helmond,2026-06-12,webcare medewerker,nee,https://nl.linkedin.com/jobs/view/productiemedewerker-reiniging-at-medipoint-4427942440,https://nl.linkedin.com/company/medipoint,4427942440
Mediq Nederland,Content Medewerker,De Meern,2026-09-09,webcare medewerker,nee,https://nl.linkedin.com/jobs/view/content-medewerker-at-mediq-nederland-4464118657,https://nl.linkedin.com/company/mediq-nv,4464118657
Mediq Nederland,Medewerker Customer Care - afdeling Special Care,De Meern,2026-09-12,klantenservice medewerker,nee,https://nl.linkedin.com/jobs/view/medewerker-customer-care-afdeling-special-care-at-mediq-nederland-4446908808,https://nl.linkedin.com/company/mediq-nv,4446908808
Mediq Nederland,Customer Care Specialist,Utrecht,2026-09-14,klantenservice medewerker,nee,https://nl.linkedin.com/jobs/view/customer-care-specialist-at-mediq-nederland-4446917798,https://nl.linkedin.com/company/mediq-nv,4446917798
Medtronic,Customer Care Representative - Service &amp; Repair,Heerlen,2026-08-26,klantenservice medewerker,nee,https://nl.linkedin.com/jobs/view/customer-care-representative-service-repair-at-medtronic-4459331258,https://www.linkedin.com/company/medtronic,4459331258
Medtronic,"Patient Services Representative Dutch, German and English",Heerlen,2026-08-27,klantenservice medewerker,nee,https://nl.linkedin.com/jobs/view/patient-services-representative-dutch-german-and-english-at-medtronic-4458321507,https://www.linkedin.com/company/medtronic,4458321507
Medtronic,Customer Care Representative with Dutch language,Heerlen,2026-09-08,klantenservice medewerker,nee,https://nl.linkedin.com/jobs/view/customer-care-representative-with-dutch-language-at-medtronic-4464347358,https://www.linkedin.com/company/medtronic,4464347358
Medtronic,Customer Care Representative – Service &amp; Repair - English Speaker,Heerlen,2026-09-09,klantenservice medewerker,nee,https://nl.linkedin.com/jobs/view/customer-care-representative-%E2%80%93-service-repair-english-speaker-at-medtronic-4464665528,https://www.linkedin.com/company/medtronic,4464665528
Meltwater,Customer Success Manager,Amsterdam Area,2026-09-01,customer happiness,nee,https://nl.linkedin.com/jobs/view/customer-success-manager-at-meltwater-4460672135,https://www.linkedin.com/company/meltwater,4460672135
Mendix,Junior Front-end Developer,Rotterdam,2026-09-16,webcare medewerker,nee,https://nl.linkedin.com/jobs/view/junior-front-end-developer-at-mendix-4456943543,https://www.linkedin.com/company/mendix,4456943543
Mercell,Join our Customer Service teams!,Utrecht,2026-07-04,klantenservice medewerker,nee,https://nl.linkedin.com/jobs/view/join-our-customer-service-teams%21-at-mercell-4435706727,https://no.linkedin.com/company/mercell-group,4435706727
Merz Therapeutics,Junior Brand &amp; Digital Manager,Terheijden,2026-09-04,webcare medewerker,nee,https://nl.linkedin.com/jobs/view/junior-brand-digital-manager-at-merz-therapeutics-4440753053,https://de.linkedin.com/company/merz-therapeutics,4440753053
Michael Page,Customer service medewerker,Rotterdam,2026-09-14,klantenservice medewerker,nee,https://nl.linkedin.com/jobs/view/customer-service-medewerker-at-michael-page-4466118500,https://uk.linkedin.com/company/michael-page,4466118500
Michael Page,Customer Service,Berkel en Rodenrijs,2026-09-14,klantenservice medewerker,nee,https://nl.linkedin.com/jobs/view/customer-service-at-michael-page-4466135337,https://uk.linkedin.com/company/michael-page,4466135337
Michael Page,Customer service medewerker,Rotterdam,2026-09-14,klantenservice medewerker,nee,https://nl.linkedin.com/jobs/view/customer-service-medewerker-at-michael-page-4465786609,https://uk.linkedin.com/company/michael-page,4465786609
Michael Page,Customer Service Medewerker,Rotterdam,2026-09-15,klantenservice medewerker,nee,https://nl.linkedin.com/jobs/view/customer-service-medewerker-at-michael-page-4466524462,https://uk.linkedin.com/company/michael-page,4466524462
Michael Page,Customer Service medewerker,Zevenhuizen,2026-09-16,klantenservice medewerker,nee,https://nl.linkedin.com/jobs/view/customer-service-medewerker-at-michael-page-4466894967,https://uk.linkedin.com/company/michael-page,4466894967
Michael Page,Customer Service Medewerker,Eindhoven,2026-09-21,klantenservice medewerker,nee,https://nl.linkedin.com/jobs/view/customer-service-medewerker-at-michael-page-4469970674,https://uk.linkedin.com/company/michael-page,4469970674
Mijndomein,Customer Success Specialist,Almere,2026-08-31,webcare medewerker,nee,https://nl.linkedin.com/jobs/view/customer-success-specialist-at-mijndomein-4461083661,https://nl.linkedin.com/company/mijndomein,4461083661
Mila Health,Customer success lead,Amsterdam,2026-07-21,customer happiness,nee,https://nl.linkedin.com/jobs/view/customer-success-lead-at-mila-health-4441009278,https://nl.linkedin.com/company/milahealth-co,4441009278
MiniMed,Patient Services Representative (Dutch and English),Heerlen,2026-09-04,klantenservice medewerker,nee,https://nl.linkedin.com/jobs/view/patient-services-representative-dutch-and-english-at-minimed-4462800776,https://www.linkedin.com/company/minimed-diabetes,4462800776
Mistral,"Customer Success, EMEA",Amsterdam,2026-09-21,customer happiness,nee,https://nl.linkedin.com/jobs/view/customer-success-emea-at-mistral-4469896754,https://fr.linkedin.com/company/mistralai,4469896754
Mollie,Business Support Specialist - Dutch,Maastricht,2026-09-19,klantenservice medewerker,nee,https://nl.linkedin.com/jobs/view/business-support-specialist-dutch-at-mollie-4409407333,https://nl.linkedin.com/company/mollie,4409407333
Mollie,Customer Success Manager - Benelux,Amsterdam,2026-09-21,customer happiness,nee,https://nl.linkedin.com/jobs/view/customer-success-manager-benelux-at-mollie-4469895606,https://nl.linkedin.com/company/mollie,4469895606
Momo Medical,Customer Support Specialist,Delft,2026-09-11,klantenservice medewerker,nee,https://nl.linkedin.com/jobs/view/customer-support-specialist-at-momo-medical-4464862454,https://nl.linkedin.com/company/momo-medical,4464862454
More Recruitment,Customer Service Specialist,Amsterdam,2026-08-31,klantenservice medewerker,nee,https://nl.linkedin.com/jobs/view/customer-service-specialist-at-more-recruitment-4461213083,https://nl.linkedin.com/company/more-recruitment-b-v-,4461213083
More Recruitment,Customer Service Specialist,Amsterdam Area,2026-09-04,klantenservice medewerker,nee,https://nl.linkedin.com/jobs/view/customer-service-specialist-at-more-recruitment-4463347668,https://nl.linkedin.com/company/more-recruitment-b-v-,4463347668
More Recruitment,Customer Service Specialist,Amsterdam,2026-09-14,klantenservice medewerker,nee,https://nl.linkedin.com/jobs/view/customer-service-specialist-at-more-recruitment-4455273272,https://nl.linkedin.com/company/more-recruitment-b-v-,4455273272
MoreCareClinics,SEO &amp; AI Search Marketeer,Randstad,2026-09-10,webcare medewerker,nee,https://nl.linkedin.com/jobs/view/seo-ai-search-marketeer-at-morecareclinics-4463875820,https://nl.linkedin.com/company/morecareclinics,4463875820
Morgan Stanley,Investment Management - EMEA Client Relationship Management - Vice President,Amsterdam,2026-09-09,customer happiness,nee,https://nl.linkedin.com/jobs/view/investment-management-emea-client-relationship-management-vice-president-at-morgan-stanley-4463832383,https://www.linkedin.com/company/morgan-stanley,4463832383
MostWare | Inspireren met IT,IT Servicedesk Medewerker,Leiden,2026-08-26,webcare medewerker,nee,https://nl.linkedin.com/jobs/view/it-servicedesk-medewerker-at-mostware-4459179252,https://nl.linkedin.com/company/mostware,4459179252
MPM International Oil Company B.V.,Customer Service Representative,Delft,2026-08-31,klantenservice medewerker,nee,https://nl.linkedin.com/jobs/view/customer-service-representative-at-mpm-international-oil-company-b-v-4461052787,https://nl.linkedin.com/company/mpm-oil,4461052787
Multilingual Jobs Worldwide,Airline Customer Service Agent,Amsterdam Area,2026-09-04,klantenservice medewerker,nee,https://nl.linkedin.com/jobs/view/airline-customer-service-agent-at-multilingual-jobs-worldwide-4463321665,https://no.linkedin.com/company/multilingualjobsworldwide,4463321665
MultiTankcard,Customer Service Specialist,Schiphol-Rijk,2026-06-18,klantenservice medewerker,nee,https://nl.linkedin.com/jobs/view/customer-service-specialist-at-multitankcard-4439777523,https://nl.linkedin.com/company/multitankcard,4439777523
myTomorrows,Full Stack Engineer,Amsterdam,2026-09-22,webcare medewerker,nee,https://nl.linkedin.com/jobs/view/full-stack-engineer-at-mytomorrows-4469909379,https://nl.linkedin.com/company/mytomorrows,4469909379
N-able,Customer Success Manager - French Speaking,Utrecht,2026-09-18,customer happiness,nee,https://nl.linkedin.com/jobs/view/customer-success-manager-french-speaking-at-n-able-4448073751,https://www.linkedin.com/company/n-able,4448073751
NCR Voyix,Customer Success Manager - Amsterdam,Amsterdam,2026-09-18,customer happiness,nee,https://nl.linkedin.com/jobs/view/customer-success-manager-amsterdam-at-ncr-voyix-4401623072,https://www.linkedin.com/company/ncrvoyix,4401623072
Nedap,Junior/Medior Full-Stack Ruby Developer .,Groenlo,2026-08-17,webcare medewerker,nee,https://nl.linkedin.com/jobs/view/junior-medior-full-stack-ruby-developer-at-nedap-4452413236,https://nl.linkedin.com/company/nedap,4452413236
Nedap,Junior/Medior Full-Stack Ruby Developer,Groenlo,2026-08-17,webcare medewerker,nee,https://nl.linkedin.com/jobs/view/junior-medior-full-stack-ruby-developer-at-nedap-4451654528,https://nl.linkedin.com/company/nedap,4451654528
Netpoint group,(Ervaren) Web Developer - Waalwijk,Waalwijk,2026-07-17,webcare medewerker,nee,https://nl.linkedin.com/jobs/view/ervaren-web-developer-waalwijk-at-netpoint-group-4442179400,https://nl.linkedin.com/company/netpoint-group,4442179400
New Flag GmbH,Junior E-Commerce Manager,Haarlem,2026-09-01,webcare medewerker,nee,https://nl.linkedin.com/jobs/view/junior-e-commerce-manager-at-new-flag-gmbh-4460363795,https://de.linkedin.com/company/new-flag-gmbh,4460363795
NieuweStroom,Medewerker Customer Operations,Maastricht,2026-09-17,klantenservice medewerker,nee,https://nl.linkedin.com/jobs/view/medewerker-customer-operations-at-nieuwestroom-4468605295,https://nl.linkedin.com/company/nieuwestroom,4468605295
Nilfisk,Customer Service Employee,Almere,2026-09-05,klantenservice medewerker,nee,https://nl.linkedin.com/jobs/view/customer-service-employee-at-nilfisk-4463724526,https://dk.linkedin.com/company/nilfisk,4463724526
Nobel Recruitment,German-speaking Partner Success Manager / 45K-65K,Amsterdam,2026-09-15,customer happiness,nee,https://nl.linkedin.com/jobs/view/german-speaking-partner-success-manager-45k-65k-at-nobel-recruitment-4466189079,https://nl.linkedin.com/company/nobelrecruitment,4466189079
NORNORM,Customer Success Coordinator,Amsterdam Area,2026-08-28,customer happiness,nee,https://nl.linkedin.com/jobs/view/customer-success-coordinator-at-nornorm-4460356148,https://dk.linkedin.com/company/nornorm,4460356148
Notuly.,Customer succes &amp; support medewerker,Deventer,2026-08-26,customer happiness,nee,https://nl.linkedin.com/jobs/view/customer-succes-support-medewerker-at-notuly-4459189122,https://nl.linkedin.com/company/notuly,4459189122
NRF (Nederlandse Radiateuren Fabriek),Customer Service Representative,Mill,2026-09-17,klantenservice medewerker,nee,https://nl.linkedin.com/jobs/view/customer-service-representative-at-nrf-nederlandse-radiateuren-fabriek-4467190041,https://nl.linkedin.com/company/nederlandse-radiateuren-fabriek,4467190041
Nutanix,"Senior Staff Customer Experience Manager, Dutch speaker",Amsterdam,2026-09-09,customer happiness,nee,https://nl.linkedin.com/jobs/view/senior-staff-customer-experience-manager-dutch-speaker-at-nutanix-4461295968,https://www.linkedin.com/company/nutanix,4461295968
Nutanix,"Senior Staff Customer Experience Manager, Dutch speaker",Hoofddorp,2026-09-09,customer happiness,nee,https://nl.linkedin.com/jobs/view/senior-staff-customer-experience-manager-dutch-speaker-at-nutanix-4461503838,https://www.linkedin.com/company/nutanix,4461503838
Oakwell Hampton Group,Client Success Manager,Amsterdam Area,2026-09-10,customer happiness,nee,https://nl.linkedin.com/jobs/view/client-success-manager-at-oakwell-hampton-group-4465805104,https://uk.linkedin.com/company/oakwell-hampton,4465805104
Octiva,Head of Customer Success,Breda,2026-05-04,customer happiness,nee,https://nl.linkedin.com/jobs/view/head-of-customer-success-at-octiva-4420942347,https://be.linkedin.com/company/octiva,4420942347
Octiva,Head of Customer Success,Asten,2026-05-04,customer happiness,nee,https://nl.linkedin.com/jobs/view/head-of-customer-success-at-octiva-4420951180,https://be.linkedin.com/company/octiva,4420951180
OH Solutions,Customer Experience Specialist,Almere,2026-09-11,customer happiness,nee,https://nl.linkedin.com/jobs/view/customer-experience-specialist-at-oh-solutions-4440950989,https://www.linkedin.com/company/oh-solutions-nl,4440950989
Olyslager,Customer Success Manager,Bunschoten-Spakenburg,2026-09-18,customer happiness,nee,https://nl.linkedin.com/jobs/view/customer-success-manager-at-olyslager-4430926312,https://nl.linkedin.com/company/olyslager-organisation-bv,4430926312
Onlineverf.nl,Medewerker klantenservice,Hengelo,2026-09-11,klantenservice medewerker,nee,https://nl.linkedin.com/jobs/view/medewerker-klantenservice-at-onlineverf-nl-4466058358,https://nl.linkedin.com/company/onlineverf,4466058358
Open (YC W24),CSM (Customer Success Manager),Amsterdam,2026-06-14,customer happiness,nee,https://nl.linkedin.com/jobs/view/csm-customer-success-manager-at-open-yc-w24-4428634335,https://www.linkedin.com/company/opencx,4428634335
Openclaims,Customer Success &amp; Growth Manager – Dealers &amp; Schadeherstellers,Amsterdam,2026-07-29,customer happiness,nee,https://nl.linkedin.com/jobs/view/customer-success-growth-manager-%E2%80%93-dealers-schadeherstellers-at-openclaims-4446814064,https://nl.linkedin.com/company/openclaims,4446814064
OPENRED,Customer Succes Lead,Rotterdam,2026-08-13,customer happiness,nee,https://nl.linkedin.com/jobs/view/customer-succes-lead-at-openred-4453604681,https://nl.linkedin.com/company/openred,4453604681
OrbusNeich Medical Company Ltd.,Customer Relations Coordinator,Hoevelaken,2026-09-22,customer happiness,nee,https://nl.linkedin.com/jobs/view/customer-relations-coordinator-at-orbusneich-medical-company-ltd-4470286316,https://hk.linkedin.com/company/orbusneich-medical,4470286316
Otolift Academy,Klantenservice medewerker,Bergambacht,2026-09-21,klantenservice medewerker,nee,https://nl.linkedin.com/jobs/view/klantenservice-medewerker-at-otolift-academy-4469877371,https://nl.linkedin.com/company/otolift-academy,4469877371
Oxford Global Resources,"Klantenservice Medewerker - Frans, Nederlands, Engels",Amsterdam,2026-08-31,klantenservice medewerker,nee,https://nl.linkedin.com/jobs/view/klantenservice-medewerker-frans-nederlands-engels-at-oxford-global-resources-4459792285,https://www.linkedin.com/company/oxford-global-resources,4459792285
Pageking® - Full Swing Digital Agency,Front-End Developer (Junior/Starter),Breda,2025-09-02,webcare medewerker,nee,https://nl.linkedin.com/jobs/view/front-end-developer-junior-starter-at-pageking%C2%AE-full-swing-digital-agency-4306048978,https://nl.linkedin.com/company/pageking,4306048978
Palo Alto Networks,Staff Customer Success Engineer - Cloud,Amsterdam,2026-09-09,customer happiness,nee,https://nl.linkedin.com/jobs/view/staff-customer-success-engineer-cloud-at-palo-alto-networks-4433979798,https://www.linkedin.com/company/palo-alto-networks,4433979798
Palo Alto Networks,Staff Customer Success Engineer,Amsterdam,2026-09-18,customer happiness,nee,https://nl.linkedin.com/jobs/view/staff-customer-success-engineer-at-palo-alto-networks-4466683134,https://www.linkedin.com/company/palo-alto-networks,4466683134
Parfumerie Douglas Nederland,Franstalige Customer Service Agent,Nijmegen,2025-01-16,klantenservice medewerker,nee,https://nl.linkedin.com/jobs/view/franstalige-customer-service-agent-at-parfumerie-douglas-nederland-4125917811,https://nl.linkedin.com/company/parfumerie-douglas-nederland,4125917811
Parfumerie Douglas Nederland,Specialist Online Product Data,Nijmegen,2026-08-26,webcare medewerker,nee,https://nl.linkedin.com/jobs/view/specialist-online-product-data-at-parfumerie-douglas-nederland-4457222323,https://nl.linkedin.com/company/parfumerie-douglas-nederland,4457222323
Pensify,Customer Success Manager,Amsterdam,2026-09-10,customer happiness,nee,https://nl.linkedin.com/jobs/view/customer-success-manager-at-pensify-4465684096,https://nl.linkedin.com/company/pensify,4465684096
Permobil,Customer Support Representative,Oisterwijk,2026-09-06,klantenservice medewerker,nee,https://nl.linkedin.com/jobs/view/customer-support-representative-at-permobil-4400388875,https://se.linkedin.com/company/permobil,4400388875
PGGM,Klantcontact medewerker klantcontact BPF Schilders,Zeist,2026-09-17,klantenservice medewerker,nee,https://nl.linkedin.com/jobs/view/klantcontact-medewerker-klantcontact-bpf-schilders-at-pggm-4468602316,https://nl.linkedin.com/company/pggm,4468602316
PharmaPartners,Customer Care Specialist,Oosterhout,2026-09-19,klantenservice medewerker,nee,https://nl.linkedin.com/jobs/view/customer-care-specialist-at-pharmapartners-4455856177,https://nl.linkedin.com/company/pharmapartners,4455856177
PinDirect by Cyber &amp; Mason,Medewerker Customer Support,Amersfoort,2026-09-14,klantenservice medewerker,nee,https://nl.linkedin.com/jobs/view/medewerker-customer-support-at-pindirect-by-cyber-mason-4467070749,https://nl.linkedin.com/company/pindirect,4467070749
PinkRoccade Local Government,Manager Customer Care Samenlevingszaken (lid MT),s-Hertogenbosch Area,2026-09-21,customer happiness,nee,https://nl.linkedin.com/jobs/view/manager-customer-care-samenlevingszaken-lid-mt-at-pinkroccade-local-government-4468750854,https://nl.linkedin.com/company/pinkroccade-local-government,4468750854
Plieger,IT Support Medewerker,Zaltbommel,2026-06-17,webcare medewerker,nee,https://nl.linkedin.com/jobs/view/it-support-medewerker-at-plieger-4426882717,https://nl.linkedin.com/company/plieger,4426882717
Pluripharm Groep,Medewerker Customer Services,Alkmaar,2026-09-13,klantenservice medewerker,nee,https://nl.linkedin.com/jobs/view/medewerker-customer-services-at-pluripharm-groep-4439035928,https://nl.linkedin.com/company/pluripharm,4439035928
PLUS Retail,Medewerker Winkel Helpdesk,Utrecht,2026-09-04,klantenservice medewerker,nee,https://nl.linkedin.com/jobs/view/medewerker-winkel-helpdesk-at-plus-retail-4340155657,https://nl.linkedin.com/company/plus-retail,4340155657
Pluvo,Customer Success Manager,Amsterdam Area,2026-09-11,customer happiness,nee,https://nl.linkedin.com/jobs/view/customer-success-manager-at-pluvo-4466060567,https://nl.linkedin.com/company/pluvo,4466060567
Postex DACH,Customer Success &amp; Support Consultant (40 uur),Gouda,2026-07-28,customer happiness,nee,https://nl.linkedin.com/jobs/view/customer-success-support-consultant-40-uur-at-postex-dach-4446002322,https://de.linkedin.com/company/postex-dach,4446002322
Prada,"PRADA Client Advisor MRTW (m/f/d), De Bijenkorf",Amsterdam,2026-09-18,customer happiness,nee,https://nl.linkedin.com/jobs/view/prada-client-advisor-mrtw-m-f-d-de-bijenkorf-at-prada-4467886289,https://it.linkedin.com/company/prada,4467886289
Prada,"PRADA Client Advisor MRTW (m/f/d), PCH",Amsterdam,2026-09-18,customer happiness,nee,https://nl.linkedin.com/jobs/view/prada-client-advisor-mrtw-m-f-d-pch-at-prada-4467857161,https://it.linkedin.com/company/prada,4467857161
Print.com,Klantenservice medewerker,Deventer,2025-09-02,klantenservice medewerker,nee,https://nl.linkedin.com/jobs/view/klantenservice-medewerker-at-print-com-4294221522,https://nl.linkedin.com/company/printdotcom,4294221522
Print.com,Customer Success Specialist,Deventer,2026-05-20,customer happiness,nee,https://nl.linkedin.com/jobs/view/customer-success-specialist-at-print-com-4416192903,https://nl.linkedin.com/company/printdotcom,4416192903
Print.com,After Sales Specialist - Klantrelatie &amp; Complaints,Deventer,2026-09-10,customer happiness,nee,https://nl.linkedin.com/jobs/view/after-sales-specialist-klantrelatie-complaints-at-print-com-4465607153,https://nl.linkedin.com/company/printdotcom,4465607153
Progressive,IT Servicedesk Medewerker | Zorg | Woerden,Woerden,2026-08-24,webcare medewerker,nee,https://nl.linkedin.com/jobs/view/it-servicedesk-medewerker-zorg-woerden-at-progressive-4453117246,https://uk.linkedin.com/company/progressive-recruitment,4453117246
project44,Customer Success Manager,Amsterdam,2026-09-15,customer happiness,nee,https://nl.linkedin.com/jobs/view/customer-success-manager-at-project44-4465266062,https://www.linkedin.com/company/project-44,4465266062
Property Plan,Front-end Developer,'s-Hertogenbosch,2026-09-10,webcare medewerker,nee,https://nl.linkedin.com/jobs/view/front-end-developer-at-property-plan-4463437958,https://nl.linkedin.com/company/propertyplan,4463437958
Proprli,Customer Support Professional at team Proprli (NL),Heerde,2026-07-17,customer happiness,nee,https://nl.linkedin.com/jobs/view/customer-support-professional%0Aat-team-proprli-nl-at-proprli-4441325540,https://nl.linkedin.com/company/proprli-terminal,4441325540
Proxsys,Skilled Servicedesk Medewerker,Rotterdam,2026-06-18,webcare medewerker,nee,https://nl.linkedin.com/jobs/view/skilled-servicedesk-medewerker-at-proxsys-4439773635,https://nl.linkedin.com/company/proxsys-nl,4439773635
Prénatal,SEO-specialist,Amersfoort,2026-09-22,webcare medewerker,nee,https://nl.linkedin.com/jobs/view/seo-specialist-at-prenatal-moeder-en-kind-b-v-4468548197,https://nl.linkedin.com/company/prenatal-moeder-en-kind-b.v.,4468548197
PS Calamiteiten,Medewerker Calamiteiten,Almere,2026-06-03,webcare medewerker,nee,https://nl.linkedin.com/jobs/view/medewerker-calamiteiten-at-ps-calamiteiten-4422942508,https://nl.linkedin.com/company/project-support-calamiteiten,4422942508
PSI CRO,Site Management Associate,Amsterdam,2026-09-15,webcare medewerker,nee,https://nl.linkedin.com/jobs/view/site-management-associate-at-psi-cro-4465542548,https://ch.linkedin.com/company/psi-cro-ag,4465542548
Publitas.com,Senior Customer Success Manager ( SaaS / Remote / Dutch),Nederland,2026-09-08,customer happiness,nee,https://nl.linkedin.com/jobs/view/senior-customer-success-manager-saas-remote-dutch-at-publitas-com-4458166743,https://nl.linkedin.com/company/publitas-com,4458166743
Quatt,Customer Success Manager - Installations,Amsterdam,2026-09-08,customer happiness,nee,https://nl.linkedin.com/jobs/view/customer-success-manager-installations-at-quatt-4462418926,https://nl.linkedin.com/company/quatt-heat,4462418926
Quooker,Information Technology Support Specialist,Ridderkerk,2026-09-16,webcare medewerker,nee,https://nl.linkedin.com/jobs/view/information-technology-support-specialist-at-quooker-4455729021,https://nl.linkedin.com/company/quooker,4455729021
Rabobank,Adviseur Klantenservice Midden -en Kleinbedrijf (MKB) - Omgeving Utrecht,Zeist,2026-09-03,klantenservice medewerker,nee,https://nl.linkedin.com/jobs/view/adviseur-klantenservice-midden-en-kleinbedrijf-mkb-omgeving-utrecht-at-rabobank-4404841495,https://nl.linkedin.com/company/rabobank,4404841495
Rabobank,Medewerker Klantenservice Particulieren Regio Tilburg,Tilburg,2026-09-04,klantenservice medewerker,nee,https://nl.linkedin.com/jobs/view/medewerker-klantenservice-particulieren-regio-tilburg-at-rabobank-4463345061,https://nl.linkedin.com/company/rabobank,4463345061
Rabobank,Medewerker Klantenservice Particulieren,Utrecht,2026-09-18,klantenservice medewerker,nee,https://nl.linkedin.com/jobs/view/medewerker-klantenservice-particulieren-at-rabobank-4441959772,https://nl.linkedin.com/company/rabobank,4441959772
Rabobank,Medewerker Klantenservice Particulieren Regio Eindhoven,Eindhoven,2026-09-21,klantenservice medewerker,nee,https://nl.linkedin.com/jobs/view/medewerker-klantenservice-particulieren-regio-eindhoven-at-rabobank-4451355910,https://nl.linkedin.com/company/rabobank,4451355910
Rabobank,Adviseur Klantenservice Midden -en Kleinbedrijf (MKB) Alkmaar,Alkmaar,2026-09-21,klantenservice medewerker,nee,https://nl.linkedin.com/jobs/view/adviseur-klantenservice-midden-en-kleinbedrijf-mkb-alkmaar-at-rabobank-4366383122,https://nl.linkedin.com/company/rabobank,4366383122
Rail-Flow,Senior Customer Success Manager - SaaS (m/f/x),Rotterdam,2026-06-12,customer happiness,nee,https://nl.linkedin.com/jobs/view/senior-customer-success-manager-saas-m-f-x-at-rail-flow-4425317073,https://de.linkedin.com/company/rail-flow,4425317073
Redcare Pharmacy,Mitarbeiter Kundenservice (m/w/d),Sevenum,2026-09-14,klantenservice medewerker,nee,https://nl.linkedin.com/jobs/view/mitarbeiter-kundenservice-m-w-d-at-redcare-pharmacy-4455863555,https://nl.linkedin.com/company/redcare-pharmacy-com,4455863555
Redcare Pharmacy,Magazijnmedewerker (m/v/x) Fulltime in Sevenum,Sevenum,2026-09-18,webcare medewerker,nee,https://nl.linkedin.com/jobs/view/magazijnmedewerker-m-v-x-fulltime-in-sevenum-at-redcare-pharmacy-4466672636,https://nl.linkedin.com/company/redcare-pharmacy-com,4466672636
RedCarpet®,Klantenservicemedewerker met ervaring,Amsterdam,2026-09-22,klantenservice medewerker,nee,https://nl.linkedin.com/jobs/view/klantenservicemedewerker-met-ervaring-at-redcarpet%C2%AE-4470290922,https://nl.linkedin.com/company/redcarpet-careers,4470290922
Richemont,E-Boutique Client Advisor French Speaking,Amsterdam,2026-09-18,customer happiness,nee,https://nl.linkedin.com/jobs/view/e-boutique-client-advisor-french-speaking-at-richemont-4467886933,https://ch.linkedin.com/company/richemont,4467886933
Ricoh Nederland,Key Account Customer Service Agent | Den Bosch | Hybrid,'s-Hertogenbosch,2026-07-29,klantenservice medewerker,nee,https://nl.linkedin.com/jobs/view/key-account-customer-service-agent-den-bosch-hybrid-at-ricoh-nederland-4444962081,https://nl.linkedin.com/company/ricohnederland,4444962081
RIMOWA,Client Advisor - AMSTERDAM DE BIJENKORF (m/f/d),Amsterdam,2026-09-17,customer happiness,nee,https://nl.linkedin.com/jobs/view/client-advisor-amsterdam-de-bijenkorf-m-f-d-at-rimowa-4449018386,https://de.linkedin.com/company/rimowa,4449018386
Rituals (B Corp™),Customer Relations &amp; Sales Ambassador French – CHO EDGE Amsterdam | 32-40h,Amsterdam,2026-09-10,customer happiness,nee,https://nl.linkedin.com/jobs/view/customer-relations-sales-ambassador-french-%E2%80%93-cho-edge-amsterdam-32-40h-at-rituals-b-corp%E2%84%A2-4446576580,https://nl.linkedin.com/company/rituals,4446576580
Rituals (B Corp™),Customer Relations and Sales Ambassador German – CHO EDGE Amsterdam | 32-40h,Amsterdam,2026-09-15,customer happiness,nee,https://nl.linkedin.com/jobs/view/customer-relations-and-sales-ambassador-german-%E2%80%93-cho-edge-amsterdam-32-40h-at-rituals-b-corp%E2%84%A2-4458257606,https://nl.linkedin.com/company/rituals,4458257606
Roadsoft,Customer Success Specialist (Onboarding &amp; Support),Amsterdam,2026-09-17,customer happiness,nee,https://nl.linkedin.com/jobs/view/customer-success-specialist-onboarding-support-at-roadsoft-4468663286,https://nl.linkedin.com/company/roadsoft,4468663286
Robert Walters,Vastgoed Klantenservice Medewerker,Amsterdam,2026-08-25,klantenservice medewerker,nee,https://nl.linkedin.com/jobs/view/vastgoed-klantenservice-medewerker-at-robert-walters-4457474243,https://uk.linkedin.com/company/robert-walters,4457474243
Robin Radar Systems,Customer Success Manager - CUAS,Delft,2026-09-10,customer happiness,nee,https://nl.linkedin.com/jobs/view/customer-success-manager-cuas-at-robin-radar-systems-4438199452,https://nl.linkedin.com/company/robin-radar-systems-b-v-,4438199452
Robin Radar Systems,Customer Success Manager - AVIAN,Delft,2026-09-17,customer happiness,nee,https://nl.linkedin.com/jobs/view/customer-success-manager-avian-at-robin-radar-systems-4449473745,https://nl.linkedin.com/company/robin-radar-systems-b-v-,4449473745
ROCKWOOL Group,Customer Service Representative,Roermond,2026-09-10,klantenservice medewerker,nee,https://nl.linkedin.com/jobs/view/customer-service-representative-at-rockwool-group-4465686734,https://dk.linkedin.com/company/rockwool-group,4465686734
ROCKWOOL Group,Customer Services Employee,Roermond,2026-09-14,klantenservice medewerker,nee,https://nl.linkedin.com/jobs/view/customer-services-employee-at-rockwool-group-4467030929,https://dk.linkedin.com/company/rockwool-group,4467030929
Royal A-ware,Medewerker Customer Care,Almere,2026-09-07,klantenservice medewerker,nee,https://nl.linkedin.com/jobs/view/medewerker-customer-care-at-royal-a-ware-4425632190,https://nl.linkedin.com/company/a-ware-food-group-b-v-,4425632190
Runnr.ai,Customer Success Manager,"Utrecht, Nederland",2026-09-22,customer happiness,nee,https://nl.linkedin.com/jobs/view/customer-success-manager-at-runnr-ai-4470299624,https://nl.linkedin.com/company/runnr-ai,4470299624
RVS Clean,Cleanroom medewerker,Bergeyk,2026-05-23,webcare medewerker,nee,https://nl.linkedin.com/jobs/view/cleanroom-medewerker-at-rvs-clean-4429783675,https://nl.linkedin.com/company/rvs-clean,4429783675
RX Group,CUSTOMER SUCCESS COORDINATOR GEZOCHT,Gemert,2026-08-27,customer happiness,nee,https://nl.linkedin.com/jobs/view/customer-success-coordinator-gezocht-at-rx-group-4459696607,https://nl.linkedin.com/company/rx-group,4459696607
S4D,Customer Success Manager (Nederlands),Amsterdam,2026-06-30,customer happiness,nee,https://nl.linkedin.com/jobs/view/customer-success-manager-nederlands-at-s4d-4434986304,https://nl.linkedin.com/company/solutions4delivery,4434986304
S4D,Customer Success Specialist (Nederlands),Amsterdam,2026-06-30,customer happiness,nee,https://nl.linkedin.com/jobs/view/customer-success-specialist-nederlands-at-s4d-4434981284,https://nl.linkedin.com/company/solutions4delivery,4434981284
Salesrecruiters,Customer Care Professional,Amsterdam,2026-09-16,customer happiness,nee,https://nl.linkedin.com/jobs/view/customer-care-professional-at-salesrecruiters-4468225734,https://nl.linkedin.com/company/salesrecruiters,4468225734
Salute,Data Centre NOC Operator,Amsterdam,2026-08-07,webcare medewerker,nee,https://nl.linkedin.com/jobs/view/data-centre-noc-operator-at-salute-4460250542,https://www.linkedin.com/company/inc-salute,4460250542
Saxo Bank,Client Service Associate (French + Dutch Speaking),Amsterdam,2026-09-12,customer happiness,nee,https://nl.linkedin.com/jobs/view/client-service-associate-french-%2B-dutch-speaking-at-saxo-bank-4036618828,https://dk.linkedin.com/company/saxo-bank,4036618828
Secure Design Webdevelopment,"Vacature front-end developer (mbo / hbo, Leiden, 32-40 uur)",Leiden,2026-07-09,webcare medewerker,nee,https://nl.linkedin.com/jobs/view/vacature-front-end-developer-mbo-hbo-leiden-32-40-uur-at-secure-design-webdevelopment-4448391541,https://nl.linkedin.com/company/secure-design-webdevelopment,4448391541
Secure Design Webdevelopment,"Vacature online marketeer (hbo, 16-24 uur)",Leiden,2026-07-09,webcare medewerker,nee,https://nl.linkedin.com/jobs/view/vacature-online-marketeer-hbo-16-24-uur-at-secure-design-webdevelopment-4448601209,https://nl.linkedin.com/company/secure-design-webdevelopment,4448601209
Secure Design Webdevelopment,"Vacature online marketeer (hbo, 32-36 uur)",Leiden,2026-07-09,webcare medewerker,nee,https://nl.linkedin.com/jobs/view/vacature-online-marketeer-hbo-32-36-uur-at-secure-design-webdevelopment-4448604202,https://nl.linkedin.com/company/secure-design-webdevelopment,4448604202
Sedgwick,Administratief Medewerker,Amstelveen,2026-09-03,webcare medewerker,nee,https://nl.linkedin.com/jobs/view/administratief-medewerker-at-sedgwick-4256918853,https://www.linkedin.com/company/sedgwick,4256918853
Select Courier International B.V.,CUSTOMER SERVICE,Rotterdam,2026-07-21,klantenservice medewerker,nee,https://nl.linkedin.com/jobs/view/customer-service-at-select-courier-international-b-v-4442661805,https://nl.linkedin.com/company/select-courier-international,4442661805
Sendcloud,Customer Support Consultant - Benelux,Eindhoven,2026-08-31,klantenservice medewerker,nee,https://nl.linkedin.com/jobs/view/customer-support-consultant-benelux-at-sendcloud-4460023105,https://nl.linkedin.com/company/sendcloud,4460023105
Sense Company,Customer Care Specialist,Tilburg,2026-09-16,customer happiness,nee,https://nl.linkedin.com/jobs/view/customer-care-specialist-at-sense-company-4467079261,https://nl.linkedin.com/company/sense-company,4467079261
Service Best International B.V.,Medewerker Customer Relations (32 tot 40 uur),Eindhoven,2026-09-07,customer happiness,nee,https://nl.linkedin.com/jobs/view/medewerker-customer-relations-32-tot-40-uur-at-service-best-international-b-v-4464306303,https://nl.linkedin.com/company/service-best-international-b.v.,4464306303
Shoppartners B.V.,Junior Content medewerker - 32 tot 40 uur per week,Heerhugowaard,2026-09-11,webcare medewerker,nee,https://nl.linkedin.com/jobs/view/junior-content-medewerker-32-tot-40-uur-per-week-at-shoppartners-b-v-4465148462,https://nl.linkedin.com/company/shoppartners,4465148462
Shoppartners B.V.,Medior Content medewerker - 32 tot 40 uur per week,Heerhugowaard,2026-09-11,webcare medewerker,nee,https://nl.linkedin.com/jobs/view/medior-content-medewerker-32-tot-40-uur-per-week-at-shoppartners-b-v-4465155507,https://nl.linkedin.com/company/shoppartners,4465155507
Simac,Customer Experience Manager Healthcare (regio Den Haag/Rotterdam),Utrecht,2026-02-27,customer happiness,nee,https://nl.linkedin.com/jobs/view/customer-experience-manager-healthcare-regio-den-haag-rotterdam-at-simac-4377933710,https://nl.linkedin.com/company/simac-it-group,4377933710
Simac,Customer Experience Manager Retail,Utrecht,2026-02-27,customer happiness,nee,https://nl.linkedin.com/jobs/view/customer-experience-manager-retail-at-simac-4377944359,https://nl.linkedin.com/company/simac-it-group,4377944359
Simvia,Junior Customer Success Specialist - Benelux - Growing Impact Scale Up,Amsterdam,2026-08-13,customer happiness,nee,https://nl.linkedin.com/jobs/view/junior-customer-success-specialist-benelux-growing-impact-scale-up-at-simvia-4462919236,https://nl.linkedin.com/company/simvia-suppychain,4462919236
Simvia,Junior Customer Success Specialist - Benelux - Growing Impact Scale Up,Amsterdam,2026-09-16,customer happiness,nee,https://nl.linkedin.com/jobs/view/junior-customer-success-specialist-benelux-growing-impact-scale-up-at-simvia-4467970325,https://nl.linkedin.com/company/simvia-suppychain,4467970325
Simvia,Customer Success Manager - Benelux - Growing Impact Scale Up,Amsterdam,2026-09-21,customer happiness,nee,https://nl.linkedin.com/jobs/view/customer-success-manager-benelux-growing-impact-scale-up-at-simvia-4469842764,https://nl.linkedin.com/company/simvia-suppychain,4469842764
Sligro Food Group,Medewerker Customer Care,Breda,2026-09-22,klantenservice medewerker,nee,https://nl.linkedin.com/jobs/view/medewerker-customer-care-at-sligro-food-group-4470293178,https://nl.linkedin.com/company/sligro-food-group,4470293178
Smart Health,Online marketeer,Rotterdam,2026-04-07,webcare medewerker,nee,https://nl.linkedin.com/jobs/view/online-marketeer-at-smart-health-4398376296,https://nl.linkedin.com/company/smarthealthnl,4398376296
Smartwares Group,Customer Contact Specialist (E-commerce),Tilburg,2026-09-08,customer happiness,nee,https://nl.linkedin.com/jobs/view/customer-contact-specialist-e-commerce-at-smartwares-group-4462505766,https://nl.linkedin.com/company/smartwaresgroup,4462505766
Smollan Netherlands,Customer Success Medewerker,Amsterdam,2026-08-21,customer happiness,nee,https://nl.linkedin.com/jobs/view/customer-success-medewerker-at-smollan-netherlands-4447520039,https://www.linkedin.com/company/smollan-netherlands,4447520039
Snelstart,Klantenservice Medewerker Amersfoort,Amersfoort,2026-08-25,klantenservice medewerker,nee,https://nl.linkedin.com/jobs/view/klantenservice-medewerker-amersfoort-at-snelstart-4447533157,https://nl.linkedin.com/company/snelstart,4447533157
SoftwareOne,Klantenservice,Amsterdam,2026-09-08,customer happiness,nee,https://nl.linkedin.com/jobs/view/klantenservice-at-softwareone-4463245596,https://ch.linkedin.com/company/softwareone,4463245596
SoftwareOne,Binnendienst,Amsterdam,2026-09-08,customer happiness,nee,https://nl.linkedin.com/jobs/view/binnendienst-at-softwareone-4463239599,https://ch.linkedin.com/company/softwareone,4463239599
SoftwareOne,Trainee Sales Support,Amsterdam,2026-09-08,customer happiness,nee,https://nl.linkedin.com/jobs/view/trainee-sales-support-at-softwareone-4463230847,https://ch.linkedin.com/company/softwareone,4463230847
SoftwareOne,Customer Success Manager,Amsterdam,2026-09-21,customer happiness,nee,https://nl.linkedin.com/jobs/view/customer-success-manager-at-softwareone-4468775473,https://ch.linkedin.com/company/softwareone,4468775473
"Solera Holdings, LLC.",Junior Customer Success Representative,Den Haag,2026-08-02,customer happiness,nee,https://nl.linkedin.com/jobs/view/junior-customer-success-representative-at-solera-holdings-llc-4402372368,https://www.linkedin.com/company/solera,4402372368
Solid Partners ICT Groep,ServiceDesk Medewerker (IT Support Engineer),Raalte,2026-07-23,webcare medewerker,nee,https://nl.linkedin.com/jobs/view/servicedesk-medewerker-it-support-engineer-at-solid-partners-ict-groep-4441553368,https://nl.linkedin.com/company/solid-partners-ict-groep,4441553368
SomnoMed France,Customer service Medewerker (Dutch fluent),Arnhem,2026-01-08,klantenservice medewerker,nee,https://nl.linkedin.com/jobs/view/customer-service-medewerker-dutch-fluent-at-somnomed-france-4330913083,https://fr.linkedin.com/company/somnomedfrance,4330913083
Sonova Group,Customer Service employee,Vianen,2026-09-18,klantenservice medewerker,nee,https://nl.linkedin.com/jobs/view/customer-service-employee-at-sonova-group-4383396850,https://ch.linkedin.com/company/sonovagroup,4383396850
Spacewell,Customer Success Manager,Arnhem,2026-04-30,customer happiness,nee,https://nl.linkedin.com/jobs/view/customer-success-manager-at-spacewell-4408796947,https://be.linkedin.com/company/spacewell-a-nemetschek-company,4408796947
Spectrum Equity,"EMEA Customer Success Manager, Nordic Speaker",Amsterdam,2026-09-15,customer happiness,nee,https://nl.linkedin.com/jobs/view/emea-customer-success-manager-nordic-speaker-at-spectrum-equity-4465563415,https://www.linkedin.com/company/spectrum-equity,4465563415
SPS Commerce,Customer Success Manager III,Breukelen,2026-09-03,customer happiness,nee,https://nl.linkedin.com/jobs/view/customer-success-manager-iii-at-sps-commerce-4461695365,https://www.linkedin.com/company/sps-commerce,4461695365
stichd,Customer Service Representative (Formula 1 &amp; Football),'s-Hertogenbosch,2026-09-17,klantenservice medewerker,nee,https://nl.linkedin.com/jobs/view/customer-service-representative-formula-1-football-at-stichd-4468608843,https://nl.linkedin.com/company/stichdofficial,4468608843
STOX Energy Socks,Customer Service Specialist,Amsterdam,2026-09-04,klantenservice medewerker,nee,https://nl.linkedin.com/jobs/view/customer-service-specialist-at-stox-energy-socks-4463382019,https://nl.linkedin.com/company/stox-energy-socks,4463382019
Studenten.net,Fulltime Wasstraat Medewerker,Breda,2026-08-02,webcare medewerker,nee,https://nl.linkedin.com/jobs/view/fulltime-wasstraat-medewerker-at-studenten-net-4447880623,https://nl.linkedin.com/company/studenten-net,4447880623
Studenten.net,Service Medewerk(st)er Schoonmaak Oosterhout,Oosterhout,2026-08-19,webcare medewerker,nee,https://nl.linkedin.com/jobs/view/service-medewerk-st-er-schoonmaak-oosterhout-at-studenten-net-4456405516,https://nl.linkedin.com/company/studenten-net,4456405516
Studenten.net,Key Account Customer Service DHL Express,Nijmegen,2026-09-11,customer happiness,nee,https://nl.linkedin.com/jobs/view/key-account-customer-service-dhl-express-at-studenten-net-4466083005,https://nl.linkedin.com/company/studenten-net,4466083005
Studenten.net,Zwolle productiemedewerker,Zwolle,2026-09-18,webcare medewerker,nee,https://nl.linkedin.com/jobs/view/zwolle-productiemedewerker-at-studenten-net-4469258568,https://nl.linkedin.com/company/studenten-net,4469258568
Suitsupply,Customer Service Specialist,Amsterdam,2026-09-22,klantenservice medewerker,nee,https://nl.linkedin.com/jobs/view/customer-service-specialist-at-suitsupply-4326536412,https://nl.linkedin.com/company/suitsupply,4326536412
SumUp,Customer Support Agent,Amsterdam,2026-09-02,klantenservice medewerker,nee,https://nl.linkedin.com/jobs/view/customer-support-agent-at-sumup-4421965211,https://uk.linkedin.com/company/sumup,4421965211
Sunny Cars,Customer Service Expert (24-40 uur),Haarlem,2026-09-09,klantenservice medewerker,nee,https://nl.linkedin.com/jobs/view/customer-service-expert-24-40-uur-at-sunny-cars-4465026977,https://nl.linkedin.com/company/sunny-cars-nederland,4465026977
Swiss Sense,Web Analist Digital Commerce,Uden,2026-09-14,webcare medewerker,nee,https://nl.linkedin.com/jobs/view/web-analist-digital-commerce-at-swiss-sense-4467094489,https://nl.linkedin.com/company/swisssense,4467094489
TalentForge Ltd,Customer Support Clerk,Eindhoven,2026-09-21,webcare medewerker,nee,https://nl.linkedin.com/jobs/view/customer-support-clerk-at-talentforge-ltd-4469867018,https://www.linkedin.com/company/talentforge-ltd,4469867018
Talentix,Customer Success Manager,Haarlem,2026-08-05,customer happiness,nee,https://nl.linkedin.com/jobs/view/customer-success-manager-at-talentix-4448048486,https://nl.linkedin.com/company/talentix-ai,4448048486
Tandem Health,Customer Success Specialist - Netherlands,Leiden,2026-09-04,customer happiness,nee,https://nl.linkedin.com/jobs/view/customer-success-specialist-netherlands-at-tandem-health-4461749093,https://se.linkedin.com/company/tandem-health,4461749093
Tandem Health,Customer Success Specialist - Netherlands,Leiden,2026-09-04,customer happiness,nee,https://nl.linkedin.com/jobs/view/customer-success-specialist-netherlands-at-tandem-health-4461745151,https://se.linkedin.com/company/tandem-health,4461745151
Tangent,Entry level Customer Success Manager (€30-€60k salary + commission),Amsterdam Area,2026-09-04,customer happiness,nee,https://nl.linkedin.com/jobs/view/entry-level-customer-success-manager-%E2%82%AC30-%E2%82%AC60k-salary-%2B-commission-at-tangent-4463361874,https://uk.linkedin.com/company/jointangent,4463361874
Tarkett,Customer Service Representative,Waalwijk,2026-06-26,klantenservice medewerker,nee,https://nl.linkedin.com/jobs/view/customer-service-representative-at-tarkett-4431709604,https://fr.linkedin.com/company/tarkett,4431709604
TCC smart IT solutions,Customer Success Manager,Tilburg,2026-02-26,customer happiness,nee,https://nl.linkedin.com/jobs/view/customer-success-manager-at-tcc-smart-it-solutions-4375282443,https://nl.linkedin.com/company/tcc-smart-it-solutions,4375282443
Tech Rise,Head of Customer Success,Amsterdam,2026-09-22,customer happiness,nee,https://nl.linkedin.com/jobs/view/head-of-customer-success-at-tech-rise-4456583876,https://nl.linkedin.com/company/techrisepeople,4456583876
Technische Unie,Customer Service Medewerker,Eindhoven,2026-08-24,klantenservice medewerker,nee,https://nl.linkedin.com/jobs/view/customer-service-medewerker-at-technische-unie-4458474159,https://nl.linkedin.com/company/technische-unie,4458474159
Technische Unie,Customer Service Medewerker,Dordrecht,2026-09-16,klantenservice medewerker,nee,https://nl.linkedin.com/jobs/view/customer-service-medewerker-at-technische-unie-4466953716,https://nl.linkedin.com/company/technische-unie,4466953716
Technische Unie,Customer Service Medewerker,Zwolle,2026-09-17,klantenservice medewerker,nee,https://nl.linkedin.com/jobs/view/customer-service-medewerker-at-technische-unie-4466956665,https://nl.linkedin.com/company/technische-unie,4466956665
Telco Accessories Group,Klantenservicemedewerker,Houten,2026-09-21,klantenservice medewerker,nee,https://nl.linkedin.com/jobs/view/klantenservicemedewerker-at-telco-accessories-group-4467395413,https://nl.linkedin.com/company/telco-accessories-group,4467395413
Telco Accessories Group,Klantenservicemedewerker,Lichtenvoorde,2026-09-21,klantenservice medewerker,nee,https://nl.linkedin.com/jobs/view/klantenservicemedewerker-at-telco-accessories-group-4467383708,https://nl.linkedin.com/company/telco-accessories-group,4467383708
Tellent,Customer Success Manager - DACH,Amsterdam,2026-09-07,customer happiness,nee,https://nl.linkedin.com/jobs/view/customer-success-manager-dach-at-tellent-4462200150,https://nl.linkedin.com/company/tellenthq,4462200150
Tellent,Digital Customer Success Manager - Benelux,Amsterdam,2026-09-21,customer happiness,nee,https://nl.linkedin.com/jobs/view/digital-customer-success-manager-benelux-at-tellent-4467383612,https://nl.linkedin.com/company/tellenthq,4467383612
Termeer Groep,Webshopmedewerker (maandag),Tilburg,2026-09-16,webcare medewerker,nee,https://nl.linkedin.com/jobs/view/webshopmedewerker-maandag-at-termeer-groep-4371879320,https://nl.linkedin.com/company/termeergroep,4371879320
The Dare Company,Vacature Front end developer,Rotterdam,2026-07-10,webcare medewerker,nee,https://nl.linkedin.com/jobs/view/vacature-front-end-developer-at-the-dare-company-4449069211,https://nl.linkedin.com/company/the-dare-company,4449069211
The Dare Company,Vacature online marketeer (junior/medior),Rotterdam,2026-07-10,webcare medewerker,nee,https://nl.linkedin.com/jobs/view/vacature-online-marketeer-junior-medior-at-the-dare-company-4449069214,https://nl.linkedin.com/company/the-dare-company,4449069214
The Dare Company,Vacature Full Stack Developer,Rotterdam,2026-07-10,webcare medewerker,nee,https://nl.linkedin.com/jobs/view/vacature-full-stack-developer-at-the-dare-company-4449053555,https://nl.linkedin.com/company/the-dare-company,4449053555
The Lemon Consulting,Klantenservicemedewerker,Rotterdam,2026-08-19,klantenservice medewerker,nee,https://nl.linkedin.com/jobs/view/klantenservicemedewerker-at-the-lemon-consulting-4455401717,https://www.linkedin.com/company/the-lemon-consulting,4455401717
The Lemon Consulting,Klantenservicemedewerker,Utrecht,2026-08-19,klantenservice medewerker,nee,https://nl.linkedin.com/jobs/view/klantenservicemedewerker-at-the-lemon-consulting-4454998808,https://www.linkedin.com/company/the-lemon-consulting,4454998808
The Lemon Consulting,Klantenservicemedewerker,Amsterdam,2026-08-19,klantenservice medewerker,nee,https://nl.linkedin.com/jobs/view/klantenservicemedewerker-at-the-lemon-consulting-4455400755,https://www.linkedin.com/company/the-lemon-consulting,4455400755
The Lemon Consulting,Klantenservicemedewerker,Arnhem,2026-08-19,klantenservice medewerker,nee,https://nl.linkedin.com/jobs/view/klantenservicemedewerker-at-the-lemon-consulting-4455417585,https://www.linkedin.com/company/the-lemon-consulting,4455417585
The Lemon Consulting,Klantenservicemedewerker,Eindhoven,2026-08-19,klantenservice medewerker,nee,https://nl.linkedin.com/jobs/view/klantenservicemedewerker-at-the-lemon-consulting-4454996801,https://www.linkedin.com/company/the-lemon-consulting,4454996801
The Lemon Consulting,Klantenservicemedewerker,Den Haag,2026-08-19,klantenservice medewerker,nee,https://nl.linkedin.com/jobs/view/klantenservicemedewerker-at-the-lemon-consulting-4455411705,https://www.linkedin.com/company/the-lemon-consulting,4455411705
The Lemon Consulting,Klantenservicemedewerker,Haarlem,2026-08-19,klantenservice medewerker,nee,https://nl.linkedin.com/jobs/view/klantenservicemedewerker-at-the-lemon-consulting-4454995730,https://www.linkedin.com/company/the-lemon-consulting,4454995730
The Lemon Consulting,Klantenservicemedewerker,Nijmegen,2026-08-19,klantenservice medewerker,nee,https://nl.linkedin.com/jobs/view/klantenservicemedewerker-at-the-lemon-consulting-4455415712,https://www.linkedin.com/company/the-lemon-consulting,4455415712
The Rent Company,Medewerker Klantenservice,'s-Hertogenbosch,2026-09-03,klantenservice medewerker,nee,https://nl.linkedin.com/jobs/view/medewerker-klantenservice-at-the-rent-company-4460421208,https://nl.linkedin.com/company/the-rent-company-bv,4460421208
Thuiszorg West-Brabant (TWB),Collega in de Thuiszorg regio Breda,Breda,2026-07-07,webcare medewerker,nee,https://nl.linkedin.com/jobs/view/collega-in-de-thuiszorg-regio-breda-at-twb-thuiszorg-west-brabant-4437741891,https://nl.linkedin.com/company/thuiszorg-west-brabant,4437741891
Tibber,Customer Support Specialist,Amsterdam,2026-09-08,klantenservice medewerker,nee,https://nl.linkedin.com/jobs/view/customer-support-specialist-at-tibber-4414816920,https://no.linkedin.com/company/tibber,4414816920
TOPdesk,Customer Succes Manager (NL),Delft,2026-09-14,customer happiness,nee,https://nl.linkedin.com/jobs/view/customer-succes-manager-nl-at-topdesk-4465762335,https://nl.linkedin.com/company/topdesk,4465762335
Treatwell,Customer Experience Specialist NL (32-40 hours),Amsterdam,2026-09-02,klantenservice medewerker,nee,https://nl.linkedin.com/jobs/view/customer-experience-specialist-nl-32-40-hours-at-treatwell-4462189897,https://uk.linkedin.com/company/treatwell-com,4462189897
Treatwell,Customer Success Manager NL,Amsterdam,2026-09-18,webcare medewerker,nee,https://nl.linkedin.com/jobs/view/customer-success-manager-nl-at-treatwell-4469133608,https://uk.linkedin.com/company/treatwell-com,4469133608
Trengo - Smart Customer Engagement Platform,Customer Success Manager - Dutch speaking,Utrecht,2026-07-31,customer happiness,nee,https://nl.linkedin.com/jobs/view/customer-success-manager-dutch-speaking-at-trengo-4447299663,https://nl.linkedin.com/company/trengo,4447299663
Trengo - Smart Customer Engagement Platform,Junior Digital Customer Success Manager - Dutch speaking,Utrecht,2026-08-20,customer happiness,nee,https://nl.linkedin.com/jobs/view/junior-digital-customer-success-manager-dutch-speaking-at-trengo-4456483825,https://nl.linkedin.com/company/trengo,4456483825
Trengo - Smart Customer Engagement Platform,Customer Success Manager - Dutch speaking,Randstad,2026-08-28,customer happiness,nee,https://nl.linkedin.com/jobs/view/customer-success-manager-dutch-speaking-at-trengo-4455875519,https://nl.linkedin.com/company/trengo,4455875519
Triodos Bank,Head of Customer Services TBNL,Driebergen-Rijsenburg,2026-09-02,customer happiness,nee,https://nl.linkedin.com/jobs/view/head-of-customer-services-tbnl-at-triodos-bank-4462440160,https://nl.linkedin.com/company/triodos-bank,4462440160
Troostwijk Auctions,Klantenservice Medewerker,Amsterdam,2025-10-22,klantenservice medewerker,nee,https://nl.linkedin.com/jobs/view/klantenservice-medewerker-at-troostwijk-auctions-4317481945,https://nl.linkedin.com/company/troostwijk-auctions,4317481945
Troostwijk Auctions,Klantenservice medewerker,Amsterdam,2026-09-02,klantenservice medewerker,nee,https://nl.linkedin.com/jobs/view/klantenservice-medewerker-at-troostwijk-auctions-4457342326,https://nl.linkedin.com/company/troostwijk-auctions,4457342326
Trusted Shops,Customer Success Manager Benelux (f/m/d),Amsterdam,2026-09-07,customer happiness,nee,https://nl.linkedin.com/jobs/view/customer-success-manager-benelux-f-m-d-at-trusted-shops-4461893682,https://de.linkedin.com/company/trustedshops,4461893682
Trustoo.nl,Junior Customer Success Manager,Amsterdam,2026-09-01,customer happiness,nee,https://nl.linkedin.com/jobs/view/junior-customer-success-manager-at-trustoo-nl-4461719171,https://nl.linkedin.com/company/trustoo-de-beste-bedrijven-voor-jou,4461719171
Trustoo.nl,Customer Success Manager,Amsterdam,2026-09-03,customer happiness,nee,https://nl.linkedin.com/jobs/view/customer-success-manager-at-trustoo-nl-4460735308,https://nl.linkedin.com/company/trustoo-de-beste-bedrijven-voor-jou,4460735308
Trustpilot,Enterprise Customer Success Manager - Benelux,Rotterdam,2026-09-04,customer happiness,nee,https://nl.linkedin.com/jobs/view/enterprise-customer-success-manager-benelux-at-trustpilot-4416162109,https://dk.linkedin.com/company/trustpilot,4416162109
Trustpilot,Customer Success Manager,Amsterdam,2026-09-10,customer happiness,nee,https://nl.linkedin.com/jobs/view/customer-success-manager-at-trustpilot-4437752165,https://dk.linkedin.com/company/trustpilot,4437752165
Trustpilot,Enterprise Customer Success Manager - Benelux,Amsterdam,2026-09-21,customer happiness,nee,https://nl.linkedin.com/jobs/view/enterprise-customer-success-manager-benelux-at-trustpilot-4413949306,https://dk.linkedin.com/company/trustpilot,4413949306
Trustpilot Italia,Enterprise Customer Success Manager - Benelux,Amsterdam,2026-08-06,customer happiness,nee,https://nl.linkedin.com/jobs/view/enterprise-customer-success-manager-benelux-at-trustpilot-italia-4450014111,https://it.linkedin.com/company/trustpilot-italia,4450014111
Trustpilot Italia,Associate Customer Success Manager - Benelux Market,Amsterdam,2026-08-06,customer happiness,nee,https://nl.linkedin.com/jobs/view/associate-customer-success-manager-benelux-market-at-trustpilot-italia-4450016093,https://it.linkedin.com/company/trustpilot-italia,4450016093
Twentyseven,Open sollicitatie - Twentyseven,Eindhoven,2024-11-26,webcare medewerker,nee,https://nl.linkedin.com/jobs/view/open-sollicitatie-twentyseven-at-twentyseven-4085642446,https://nl.linkedin.com/company/twentysevenagency,4085642446
Ultimesh,E-commerce Medewerker,Hellevoetsluis,2026-09-11,webcare medewerker,nee,https://nl.linkedin.com/jobs/view/e-commerce-medewerker-at-ultimesh-4466068170,https://nl.linkedin.com/company/ultimesh,4466068170
UMC Utrecht,Medewerker schoonmaak &amp; services,Utrecht,2026-04-14,webcare medewerker,nee,https://nl.linkedin.com/jobs/view/medewerker-schoonmaak-services-at-umc-utrecht-4392436330,https://nl.linkedin.com/company/umcutrecht,4392436330
Unica ICT,Customer Succes Specialist,Eindhoven,2026-01-22,customer happiness,nee,https://nl.linkedin.com/jobs/view/customer-succes-specialist-at-unica-ict-4364820615,https://nl.linkedin.com/company/unica-ict,4364820615
Unica ICT,Customer Succes Specialist,Lemelerveld,2026-01-22,customer happiness,nee,https://nl.linkedin.com/jobs/view/customer-succes-specialist-at-unica-ict-4364690737,https://nl.linkedin.com/company/unica-ict,4364690737
Vaeshartelt.rc,Allround Medewerker Bediening,Maastricht,2026-06-18,webcare medewerker,nee,https://nl.linkedin.com/jobs/view/allround-medewerker-bediening-at-vaeshartelt-rc-4427819813,https://nl.linkedin.com/company/buitenplaatsvaeshartelt,4427819813
Valicare,PHP Developer,Den Haag,2026-08-01,webcare medewerker,nee,https://nl.linkedin.com/jobs/view/php-developer-at-valicare-4445558465,https://nl.linkedin.com/company/valicare,4445558465
Valicare,Full Stack Developer,Den Haag,2026-08-01,webcare medewerker,nee,https://nl.linkedin.com/jobs/view/full-stack-developer-at-valicare-4445548564,https://nl.linkedin.com/company/valicare,4445548564
VAMAT,Medewerker Customer Service,"Utrecht, Nederland",2026-09-08,klantenservice medewerker,nee,https://nl.linkedin.com/jobs/view/medewerker-customer-service-at-vamat-4464449514,https://nl.linkedin.com/company/vamat,4464449514
Van den Bosch,Klantenservicemedewerker,Erp,2026-09-03,klantenservice medewerker,nee,https://nl.linkedin.com/jobs/view/klantenservicemedewerker-at-van-den-bosch-4462788081,https://nl.linkedin.com/company/van-den-bosch,4462788081
Van den Udenhout Groep,Medewerker Klantenservice | 's-Hertogenbosch,'s-Hertogenbosch,2026-09-08,klantenservice medewerker,nee,https://nl.linkedin.com/jobs/view/medewerker-klantenservice-s-hertogenbosch-at-van-den-udenhout-groep-4464610992,https://nl.linkedin.com/company/van-den-udenhout-groep,4464610992
Van der Hoeven Kliniek,Medewerker beveiliging en receptie,Utrecht,2026-09-16,webcare medewerker,nee,https://nl.linkedin.com/jobs/view/medewerker-beveiliging-en-receptie-at-van-der-hoeven-kliniek-4459146998,https://nl.linkedin.com/company/van-der-hoeven-kliniek,4459146998
Van der Knaap,"Medewerker marketing, communicatie en events",Kwintsheul,2026-09-14,webcare medewerker,nee,https://nl.linkedin.com/jobs/view/medewerker-marketing-communicatie-en-events-at-van-der-knaap-4467073432,https://nl.linkedin.com/company/van-der-knaap-group-of-companies,4467073432
Van der Valk Hotel Den Haag - Wassenaar,Allround medewerker bediening – inclusief betaalde BBL-opleiding!,Wassenaar,2026-08-14,webcare medewerker,nee,https://nl.linkedin.com/jobs/view/allround-medewerker-bediening-%E2%80%93-inclusief-betaalde-bbl-opleiding%21-at-van-der-valk-hotel-den-haag-wassenaar-4454502096,https://nl.linkedin.com/company/van-der-valk-hotel-den-haag---wassenaar,4454502096
Van der Valk Hotel Middelburg,Wellness medewerker,Middelburg,2026-08-06,webcare medewerker,nee,https://nl.linkedin.com/jobs/view/wellness-medewerker-at-van-der-valk-hotel-middelburg-4450237485,https://nl.linkedin.com/company/van-der-valk-hotel-middelburg,4450237485
Van der Valk Hotel Middelburg,Medewerker bediening parttime/ fulltime,Middelburg,2026-08-09,webcare medewerker,nee,https://nl.linkedin.com/jobs/view/medewerker-bediening-parttime-fulltime-at-van-der-valk-hotel-middelburg-4462809342,https://nl.linkedin.com/company/van-der-valk-hotel-middelburg,4462809342
Van Gooi,Front-end Developer (Energy Systems),Utrecht,2026-08-18,webcare medewerker,nee,https://nl.linkedin.com/jobs/view/front-end-developer-energy-systems-at-van-gooi-4452846493,https://nl.linkedin.com/company/vangooi,4452846493
Van Mossel Automotive Group,Klantenservice medewerker,Amsterdam-Zuid,2026-07-23,klantenservice medewerker,nee,https://nl.linkedin.com/jobs/view/klantenservice-medewerker-at-van-mossel-automotive-group-4455290901,https://nl.linkedin.com/company/van-mossel-group,4455290901
Van Mossel Automotive Group,Klantenservice Medewerker,Zwolle,2026-07-23,klantenservice medewerker,nee,https://nl.linkedin.com/jobs/view/klantenservice-medewerker-at-van-mossel-automotive-group-4455308014,https://nl.linkedin.com/company/van-mossel-group,4455308014
Van Mossel Automotive Group,Medewerker Klantenservice,Tilburg,2026-08-11,klantenservice medewerker,nee,https://nl.linkedin.com/jobs/view/medewerker-klantenservice-at-van-mossel-automotive-group-4455292954,https://nl.linkedin.com/company/van-mossel-group,4455292954
Van Nieuwpoort Groep,Medewerker marketingcommunicatie,Gouda,2026-09-04,webcare medewerker,nee,https://nl.linkedin.com/jobs/view/medewerker-marketingcommunicatie-at-van-nieuwpoort-groep-4461171249,https://nl.linkedin.com/company/van-nieuwpoort-groep,4461171249
Van Vulpen,Junior Servicedesk Medewerker IT,Gorinchem,2026-09-04,webcare medewerker,nee,https://nl.linkedin.com/jobs/view/junior-servicedesk-medewerker-it-at-van-vulpen-4461985459,https://nl.linkedin.com/company/vanvulpen,4461985459
Vandebron,Customer Service Medewerker,Amsterdam,2026-05-28,klantenservice medewerker,nee,https://nl.linkedin.com/jobs/view/customer-service-medewerker-at-vandebron-4431658020,https://nl.linkedin.com/company/vandebron,4431658020
VAST.,E‑commerce Specialist,'s-Heerenberg,2026-07-14,webcare medewerker,nee,https://nl.linkedin.com/jobs/view/e%E2%80%91commerce-specialist-at-vast-4440568385,https://nl.linkedin.com/company/vastnu,4440568385
vb&amp;t Vastgoed en Huisvesting,Medewerker Klantenservice Vastgoed,Eindhoven,2026-09-02,klantenservice medewerker,nee,https://nl.linkedin.com/jobs/view/medewerker-klantenservice-vastgoed-at-vb-t-vastgoed-en-huisvesting-4462410073,https://nl.linkedin.com/company/vb&amp;t-groep,4462410073
VCSW - Specialist in sociale zekerheid,Customer Excellence medewerker,Den Haag,2026-09-06,klantenservice medewerker,nee,https://nl.linkedin.com/jobs/view/customer-excellence-medewerker-at-vcsw-4444413436,https://nl.linkedin.com/company/vcsw,4444413436
VDL GL Precision B.V.,Allround Medewerker Cleaning Center,Eindhoven,2026-09-01,webcare medewerker,nee,https://nl.linkedin.com/jobs/view/allround-medewerker-cleaning-center-at-vdl-gl-precision-b-v-4442740995,https://www.linkedin.com/company/vdl-gl-precision-b.v.,4442740995
Vecht en IJssel,Open sollicitatie,IJsselstein,2025-03-26,webcare medewerker,nee,https://nl.linkedin.com/jobs/view/open-sollicitatie-at-vecht-en-ijssel-4190977851,https://nl.linkedin.com/company/vecht-en-ijssel,4190977851
VELUX,Customer Service &amp; Support Professional,De Meern,2026-09-05,klantenservice medewerker,nee,https://nl.linkedin.com/jobs/view/customer-service-support-professional-at-velux-4445212191,https://dk.linkedin.com/company/velux,4445212191
VELUX,Customer Service Advisor,De Meern,2026-09-08,klantenservice medewerker,nee,https://nl.linkedin.com/jobs/view/customer-service-advisor-at-velux-4255717803,https://dk.linkedin.com/company/velux,4255717803
VELUX,Customer Service Professional met technische affiniteit,De Meern,2026-09-09,klantenservice medewerker,nee,https://nl.linkedin.com/jobs/view/customer-service-professional-met-technische-affiniteit-at-velux-4465054190,https://dk.linkedin.com/company/velux,4465054190
Veneta.com,Tracking &amp; Measurement Specialist,Zwolle,2026-09-09,webcare medewerker,nee,https://nl.linkedin.com/jobs/view/tracking-measurement-specialist-at-veneta-com-4454745710,https://nl.linkedin.com/company/veneta-bv,4454745710
Verathon,Customer Service Specialist,Amsterdam,2026-08-31,klantenservice medewerker,nee,https://nl.linkedin.com/jobs/view/customer-service-specialist-at-verathon-4460070748,https://www.linkedin.com/company/verathon,4460070748
Verisure,Klantenservice medewerker Inbound,Amsterdam,2026-09-17,klantenservice medewerker,nee,https://nl.linkedin.com/jobs/view/klantenservice-medewerker-inbound-at-verisure-4466254242,https://ch.linkedin.com/company/verisure,4466254242
Verisure,Technische helpdesk medewerker,Amsterdam,2026-09-17,webcare medewerker,nee,https://nl.linkedin.com/jobs/view/technische-helpdesk-medewerker-at-verisure-4466269050,https://ch.linkedin.com/company/verisure,4466269050
Vermaat,Horecamedewerker Antoni van Leeuwenhoek,Amsterdam,2026-08-26,webcare medewerker,nee,https://nl.linkedin.com/jobs/view/horecamedewerker-antoni-van-leeuwenhoek-at-vermaat-4461442279,https://nl.linkedin.com/company/vermaat,4461442279
versAlert B.V.,Klantsupport medewerker,Utrecht,2026-09-10,klantenservice medewerker,nee,https://nl.linkedin.com/jobs/view/klantsupport-medewerker-at-versalert-b-v-4463455293,https://www.linkedin.com/company/versalert-b.v.,4463455293
Verzuimdata,Medewerker Service &amp; Support,Ridderkerk,2026-09-14,webcare medewerker,nee,https://nl.linkedin.com/jobs/view/medewerker-service-support-at-verzuimdata-b-v-4440557380,https://nl.linkedin.com/company/verzuimdata-b.v.,4440557380
Veynex Embedded Software,ICT Support Medewerker,Maastricht,2026-07-03,webcare medewerker,nee,https://nl.linkedin.com/jobs/view/ict-support-medewerker-at-veynex-embedded-software-4446509258,https://nl.linkedin.com/company/veynex,4446509258
Veynex Embedded Software,ICT Support Medewerker,Venlo,2026-07-03,webcare medewerker,nee,https://nl.linkedin.com/jobs/view/ict-support-medewerker-at-veynex-embedded-software-4446500441,https://nl.linkedin.com/company/veynex,4446500441
Veynex Embedded Software,ICT Support Medewerker,Eindhoven,2026-07-03,webcare medewerker,nee,https://nl.linkedin.com/jobs/view/ict-support-medewerker-at-veynex-embedded-software-4446397517,https://nl.linkedin.com/company/veynex,4446397517
Viamanta,Partner Success Specialist (m/f/x),Amsterdam,2026-06-02,customer happiness,nee,https://nl.linkedin.com/jobs/view/partner-success-specialist-m-f-x-at-viamanta-4423923357,https://nl.linkedin.com/company/viamanta,4423923357
ViewSonic,Customer Success Coordinator German,Weesp,2026-09-04,customer happiness,nee,https://nl.linkedin.com/jobs/view/customer-success-coordinator-german-at-viewsonic-4461974451,https://www.linkedin.com/company/viewsonic,4461974451
Viking Europe,Local Commercial Web Manager NLD,Venlo,2026-09-16,webcare medewerker,nee,https://nl.linkedin.com/jobs/view/local-commercial-web-manager-nld-at-viking-europe-4468262157,https://nl.linkedin.com/company/viking-europe,4468262157
Viking Nederland,Local Commercial Web Manager NLD,Venlo,2026-09-16,webcare medewerker,nee,https://nl.linkedin.com/jobs/view/local-commercial-web-manager-nld-at-viking-nederland-4468261625,https://nl.linkedin.com/company/vikingnederland,4468261625
VIKTOR,Customer Success Manager,Rotterdam,2026-09-15,customer happiness,nee,https://nl.linkedin.com/jobs/view/customer-success-manager-at-viktor-4467494832,https://nl.linkedin.com/company/viktor-ai,4467494832
Vintage.com,German Customer Experience Agent,Duiven,2026-09-09,klantenservice medewerker,nee,https://nl.linkedin.com/jobs/view/german-customer-experience-agent-at-vintage-com-4464128593,https://nl.linkedin.com/company/vintage-com,4464128593
Vintage.com,French Customer Experience Agent,Duiven,2026-09-15,klantenservice medewerker,nee,https://nl.linkedin.com/jobs/view/french-customer-experience-agent-at-vintage-com-4464134036,https://nl.linkedin.com/company/vintage-com,4464134036
Vintage.com,French Customer Experience Agent,Arnhem,2026-09-15,klantenservice medewerker,nee,https://nl.linkedin.com/jobs/view/french-customer-experience-agent-at-vintage-com-4465596031,https://nl.linkedin.com/company/vintage-com,4465596031
VIPS PMS,Customer Success &amp; Accountmanager VIPS PMS,Nieuwegein,2026-08-27,customer happiness,nee,https://nl.linkedin.com/jobs/view/customer-success-accountmanager-vips-pms-at-vips-pms-4458962293,https://nl.linkedin.com/company/vips-pms,4458962293
Virtual Assistant Team,Digital Marketer with Click Funnels,Est,2025-04-03,webcare medewerker,nee,https://nl.linkedin.com/jobs/view/digital-marketer-with-click-funnels-at-virtual-assistant-team-4197787540,https://au.linkedin.com/company/virtualassistantteam,4197787540
Voetencentrum Wender,Medewerker Servicedesk,Hengelo,2026-09-09,webcare medewerker,nee,https://nl.linkedin.com/jobs/view/medewerker-servicedesk-at-voetencentrum-wender-4465058771,https://nl.linkedin.com/company/voetencentrum-wender,4465058771
VolkerWessels Infra Digital,Servicedeskmedewerker,Vianen,2026-07-08,webcare medewerker,nee,https://nl.linkedin.com/jobs/view/servicedeskmedewerker-at-volkerwessels-infra-digital-4437066756,https://nl.linkedin.com/company/volkerwesselsinfradigital,4437066756
Volkswagen Pon Financial Services,Klantadviseur Lease,Amersfoort,2026-09-04,customer happiness,nee,https://nl.linkedin.com/jobs/view/klantadviseur-lease-at-volkswagen-pon-financial-services-4463307063,https://nl.linkedin.com/company/volkswagen-pon-financial-services,4463307063
Vondel Hotels,Medewerker Bediening,Amsterdam,2026-06-04,webcare medewerker,nee,https://nl.linkedin.com/jobs/view/medewerker-bediening-at-vondel-hotels-4423376761,https://nl.linkedin.com/company/vondel-hotels,4423376761
Voordeeluitjes,Klantenservicemedewerker Voordeeluitjes.nl,Deventer,2026-07-21,klantenservice medewerker,nee,https://nl.linkedin.com/jobs/view/klantenservicemedewerker-voordeeluitjes-nl-at-voordeeluitjes-nl-4442996961,https://nl.linkedin.com/company/voordeeluitjes,4442996961
Vulpes Goods,Customer Experience Specialist,Bunnik,2026-08-25,customer happiness,ja,https://nl.linkedin.com/jobs/view/customer-experience-specialist-at-vulpes-goods-4458599796,https://nl.linkedin.com/company/vulpes-goods,4458599796
Waldom,Customer Experience Manager,Amsterdam Area,2026-09-17,customer happiness,nee,https://nl.linkedin.com/jobs/view/customer-experience-manager-at-waldom-4467553620,https://www.linkedin.com/company/waldom,4467553620
Waldom,Customer Experience Specialist - German Speaking,Amsterdam Area,2026-09-21,customer happiness,nee,https://nl.linkedin.com/jobs/view/customer-experience-specialist-german-speaking-at-waldom-4467556585,https://www.linkedin.com/company/waldom,4467556585
Wannet Sports Insurance,Marketing Specialist,Arnhem,2026-06-29,webcare medewerker,nee,https://nl.linkedin.com/jobs/view/marketing-specialist-at-wannet-sports-insurance-4433647808,https://www.linkedin.com/company/wannet-sports-insurance,4433647808
WaveWorks Recruitment,Customer Success Specialist | Up to €65k,"Zuid-Holland, Nederland",2026-08-27,customer happiness,nee,https://nl.linkedin.com/jobs/view/customer-success-specialist-up-to-%E2%82%AC65k-at-waveworks-recruitment-4431482556,https://nl.linkedin.com/company/waveworks-recruitment,4431482556
Webgrade,WordPress Developer,Den Haag,2026-08-12,webcare medewerker,nee,https://nl.linkedin.com/jobs/view/wordpress-developer-at-webgrade-4450196396,https://nl.linkedin.com/company/webgradenl,4450196396
Webstijl B.V.,Traineeship/junior medewerker online marketing bij Webstijl,Alphen aan den Rijn,2026-07-03,webcare medewerker,nee,https://nl.linkedin.com/jobs/view/traineeship-junior-medewerker-online-marketing-bij-webstijl-at-webstijl-b-v-4436904592,https://nl.linkedin.com/company/webstijl-b-v-,4436904592
Weeztix,Customer Succes Manager Cashless,Amsterdam,2026-08-19,customer happiness,nee,https://nl.linkedin.com/jobs/view/customer-succes-manager-cashless-at-weeztix-4456157968,https://nl.linkedin.com/company/weeztix,4456157968
Weight Doctors,Patiënten Coördinator / Receptioniste / Medisch Assistent(e),Waalre,2026-09-18,webcare medewerker,nee,https://nl.linkedin.com/jobs/view/pati%C3%ABnten-co%C3%B6rdinator-receptioniste-medisch-assistent-e-at-weight-doctors-4466633992,https://de.linkedin.com/company/weight-doctors-worldwide,4466633992
Wellis Health,Website &amp; SEO Marketeer,Rotterdam,2026-09-04,webcare medewerker,nee,https://nl.linkedin.com/jobs/view/website-seo-marketeer-at-wellis-health-4463377250,https://nl.linkedin.com/company/wellis-health,4463377250
Werken bij Technische Unie,Customer Service Medewerker,Eindhoven,2026-09-15,klantenservice medewerker,nee,https://nl.linkedin.com/jobs/view/customer-service-medewerker-at-werken-bij-technische-unie-4458177733,https://www.linkedin.com/company/werken-bij-technische-unie,4458177733
Werken bij Technische Unie,Customer Service Medewerker,Dordrecht,2026-09-16,klantenservice medewerker,nee,https://nl.linkedin.com/jobs/view/customer-service-medewerker-at-werken-bij-technische-unie-4468215955,https://www.linkedin.com/company/werken-bij-technische-unie,4468215955
Werken bij Technische Unie,Customer Service Medewerker,Zwolle,2026-09-17,klantenservice medewerker,nee,https://nl.linkedin.com/jobs/view/customer-service-medewerker-at-werken-bij-technische-unie-4467194467,https://www.linkedin.com/company/werken-bij-technische-unie,4467194467
Werken in Gelderland,Medewerker Servicedesk ICT,Nijmegen,2026-09-03,webcare medewerker,nee,https://nl.linkedin.com/jobs/view/medewerker-servicedesk-ict-at-werken-in-gelderland-4461663040,https://nl.linkedin.com/company/werkeningelderland,4461663040
Werken in Gelderland,Web- en contentspecialist,Zwolle,2026-09-17,webcare medewerker,nee,https://nl.linkedin.com/jobs/view/web-en-contentspecialist-at-werken-in-gelderland-4467543315,https://nl.linkedin.com/company/werkeningelderland,4467543315
Werkenbij,Medewerker Backoffice,Amsterdam,2026-09-16,webcare medewerker,nee,https://nl.linkedin.com/jobs/view/medewerker-backoffice-at-working%40-4467947164,https://nl.linkedin.com/showcase/werkenbijvu/,4467947164
WestCord Hotels,Housekeeping Medewerker,Rotterdam,2025-09-09,webcare medewerker,nee,https://nl.linkedin.com/jobs/view/housekeeping-medewerker-at-westcord-hotels-4295890789,https://nl.linkedin.com/company/westcord-hotels,4295890789
WestCord Hotels,Medewerker Algemene Schoonmaak,Rotterdam,2026-04-01,webcare medewerker,nee,https://nl.linkedin.com/jobs/view/medewerker-algemene-schoonmaak-at-westcord-hotels-4396644514,https://nl.linkedin.com/company/westcord-hotels,4396644514
WestCord Hotels,Medewerker Bediening,Amsterdam,2026-05-22,webcare medewerker,nee,https://nl.linkedin.com/jobs/view/medewerker-bediening-at-westcord-hotels-4414300967,https://nl.linkedin.com/company/westcord-hotels,4414300967
WestCord Hotels,Hotel Operations Medewerker,Amsterdam,2026-08-13,webcare medewerker,nee,https://nl.linkedin.com/jobs/view/hotel-operations-medewerker-at-westcord-hotels-4450828040,https://nl.linkedin.com/company/westcord-hotels,4450828040
WestCord Hotels,Medewerker Bediening Fulltime,Amsterdam,2026-08-31,webcare medewerker,nee,https://nl.linkedin.com/jobs/view/medewerker-bediening-fulltime-at-westcord-hotels-4459204346,https://nl.linkedin.com/company/westcord-hotels,4459204346
WestCord Hotels,Medewerker Bediening Fulltime,Groningen,2026-09-14,webcare medewerker,nee,https://nl.linkedin.com/jobs/view/medewerker-bediening-fulltime-at-westcord-hotels-4464799747,https://nl.linkedin.com/company/westcord-hotels,4464799747
WestCord Strandhotel Seeduyn,Medewerker Algemene Schoonmaak,Rotterdam,2026-05-01,webcare medewerker,nee,https://nl.linkedin.com/jobs/view/medewerker-algemene-schoonmaak-at-westcord-strandhotel-seeduyn-4415283850,https://www.linkedin.com/company/westcord-strandhotel-resort-seeduyn,4415283850
Whiskybase,Content Producer,Rotterdam,2026-09-17,webcare medewerker,nee,https://nl.linkedin.com/jobs/view/content-producer-at-whiskybase-4467206587,https://nl.linkedin.com/company/whiskybase,4467206587
Whitevision,"Service Medewerker, €3.000 - €3.500 | Rotterdam/Zoetermeer",Rotterdam,2026-08-06,webcare medewerker,nee,https://nl.linkedin.com/jobs/view/service-medewerker-%E2%82%AC3-000-%E2%82%AC3-500-rotterdam-zoetermeer-at-whitevision-4448820634,https://nl.linkedin.com/company/whitevision-b-v-,4448820634
Wolf Steel Ltd,Technical Support Associate,Tiel,2026-06-11,webcare medewerker,nee,https://nl.linkedin.com/jobs/view/technical-support-associate-at-wolf-steel-ltd-4424830485,https://ca.linkedin.com/company/wolf-steel-ltd,4424830485
Wolters Kluwer,Customer Success Specialist (Dutch speaking),Hoevelaken,2026-09-11,customer happiness,nee,https://nl.linkedin.com/jobs/view/customer-success-specialist-dutch-speaking-at-wolters-kluwer-4426643798,https://nl.linkedin.com/company/wolters-kluwer,4426643798
Womanly Jobs,Customer Support Specialist,Delft,2026-09-21,customer happiness,nee,https://nl.linkedin.com/jobs/view/customer-support-specialist-at-womanly-jobs-4468712438,https://nl.linkedin.com/company/womanlyjobs,4468712438
Womanly Jobs,Customer Support Specialist,Zwolle,2026-09-21,customer happiness,nee,https://nl.linkedin.com/jobs/view/customer-support-specialist-at-womanly-jobs-4468494736,https://nl.linkedin.com/company/womanlyjobs,4468494736
Workiva,Customer Success Manager - German Speaking,Amsterdam,2026-09-14,customer happiness,nee,https://nl.linkedin.com/jobs/view/customer-success-manager-german-speaking-at-workiva-4465763814,https://www.linkedin.com/company/workiva,4465763814
WorkplaceBuddy,Customer Success Manager (Dutch speaking),Amsterdam,2026-09-21,customer happiness,nee,https://nl.linkedin.com/jobs/view/customer-success-manager-dutch-speaking-at-workplacebuddy-4469867784,https://nl.linkedin.com/company/workplacebuddy,4469867784
Workspace 365,Senior Customer Succes Manager,Nijkerk,2026-07-28,customer happiness,nee,https://nl.linkedin.com/jobs/view/senior-customer-succes-manager-at-workspace-365-4445701606,https://nl.linkedin.com/company/workspace-365,4445701606
Workspace 365,Senior Customer Success Manager,Nijkerk,2026-08-27,customer happiness,nee,https://nl.linkedin.com/jobs/view/senior-customer-success-manager-at-workspace-365-4459690374,https://nl.linkedin.com/company/workspace-365,4459690374
WP Masters,SEO Specialist (junior),Amsterdam,2026-08-05,webcare medewerker,nee,https://nl.linkedin.com/jobs/view/seo-specialist-junior-at-wp-masters-4448906732,https://nl.linkedin.com/company/wp-masters,4448906732
WP SEO AI,Wordpress Developer (German/Dutch Speaking),Amsterdam,2026-08-31,webcare medewerker,nee,https://nl.linkedin.com/jobs/view/wordpress-developer-german-dutch-speaking-at-wp-seo-ai-4461201969,https://nl.linkedin.com/company/seoai,4461201969
You Sure,Customer Support Medewerker,Hoofddorp,2026-06-22,klantenservice medewerker,nee,https://nl.linkedin.com/jobs/view/customer-support-medewerker-at-you-sure-4430584617,https://nl.linkedin.com/company/you-sure,4430584617
You Sure,Customer Support Medewerker,Hoofddorp,2026-09-20,klantenservice medewerker,nee,https://nl.linkedin.com/jobs/view/customer-support-medewerker-at-you-sure-4372512433,https://nl.linkedin.com/company/you-sure,4372512433
Youvia,Website &amp; Service Specialist,Amsterdam,2026-07-17,webcare medewerker,nee,https://nl.linkedin.com/jobs/view/website-service-specialist-at-youvia-4451630881,https://nl.linkedin.com/company/youvia,4451630881
Yusen Logistics,Customer Service Employee,Moerdijk,2026-09-18,klantenservice medewerker,nee,https://nl.linkedin.com/jobs/view/customer-service-employee-at-yusen-logistics-4412798148,https://jp.linkedin.com/company/yusen-logistics-,4412798148
Zelesta,E-commerce Specialist,Soesterberg,2026-09-21,webcare medewerker,nee,https://nl.linkedin.com/jobs/view/e-commerce-specialist-at-zelesta-4469874193,https://nl.linkedin.com/company/zelesta,4469874193
Zimmer Biomet,Customer Experience - Local Strategic Partner,Breda,2026-09-10,customer happiness,nee,https://nl.linkedin.com/jobs/view/customer-experience-local-strategic-partner-at-zimmer-biomet-4454995782,https://www.linkedin.com/company/zimmerbiomet,4454995782
ZINN (Zorgorganisatie in Noord Nederland),Medewerker Servicedesk ICT,Haren,2026-09-04,webcare medewerker,nee,https://nl.linkedin.com/jobs/view/medewerker-servicedesk-ict-at-zinn-zorgorganisatie-in-noord-nederland-4461947640,https://nl.linkedin.com/company/zinn-zorgorganisatie-in-noord-nederland-,4461947640
Zitmaxx Wonen,Product Content Specialist,Ter Aar,2026-08-11,webcare medewerker,nee,https://nl.linkedin.com/jobs/view/product-content-specialist-at-zitmaxx-wonen-4452686271,https://nl.linkedin.com/company/zitmaxx-wonen,4452686271
Zitmaxx Wonen,Medewerker Productcontent en Prijsbeheer,Ter Aar,2026-08-20,webcare medewerker,nee,https://nl.linkedin.com/jobs/view/medewerker-productcontent-en-prijsbeheer-at-zitmaxx-wonen-4457013131,https://nl.linkedin.com/company/zitmaxx-wonen,4457013131
Zonneplan,Junior Service Specialist,Zwolle,2026-09-03,klantenservice medewerker,nee,https://nl.linkedin.com/jobs/view/junior-service-specialist-at-zonneplan-4443190588,https://nl.linkedin.com/company/zonneplan,4443190588
Zonneplan,Customer Support Specialist,Zwolle,2026-09-15,klantenservice medewerker,nee,https://nl.linkedin.com/jobs/view/customer-support-specialist-at-zonneplan-4324809529,https://nl.linkedin.com/company/zonneplan,4324809529
Zorg en Zekerheid,Senior (Lead) Front-end Developer,Leiden,2026-08-31,webcare medewerker,nee,https://nl.linkedin.com/jobs/view/senior-lead-front-end-developer-at-zorg-en-zekerheid-4460030095,https://nl.linkedin.com/company/zorg-en-zekerheid,4460030095
Zorg+Welzijn,Huiskamer medewerker | PG,Hilversum,2026-07-24,webcare medewerker,nee,https://nl.linkedin.com/jobs/view/huiskamer-medewerker-pg-at-zorg%2Bwelzijn-4444975815,https://nl.linkedin.com/company/platform-welzijn,4444975815
ZwolleDoet!,Webredacteur voor IVN Zwolle,Zwolle,2026-09-13,webcare medewerker,nee,https://nl.linkedin.com/jobs/view/webredacteur-voor-ivn-zwolle-at-zwolledoet%21-4466765993,https://nl.linkedin.com/company/zwolledoet,4466765993
123inkt.nl,Junior Product Marketeer E-commerce,Almere,2026-09-01,e-commerce medewerker,nee,https://nl.linkedin.com/jobs/view/junior-product-marketeer-e-commerce-at-123inkt-nl-4462035540,https://nl.linkedin.com/company/123inkt-nl,4462035540
123inkt.nl,Product Marketeer E-commerce,Almere,2026-09-01,e-commerce medewerker,nee,https://nl.linkedin.com/jobs/view/product-marketeer-e-commerce-at-123inkt-nl-4462025724,https://nl.linkedin.com/company/123inkt-nl,4462025724
123inkt.nl,Commercieel Medewerker,Almere,2026-09-07,e-commerce medewerker,nee,https://nl.linkedin.com/jobs/view/commercieel-medewerker-at-123inkt-nl-4455283717,https://nl.linkedin.com/company/123inkt-nl,4455283717
2M Recruitment,Specialist orderafhandeling,Nuenen,2026-09-11,orderverwerking medewerker,nee,https://nl.linkedin.com/jobs/view/specialist-orderafhandeling-at-2m-recruitment-4464865867,https://nl.linkedin.com/company/2m,4464865867
Aarnink Vleeswaren,COMMERCIEEL MEDEWERKER BINNENDIENST (LOCHEM),Lochem,2026-08-05,orderverwerking medewerker,nee,https://nl.linkedin.com/jobs/view/commercieel-medewerker-binnendienst-lochem-at-aarnink-vleeswaren-4448900769,https://nl.linkedin.com/company/aarnink-dengerink-vleeswren,4448900769
ABD,Verkoopadviseur,Heerenveen,2026-08-11,klantadviseur,nee,https://nl.linkedin.com/jobs/view/verkoopadviseur-at-abd-renault-nissan-dacia-4452447964,https://nl.linkedin.com/company/welkombijabd,4452447964
ABENA,Order Entry &amp; Sales Support Medewerker,Haps,2026-09-03,orderverwerking medewerker,nee,https://nl.linkedin.com/jobs/view/order-entry-sales-support-medewerker-at-abena-4462837755,https://dk.linkedin.com/company/abena,4462837755
Action,E-commerce Planner,Zwaagdijk-Oost,2026-09-18,e-commerce medewerker,nee,https://nl.linkedin.com/jobs/view/e-commerce-planner-at-action-4458653488,https://nl.linkedin.com/company/action-bv,4458653488
Action,eCommerce Planner,Zwaagdijk-Oost,2026-09-19,e-commerce medewerker,nee,https://nl.linkedin.com/jobs/view/ecommerce-planner-at-action-4433346753,https://nl.linkedin.com/company/action-bv,4433346753
Adams Multilingual Recruitment,Customer Service Advisor | Spanish,Amsterdam,2026-09-02,customer service,nee,https://nl.linkedin.com/jobs/view/customer-service-advisor-spanish-at-adams-multilingual-recruitment-4459961475,https://nl.linkedin.com/company/adams-multilingual-recruitment,4459961475
Adams Multilingual Recruitment,Customer Operations Specialist | German,Rotterdam,2026-09-18,orderverwerking medewerker,nee,https://nl.linkedin.com/jobs/view/customer-operations-specialist-german-at-adams-multilingual-recruitment-4469126207,https://nl.linkedin.com/company/adams-multilingual-recruitment,4469126207
Adecco,Platform Operations Specialist,Hilversum,2026-09-14,e-commerce medewerker,nee,https://nl.linkedin.com/jobs/view/platform-operations-specialist-at-adecco-4465212261,https://ch.linkedin.com/company/adecco,4465212261
Adecco,Digital Operations Specialist,Hilversum,2026-09-14,e-commerce medewerker,nee,https://nl.linkedin.com/jobs/view/digital-operations-specialist-at-adecco-4465213209,https://ch.linkedin.com/company/adecco,4465213209
adidas,Sales Consultant - Rotterdam,Rotterdam,2026-09-04,klantadviseur,nee,https://nl.linkedin.com/jobs/view/sales-consultant-rotterdam-at-adidas-4441513187,https://de.linkedin.com/company/adidas,4441513187
AEP International B.V.,Commercieel Medewerker Binnendienst,Alblasserdam,2026-09-10,orderverwerking medewerker,nee,https://nl.linkedin.com/jobs/view/commercieel-medewerker-binnendienst-at-aep-international-b-v-4463481660,https://www.linkedin.com/company/aep-international-b.v.,4463481660
AgruniekRijnvallei,Vacature: Medewerker Verkoopadministratie en Masterdatabeheer - Wageningen,Wageningen,2026-07-09,orderverwerking medewerker,nee,https://nl.linkedin.com/jobs/view/vacature-medewerker-verkoopadministratie-en-masterdatabeheer-wageningen-at-agruniekrijnvallei-4438629880,https://nl.linkedin.com/company/agruniekrijnvallei,4438629880
Albert Heijn,E-commerce Manager Vers,Zaandam,2026-09-11,e-commerce medewerker,nee,https://nl.linkedin.com/jobs/view/e-commerce-manager-vers-at-albert-heijn-4466300506,https://nl.linkedin.com/company/albert-heijn,4466300506
Albert Heijn,Social Media Specialist eCommerce,Zaandam,2026-09-21,e-commerce medewerker,nee,https://nl.linkedin.com/jobs/view/social-media-specialist-ecommerce-at-albert-heijn-4469904088,https://nl.linkedin.com/company/albert-heijn,4469904088
ALKU,Verkoopadviseur Tilburg,Tilburg,2026-07-09,klantadviseur,nee,https://nl.linkedin.com/jobs/view/verkoopadviseur%0Atilburg-at-alku-4435901277,https://nl.linkedin.com/company/alku,4435901277
ALKU,Verkoopadviseur,Tilburg,2026-09-04,klantadviseur,nee,https://nl.linkedin.com/jobs/view/verkoopadviseur-at-alku-4461984846,https://nl.linkedin.com/company/alku,4461984846
Allianz Direct,Client Success Medewerker,Rotterdam,2025-06-02,klantadviseur,nee,https://nl.linkedin.com/jobs/view/client-success-medewerker-at-allianz-direct-4242804934,https://de.linkedin.com/company/allianzdirect,4242804934
Alloga,Employee customer service X 5,Veghel,2026-05-27,orderverwerking medewerker,nee,https://nl.linkedin.com/jobs/view/employee-customer-service-x-5-at-alloga-4417214824,https://uk.linkedin.com/company/alloga,4417214824
Almotion B.V.,Medewerker commerciële binnendienst,Elst,2026-09-22,orderverwerking medewerker,nee,https://nl.linkedin.com/jobs/view/medewerker-commerci%C3%ABle-binnendienst-at-almotion-b-v-4470287628,https://nl.linkedin.com/company/almotion-bv,4470287628
Alpina Group,Adviseur binnendienst agrarisch,Hoogeveen,2026-09-06,klantadviseur,nee,https://nl.linkedin.com/jobs/view/adviseur-binnendienst-agrarisch-at-alpina-group-4426608510,https://nl.linkedin.com/company/alpinagroupbv,4426608510
Amacx Sports Nutrition,AI-Driven Email &amp; Marketplace Specialist,Noordwijk-Binnen,2026-08-21,e-commerce medewerker,nee,https://nl.linkedin.com/jobs/view/ai-driven-email-marketplace-specialist-at-amacx-sports-nutrition-4457346846,https://nl.linkedin.com/company/amacx-sports-nutrition,4457346846
Ames Autobedrijf,Medewerker Sales Support - Ames,Dordrecht,2026-09-21,orderverwerking medewerker,nee,https://nl.linkedin.com/jobs/view/medewerker-sales-support-ames-at-ames-autobedrijf-4468727578,https://nl.linkedin.com/company/ames-autobedrijf,4468727578
Anteryon B.V.,Inside Sales Specialist,Eindhoven,2026-09-16,orderverwerking medewerker,nee,https://nl.linkedin.com/jobs/view/inside-sales-specialist-at-anteryon-b-v-4454182530,https://nl.linkedin.com/company/anteryon-b.v.,4454182530
Aon,Senior Client Consultant Pensioen,Rotterdam,2026-09-18,klantadviseur,nee,https://nl.linkedin.com/jobs/view/senior-client-consultant-pensioen-at-aon-4382604299,https://uk.linkedin.com/company/aon,4382604299
Applied Medical,Associate Customer Relations Representative - German speaking,Amersfoort,2026-09-03,customer service,nee,https://nl.linkedin.com/jobs/view/associate-customer-relations-representative-german-speaking-at-applied-medical-4460728746,https://www.linkedin.com/company/appliedmedical,4460728746
Applied Medical,Associate Customer Relations Representative - Italian and German speaking,Amersfoort,2026-09-08,customer service,nee,https://nl.linkedin.com/jobs/view/associate-customer-relations-representative-italian-and-german-speaking-at-applied-medical-4462526342,https://www.linkedin.com/company/appliedmedical,4462526342
Ardagh Group,Supply &amp; Demand Employee,Oss,2026-06-22,orderverwerking medewerker,nee,https://nl.linkedin.com/jobs/view/supply-demand-employee-at-ardagh-group-4422369204,https://lu.linkedin.com/company/ardagh-group,4422369204
Arie Bouman Green Outdoor B.V.,Backoffice Medewerker Inkoop,Wijk en Aalburg,2026-09-08,orderverwerking medewerker,nee,https://nl.linkedin.com/jobs/view/backoffice-medewerker-inkoop-at-arie-bouman-green-outdoor-b-v-4464492064,https://nl.linkedin.com/company/arie-bouman-green-outdoor,4464492064
ARP Nederland B.V.,Sales Operations Medewerker,Maastricht,2026-09-03,orderverwerking medewerker,nee,https://nl.linkedin.com/jobs/view/sales-operations-medewerker-at-arp-nederland-b-v-4433801725,https://nl.linkedin.com/company/arp-nederland,4433801725
ARP Nederland B.V.,Sales Support Medewerker,Maastricht,2026-09-22,orderverwerking medewerker,nee,https://nl.linkedin.com/jobs/view/sales-support-medewerker-at-arp-nederland-b-v-4468589525,https://nl.linkedin.com/company/arp-nederland,4468589525
Arval BNP Paribas Group,Accountmanager B2B,Houten,2026-09-01,klantadviseur,nee,https://nl.linkedin.com/jobs/view/accountmanager-b2b-at-arval-bnp-paribas-group-4461782836,https://fr.linkedin.com/company/bnp-paribas-arval,4461782836
Arval BNP Paribas Group,Accountmanager B2B,Houten,2026-09-08,klantadviseur,nee,https://nl.linkedin.com/jobs/view/accountmanager-b2b-at-arval-bnp-paribas-group-4463508168,https://fr.linkedin.com/company/bnp-paribas-arval,4463508168
Athlon Nederland,Klantadviseur,Nieuwegein,2026-09-16,klantadviseur,nee,https://nl.linkedin.com/jobs/view/klantadviseur-at-athlon-nederland-4456467591,https://nl.linkedin.com/company/athlon-nederland,4456467591
Autobedrijf Bochane,Junior Service Adviseur,Harderwijk,2026-09-12,klantadviseur,nee,https://nl.linkedin.com/jobs/view/junior-service-adviseur-at-autobedrijf-bochane-4438306474,https://nl.linkedin.com/company/autobedrijf-bochane,4438306474
Avenir Collective,Account Manager (Bol.com),"Utrecht, Nederland",2026-09-15,e-commerce medewerker,nee,https://nl.linkedin.com/jobs/view/account-manager-bol-com-at-avenir-collective-4465599184,https://uk.linkedin.com/company/avenir-collective,4465599184
AVH Outdoor Tuinmeubelen,Klantenservice medewerker parttime/fulltime,Numansdorp,2026-02-24,support medewerker webshop,nee,https://nl.linkedin.com/jobs/view/klantenservice-medewerker-parttime-fulltime-at-avh-outdoor-tuinmeubelen-4377145760,https://nl.linkedin.com/company/avh-outdoor-tuinmeubelen,4377145760
AVH Outdoor Tuinmeubelen,Verkoopmedewerk(st)er,Numansdorp,2026-03-20,support medewerker webshop,nee,https://nl.linkedin.com/jobs/view/verkoopmedewerk-st-er-at-avh-outdoor-tuinmeubelen-4388596338,https://nl.linkedin.com/company/avh-outdoor-tuinmeubelen,4388596338
AVR,Sales Support Medewerker,Rozenburg,2026-08-17,orderverwerking medewerker,nee,https://nl.linkedin.com/jobs/view/sales-support-medewerker-at-avr-4466064506,https://nl.linkedin.com/company/avr,4466064506
Axians NL,Senior Customer Care Specialist,Eindhoven,2026-09-10,customer service,nee,https://nl.linkedin.com/jobs/view/senior-customer-care-specialist-at-axians-nl-4456496800,https://nl.linkedin.com/company/axiansnl,4456496800
Axians NL | Data Analytics,Senior Customer Care Specialist,Eindhoven,2026-08-20,customer service,nee,https://nl.linkedin.com/jobs/view/senior-customer-care-specialist-at-axians-data-ai-4453872523,https://nl.linkedin.com/company/axians-data-ai,4453872523
Ayvens,Sales Advisor,Amsterdam,2026-05-14,klantadviseur,nee,https://nl.linkedin.com/jobs/view/sales-advisor-at-ayvens-4411514509,https://www.linkedin.com/company/ayvens,4411514509
Ayvens,Accountmanager Binnendienst,Amsterdam,2026-05-14,klantadviseur,nee,https://nl.linkedin.com/jobs/view/accountmanager-binnendienst-at-ayvens-4411514504,https://www.linkedin.com/company/ayvens,4411514504
Ayvens,Specialist Ordering &amp; Fleetdesk I,Amsterdam,2026-07-16,orderverwerking medewerker,nee,https://nl.linkedin.com/jobs/view/specialist-ordering-fleetdesk-i-at-ayvens-4437693035,https://www.linkedin.com/company/ayvens,4437693035
Ayvens,Medewerker Digital Sales I,Rotterdam,2026-09-09,e-commerce medewerker,nee,https://nl.linkedin.com/jobs/view/medewerker-digital-sales-i-at-ayvens-4462243249,https://www.linkedin.com/company/ayvens,4462243249
Ayvens,Accountmanager Binnendienst,Rotterdam,2026-09-11,klantadviseur,nee,https://nl.linkedin.com/jobs/view/accountmanager-binnendienst-at-ayvens-4463022522,https://www.linkedin.com/company/ayvens,4463022522
BAIYILED EUROPE B.V.,Technisch Commercieel Medewerker Binnendienst &amp; Operations.,Almere,2026-08-21,orderverwerking medewerker,nee,https://nl.linkedin.com/jobs/view/technisch-commercieel-medewerker-binnendienst-operations-at-baiyiled-europe-b-v-4457078701,https://nl.linkedin.com/company/baiyiled-europe-b-v,4457078701
BAM Nederland,Klantadviseur,Bunnik,2026-09-11,klantadviseur,nee,,,4429241886
Bauder Nederland,Medewerker Verkoop Binnendienst / Sales Coördinator,Houten,2026-09-22,orderverwerking medewerker,nee,https://nl.linkedin.com/jobs/view/medewerker-verkoop-binnendienst-sales-co%C3%B6rdinator-at-bauder-nederland-4470282621,https://nl.linkedin.com/company/bauder-bv,4470282621
Bax Music,Marketplace-marketeer,Goes,2026-08-28,e-commerce medewerker,nee,https://nl.linkedin.com/jobs/view/marketplace-marketeer-at-bax-music-4458091991,https://nl.linkedin.com/company/baxmusic,4458091991
Bear Optima Wood B.V.,Commercieel medewerker binnendienst,Nijverdal,2026-08-28,orderverwerking medewerker,nee,https://nl.linkedin.com/jobs/view/commercieel-medewerker-binnendienst-at-bear-optima-wood-b-v-4460325998,https://nl.linkedin.com/company/bear-optima-wood-b-v,4460325998
Bechtle NV,Sales Support Medewerker,Nederland,2026-09-15,orderverwerking medewerker,nee,https://nl.linkedin.com/jobs/view/sales-support-medewerker-at-bechtle-nv-4465538475,https://be.linkedin.com/company/bechtle-nv,4465538475
Bejo,Sales Support Employee,Schagen,2026-09-17,orderverwerking medewerker,nee,https://nl.linkedin.com/jobs/view/sales-support-employee-at-bejo-4466958651,https://nl.linkedin.com/company/bejo,4466958651
Belsimpel,Commercieel Data Analist voor Gomibo.de,Groningen,2026-09-02,e-commerce medewerker,nee,https://nl.linkedin.com/jobs/view/commercieel-data-analist-voor-gomibo-de-at-gomibo-l-belsimpel-4442750204,https://nl.linkedin.com/company/gomibo-belsimpel,4442750204
Beter Horen,Verkoopadviseur bij Beter Horen in Velp en Duiven,Duiven,2026-09-03,klantadviseur,nee,https://nl.linkedin.com/jobs/view/verkoopadviseur-bij-beter-horen-in-velp-en-duiven-at-beter-horen-4462864236,https://nl.linkedin.com/company/beter-horen,4462864236
Beter Horen,Verkoopadviseur bij Beter Horen Rotterdam,Rotterdam,2026-09-09,klantadviseur,nee,https://nl.linkedin.com/jobs/view/verkoopadviseur-bij-beter-horen-rotterdam-at-beter-horen-4465019621,https://nl.linkedin.com/company/beter-horen,4465019621
Beter Horen,Verkoopadviseur bij Beter Horen Delft,Delft,2026-09-09,klantadviseur,nee,https://nl.linkedin.com/jobs/view/verkoopadviseur-bij-beter-horen-delft-at-beter-horen-4465016514,https://nl.linkedin.com/company/beter-horen,4465016514
Beter Horen,Verkoopadviseur bij Beter Horen Bilthoven,Bilthoven,2026-09-09,klantadviseur,nee,https://nl.linkedin.com/jobs/view/verkoopadviseur-bij-beter-horen-bilthoven-at-beter-horen-4465324795,https://nl.linkedin.com/company/beter-horen,4465324795
Bever,E-commerce Specialist Germany,Pijnacker,2026-09-15,e-commerce medewerker,nee,https://nl.linkedin.com/jobs/view/e-commerce-specialist-germany-at-bever-4466505111,https://nl.linkedin.com/company/bever,4466505111
Bezos.AI,Graduate Business Operations Associate,Amsterdam,2026-07-05,e-commerce medewerker,nee,https://nl.linkedin.com/jobs/view/graduate-business-operations-associate-at-gonini-formerly-bezos-ai-4437127111,https://uk.linkedin.com/company/bezosai,4437127111
Big Bazar,Vulploegmedewerker in Utrecht,Utrecht,2023-04-02,support medewerker webshop,nee,https://nl.linkedin.com/jobs/view/vulploegmedewerker-in-utrecht-at-big-bazar-3589709882,https://nl.linkedin.com/company/bigbazarwinkels,3589709882
Big Bazar,Vulploegmedewerker in Waddinxveen,Waddinxveen,2023-05-03,webshop medewerker,nee,https://nl.linkedin.com/jobs/view/vulploegmedewerker-in-waddinxveen-at-big-bazar-3621010935,https://nl.linkedin.com/company/bigbazarwinkels,3621010935
Big Bazar,Vulploegmedewerker in Oosterhout,Oosterhout,2023-05-03,support medewerker webshop,nee,https://nl.linkedin.com/jobs/view/vulploegmedewerker-in-oosterhout-at-big-bazar-3621017054,https://nl.linkedin.com/company/bigbazarwinkels,3621017054
Big Bazar,Vulploegmedewerker in Asten,Asten,2023-05-03,support medewerker webshop,nee,https://nl.linkedin.com/jobs/view/vulploegmedewerker-in-asten-at-big-bazar-3621014238,https://nl.linkedin.com/company/bigbazarwinkels,3621014238
Big Bazar,Vulploegmedewerker in Houten,Houten,2023-05-03,support medewerker webshop,nee,https://nl.linkedin.com/jobs/view/vulploegmedewerker-in-houten-at-big-bazar-3621016077,https://nl.linkedin.com/company/bigbazarwinkels,3621016077
Big Bazar,Vulploegmedewerker in Alkmaar,Alkmaar,2023-05-03,support medewerker webshop,nee,https://nl.linkedin.com/jobs/view/vulploegmedewerker-in-alkmaar-at-big-bazar-3621017085,https://nl.linkedin.com/company/bigbazarwinkels,3621017085
Big Bazar,Vulploegmedewerker in Zierikzee,Zierikzee,2023-06-03,webshop medewerker,nee,https://nl.linkedin.com/jobs/view/vulploegmedewerker-in-zierikzee-at-big-bazar-3649984580,https://nl.linkedin.com/company/bigbazarwinkels,3649984580
Big Bazar,Vulploegmedewerker in Steenwijk,Steenwijk,2023-06-03,webshop medewerker,nee,https://nl.linkedin.com/jobs/view/vulploegmedewerker-in-steenwijk-at-big-bazar-3649988205,https://nl.linkedin.com/company/bigbazarwinkels,3649988205
Big Bazar,Verkoopmedewerker in Woerden,Woerden,2023-06-03,webshop medewerker,nee,https://nl.linkedin.com/jobs/view/verkoopmedewerker-in-woerden-at-big-bazar-3649986484,https://nl.linkedin.com/company/bigbazarwinkels,3649986484
Big Bazar,Vulploegmedewerker in Someren,Someren,2023-06-03,support medewerker webshop,nee,https://nl.linkedin.com/jobs/view/vulploegmedewerker-in-someren-at-big-bazar-3649982862,https://nl.linkedin.com/company/bigbazarwinkels,3649982862
Big Bazar,Vulploegmedewerker in Schoonhoven,Schoonhoven,2023-06-03,support medewerker webshop,nee,https://nl.linkedin.com/jobs/view/vulploegmedewerker-in-schoonhoven-at-big-bazar-3649981887,https://nl.linkedin.com/company/bigbazarwinkels,3649981887
Big Bazar,Vulploegmedewerker in Harderwijk,Harderwijk,2023-06-03,support medewerker webshop,nee,https://nl.linkedin.com/jobs/view/vulploegmedewerker-in-harderwijk-at-big-bazar-3649984582,https://nl.linkedin.com/company/bigbazarwinkels,3649984582
Big Bazar,Vulploegmedewerker in Gorinchem,Gorinchem,2023-06-03,support medewerker webshop,nee,https://nl.linkedin.com/jobs/view/vulploegmedewerker-in-gorinchem-at-big-bazar-3649987201,https://nl.linkedin.com/company/bigbazarwinkels,3649987201
Big Bazar,Vulploegmedewerker in Rijswijk,Rijswijk,2023-06-03,support medewerker webshop,nee,https://nl.linkedin.com/jobs/view/vulploegmedewerker-in-rijswijk-at-big-bazar-3649982835,https://nl.linkedin.com/company/bigbazarwinkels,3649982835
Big Bazar,Vulploegmedewerker in Zwolle,Zwolle,2023-06-20,support medewerker webshop,nee,https://nl.linkedin.com/jobs/view/vulploegmedewerker-in-zwolle-at-big-bazar-3666644308,https://nl.linkedin.com/company/bigbazarwinkels,3666644308
Big Bazar,Vulploegmedewerker in Assen,Assen,2026-07-31,support medewerker webshop,nee,https://nl.linkedin.com/jobs/view/vulploegmedewerker-in-assen-at-big-bazar-4445527961,https://nl.linkedin.com/company/bigbazarwinkels,4445527961
Big Bazar,Vulploegmedewerker in Helmond,Helmond,2026-07-31,support medewerker webshop,nee,https://nl.linkedin.com/jobs/view/vulploegmedewerker-in-helmond-at-big-bazar-4445520969,https://nl.linkedin.com/company/bigbazarwinkels,4445520969
Big Bazar,Vulploegmedewerker in Eindhoven,Eindhoven,2026-08-25,support medewerker webshop,nee,https://nl.linkedin.com/jobs/view/vulploegmedewerker-in-eindhoven-at-big-bazar-4456967386,https://nl.linkedin.com/company/bigbazarwinkels,4456967386
Biscuit International Netherlands,Customer Service Medewerker,Dordrecht,2026-09-09,orderverwerking medewerker,nee,https://nl.linkedin.com/jobs/view/customer-service-medewerker-at-biscuit-international-netherlands-4449830753,https://nl.linkedin.com/company/biscuit-international-netherlands,4449830753
Bloom &amp; Wolf,🌸 VACATURE: House-of-Rituals medewerker bij Bloom &amp; Wolf,Randstad,2026-07-06,webshop medewerker,nee,https://nl.linkedin.com/jobs/view/%F0%9F%8C%B8-vacature-house-of-rituals-medewerker-bij-bloom-wolf-at-bloom-wolf-4437410088,https://nl.linkedin.com/company/bloom-wolf,4437410088
Bluebird Day. | B Corp,AI Commerce Front-end Engineer,Breda,2026-05-19,webshop medewerker,nee,https://nl.linkedin.com/jobs/view/ai-commerce-front-end-engineer-at-bluebird-day-4416675385,https://nl.linkedin.com/company/bluebirdday,4416675385
BoF Careers,"PRADA Client Advisor MRTW (m/f/d), PCH",Amsterdam,2026-08-21,klantadviseur,nee,https://nl.linkedin.com/jobs/view/prada-client-advisor-mrtw-m-f-d-pch-at-bof-careers-4456200587,https://www.linkedin.com/company/bof-careers,4456200587
BoF Careers,"PRADA Client Advisor, Roermond",Roermond,2026-09-11,klantadviseur,nee,https://nl.linkedin.com/jobs/view/prada-client-advisor-roermond-at-bof-careers-4464851884,https://www.linkedin.com/company/bof-careers,4464851884
Bolsius | B Corp™,Customer Service Specialist (B2B),Schijndel,2026-08-20,customer service,nee,https://nl.linkedin.com/jobs/view/customer-service-specialist-b2b-at-bolsius-b-corp%E2%84%A2-4454107329,https://nl.linkedin.com/company/bolsiusgroup,4454107329
Booston.io,Medewerker Verkoop Binnendienst,Ittervoort,2026-09-21,orderverwerking medewerker,nee,https://nl.linkedin.com/jobs/view/medewerker-verkoop-binnendienst-at-booston-io-4468718733,https://nl.linkedin.com/company/booston,4468718733
Booston.io,Commercieel Medewerker Binnendienst Helmacab Gorinchem (rechtstreeks contract),Schelluinen,2026-09-21,orderverwerking medewerker,nee,https://nl.linkedin.com/jobs/view/commercieel-medewerker-binnendienst-helmacab-gorinchem-rechtstreeks-contract-at-booston-io-4468721775,https://nl.linkedin.com/company/booston,4468721775
BOSKA Food Tools,Medewerker klantenservice,Bodegraven,2026-09-14,e-commerce medewerker,nee,https://nl.linkedin.com/jobs/view/medewerker-klantenservice-at-boska-food-tools-4467034939,https://nl.linkedin.com/company/boska-holland,4467034939
Breville | Sage,Beanz EU Co-ordinator,Amsterdam,2026-08-26,e-commerce medewerker,nee,https://nl.linkedin.com/jobs/view/beanz-eu-co-ordinator-at-breville-sage-4459164905,https://au.linkedin.com/company/breville-group,4459164905
Brighteq,Medior frontend developer,Utrecht Area,2026-08-01,webshop medewerker,nee,https://nl.linkedin.com/jobs/view/medior-frontend-developer-at-brighteq-4447616074,https://nl.linkedin.com/company/brighteq,4447616074
Brightways - Marketplace Accelerators,Marketplace Manager Amazon &amp; Bol Focused - Client Facing,Rotterdam,2026-09-15,e-commerce medewerker,nee,https://nl.linkedin.com/jobs/view/marketplace-manager-amazon-bol-focused-client-facing-at-brightways-marketplace-accelerators-4464543208,https://nl.linkedin.com/company/brightways-agency,4464543208
Brivo,Customer Care Receptionist,Amsterdam,2026-09-18,customer service,nee,https://nl.linkedin.com/jobs/view/customer-care-receptionist-at-brivo-4466671816,https://www.linkedin.com/company/brivo-inc,4466671816
Brother International (Nederland) BV,Medewerker Sales Support,Amstelveen,2026-09-10,orderverwerking medewerker,nee,https://nl.linkedin.com/jobs/view/medewerker-sales-support-at-brother-international-nederland-bv-4465818043,https://nl.linkedin.com/company/brothernl,4465818043
Bruynzeel Keukens,Keukenadviseur Rotterdam Alexandrium,Rotterdam,2026-08-28,klantadviseur,nee,https://nl.linkedin.com/jobs/view/keukenadviseur-rotterdam-alexandrium-at-bruynzeel-keukens-4458075472,https://nl.linkedin.com/company/bruynzeel-keukens-bv,4458075472
Bruynzeel Keukens,Keukenadviseur Barendrecht,Barendrecht,2026-08-28,klantadviseur,nee,https://nl.linkedin.com/jobs/view/keukenadviseur-barendrecht-at-bruynzeel-keukens-4458062574,https://nl.linkedin.com/company/bruynzeel-keukens-bv,4458062574
BTE Nederland B.V.,Medewerker Verkoop Binnendienst,Heumen,2026-09-01,orderverwerking medewerker,nee,https://nl.linkedin.com/jobs/view/medewerker-verkoop-binnendienst-at-bte-nederland-b-v-4460632832,https://nl.linkedin.com/company/bte-nederland-b-v-,4460632832
Burger Support BV,Information Centre &amp; E-commerce Coördinator,Lelystad,2026-09-02,support medewerker webshop,nee,https://nl.linkedin.com/jobs/view/information-centre-e-commerce-co%C3%B6rdinator-at-burger-support-bv-4462191006,https://nl.linkedin.com/company/burgersupport,4462191006
Burger Support BV,Technisch Sales Support Medewerker,Almere,2026-09-15,orderverwerking medewerker,nee,https://nl.linkedin.com/jobs/view/technisch-sales-support-medewerker-at-burger-support-bv-4467736566,https://nl.linkedin.com/company/burgersupport,4467736566
BYZZ,Commercieel Medewerker binnendienst (jr),Leusden,2026-08-31,orderverwerking medewerker,nee,https://nl.linkedin.com/jobs/view/commercieel-medewerker-binnendienst-jr-at-byzz-4461066818,https://nl.linkedin.com/company/byzz,4461066818
Cable Partners B.V.,Ervaren medewerker verkoop binnendienst,Roosendaal,2026-08-04,orderverwerking medewerker,nee,https://nl.linkedin.com/jobs/view/ervaren-medewerker-verkoop-binnendienst-at-cable-partners-b-v-4448300405,https://nl.linkedin.com/company/cable-partners-b.v.,4448300405
Cadmes,Senior Customer Care medewerker,'s-Hertogenbosch,2026-09-21,klantadviseur,nee,https://nl.linkedin.com/jobs/view/senior-customer-care-medewerker-at-cadmes-4366756757,https://nl.linkedin.com/company/cadmes,4366756757
Camfil Nederland,E-Commerce &amp; Digital Operations Specialist,Ede,2026-09-22,e-commerce medewerker,nee,https://nl.linkedin.com/jobs/view/e-commerce-digital-operations-specialist-at-camfil-nederland-4468577637,https://nl.linkedin.com/company/camfil-nederland,4468577637
Carhartt EMEA/PAC,Customer Operations Associate,Amsterdam,2026-09-07,e-commerce medewerker,nee,https://nl.linkedin.com/jobs/view/customer-operations-associate-at-carhartt-emea-pac-4461885185,https://nl.linkedin.com/company/carhartt-emea-apac,4461885185
Cartouche Fashion,E-commerce &amp; Social Media Specialist Cartouche Fashion,Bodegraven,2026-09-09,e-commerce medewerker,nee,,,4465011645
CAVALLARO NAPOLI,Online Merchandiser,Haarlem,2026-09-08,e-commerce medewerker,nee,https://nl.linkedin.com/jobs/view/online-merchandiser-at-cavallaro-napoli-4452705820,https://nl.linkedin.com/company/cavallaro-fashion,4452705820
CCL Solar Benelux,Logistics Coordinator,Houten,2026-09-07,orderverwerking medewerker,nee,https://nl.linkedin.com/jobs/view/logistics-coordinator-at-ccl-solar-benelux-4464385834,https://nl.linkedin.com/company/ccl-solar-bv,4464385834
Cemex B.V.,Commercieel medewerker,Bleiswijk,2026-09-19,orderverwerking medewerker,nee,https://nl.linkedin.com/jobs/view/commercieel-medewerker-at-cemex-b-v-4464548001,https://nl.linkedin.com/company/cemexbv,4464548001
CEVA Logistics,Customer Service Employee,Waalwijk,2026-09-15,e-commerce medewerker,nee,https://nl.linkedin.com/jobs/view/customer-service-employee-at-ceva-logistics-4465521742,https://fr.linkedin.com/company/ceva-logistics,4465521742
CEVA Logistics,Sales Support Executive,Nijmegen,2026-09-22,e-commerce medewerker,nee,https://nl.linkedin.com/jobs/view/sales-support-executive-at-ceva-logistics-4468572747,https://fr.linkedin.com/company/ceva-logistics,4468572747
Change,Klantenservice medewerker E-commerce (Duitstalig) - Change (20 Juli),Rotterdam,2026-08-13,e-commerce medewerker,nee,https://nl.linkedin.com/jobs/view/klantenservice-medewerker-e-commerce-duitstalig-change-20-juli-at-change-4462953158,https://nl.linkedin.com/company/change-cx,4462953158
Change,Klantenservice medewerker E-commerce Frans/Vlaams - Change,Rotterdam,2026-09-10,e-commerce medewerker,nee,https://nl.linkedin.com/jobs/view/klantenservice-medewerker-e-commerce-frans-vlaams-change-at-change-4462959103,https://nl.linkedin.com/company/change-cx,4462959103
Channable,Technischer Kundensupport DACH - Deutschsprachig,Utrecht,2026-09-10,support medewerker webshop,nee,https://nl.linkedin.com/jobs/view/technischer-kundensupport-dach-deutschsprachig-at-channable-4455674522,https://nl.linkedin.com/company/channable,4455674522
Channable,Technical Customer Support - Nederlands sprekend,Utrecht,2026-09-14,e-commerce medewerker,nee,https://nl.linkedin.com/jobs/view/technical-customer-support-nederlands-sprekend-at-channable-4465793230,https://nl.linkedin.com/company/channable,4465793230
Channable,Technical Customer Support Benelux - Dutch speaking,Utrecht,2026-09-18,e-commerce medewerker,nee,https://nl.linkedin.com/jobs/view/technical-customer-support-benelux-dutch-speaking-at-channable-4458970254,https://nl.linkedin.com/company/channable,4458970254
ChannelEngine,Implementation Specialist,Leiden,2026-08-24,e-commerce medewerker,nee,https://nl.linkedin.com/jobs/view/implementation-specialist-at-channelengine-4455857973,https://nl.linkedin.com/company/channelengine,4455857973
ChannelMojo,Marketplaces Specialist,Amsterdam,2026-07-27,e-commerce medewerker,nee,https://nl.linkedin.com/jobs/view/marketplaces-specialist-at-channelmojo-4442829773,https://nl.linkedin.com/company/channelmojo,4442829773
ChannelMojo,Marketplaces Content Specialist,Amsterdam,2026-07-27,e-commerce medewerker,nee,https://nl.linkedin.com/jobs/view/marketplaces-content-specialist-at-channelmojo-4442849613,https://nl.linkedin.com/company/channelmojo,4442849613
ChannelMojo,Marketplace Ads Specialist,Amsterdam,2026-07-27,e-commerce medewerker,nee,https://nl.linkedin.com/jobs/view/marketplace-ads-specialist-at-channelmojo-4442849612,https://nl.linkedin.com/company/channelmojo,4442849612
Cleve &amp; Zonen,Commercieel medewerker,Rotterdam,2026-08-05,orderverwerking medewerker,nee,https://nl.linkedin.com/jobs/view/commercieel-medewerker-at-cleve-zonen-4449478947,https://nl.linkedin.com/company/cleve-zonen-b-v-,4449478947
Commaxx Group,ONLINE MARKETEER (AMAZON SPECIALIST) - COMMAXX KERKRADE,Kerkrade,2026-08-05,e-commerce medewerker,nee,https://nl.linkedin.com/jobs/view/online-marketeer-amazon-specialist-commaxx-kerkrade-at-commaxx-group-4449463945,https://nl.linkedin.com/company/commaxxgroup,4449463945
Commaxx Group,ONLINE MARKETEER (32-40 UUR),Kerkrade,2026-08-05,e-commerce medewerker,nee,https://nl.linkedin.com/jobs/view/online-marketeer-32-40-uur-at-commaxx-group-4449472618,https://nl.linkedin.com/company/commaxxgroup,4449472618
Concentrix,"Klantenservicemedewerker BMW Financial - Rijswijk - Maandsalaris van 2457,60",Rijswijk,2026-09-03,klantadviseur,nee,https://nl.linkedin.com/jobs/view/klantenservicemedewerker-bmw-financial-rijswijk-maandsalaris-van-2457-60-at-concentrix-4460740574,https://www.linkedin.com/company/concentrix,4460740574
Convatec,Patient Support Specialist - Dutch Speaker,Utrecht,2026-09-08,klantadviseur,nee,https://nl.linkedin.com/jobs/view/patient-support-specialist-dutch-speaker-at-convatec-4455755288,https://uk.linkedin.com/company/convatec,4455755288
Coolblue,Owner Marketplaces,Rotterdam,2026-09-11,e-commerce medewerker,nee,https://nl.linkedin.com/jobs/view/owner-marketplaces-at-coolblue-4466017537,https://nl.linkedin.com/company/coolblue,4466017537
Copaco,E-commerce specialist,Eindhoven,2026-09-08,e-commerce medewerker,nee,https://nl.linkedin.com/jobs/view/e-commerce-specialist-at-copaco-4462296506,https://nl.linkedin.com/company/copaco,4462296506
Corendon Hotels &amp; Resorts,Front Office Associate - Corendon Amsterdam New West,Amsterdam,2026-08-25,customer service,nee,https://nl.linkedin.com/jobs/view/front-office-associate-corendon-amsterdam-new-west-at-corendon-hotels-resorts-4458759775,https://nl.linkedin.com/company/corendon-hotels,4458759775
Corendon Hotels &amp; Resorts,Front Office Associate - Residence Inn by Marriott,Amsterdam,2026-09-21,customer service,nee,https://nl.linkedin.com/jobs/view/front-office-associate-residence-inn-by-marriott-at-corendon-hotels-resorts-4469860465,https://nl.linkedin.com/company/corendon-hotels,4469860465
CycleSoftware,Servicemedewerker,Nistelrode,2026-07-29,support medewerker webshop,nee,https://nl.linkedin.com/jobs/view/servicemedewerker-at-cyclesoftware-4446816034,https://nl.linkedin.com/company/cyclesoftware,4446816034
D2-PC,Servicedesk medewerker,Utrecht Area,2026-07-21,support medewerker webshop,nee,https://nl.linkedin.com/jobs/view/servicedesk-medewerker-at-d2-pc-4443524720,https://nl.linkedin.com/company/d2-pc,4443524720
de Bijenkorf,Product Informatie Specialist,Amsterdam,2026-09-11,e-commerce medewerker,nee,https://nl.linkedin.com/jobs/view/product-informatie-specialist-at-de-bijenkorf-4466066465,https://nl.linkedin.com/company/de-bijenkorf,4466066465
De Klok Banden B.V.,Meewerkend Voorman E-commerce,Oud-Beijerland,2026-09-14,e-commerce medewerker,nee,https://nl.linkedin.com/jobs/view/meewerkend-voorman-e-commerce-at-de-klok-banden-b-v-4467059030,https://nl.linkedin.com/company/de-klok-banden-b-v-,4467059030
De L'Europe,Guest Service Agent (0-uren),Amsterdam,2026-09-08,customer service,nee,https://nl.linkedin.com/jobs/view/guest-service-agent-0-uren-at-de-l-europe-amsterdam-4452581166,https://nl.linkedin.com/company/hotel-de-leurope,4452581166
De L'Europe,Guest Service Agent,Amsterdam,2026-09-09,customer service,nee,https://nl.linkedin.com/jobs/view/guest-service-agent-at-de-l-europe-amsterdam-4455732694,https://nl.linkedin.com/company/hotel-de-leurope,4455732694
De Wit B.V.,Administratief commercieel medewerker,Helmond,2026-09-22,orderverwerking medewerker,nee,https://nl.linkedin.com/jobs/view/administratief-commercieel-medewerker-at-de-wit-b-v-4468707838,https://nl.linkedin.com/company/de-wit-b-v-,4468707838
Decent,Marketplace Manager,Dordrecht,2026-09-06,e-commerce medewerker,nee,https://nl.linkedin.com/jobs/view/marketplace-manager-at-decent-4462673285,https://nl.linkedin.com/company/decentrecruitment,4462673285
DeJong Cheese - Alphenaer,Medewerker Customer Service met een focus op planning en/of inkoop (40 uur),Alphen,2026-07-21,orderverwerking medewerker,nee,https://nl.linkedin.com/jobs/view/medewerker-customer-service-met-een-focus-op-planning-en-of-inkoop-40-uur-at-dejong-cheese-alphenaer-4440454450,https://nl.linkedin.com/company/dejong-cheese,4440454450
Del Monte Corporation,Back office medewerker,Rotterdam,2026-08-11,orderverwerking medewerker,nee,https://nl.linkedin.com/jobs/view/back-office-medewerker-at-del-monte-corporation-4429641720,https://www.linkedin.com/company/delmontecorporation,4429641720
Delta Electronics EMEA,Logistics Specialist,Hoofddorp,2026-09-04,orderverwerking medewerker,nee,https://nl.linkedin.com/jobs/view/logistics-specialist-at-delta-electronics-emea-4460258045,https://nl.linkedin.com/company/delta-electronics-emea,4460258045
DHL eCommerce Nederland,PHP Developer E-Commerce,Utrecht,2026-08-06,webshop medewerker,nee,https://nl.linkedin.com/jobs/view/php-developer-e-commerce-at-dhl-ecommerce-nederland-4450281046,https://nl.linkedin.com/company/dhlecommercenederland,4450281046
DHL eCommerce Nederland,Sales Support Medewerker,Utrecht,2026-08-12,e-commerce medewerker,nee,https://nl.linkedin.com/jobs/view/sales-support-medewerker-at-dhl-ecommerce-nederland-4453344942,https://nl.linkedin.com/company/dhlecommercenederland,4453344942
DHL Freight,Customer Service Representative,Eindhoven,2026-07-21,klantadviseur,nee,https://nl.linkedin.com/jobs/view/customer-service-representative-at-dhl-freight-4442110121,https://de.linkedin.com/company/dhl-freight,4442110121
DHL Freight,Customer Service Representative,Eindhoven,2026-09-03,klantadviseur,nee,https://nl.linkedin.com/jobs/view/customer-service-representative-at-dhl-freight-4461763311,https://de.linkedin.com/company/dhl-freight,4461763311
"DHOMUS | partner voor keukens, sanitair &amp; tegels",Senior Medewerker Orderverwerking Keukens,Waardenburg,2026-05-08,orderverwerking medewerker,nee,https://nl.linkedin.com/jobs/view/senior-medewerker-orderverwerking-keukens-at-dhomus-partner-for-kitchens-sanitary-ware-tiles-4422415657,https://nl.linkedin.com/company/dhomus,4422415657
Dirk Rossmann GmbH,Operativer Einkäufer (m/w/d) eCommerce ROSSMANN-Apotheke B.V.,Emmen,2026-09-12,e-commerce medewerker,nee,https://nl.linkedin.com/jobs/view/operativer-eink%C3%A4ufer-m-w-d-ecommerce-rossmann-apotheke-b-v-at-dirk-rossmann-gmbh-4457339910,https://de.linkedin.com/company/dirk-rossmann-gmbh,4457339910
DO IT Organic (B Corp™),Customer Service and Sales Assistant,Barneveld,2026-08-19,e-commerce medewerker,nee,https://nl.linkedin.com/jobs/view/customer-service-and-sales-assistant-at-do-it-organic-b-corp%E2%84%A2-4455460040,https://nl.linkedin.com/company/doitorganic,4455460040
DO IT Organic (B Corp™),Customer Service en Sales Assistant,Barneveld,2026-08-19,e-commerce medewerker,nee,https://nl.linkedin.com/jobs/view/customer-service-en-sales-assistant-at-do-it-organic-b-corp%E2%84%A2-4455466008,https://nl.linkedin.com/company/doitorganic,4455466008
DogSuppy,Growth Associate,Amsterdam,2026-08-21,e-commerce medewerker,ja,https://nl.linkedin.com/jobs/view/growth-associate-at-dogsuppy-4457343940,https://nl.linkedin.com/company/dogsuppy,4457343940
DPA Professionals,"Klantadviseur Banken, Verzekeringen &amp; Pensioenen",Amsterdam,2026-08-31,klantadviseur,nee,https://nl.linkedin.com/jobs/view/klantadviseur-banken-verzekeringen-pensioenen-at-dpa-professionals-4460027968,https://nl.linkedin.com/company/dpa-professionals,4460027968
DPA Professionals,Allround Klantadviseur Bankwezen,Utrecht,2026-09-15,klantadviseur,nee,https://nl.linkedin.com/jobs/view/allround-klantadviseur-bankwezen-at-dpa-professionals-4456896704,https://nl.linkedin.com/company/dpa-professionals,4456896704
DPA Professionals,"Klantadviseur Banken, Verzekeringen &amp; Pensioenen",Utrecht,2026-09-21,klantadviseur,nee,https://nl.linkedin.com/jobs/view/klantadviseur-banken-verzekeringen-pensioenen-at-dpa-professionals-4460039157,https://nl.linkedin.com/company/dpa-professionals,4460039157
Drukwerkdeal,Customer Care Specialist/ Klantenservice medewerker,Deventer,2026-09-05,support medewerker webshop,nee,https://nl.linkedin.com/jobs/view/customer-care-specialist-klantenservice-medewerker-at-drukwerkdeal-4435854127,https://nl.linkedin.com/company/drukwerkdeal,4435854127
DSV - Global Transport and Logistics,Customer Service Representative Parcel,Maastricht-Airport,2026-09-08,customer service,nee,https://nl.linkedin.com/jobs/view/customer-service-representative-parcel-at-dsv-global-transport-and-logistics-4463509747,https://dk.linkedin.com/company/dsv,4463509747
DSV - Global Transport and Logistics,Customer Service Representative Parcel,Maastricht-Airport,2026-09-08,customer service,nee,https://nl.linkedin.com/jobs/view/customer-service-representative-parcel-at-dsv-global-transport-and-logistics-4463505796,https://dk.linkedin.com/company/dsv,4463505796
dutchtel het enige transparante telecom bedrijf van Nederland,Klant adviseur Telecom,Breukelen,2026-08-09,klantadviseur,nee,https://nl.linkedin.com/jobs/view/klant-adviseur-telecom-at-dutchtel-4451324370,https://nl.linkedin.com/company/dutchtel,4451324370
Dutchwebdesign,Projectmanager e-commerce,Breda,2026-09-11,webshop medewerker,nee,https://nl.linkedin.com/jobs/view/projectmanager-e-commerce-at-dutchwebdesign-4466099708,https://nl.linkedin.com/company/dutchwebdesign,4466099708
Dutchwebdesign,Projectmanager e-commerce,Breda,2026-09-22,webshop medewerker,nee,https://nl.linkedin.com/jobs/view/projectmanager-e-commerce-at-dutchwebdesign-4470299147,https://nl.linkedin.com/company/dutchwebdesign,4470299147
DYKA Group,Baliemedewerker / Magazijnmedewerker | DYKA Weurt,Weurt,2026-05-19,orderverwerking medewerker,nee,https://nl.linkedin.com/jobs/view/baliemedewerker-magazijnmedewerker-dyka-weurt-at-dyka-group-4413300173,https://nl.linkedin.com/company/dykagroup,4413300173
DYKA Group,Baliemedewerker / Magazijnmedewerker | DYKA Eindhoven,Eindhoven,2026-05-22,orderverwerking medewerker,nee,https://nl.linkedin.com/jobs/view/baliemedewerker-magazijnmedewerker-dyka-eindhoven-at-dyka-group-4414311547,https://nl.linkedin.com/company/dykagroup,4414311547
E-WISE Nederland,Commercieel Medewerker Binnendienst (Inside Sales),Utrecht,2026-03-10,e-commerce medewerker,nee,https://nl.linkedin.com/jobs/view/commercieel-medewerker-binnendienst-inside-sales-at-e-wise-nederland-4382027982,https://nl.linkedin.com/company/e-wise_nederland,4382027982
Eastman,Customer Service Representative - Chemical Intermediates - German speaker,Rotterdam,2026-09-19,customer service,nee,https://nl.linkedin.com/jobs/view/customer-service-representative-chemical-intermediates-german-speaker-at-eastman-4440254476,https://www.linkedin.com/company/eastman,4440254476
Economy,Online marketeer in Delft,Delft,2026-06-06,e-commerce medewerker,nee,https://nl.linkedin.com/jobs/view/online-marketeer-in-delft-at-economy-4432302999,https://nl.linkedin.com/company/e-conomy,4432302999
Efulfilment Europe,Sales Support Medewerker,Almere,2026-05-08,e-commerce medewerker,nee,https://nl.linkedin.com/jobs/view/sales-support-medewerker-at-efulfilment-europe-4412126214,https://nl.linkedin.com/company/efulfilmenteu,4412126214
Efulfilment Europe,Online Marketeer,Almere,2026-09-10,e-commerce medewerker,nee,https://nl.linkedin.com/jobs/view/online-marketeer-at-efulfilment-europe-4463494033,https://nl.linkedin.com/company/efulfilmenteu,4463494033
Elektramat B.V.,Klantenservice Medewerker,Almelo,2026-01-22,e-commerce medewerker,nee,https://nl.linkedin.com/jobs/view/klantenservice-medewerker-at-elektramat-b-v-4365287273,https://nl.linkedin.com/company/elektramat,4365287273
Elektramat B.V.,Merchandiser &amp; Search specialist,Enschede en omgeving,2026-03-28,e-commerce medewerker,nee,https://nl.linkedin.com/jobs/view/merchandiser-search-specialist-at-elektramat-b-v-4392006945,https://nl.linkedin.com/company/elektramat,4392006945
Elektrototaalmarkt,Klantenservicemedewerker,Nistelrode,2026-09-09,support medewerker webshop,nee,https://nl.linkedin.com/jobs/view/klantenservicemedewerker-at-elektrototaalmarkt-nl-4464498258,https://nl.linkedin.com/company/elektrototaalmarkt,4464498258
Elevation Group,Administratief Medewerker Inkoop,'s-Gravenhage,2026-09-08,orderverwerking medewerker,nee,https://nl.linkedin.com/jobs/view/administratief-medewerker-inkoop-at-elevation-group-4464623531,https://nl.linkedin.com/company/elevation-group-netherlands,4464623531
ennovationHUB,Senior Google Ads Specialist | International E-commerce | Remote ASAP,Nederland,2026-09-18,e-commerce medewerker,nee,https://nl.linkedin.com/jobs/view/senior-google-ads-specialist-international-e-commerce-remote-asap-at-ennovationhub-4469156300,https://uk.linkedin.com/company/ennovationhub,4469156300
ERIKS Netherlands,Medewerker Order Service Team,Alkmaar,2026-09-22,orderverwerking medewerker,nee,https://nl.linkedin.com/jobs/view/medewerker-order-service-team-at-eriks-netherlands-4470402866,https://nl.linkedin.com/company/eriks-nederland,4470402866
Essent,Klantadviseur Slim Energiegebruik,'s-Hertogenbosch,2026-09-20,klantadviseur,nee,https://nl.linkedin.com/jobs/view/klantadviseur-slim-energiegebruik-at-essent-4432654929,https://nl.linkedin.com/company/essent,4432654929
EssilorLuxottica,Optician - Customer Service Executive,Zevenaar,2026-09-05,customer service,nee,https://nl.linkedin.com/jobs/view/optician-customer-service-executive-at-essilorluxottica-4294584765,https://fr.linkedin.com/company/essilorluxottica,4294584765
Euro Pizza Products,Business Support Medewerker,Amstelveen,2026-09-03,support medewerker webshop,nee,https://nl.linkedin.com/jobs/view/business-support-medewerker-at-euro-pizza-products-4462780476,https://nl.linkedin.com/company/euro-pizza-products,4462780476
Eurofins,Customer Support Medewerker,Amersfoort,2026-07-09,customer service,nee,https://nl.linkedin.com/jobs/view/customer-support-medewerker-at-eurofins-4438595647,https://lu.linkedin.com/company/eurofins,4438595647
Evoke,Customer Service Specialist,Geleen,2026-09-18,orderverwerking medewerker,nee,https://nl.linkedin.com/jobs/view/customer-service-specialist-at-evoke-4467898800,https://nl.linkedin.com/company/evokestaffing,4467898800
Fashion Cloud,Product Success Manager - EDI,Amsterdam,2026-08-10,support medewerker webshop,nee,https://nl.linkedin.com/jobs/view/product-success-manager-edi-at-fashion-cloud-4451568032,https://de.linkedin.com/company/fashioncloud,4451568032
Ferdinand Zandbergen B.V.,Sales Support Medewerker,Woudenberg,2026-09-09,orderverwerking medewerker,nee,https://nl.linkedin.com/jobs/view/sales-support-medewerker-at-ferdinand-zandbergen-b-v-4465051599,https://nl.linkedin.com/company/ferdinand-zandbergen-bv-international-meat,4465051599
Fidus,Adviseur Particuliere Verzekeringen,Huizen,2026-09-03,klantadviseur,nee,https://nl.linkedin.com/jobs/view/adviseur-particuliere-verzekeringen-at-fidus-4450704441,https://nl.linkedin.com/company/fidusnl,4450704441
Figo Pet Nederland,Conseiller(ère) clientèle,Amsterdam Area,2026-09-16,klantadviseur,nee,https://nl.linkedin.com/jobs/view/conseiller-%C3%A8re-client%C3%A8le-at-figo-pet-nederland-4466866292,https://nl.linkedin.com/company/figopetnl,4466866292
Fixami,Franse Customer Service Medewerker,Tilburg,2026-07-28,support medewerker webshop,nee,https://nl.linkedin.com/jobs/view/franse-customer-service-medewerker-at-fixami-4445449934,https://nl.linkedin.com/company/fixami,4445449934
Flatline Agency ™️,eCommerce Manager,Amsterdam,2026-02-13,support medewerker webshop,nee,https://nl.linkedin.com/jobs/view/ecommerce-manager-at-flatline-agency-%E2%84%A2%EF%B8%8F-4364123125,https://nl.linkedin.com/company/flatline-agency,4364123125
Flatline Agency ™️,Shopify Consultant,Amsterdam,2026-07-28,support medewerker webshop,nee,https://nl.linkedin.com/jobs/view/shopify-consultant-at-flatline-agency-%E2%84%A2%EF%B8%8F-4445412861,https://nl.linkedin.com/company/flatline-agency,4445412861
Flatpay,Customer Support Agent,Amsterdam,2026-09-05,customer service,nee,https://nl.linkedin.com/jobs/view/customer-support-agent-at-flatpay-4454509382,https://dk.linkedin.com/company/flatpayaps,4454509382
Flitsmeister,Customer Support Specialist,Veenendaal,2026-09-09,customer service,nee,https://nl.linkedin.com/jobs/view/customer-support-specialist-at-flitsmeister-4445733076,https://nl.linkedin.com/company/flitsmeister,4445733076
Foxelli Group,Email Marketing Specialist| DTC E-commerce | 100% Remote EU,Amsterdam Area,2026-07-31,e-commerce medewerker,nee,https://nl.linkedin.com/jobs/view/email-marketing-specialist-dtc-e-commerce-100%25-remote-eu-at-foxelli-group-4447525692,https://nl.linkedin.com/company/foxelli-group,4447525692
Fresh 'n Rebel,Medewerker Commercial Backoffice Rotterdam HQ 32h-40h,Rotterdam,2026-08-05,orderverwerking medewerker,ja,https://nl.linkedin.com/jobs/view/medewerker-commercial-backoffice%0Arotterdam-hq%0A32h-40h-at-fresh-n-rebel-4447308836,https://nl.linkedin.com/company/fresh-n-rebel,4447308836
Fresh People,online merchandiser,Zaandam,2026-08-31,e-commerce medewerker,nee,https://nl.linkedin.com/jobs/view/online-merchandiser-at-fresh-people-4461205780,https://nl.linkedin.com/company/freshpeople,4461205780
Fyffes,OTC Analyst,Rotterdam,2026-09-03,orderverwerking medewerker,nee,https://nl.linkedin.com/jobs/view/otc-analyst-at-fyffes-4434988333,https://ie.linkedin.com/company/fyffes,4434988333
Gall &amp; Gall,Specialist Online Merchandiser,Zaandam,2026-09-11,e-commerce medewerker,nee,https://nl.linkedin.com/jobs/view/specialist-online-merchandiser-at-gall-gall-4463962737,https://nl.linkedin.com/company/gall-&amp;-gall,4463962737
GANNI,"Full-time Client Advisor - Leidsestraat, Amsterdam",Amsterdam,2026-09-10,klantadviseur,nee,https://nl.linkedin.com/jobs/view/full-time-client-advisor-leidsestraat-amsterdam-at-ganni-4465643770,https://dk.linkedin.com/company/ganni,4465643770
GANNI,"Full-time Client Advisor - Runstraat, Amsterdam",Amsterdam,2026-09-18,klantadviseur,nee,https://nl.linkedin.com/jobs/view/full-time-client-advisor-runstraat-amsterdam-at-ganni-4440901648,https://dk.linkedin.com/company/ganni,4440901648
GDB Logistics,Customer Support Specialist,Alkmaar,2026-08-10,customer service,nee,https://nl.linkedin.com/jobs/view/customer-support-specialist-at-gdb-logistics-4451529684,https://nl.linkedin.com/company/gdblogistics,4451529684
Giorgio Armani,Client Advisor,'s-Gravenhage,2026-09-16,klantadviseur,nee,https://nl.linkedin.com/jobs/view/client-advisor-at-giorgio-armani-4442722796,https://it.linkedin.com/company/giorgio-armani,4442722796
Globus Medical,Operations Shipping Clerk,Brunssum,2025-12-15,orderverwerking medewerker,nee,https://nl.linkedin.com/jobs/view/operations-shipping-clerk-at-globus-medical-4350103888,https://www.linkedin.com/company/globus-medical,4350103888
Goldbergh,Email &amp; CRM Marketeer,Amsterdam,2026-08-27,e-commerce medewerker,nee,https://nl.linkedin.com/jobs/view/email-crm-marketeer-at-goldbergh-4459803918,https://nl.linkedin.com/company/goldbergh,4459803918
GoSpooky,TikTok Shop Manager,Amsterdam,2026-09-08,e-commerce medewerker,nee,https://nl.linkedin.com/jobs/view/tiktok-shop-manager-at-gospooky-4409438011,https://nl.linkedin.com/company/gospooky,4409438011
Greenchoice,Commercieel Adviseur MKB,Nijmegen,2026-09-14,klantadviseur,nee,https://nl.linkedin.com/jobs/view/commercieel-adviseur-mkb-at-greenchoice-4455280040,https://nl.linkedin.com/company/greenchoice,4455280040
Grozette BV,Medewerker Binnendienst,Woerden,2026-07-30,orderverwerking medewerker,nee,https://nl.linkedin.com/jobs/view/medewerker-binnendienst-at-grozette-bv-4446568559,https://nl.linkedin.com/company/grozette-bv,4446568559
GTE,Junior Marketeer (Dutch speaker),Nieuwegein,2026-04-16,e-commerce medewerker,nee,https://nl.linkedin.com/jobs/view/junior-marketeer-dutch-speaker-at-gte-4402168963,https://www.linkedin.com/company/gte2018,4402168963
GTE,eCom Product Page Designer,Nieuwegein,2026-07-14,e-commerce medewerker,nee,https://nl.linkedin.com/jobs/view/ecom-product-page-designer-at-gte-4439800194,https://www.linkedin.com/company/gte2018,4439800194
GTE,eCom Product Page Copywriter,Nieuwegein,2026-07-14,e-commerce medewerker,nee,https://nl.linkedin.com/jobs/view/ecom-product-page-copywriter-at-gte-4439489638,https://www.linkedin.com/company/gte2018,4439489638
GTE,Product Importer,Nieuwegein,2026-07-27,e-commerce medewerker,nee,https://nl.linkedin.com/jobs/view/product-importer-at-gte-4445185256,https://www.linkedin.com/company/gte2018,4445185256
GTE,E-commerce Marketeer,Nieuwegein,2026-08-11,e-commerce medewerker,nee,https://nl.linkedin.com/jobs/view/e-commerce-marketeer-at-gte-4452143236,https://www.linkedin.com/company/gte2018,4452143236
GTE,Shopify Store Builders 🛠️,Nieuwegein,2026-08-27,e-commerce medewerker,nee,https://nl.linkedin.com/jobs/view/shopify-store-builders-%F0%9F%9B%A0%EF%B8%8F-at-gte-4458659953,https://www.linkedin.com/company/gte2018,4458659953
GTE,E-mail Marketeer,Nieuwegein,2026-09-07,e-commerce medewerker,nee,https://nl.linkedin.com/jobs/view/e-mail-marketeer-at-gte-4462984203,https://www.linkedin.com/company/gte2018,4462984203
GUILLIN ESPAÑA,SERVICEMEDEWERKER - GUILLIN NEDERLAND - BUNSCHOTEN (NETHERLANDS),Bunschoten,2026-07-22,orderverwerking medewerker,nee,https://nl.linkedin.com/jobs/view/servicemedewerker-guillin-nederland-bunschoten-netherlands-at-guillin-espa%C3%B1a-4444214677,https://es.linkedin.com/company/guillin-espana,4444214677
HabitasConnects,Senior E-commerce &amp; Marketplace Medewerker | 24-32 uur | Oud-Beijerland,Oud-Beijerland,2026-09-14,e-commerce medewerker,nee,https://nl.linkedin.com/jobs/view/senior-e-commerce-marketplace-medewerker-24-32-uur-oud-beijerland-at-habitasconnects-4465220223,https://nl.linkedin.com/company/habitasconnects,4465220223
Hager Nederland,Medewerker Ordermanagement,'s-Hertogenbosch,2026-09-11,orderverwerking medewerker,nee,https://nl.linkedin.com/jobs/view/medewerker-ordermanagement-at-hager-netherlands-4466042094,https://nl.linkedin.com/company/hager-nederland,4466042094
Hamulight | Outdoor Lighting,Medewerker operations &amp; commerciële binnendienst,Panningen,2026-09-08,orderverwerking medewerker,nee,https://nl.linkedin.com/jobs/view/medewerker-operations-commerci%C3%ABle-binnendienst-at-hamulight-outdoor-lighting-4464478338,https://nl.linkedin.com/company/hamulight,4464478338
Happy On Web B.V.,Fulltime Klantenservice &amp; Webshop medewerker Eindhoven,Eindhoven Area,2026-08-05,e-commerce medewerker,nee,https://nl.linkedin.com/jobs/view/fulltime-klantenservice-webshop-medewerker-eindhoven-at-happy-on-web-b-v-4449629126,https://nl.linkedin.com/company/happy-on-web-bv,4449629126
Harmony Auto Netherlands,Sales Consultant,Rotterdam,2026-09-11,klantadviseur,nee,https://nl.linkedin.com/jobs/view/sales-consultant-at-harmony-auto-netherlands-4466090723,https://nl.linkedin.com/company/harmony-auto-netherlands,4466090723
Haystack People,Customer Support Specialist,Haarlem,2026-09-18,customer service,nee,https://nl.linkedin.com/jobs/view/customer-support-specialist-at-haystack-people-4467860501,https://nl.linkedin.com/company/haystack-people,4467860501
HeatTransformers,Sales Agent (Commercieel Adviseur),Woerden,2026-07-09,klantadviseur,nee,https://nl.linkedin.com/jobs/view/sales-agent-commercieel-adviseur-at-heattransformers-4438607247,https://nl.linkedin.com/company/heattransformers,4438607247
Hedin Automotive NL,"Service Adviseur Citroën, Fiat, Opel en Peugeot",Assen,2026-07-18,klantadviseur,nee,https://nl.linkedin.com/jobs/view/service-adviseur-citro%C3%ABn-fiat-opel-en-peugeot-at-hedin-automotive-nl-4441383567,https://nl.linkedin.com/company/hedin-automotive-nl,4441383567
Hedin Automotive NL,"Service Adviseur Kia, Fiat en Opel",Wormerveer,2026-07-24,klantadviseur,nee,https://nl.linkedin.com/jobs/view/service-adviseur-kia-fiat-en-opel-at-hedin-automotive-nl-4444601097,https://nl.linkedin.com/company/hedin-automotive-nl,4444601097
Hedin Automotive NL,"Service Support Medewerker Citroën, Fiat, Opel, Peugeot en Jeep",Hoogeveen,2026-08-14,klantadviseur,nee,https://nl.linkedin.com/jobs/view/service-support-medewerker-citro%C3%ABn-fiat-opel-peugeot-en-jeep-at-hedin-automotive-nl-4453719146,https://nl.linkedin.com/company/hedin-automotive-nl,4453719146
Hedin Automotive NL,Parts Medewerker,Breda,2026-09-04,orderverwerking medewerker,nee,https://nl.linkedin.com/jobs/view/parts-medewerker-at-hedin-automotive-nl-4462306627,https://nl.linkedin.com/company/hedin-automotive-nl,4462306627
Hedin Automotive NL,Service Adviseur Klantcontact BMW en MINI,Breda,2026-09-10,klantadviseur,nee,https://nl.linkedin.com/jobs/view/service-adviseur-klantcontact-bmw-en-mini-at-hedin-automotive-nl-4464171079,https://nl.linkedin.com/company/hedin-automotive-nl,4464171079
Hedin Automotive NL,"Verkoopadviseur Kia, Fiat en Opel",Wormerveer,2026-09-11,klantadviseur,nee,https://nl.linkedin.com/jobs/view/verkoopadviseur-kia-fiat-en-opel-at-hedin-automotive-nl-4465121885,https://nl.linkedin.com/company/hedin-automotive-nl,4465121885
Hedin Automotive NL,Service Support Medewerker BMW en MINI,Breda,2026-09-21,klantadviseur,nee,https://nl.linkedin.com/jobs/view/service-support-medewerker-bmw-en-mini-at-hedin-automotive-nl-4468761964,https://nl.linkedin.com/company/hedin-automotive-nl,4468761964
Hemelaer,Orderpicker (binnenland),Binnenland,2026-08-07,orderverwerking medewerker,nee,https://nl.linkedin.com/jobs/view/orderpicker-binnenland-at-hemelaer-4450301015,https://be.linkedin.com/company/hemelaer-nv,4450301015
Heuschen &amp; Schrouff Oriental Food,(Junior) Commercieel Medewerker Binnendienst,Landgraaf,2026-06-15,orderverwerking medewerker,nee,https://nl.linkedin.com/jobs/view/junior-commercieel-medewerker-binnendienst-at-heuschen-schrouff-oriental-food-4430407283,https://www.linkedin.com/company/heuschenschrouff,4430407283
Hilti Nederland BV,Customer Service Agent,Berkel en Rodenrijs,2026-07-07,customer service,nee,https://nl.linkedin.com/jobs/view/customer-service-agent-at-hilti-nederland-bv-4432261574,https://nl.linkedin.com/company/hilti-nederland-bv,4432261574
Hisense Benelux,Account Manager Online Retail,Duiven,2026-08-28,e-commerce medewerker,nee,https://nl.linkedin.com/jobs/view/account-manager-online-retail-at-hisense-benelux-4458072494,https://nl.linkedin.com/company/hisense-benelux,4458072494
Homefashion Group B.V.,Meewerkstage E-commerce bij Kwantum,Tilburg,2026-09-15,webshop medewerker,nee,https://nl.linkedin.com/jobs/view/meewerkstage-e-commerce-bij-kwantum-at-homefashion-group-b-v-4466943892,https://nl.linkedin.com/company/homefashion-group-b-v-,4466943892
Hotelprofessionals,Front Office Ambassador,Aalsmeer,2026-06-04,customer service,nee,https://nl.linkedin.com/jobs/view/front-office-ambassador-at-hotelprofessionals-4424395222,https://nl.linkedin.com/company/hotelprofessionals,4424395222
Hotelprofessionals,Front Office Agent,Hoofddorp,2026-07-14,customer service,nee,https://nl.linkedin.com/jobs/view/front-office-agent-at-hotelprofessionals-4439952253,https://nl.linkedin.com/company/hotelprofessionals,4439952253
Hotelprofessionals,Guest Service Agent | Fulltime,Amsterdam,2026-07-17,customer service,nee,https://nl.linkedin.com/jobs/view/guest-service-agent-fulltime-at-hotelprofessionals-4441181714,https://nl.linkedin.com/company/hotelprofessionals,4441181714
Hotelprofessionals,Front Office Agent (FULL-TIME),Amsterdam,2026-08-20,customer service,nee,https://nl.linkedin.com/jobs/view/front-office-agent-full-time-at-hotelprofessionals-4455691003,https://nl.linkedin.com/company/hotelprofessionals,4455691003
Hotelprofessionals,Front Office Associate - Corendon Amsterdam New West,Amsterdam,2026-08-25,customer service,nee,https://nl.linkedin.com/jobs/view/front-office-associate-corendon-amsterdam-new-west-at-hotelprofessionals-4457645632,https://nl.linkedin.com/company/hotelprofessionals,4457645632
Hotelprofessionals,Front Office Agent (Full-time),Amsterdam,2026-08-27,customer service,nee,https://nl.linkedin.com/jobs/view/front-office-agent-full-time-at-hotelprofessionals-4458904240,https://nl.linkedin.com/company/hotelprofessionals,4458904240
Hotelprofessionals,Front Office Agent FT,Amsterdam,2026-08-29,customer service,nee,https://nl.linkedin.com/jobs/view/front-office-agent-ft-at-hotelprofessionals-4459482286,https://nl.linkedin.com/company/hotelprofessionals,4459482286
Hotelprofessionals,Front Office Agent,Amsterdam,2026-09-01,customer service,nee,https://nl.linkedin.com/jobs/view/front-office-agent-at-hotelprofessionals-4460687329,https://nl.linkedin.com/company/hotelprofessionals,4460687329
Hotelprofessionals,Guest Service Agent,Amsterdam,2026-09-21,customer service,nee,https://nl.linkedin.com/jobs/view/guest-service-agent-at-hotelprofessionals-4468781335,https://nl.linkedin.com/company/hotelprofessionals,4468781335
HUGO BOSS,Service &amp; Process Assistant - Commercial Operations (m/f) I Fulltime (40h),Amsterdam Area,2026-09-04,e-commerce medewerker,nee,https://nl.linkedin.com/jobs/view/service-process-assistant-commercial-operations-m-f-i-fulltime-40h-at-hugo-boss-4461195761,https://de.linkedin.com/company/hugo-boss,4461195761
Husol Zonwering,Commercieel Medewerker Binnendienst,Genemuiden,2026-09-18,orderverwerking medewerker,nee,https://nl.linkedin.com/jobs/view/commercieel-medewerker-binnendienst-at-husol-zonwering-4469150276,https://nl.linkedin.com/company/husol-zonwering-rolluiken,4469150276
Hyatt Regency,Front Office Host / Receptionist,Amsterdam,2026-09-01,customer service,nee,https://nl.linkedin.com/jobs/view/front-office-host-receptionist-at-hyatt-regency-4461772155,https://www.linkedin.com/company/hyatt-regency,4461772155
iBOOD.com,Specialist Retouren &amp; Garanties,Amsterdam,2026-06-02,e-commerce medewerker,nee,https://nl.linkedin.com/jobs/view/specialist-retouren-garanties-at-ibood-com-4419282505,https://nl.linkedin.com/company/ibood.com,4419282505
ID-ware,Logistiek Medewerker,Den Haag,2026-09-14,orderverwerking medewerker,nee,https://nl.linkedin.com/jobs/view/logistiek-medewerker-at-id-ware-4464773907,https://nl.linkedin.com/company/id-ware,4464773907
IHG Hotels &amp; Resorts,Front Office Agent,Amsterdam,2026-09-03,customer service,nee,https://nl.linkedin.com/jobs/view/front-office-agent-at-ihg-hotels-resorts-4460743412,https://uk.linkedin.com/company/ihghotels&amp;resorts,4460743412
IMCD Benelux BV,Customer Service Representative,Rotterdam,2026-09-02,orderverwerking medewerker,nee,https://nl.linkedin.com/jobs/view/customer-service-representative-at-imcd-benelux-bv-4451501939,https://www.linkedin.com/company/imcd-benelux-bv,4451501939
Impact Group,Customer Service Medewerker,Oss,2026-06-17,orderverwerking medewerker,nee,https://nl.linkedin.com/jobs/view/customer-service-medewerker-at-impact-group-4428767212,https://www.linkedin.com/company/impact-group-france,4428767212
Inktweb.nl,Product Manager / Assortimentsbeheerder,Alkmaar,2026-08-07,e-commerce medewerker,nee,https://nl.linkedin.com/jobs/view/product-manager-assortimentsbeheerder-at-inktweb-nl-4450696334,https://nl.linkedin.com/company/inktweb,4450696334
Inktweb.nl,Inkoper,Alkmaar,2026-08-07,e-commerce medewerker,nee,https://nl.linkedin.com/jobs/view/inkoper-at-inktweb-nl-4450703083,https://nl.linkedin.com/company/inktweb,4450703083
Innomotion,Coördinator binnendienst,Varsseveld,2026-08-28,orderverwerking medewerker,nee,https://nl.linkedin.com/jobs/view/co%C3%B6rdinator-binnendienst-at-innomotion-4460347043,https://nl.linkedin.com/company/innomotion-b-v-,4460347043
Insight,Client Operations Specialist,Apeldoorn,2026-09-16,orderverwerking medewerker,nee,https://nl.linkedin.com/jobs/view/client-operations-specialist-at-insight-4450141051,https://www.linkedin.com/company/insight,4450141051
Instabee,Partner Success Associate,Amsterdam,2026-09-04,e-commerce medewerker,nee,https://nl.linkedin.com/jobs/view/partner-success-associate-at-instabee-4462320033,https://se.linkedin.com/company/instabee-official,4462320033
Insulcon B.V. - Leader in High Temperature Solutions,Customer Service Medewerker | 32-40 uur,Rotterdam,2026-09-11,orderverwerking medewerker,nee,https://nl.linkedin.com/jobs/view/customer-service-medewerker-32-40-uur-at-insulcon-b-v-leader-in-high-temperature-solutions-4466062577,https://nl.linkedin.com/company/insulcon-b-v-,4466062577
Interieurwereld van de Belt,Verkoopmedewerker diverse afdelingen,Meppel,2026-09-21,webshop medewerker,nee,https://nl.linkedin.com/jobs/view/verkoopmedewerker-diverse-afdelingen-at-interieurwereld-van-de-belt-4468770119,https://nl.linkedin.com/company/interieurwereld-van-de-belt,4468770119
InVue,Customer Support Specialist - German Speaking,Hoofddorp,2026-09-04,customer service,nee,https://nl.linkedin.com/jobs/view/customer-support-specialist-german-speaking-at-invue-4453255708,https://www.linkedin.com/company/invue,4453255708
itsme.,Commercieel medewerker,Rotterdam,2026-09-10,orderverwerking medewerker,nee,https://nl.linkedin.com/jobs/view/commercieel-medewerker-at-itsme-4464534095,https://nl.linkedin.com/company/itsme-b-v,4464534095
itsme.,Verkoopassistent,Breda,2026-09-10,orderverwerking medewerker,nee,https://nl.linkedin.com/jobs/view/verkoopassistent-at-itsme-4464529468,https://nl.linkedin.com/company/itsme-b-v,4464529468
IVO Rechtspraak,Medewerker KlantContact IT (Utrecht),Utrecht,2026-09-15,support medewerker webshop,nee,https://nl.linkedin.com/jobs/view/medewerker-klantcontact-it-utrecht-at-ivo-rechtspraak-4466197404,https://nl.linkedin.com/company/ivo-rechtspraak,4466197404
Jansen Totaal Wonen,Orderverwerker keukens,Huissen,2026-06-02,orderverwerking medewerker,nee,https://nl.linkedin.com/jobs/view/orderverwerker-keukens-at-jansen-totaal-wonen-b-v-4422362748,https://www.linkedin.com/company/jansen-totaal-wonen-b-v-,4422362748
JBT Marel,"Coordinator, Customer Support",Boxmeer,2026-09-10,customer service,nee,https://nl.linkedin.com/jobs/view/coordinator-customer-support-at-jbt-marel-4444144373,https://www.linkedin.com/company/jbtmarel,4444144373
JD.COM,Category Manager - Home Living,Rotterdam and The Hague,2026-09-07,e-commerce medewerker,nee,https://nl.linkedin.com/jobs/view/category-manager-home-living-at-jd-com-4417311792,https://cn.linkedin.com/company/jd.com,4417311792
JOBR.,Commercieel medewerker,Nijmegen,2026-09-14,orderverwerking medewerker,nee,https://nl.linkedin.com/jobs/view/commercieel-medewerker-at-jobr-4467034776,https://nl.linkedin.com/company/jobr-b-v,4467034776
Jobster,Commercieel Medewerker Binnendienst - Start People,Apeldoorn,2026-09-21,orderverwerking medewerker,nee,https://nl.linkedin.com/jobs/view/commercieel-medewerker-binnendienst-start-people-at-jobster-4468753243,https://nl.linkedin.com/company/jobster-com,4468753243
Jobster,Commercieel medewerker binnendienst Hoogeveen - Uitzendbureau.nl,Hoogeveen,2026-09-21,orderverwerking medewerker,nee,https://nl.linkedin.com/jobs/view/commercieel-medewerker-binnendienst-hoogeveen-uitzendbureau-nl-at-jobster-4468727963,https://nl.linkedin.com/company/jobster-com,4468727963
Jobster,Junior Medewerker Backoffice in Apeldoorn - Uitzendbureau.nl,Apeldoorn,2026-09-21,orderverwerking medewerker,nee,https://nl.linkedin.com/jobs/view/junior-medewerker-backoffice-in-apeldoorn-uitzendbureau-nl-at-jobster-4468717676,https://nl.linkedin.com/company/jobster-com,4468717676
Jobster,Commercieel medewerker binnendienst Zevenbergen - Uitzendbureau.nl,Zevenbergen,2026-09-21,orderverwerking medewerker,nee,https://nl.linkedin.com/jobs/view/commercieel-medewerker-binnendienst-zevenbergen-uitzendbureau-nl-at-jobster-4468761411,https://nl.linkedin.com/company/jobster-com,4468761411
Jobster,Sales Medewerker Export - Uitzendbureau.nl,Eindhoven,2026-09-21,orderverwerking medewerker,nee,https://nl.linkedin.com/jobs/view/sales-medewerker-export-uitzendbureau-nl-at-jobster-4468751745,https://nl.linkedin.com/company/jobster-com,4468751745
Jobster,Medewerker bestellingen - Uitzendbureau.nl,Lelystad,2026-09-21,orderverwerking medewerker,nee,https://nl.linkedin.com/jobs/view/medewerker-bestellingen-uitzendbureau-nl-at-jobster-4468749702,https://nl.linkedin.com/company/jobster-com,4468749702
Jobster,Medewerker Sales Support - Uitzendbureau.nl,Sprang-Capelle,2026-09-21,orderverwerking medewerker,nee,https://nl.linkedin.com/jobs/view/medewerker-sales-support-uitzendbureau-nl-at-jobster-4468742332,https://nl.linkedin.com/company/jobster-com,4468742332
Jobster,Commercieel Medewerker Binnendienst - Start People,Borculo,2026-09-21,orderverwerking medewerker,nee,https://nl.linkedin.com/jobs/view/commercieel-medewerker-binnendienst-start-people-at-jobster-4469987976,https://nl.linkedin.com/company/jobster-com,4469987976
Jobster,Commercieel Medewerker Binnendienst - van nes + plaisier,Ridderkerk,2026-09-21,orderverwerking medewerker,nee,https://nl.linkedin.com/jobs/view/commercieel-medewerker-binnendienst-van-nes-%2B-plaisier-at-jobster-4469998486,https://nl.linkedin.com/company/jobster-com,4469998486
Jobster,Medewerker Commerciële Binnendienst - van nes + plaisier,Waddinxveen,2026-09-21,orderverwerking medewerker,nee,https://nl.linkedin.com/jobs/view/medewerker-commerci%C3%ABle-binnendienst-van-nes-%2B-plaisier-at-jobster-4469991855,https://nl.linkedin.com/company/jobster-com,4469991855
Jobster,Verkoopmedewerker Binnendienst - Uitzendbureau.nl,Rotterdam,2026-09-21,orderverwerking medewerker,nee,https://nl.linkedin.com/jobs/view/verkoopmedewerker-binnendienst-uitzendbureau-nl-at-jobster-4468752724,https://nl.linkedin.com/company/jobster-com,4468752724
Jobster,Medewerker bestellingen - Jobbird.com,Lelystad,2026-09-21,orderverwerking medewerker,nee,https://nl.linkedin.com/jobs/view/medewerker-bestellingen-jobbird-com-at-jobster-4468764357,https://nl.linkedin.com/company/jobster-com,4468764357
Jobster,Commercieel Medewerker Binnendienst - Unique,'s-Gravenpolder,2026-09-21,orderverwerking medewerker,nee,https://nl.linkedin.com/jobs/view/commercieel-medewerker-binnendienst-unique-at-jobster-4468746657,https://nl.linkedin.com/company/jobster-com,4468746657
Jobster,Allround medewerker - Jobbird.com,Rotterdam,2026-09-21,orderverwerking medewerker,nee,https://nl.linkedin.com/jobs/view/allround-medewerker-jobbird-com-at-jobster-4468744399,https://nl.linkedin.com/company/jobster-com,4468744399
Jobster,Commercieel Medewerker Binnendienst | Leusden | €3.500 - €4.000 - Start People,Leusden,2026-09-21,orderverwerking medewerker,nee,https://nl.linkedin.com/jobs/view/commercieel-medewerker-binnendienst-leusden-%E2%82%AC3-500-%E2%82%AC4-000-start-people-at-jobster-4468754278,https://nl.linkedin.com/company/jobster-com,4468754278
Jobster,Commercieel Medewerker | Leusden | €3.500 - €4.000 - Start People,Leusden,2026-09-21,orderverwerking medewerker,nee,https://nl.linkedin.com/jobs/view/commercieel-medewerker-leusden-%E2%82%AC3-500-%E2%82%AC4-000-start-people-at-jobster-4468742584,https://nl.linkedin.com/company/jobster-com,4468742584
Jobster,Commercieel Medewerker Binnendienst - Uitzendbureau.nl,Oosterhout,2026-09-21,orderverwerking medewerker,nee,https://nl.linkedin.com/jobs/view/commercieel-medewerker-binnendienst-uitzendbureau-nl-at-jobster-4468764184,https://nl.linkedin.com/company/jobster-com,4468764184
Jobster,Commercieel Medewerker Binnendienst - Uitzendbureau.nl,Zwaag,2026-09-21,orderverwerking medewerker,nee,https://nl.linkedin.com/jobs/view/commercieel-medewerker-binnendienst-uitzendbureau-nl-at-jobster-4468761010,https://nl.linkedin.com/company/jobster-com,4468761010
Jobster,Magazijnmedewerker Parts - ProcessJobs,Bergschenhoek,2026-09-21,orderverwerking medewerker,nee,https://nl.linkedin.com/jobs/view/magazijnmedewerker-parts-processjobs-at-jobster-4468727366,https://nl.linkedin.com/company/jobster-com,4468727366
Jobster,Commercieel Medewerker Binnendienst - Uitzendbureau.nl,Dongen,2026-09-21,orderverwerking medewerker,nee,https://nl.linkedin.com/jobs/view/commercieel-medewerker-binnendienst-uitzendbureau-nl-at-jobster-4468764236,https://nl.linkedin.com/company/jobster-com,4468764236
Jobster,Administratief Medewerker - Start People,Borculo,2026-09-21,orderverwerking medewerker,nee,https://nl.linkedin.com/jobs/view/administratief-medewerker-start-people-at-jobster-4469939339,https://nl.linkedin.com/company/jobster-com,4469939339
Jobster,"Orderpicken met aanvullende IT-kwalificatie ROSSMANN-Apotheke B.V. In Emmen, NL",Coevorden,2026-09-21,orderverwerking medewerker,nee,https://nl.linkedin.com/jobs/view/orderpicken-met-aanvullende-it-kwalificatie-rossmann-apotheke-b-v-in-emmen-nl-at-jobster-4468738370,https://nl.linkedin.com/company/jobster-com,4468738370
Jobster,Customer Service Medewerker - Uitzendbureau.nl,Bergschenhoek,2026-09-21,orderverwerking medewerker,nee,https://nl.linkedin.com/jobs/view/customer-service-medewerker-uitzendbureau-nl-at-jobster-4468764099,https://nl.linkedin.com/company/jobster-com,4468764099
Jobster,Verkoop Medewerker Binnendienst - Uitzendbureau.nl,Veghel,2026-09-21,orderverwerking medewerker,nee,https://nl.linkedin.com/jobs/view/verkoop-medewerker-binnendienst-uitzendbureau-nl-at-jobster-4468744213,https://nl.linkedin.com/company/jobster-com,4468744213
Jobster,Orderpicker - Attract,Ede,2026-09-21,orderverwerking medewerker,nee,https://nl.linkedin.com/jobs/view/orderpicker-attract-at-jobster-4468746456,https://nl.linkedin.com/company/jobster-com,4468746456
Jobster,"Orderpicken met aanvullende IT-kwalificatie ROSSMANN-Apotheke B.V. In Emmen, NL",Beilen,2026-09-21,orderverwerking medewerker,nee,https://nl.linkedin.com/jobs/view/orderpicken-met-aanvullende-it-kwalificatie-rossmann-apotheke-b-v-in-emmen-nl-at-jobster-4468740144,https://nl.linkedin.com/company/jobster-com,4468740144
Jobster,"Orderpicken met aanvullende IT-kwalificatie ROSSMANN-Apotheke B.V. In Emmen, NL",Emmen,2026-09-21,orderverwerking medewerker,nee,https://nl.linkedin.com/jobs/view/orderpicken-met-aanvullende-it-kwalificatie-rossmann-apotheke-b-v-in-emmen-nl-at-jobster-4468735695,https://nl.linkedin.com/company/jobster-com,4468735695
Jobster,"Orderpicken met aanvullende IT-kwalificatie ROSSMANN-Apotheke B.V. In Emmen, NL",Emmen,2026-09-21,orderverwerking medewerker,nee,https://nl.linkedin.com/jobs/view/orderpicken-met-aanvullende-it-kwalificatie-rossmann-apotheke-b-v-in-emmen-nl-at-jobster-4468743001,https://nl.linkedin.com/company/jobster-com,4468743001
Jobster,"Orderpicken met aanvullende IT-kwalificatie ROSSMANN-Apotheke B.V. In Emmen, NL",Gieten,2026-09-21,orderverwerking medewerker,nee,https://nl.linkedin.com/jobs/view/orderpicken-met-aanvullende-it-kwalificatie-rossmann-apotheke-b-v-in-emmen-nl-at-jobster-4468730477,https://nl.linkedin.com/company/jobster-com,4468730477
Jobster,"Orderpicken met aanvullende IT-kwalificatie ROSSMANN-Apotheke B.V. In Emmen, NL",Ter Apel,2026-09-21,orderverwerking medewerker,nee,https://nl.linkedin.com/jobs/view/orderpicken-met-aanvullende-it-kwalificatie-rossmann-apotheke-b-v-in-emmen-nl-at-jobster-4468731560,https://nl.linkedin.com/company/jobster-com,4468731560
Jobster,"Orderpicken met aanvullende IT-kwalificatie ROSSMANN-Apotheke B.V. In Emmen, NL",Hoogeveen,2026-09-21,orderverwerking medewerker,nee,https://nl.linkedin.com/jobs/view/orderpicken-met-aanvullende-it-kwalificatie-rossmann-apotheke-b-v-in-emmen-nl-at-jobster-4468718761,https://nl.linkedin.com/company/jobster-com,4468718761
Jobster,Sales support medewerker - Unique,Aalsmeer,2026-09-21,orderverwerking medewerker,nee,https://nl.linkedin.com/jobs/view/sales-support-medewerker-unique-at-jobster-4468759061,https://nl.linkedin.com/company/jobster-com,4468759061
Jobster,"Orderpicken met aanvullende IT-kwalificatie ROSSMANN-Apotheke B.V. In Emmen, NL",Borger,2026-09-21,orderverwerking medewerker,nee,https://nl.linkedin.com/jobs/view/orderpicken-met-aanvullende-it-kwalificatie-rossmann-apotheke-b-v-in-emmen-nl-at-jobster-4468717901,https://nl.linkedin.com/company/jobster-com,4468717901
Jobster,"Orderpicken met aanvullende IT-kwalificatie ROSSMANN-Apotheke B.V. In Emmen, NL",Borger,2026-09-21,orderverwerking medewerker,nee,https://nl.linkedin.com/jobs/view/orderpicken-met-aanvullende-it-kwalificatie-rossmann-apotheke-b-v-in-emmen-nl-at-jobster-4468726607,https://nl.linkedin.com/company/jobster-com,4468726607
Jobster,Logistiek medewerker (fulltime) - Uitzendbureau.nl,Valkenswaard,2026-09-21,orderverwerking medewerker,nee,https://nl.linkedin.com/jobs/view/logistiek-medewerker-fulltime-uitzendbureau-nl-at-jobster-4468747521,https://nl.linkedin.com/company/jobster-com,4468747521
Jobster,Medewerker binnendienst - Start People,Duiven,2026-09-21,orderverwerking medewerker,nee,https://nl.linkedin.com/jobs/view/medewerker-binnendienst-start-people-at-jobster-4468749247,https://nl.linkedin.com/company/jobster-com,4468749247
Jobster,Administratief Medewerker Orderbeheer - Uitzendbureau.nl,Dordrecht,2026-09-21,orderverwerking medewerker,nee,https://nl.linkedin.com/jobs/view/administratief-medewerker-orderbeheer-uitzendbureau-nl-at-jobster-4468753639,https://nl.linkedin.com/company/jobster-com,4468753639
Jobster,Commercieel Medewerker Binnendienst - Uitzendbureau.nl,Hengelo,2026-09-21,orderverwerking medewerker,nee,https://nl.linkedin.com/jobs/view/commercieel-medewerker-binnendienst-uitzendbureau-nl-at-jobster-4468756162,https://nl.linkedin.com/company/jobster-com,4468756162
Jobster,"Orderpicken met aanvullende IT-kwalificatie ROSSMANN-Apotheke B.V. In Emmen, NL",Westerbork,2026-09-21,orderverwerking medewerker,nee,https://nl.linkedin.com/jobs/view/orderpicken-met-aanvullende-it-kwalificatie-rossmann-apotheke-b-v-in-emmen-nl-at-jobster-4468734671,https://nl.linkedin.com/company/jobster-com,4468734671
Jobster,Logistiek medewerker (fulltime) - Jobbird.com,Valkenswaard,2026-09-21,orderverwerking medewerker,nee,https://nl.linkedin.com/jobs/view/logistiek-medewerker-fulltime-jobbird-com-at-jobster-4468744163,https://nl.linkedin.com/company/jobster-com,4468744163
Jobster,Klantenservicemedewerker - Uitzendbureau.nl,Alphen,2026-09-21,orderverwerking medewerker,nee,https://nl.linkedin.com/jobs/view/klantenservicemedewerker-uitzendbureau-nl-at-jobster-4468750110,https://nl.linkedin.com/company/jobster-com,4468750110
Jobster,"Orderpicken met aanvullende IT-kwalificatie ROSSMANN-Apotheke B.V. In Emmen, NL",Musselkanaal,2026-09-21,orderverwerking medewerker,nee,https://nl.linkedin.com/jobs/view/orderpicken-met-aanvullende-it-kwalificatie-rossmann-apotheke-b-v-in-emmen-nl-at-jobster-4468719989,https://nl.linkedin.com/company/jobster-com,4468719989
Jobster,"Operativer Einkäufer (m/w/d) eCommerce ROSSMANN-Apotheke B.V. In Emmen, NL",Coevorden,2026-09-21,orderverwerking medewerker,nee,https://nl.linkedin.com/jobs/view/operativer-eink%C3%A4ufer-m-w-d-ecommerce-rossmann-apotheke-b-v-in-emmen-nl-at-jobster-4468748554,https://nl.linkedin.com/company/jobster-com,4468748554
Jobster,"Operativer Einkäufer (m/w/d) eCommerce ROSSMANN-Apotheke B.V. In Emmen, NL",Coevorden,2026-09-21,orderverwerking medewerker,nee,https://nl.linkedin.com/jobs/view/operativer-eink%C3%A4ufer-m-w-d-ecommerce-rossmann-apotheke-b-v-in-emmen-nl-at-jobster-4468728985,https://nl.linkedin.com/company/jobster-com,4468728985
Jobster,Customer order coördinator - Jobbird.com,Alkmaar,2026-09-21,orderverwerking medewerker,nee,https://nl.linkedin.com/jobs/view/customer-order-co%C3%B6rdinator-jobbird-com-at-jobster-4468748779,https://nl.linkedin.com/company/jobster-com,4468748779
Jobster,"Operativer Einkäufer (m/w/d) eCommerce ROSSMANN-Apotheke B.V. In Emmen, NL",Hoogeveen,2026-09-21,orderverwerking medewerker,nee,https://nl.linkedin.com/jobs/view/operativer-eink%C3%A4ufer-m-w-d-ecommerce-rossmann-apotheke-b-v-in-emmen-nl-at-jobster-4468755061,https://nl.linkedin.com/company/jobster-com,4468755061
Jobster,"Operativer Einkäufer (m/w/d) eCommerce ROSSMANN-Apotheke B.V. In Emmen, NL",Hoogeveen,2026-09-21,orderverwerking medewerker,nee,https://nl.linkedin.com/jobs/view/operativer-eink%C3%A4ufer-m-w-d-ecommerce-rossmann-apotheke-b-v-in-emmen-nl-at-jobster-4468748084,https://nl.linkedin.com/company/jobster-com,4468748084
Jobster,"Orderpicken ROSSMANN-Apotheke B.V. In Emmen, NL",Coevorden,2026-09-21,orderverwerking medewerker,nee,https://nl.linkedin.com/jobs/view/orderpicken-rossmann-apotheke-b-v-in-emmen-nl-at-jobster-4468739908,https://nl.linkedin.com/company/jobster-com,4468739908
Jobster,Commercieel Medewerker Binnendienst - van nes + plaisier,Dordrecht,2026-09-21,orderverwerking medewerker,nee,https://nl.linkedin.com/jobs/view/commercieel-medewerker-binnendienst-van-nes-%2B-plaisier-at-jobster-4470200237,https://nl.linkedin.com/company/jobster-com,4470200237
Jobster,"Operativer Einkäufer (m/w/d) eCommerce ROSSMANN-Apotheke B.V. In Emmen, NL",Beilen,2026-09-21,orderverwerking medewerker,nee,https://nl.linkedin.com/jobs/view/operativer-eink%C3%A4ufer-m-w-d-ecommerce-rossmann-apotheke-b-v-in-emmen-nl-at-jobster-4468758014,https://nl.linkedin.com/company/jobster-com,4468758014
Jobster,Commercieel medewerker binnendienst regio Zwolle - Uitzendbureau.nl,Zwolle,2026-09-21,orderverwerking medewerker,nee,https://nl.linkedin.com/jobs/view/commercieel-medewerker-binnendienst-regio-zwolle-uitzendbureau-nl-at-jobster-4468758290,https://nl.linkedin.com/company/jobster-com,4468758290
Jobster,Magazijnmedewerker Parts - Uitzendbureau.nl,Bergschenhoek,2026-09-21,orderverwerking medewerker,nee,https://nl.linkedin.com/jobs/view/magazijnmedewerker-parts-uitzendbureau-nl-at-jobster-4468735965,https://nl.linkedin.com/company/jobster-com,4468735965
Jobster,Logistiek medewerker - Uitzendbureau.nl,Valkenswaard,2026-09-21,orderverwerking medewerker,nee,https://nl.linkedin.com/jobs/view/logistiek-medewerker-uitzendbureau-nl-at-jobster-4468740258,https://nl.linkedin.com/company/jobster-com,4468740258
Jobster,Logistiek medewerker - Jobbird.com,Valkenswaard,2026-09-21,orderverwerking medewerker,nee,https://nl.linkedin.com/jobs/view/logistiek-medewerker-jobbird-com-at-jobster-4468759116,https://nl.linkedin.com/company/jobster-com,4468759116
Jobster,"Orderpicken ROSSMANN-Apotheke B.V. In Emmen, NL",Beilen,2026-09-21,orderverwerking medewerker,nee,https://nl.linkedin.com/jobs/view/orderpicken-rossmann-apotheke-b-v-in-emmen-nl-at-jobster-4468734961,https://nl.linkedin.com/company/jobster-com,4468734961
Jobster,"Operativer Einkäufer (m/w/d) eCommerce ROSSMANN-Apotheke B.V. In Emmen, NL",Westerbork,2026-09-21,orderverwerking medewerker,nee,https://nl.linkedin.com/jobs/view/operativer-eink%C3%A4ufer-m-w-d-ecommerce-rossmann-apotheke-b-v-in-emmen-nl-at-jobster-4468749619,https://nl.linkedin.com/company/jobster-com,4468749619
Jobster,"Orderpicken ROSSMANN-Apotheke B.V. In Emmen, NL",Emmen,2026-09-21,orderverwerking medewerker,nee,https://nl.linkedin.com/jobs/view/orderpicken-rossmann-apotheke-b-v-in-emmen-nl-at-jobster-4468740695,https://nl.linkedin.com/company/jobster-com,4468740695
Jobster,"Orderpicken ROSSMANN-Apotheke B.V. In Emmen, NL",Emmen,2026-09-21,orderverwerking medewerker,nee,https://nl.linkedin.com/jobs/view/orderpicken-rossmann-apotheke-b-v-in-emmen-nl-at-jobster-4468729904,https://nl.linkedin.com/company/jobster-com,4468729904
Jobster,"Orderpicken ROSSMANN-Apotheke B.V. In Emmen, NL",Hoogeveen,2026-09-21,orderverwerking medewerker,nee,https://nl.linkedin.com/jobs/view/orderpicken-rossmann-apotheke-b-v-in-emmen-nl-at-jobster-4468761220,https://nl.linkedin.com/company/jobster-com,4468761220
Jobster,Salesmedewerker binnendienst - Uitzendbureau.nl,West-Knollendam,2026-09-21,orderverwerking medewerker,nee,https://nl.linkedin.com/jobs/view/salesmedewerker-binnendienst-uitzendbureau-nl-at-jobster-4468747188,https://nl.linkedin.com/company/jobster-com,4468747188
Jobster,"Orderpicken met aanvullende IT-kwalificatie ROSSMANN-Apotheke B.V. In Emmen, NL",Nieuw-Amsterdam,2026-09-21,orderverwerking medewerker,nee,https://nl.linkedin.com/jobs/view/orderpicken-met-aanvullende-it-kwalificatie-rossmann-apotheke-b-v-in-emmen-nl-at-jobster-4468741176,https://nl.linkedin.com/company/jobster-com,4468741176
Jobster,"Operativer Einkäufer (m/w/d) eCommerce ROSSMANN-Apotheke B.V. In Emmen, NL",Musselkanaal,2026-09-21,orderverwerking medewerker,nee,https://nl.linkedin.com/jobs/view/operativer-eink%C3%A4ufer-m-w-d-ecommerce-rossmann-apotheke-b-v-in-emmen-nl-at-jobster-4468765031,https://nl.linkedin.com/company/jobster-com,4468765031
Jobster,"Orderpicken ROSSMANN-Apotheke B.V. In Emmen, NL",Westerbork,2026-09-21,orderverwerking medewerker,nee,https://nl.linkedin.com/jobs/view/orderpicken-rossmann-apotheke-b-v-in-emmen-nl-at-jobster-4468750176,https://nl.linkedin.com/company/jobster-com,4468750176
Jobster,"Orderpicken ROSSMANN-Apotheke B.V. In Emmen, NL",Gieten,2026-09-21,orderverwerking medewerker,nee,https://nl.linkedin.com/jobs/view/orderpicken-rossmann-apotheke-b-v-in-emmen-nl-at-jobster-4468747436,https://nl.linkedin.com/company/jobster-com,4468747436
Jobster,"Orderpicken ROSSMANN-Apotheke B.V. In Emmen, NL",Ter Apel,2026-09-21,orderverwerking medewerker,nee,https://nl.linkedin.com/jobs/view/orderpicken-rossmann-apotheke-b-v-in-emmen-nl-at-jobster-4468745248,https://nl.linkedin.com/company/jobster-com,4468745248
Jobster,"Operativer Einkäufer (m/w/d) eCommerce ROSSMANN-Apotheke B.V. In Emmen, NL",Ter Apel,2026-09-21,orderverwerking medewerker,nee,https://nl.linkedin.com/jobs/view/operativer-eink%C3%A4ufer-m-w-d-ecommerce-rossmann-apotheke-b-v-in-emmen-nl-at-jobster-4468748128,https://nl.linkedin.com/company/jobster-com,4468748128
Jobster,Medewerker Inkoop - Uitzendbureau.nl,Capelle aan den IJssel,2026-09-21,orderverwerking medewerker,nee,https://nl.linkedin.com/jobs/view/medewerker-inkoop-uitzendbureau-nl-at-jobster-4468742759,https://nl.linkedin.com/company/jobster-com,4468742759
Jobster,"Orderpicken ROSSMANN-Apotheke B.V. In Emmen, NL",Borger,2026-09-21,orderverwerking medewerker,nee,https://nl.linkedin.com/jobs/view/orderpicken-rossmann-apotheke-b-v-in-emmen-nl-at-jobster-4468747422,https://nl.linkedin.com/company/jobster-com,4468747422
Jobster,"Orderpicken ROSSMANN-Apotheke B.V. In Emmen, NL",Borger,2026-09-21,orderverwerking medewerker,nee,https://nl.linkedin.com/jobs/view/orderpicken-rossmann-apotheke-b-v-in-emmen-nl-at-jobster-4468751142,https://nl.linkedin.com/company/jobster-com,4468751142
Jobster,Commercieel medewerker binnendienst Maasdijk - Uitzendbureau.nl,Maasdijk,2026-09-21,orderverwerking medewerker,nee,https://nl.linkedin.com/jobs/view/commercieel-medewerker-binnendienst-maasdijk-uitzendbureau-nl-at-jobster-4468753574,https://nl.linkedin.com/company/jobster-com,4468753574
Jobster,"Operativer Einkäufer (m/w/d) eCommerce ROSSMANN-Apotheke B.V. In Emmen, NL",Nieuw-Amsterdam,2026-09-21,orderverwerking medewerker,nee,https://nl.linkedin.com/jobs/view/operativer-eink%C3%A4ufer-m-w-d-ecommerce-rossmann-apotheke-b-v-in-emmen-nl-at-jobster-4468749635,https://nl.linkedin.com/company/jobster-com,4468749635
Jobster,Salesmedewerker binnendienst - Jobbird.com,West-Knollendam,2026-09-21,orderverwerking medewerker,nee,https://nl.linkedin.com/jobs/view/salesmedewerker-binnendienst-jobbird-com-at-jobster-4468750163,https://nl.linkedin.com/company/jobster-com,4468750163
Jobster,Salesmedewerker binnendienst (fulltime) - Jobbird.com,West-Knollendam,2026-09-21,orderverwerking medewerker,nee,https://nl.linkedin.com/jobs/view/salesmedewerker-binnendienst-fulltime-jobbird-com-at-jobster-4468737879,https://nl.linkedin.com/company/jobster-com,4468737879
Jobster,Export medewerker - Jobbird.com,Eindhoven,2026-09-21,orderverwerking medewerker,nee,https://nl.linkedin.com/jobs/view/export-medewerker-jobbird-com-at-jobster-4468732718,https://nl.linkedin.com/company/jobster-com,4468732718
Jobster,"Operativer Einkäufer (m/w/d) eCommerce ROSSMANN-Apotheke B.V. In Emmen, NL",Gieten,2026-09-21,orderverwerking medewerker,nee,https://nl.linkedin.com/jobs/view/operativer-eink%C3%A4ufer-m-w-d-ecommerce-rossmann-apotheke-b-v-in-emmen-nl-at-jobster-4468731963,https://nl.linkedin.com/company/jobster-com,4468731963
Jobster,"Orderpicken ROSSMANN-Apotheke B.V. In Emmen, NL",Musselkanaal,2026-09-21,orderverwerking medewerker,nee,https://nl.linkedin.com/jobs/view/orderpicken-rossmann-apotheke-b-v-in-emmen-nl-at-jobster-4468738907,https://nl.linkedin.com/company/jobster-com,4468738907
Jobster,Commercieel Medewerker Binnendienst - Uitzendbureau.nl,Oud-Beijerland,2026-09-21,orderverwerking medewerker,nee,https://nl.linkedin.com/jobs/view/commercieel-medewerker-binnendienst-uitzendbureau-nl-at-jobster-4468738515,https://nl.linkedin.com/company/jobster-com,4468738515
Jobster,Commercieel Medewerker Binnendienst Drachten - Uitzendbureau.nl,Drachten,2026-09-21,orderverwerking medewerker,nee,https://nl.linkedin.com/jobs/view/commercieel-medewerker-binnendienst-drachten-uitzendbureau-nl-at-jobster-4468745396,https://nl.linkedin.com/company/jobster-com,4468745396
Jobster,Customer Service Representative B2B - Start People,Tilburg,2026-09-21,orderverwerking medewerker,nee,https://nl.linkedin.com/jobs/view/customer-service-representative-b2b-start-people-at-jobster-4468742938,https://nl.linkedin.com/company/jobster-com,4468742938
Jobster,Backoffice medewerker - van nes + plaisier,Nieuwkoop,2026-09-21,orderverwerking medewerker,nee,https://nl.linkedin.com/jobs/view/backoffice-medewerker-van-nes-%2B-plaisier-at-jobster-4469988806,https://nl.linkedin.com/company/jobster-com,4469988806
Jobster,Planner in Veenendaal - Uitzendbureau.nl,Veenendaal,2026-09-21,orderverwerking medewerker,nee,https://nl.linkedin.com/jobs/view/planner-in-veenendaal-uitzendbureau-nl-at-jobster-4468722603,https://nl.linkedin.com/company/jobster-com,4468722603
Jobster,Outbound orderpicker Boston Scientific Kerkrade - Uitzendbureau.nl,Kerkrade,2026-09-21,orderverwerking medewerker,nee,https://nl.linkedin.com/jobs/view/outbound-orderpicker-boston-scientific-kerkrade-uitzendbureau-nl-at-jobster-4468759466,https://nl.linkedin.com/company/jobster-com,4468759466
Jobster,Inkoopmedewerker - Uitzendbureau.nl,Tilburg,2026-09-21,orderverwerking medewerker,nee,https://nl.linkedin.com/jobs/view/inkoopmedewerker-uitzendbureau-nl-at-jobster-4470210070,https://nl.linkedin.com/company/jobster-com,4470210070
Jobster,Sales Support Medewerker - Uitzendbureau.nl,Waalwijk,2026-09-21,orderverwerking medewerker,nee,https://nl.linkedin.com/jobs/view/sales-support-medewerker-uitzendbureau-nl-at-jobster-4468742189,https://nl.linkedin.com/company/jobster-com,4468742189
Jobster,Customer Service medewerker - van nes + plaisier,Ridderkerk,2026-09-21,orderverwerking medewerker,nee,https://nl.linkedin.com/jobs/view/customer-service-medewerker-van-nes-%2B-plaisier-at-jobster-4470200170,https://nl.linkedin.com/company/jobster-com,4470200170
Jobster,Ondersteunend Commercieel Medewerker Binnendienst - Uitzendbureau.nl,Barendrecht,2026-09-21,orderverwerking medewerker,nee,https://nl.linkedin.com/jobs/view/ondersteunend-commercieel-medewerker-binnendienst-uitzendbureau-nl-at-jobster-4468755191,https://nl.linkedin.com/company/jobster-com,4468755191
Jobster,Marketing &amp; E-commerce medewerker - van nes + plaisier,Etten-Leur,2026-09-21,e-commerce medewerker,nee,https://nl.linkedin.com/jobs/view/marketing-e-commerce-medewerker-van-nes-%2B-plaisier-at-jobster-4469994809,https://nl.linkedin.com/company/jobster-com,4469994809
Jobster,E-commerce account support - ASA Talent,Nieuwegein,2026-09-21,e-commerce medewerker,nee,https://nl.linkedin.com/jobs/view/e-commerce-account-support-asa-talent-at-jobster-4468753248,https://nl.linkedin.com/company/jobster-com,4468753248
Jobster,Partnerspecialist E-Commerce - ASA Talent,'s-Hertogenbosch,2026-09-21,e-commerce medewerker,nee,https://nl.linkedin.com/jobs/view/partnerspecialist-e-commerce-asa-talent-at-jobster-4468750397,https://nl.linkedin.com/company/jobster-com,4468750397
Jobster,Technisch Klantenservice Medewerker - van nes + plaisier,Zwijndrecht,2026-09-21,e-commerce medewerker,nee,https://nl.linkedin.com/jobs/view/technisch-klantenservice-medewerker-van-nes-%2B-plaisier-at-jobster-4470201244,https://nl.linkedin.com/company/jobster-com,4470201244
Jobster,Klantadviseur Zakelijk E-Commerce - ASA Talent,'s-Hertogenbosch,2026-09-21,e-commerce medewerker,nee,https://nl.linkedin.com/jobs/view/klantadviseur-zakelijk-e-commerce-asa-talent-at-jobster-4468741171,https://nl.linkedin.com/company/jobster-com,4468741171
Jobster,Zakelijke Klantenservice E-Commerce - ASA Talent,Utrecht,2026-09-21,e-commerce medewerker,nee,https://nl.linkedin.com/jobs/view/zakelijke-klantenservice-e-commerce-asa-talent-at-jobster-4468764580,https://nl.linkedin.com/company/jobster-com,4468764580
Jobster,Zakelijke klantenservice E-Commerce - ASA Talent,Arnhem,2026-09-21,e-commerce medewerker,nee,https://nl.linkedin.com/jobs/view/zakelijke-klantenservice-e-commerce-asa-talent-at-jobster-4468755682,https://nl.linkedin.com/company/jobster-com,4468755682
Jobster,"Operativer Einkäufer (m/w/d) eCommerce ROSSMANN-Apotheke B.V. In Emmen, NL - Jobbird.com",Coevorden,2026-09-21,e-commerce medewerker,nee,https://nl.linkedin.com/jobs/view/operativer-eink%C3%A4ufer-m-w-d-ecommerce-rossmann-apotheke-b-v-in-emmen-nl-jobbird-com-at-jobster-4468755301,https://nl.linkedin.com/company/jobster-com,4468755301
Jobster,Klantenservice medewerker b2b - ASA Talent,Utrecht,2026-09-21,e-commerce medewerker,nee,https://nl.linkedin.com/jobs/view/klantenservice-medewerker-b2b-asa-talent-at-jobster-4468755361,https://nl.linkedin.com/company/jobster-com,4468755361
Jobster,"Operativer Einkäufer (m/w/d) eCommerce ROSSMANN-Apotheke B.V. In Emmen, NL - Jobbird.com",Beilen,2026-09-21,e-commerce medewerker,nee,https://nl.linkedin.com/jobs/view/operativer-eink%C3%A4ufer-m-w-d-ecommerce-rossmann-apotheke-b-v-in-emmen-nl-jobbird-com-at-jobster-4468732811,https://nl.linkedin.com/company/jobster-com,4468732811
Jobster,"Operativer Einkäufer (m/w/d) eCommerce ROSSMANN-Apotheke B.V. In Emmen, NL - Jobbird.com",Hoogeveen,2026-09-21,e-commerce medewerker,nee,https://nl.linkedin.com/jobs/view/operativer-eink%C3%A4ufer-m-w-d-ecommerce-rossmann-apotheke-b-v-in-emmen-nl-jobbird-com-at-jobster-4468734678,https://nl.linkedin.com/company/jobster-com,4468734678
Jobster,"Operativer Einkäufer (m/w/d) eCommerce ROSSMANN-Apotheke B.V. In Emmen, NL - Jobbird.com",Westerbork,2026-09-21,e-commerce medewerker,nee,https://nl.linkedin.com/jobs/view/operativer-eink%C3%A4ufer-m-w-d-ecommerce-rossmann-apotheke-b-v-in-emmen-nl-jobbird-com-at-jobster-4468740876,https://nl.linkedin.com/company/jobster-com,4468740876
Jobster,Klantenservice medewerker b2b - ASA Talent,Arnhem,2026-09-21,e-commerce medewerker,nee,https://nl.linkedin.com/jobs/view/klantenservice-medewerker-b2b-asa-talent-at-jobster-4468749485,https://nl.linkedin.com/company/jobster-com,4468749485
Jobster,Klantadviseur Key Account Amersfoort - ASA Talent,Hilversum,2026-09-21,klantadviseur,nee,https://nl.linkedin.com/jobs/view/klantadviseur-key-account-amersfoort-asa-talent-at-jobster-4468748632,https://nl.linkedin.com/company/jobster-com,4468748632
Jobster,Zakelijke klantenservice medewerker Bol - ASA Talent,Utrecht,2026-09-21,klantadviseur,nee,https://nl.linkedin.com/jobs/view/zakelijke-klantenservice-medewerker-bol-asa-talent-at-jobster-4468743557,https://nl.linkedin.com/company/jobster-com,4468743557
Jobster,Klantadviseur B2B BOL - ASA Talent,Utrecht,2026-09-21,klantadviseur,nee,https://nl.linkedin.com/jobs/view/klantadviseur-b2b-bol-asa-talent-at-jobster-4468743897,https://nl.linkedin.com/company/jobster-com,4468743897
Jobster,Key Account Customer Service DHL - ASA Talent,Amersfoort,2026-09-21,klantadviseur,nee,https://nl.linkedin.com/jobs/view/key-account-customer-service-dhl-asa-talent-at-jobster-4468757068,https://nl.linkedin.com/company/jobster-com,4468757068
Jobster,Medewerker Klantenservice Key Accounts - ASA Talent,Amersfoort,2026-09-21,klantadviseur,nee,https://nl.linkedin.com/jobs/view/medewerker-klantenservice-key-accounts-asa-talent-at-jobster-4468747007,https://nl.linkedin.com/company/jobster-com,4468747007
Jobster,Service Adviseur Trucks - Uitzendbureau.nl,Roosendaal,2026-09-21,klantadviseur,nee,https://nl.linkedin.com/jobs/view/service-adviseur-trucks-uitzendbureau-nl-at-jobster-4468754055,https://nl.linkedin.com/company/jobster-com,4468754055
Jobster,Medewerker Klantenservice DHL Express - ASA Talent,Amersfoort,2026-09-21,klantadviseur,nee,https://nl.linkedin.com/jobs/view/medewerker-klantenservice-dhl-express-asa-talent-at-jobster-4468754583,https://nl.linkedin.com/company/jobster-com,4468754583
Jobster,Technisch Adviseur Klantondersteuning - Uitzendbureau.nl,Nuenen,2026-09-21,klantadviseur,nee,https://nl.linkedin.com/jobs/view/technisch-adviseur-klantondersteuning-uitzendbureau-nl-at-jobster-4468742981,https://nl.linkedin.com/company/jobster-com,4468742981
Joerns Healthcare bv,Klantadviseur Zorghulpmiddelen,Houten,2026-09-14,klantadviseur,nee,https://nl.linkedin.com/jobs/view/klantadviseur-zorghulpmiddelen-at-joerns-healthcare-bv-4467060921,https://nl.linkedin.com/company/joerns-healthcare-bv,4467060921
Jumbo Supermarkten,Medewerker Proces &amp; Goederenverwerking,Zwolle,2026-09-01,webshop medewerker,nee,https://nl.linkedin.com/jobs/view/medewerker-proces-goederenverwerking-at-jumbo-supermarkten-4433694971,https://nl.linkedin.com/company/jumbo-supermarkten,4433694971
Jumbo Supermarkten,Medewerker Proces &amp; Goederenverwerking,Boxtel,2026-09-01,webshop medewerker,nee,https://nl.linkedin.com/jobs/view/medewerker-proces-goederenverwerking-at-jumbo-supermarkten-4460267960,https://nl.linkedin.com/company/jumbo-supermarkten,4460267960
Jumbo Supermarkten,Medewerker Proces &amp; Goederenverwerking,Berg en Dal,2026-09-01,webshop medewerker,nee,https://nl.linkedin.com/jobs/view/medewerker-proces-goederenverwerking-at-jumbo-supermarkten-4460282662,https://nl.linkedin.com/company/jumbo-supermarkten,4460282662
Jumbo Supermarkten,Medewerker Proces &amp; Goederenverwerking,Den Ham,2026-09-01,webshop medewerker,nee,https://nl.linkedin.com/jobs/view/medewerker-proces-goederenverwerking-at-jumbo-supermarkten-4460636276,https://nl.linkedin.com/company/jumbo-supermarkten,4460636276
Jumbo Supermarkten,Vulploegmedewerker,Tilburg,2026-09-01,webshop medewerker,nee,https://nl.linkedin.com/jobs/view/vulploegmedewerker-at-jumbo-supermarkten-4460274843,https://nl.linkedin.com/company/jumbo-supermarkten,4460274843
Jumbo Supermarkten,Vulploegmedewerker,Den Haag,2026-09-01,webshop medewerker,nee,https://nl.linkedin.com/jobs/view/vulploegmedewerker-at-jumbo-supermarkten-4374656956,https://nl.linkedin.com/company/jumbo-supermarkten,4374656956
Jumbo Supermarkten,Versmedewerker,Breda,2026-09-01,webshop medewerker,nee,https://nl.linkedin.com/jobs/view/versmedewerker-at-jumbo-supermarkten-4231944582,https://nl.linkedin.com/company/jumbo-supermarkten,4231944582
Jumbo Supermarkten,Medewerker Service,Oldenzaal,2026-09-01,support medewerker webshop,nee,https://nl.linkedin.com/jobs/view/medewerker-service-at-jumbo-supermarkten-4330864513,https://nl.linkedin.com/company/jumbo-supermarkten,4330864513
Jumbo Supermarkten,Medewerker Proces &amp; Goederenverwerking,Amsterdam,2026-09-02,webshop medewerker,nee,https://nl.linkedin.com/jobs/view/medewerker-proces-goederenverwerking-at-jumbo-supermarkten-4451663953,https://nl.linkedin.com/company/jumbo-supermarkten,4451663953
Jumbo Supermarkten,Medewerker Proces &amp; Goederenverwerking,Bodegraven,2026-09-02,webshop medewerker,nee,https://nl.linkedin.com/jobs/view/medewerker-proces-goederenverwerking-at-jumbo-supermarkten-4366891590,https://nl.linkedin.com/company/jumbo-supermarkten,4366891590
Jumbo Supermarkten,Medewerker Proces &amp; Goederenverwerking,Zevenhuizen,2026-09-02,webshop medewerker,nee,https://nl.linkedin.com/jobs/view/medewerker-proces-goederenverwerking-at-jumbo-supermarkten-4451663954,https://nl.linkedin.com/company/jumbo-supermarkten,4451663954
Jumbo Supermarkten,Medewerker Proces &amp; Goederenverwerking,Rosmalen,2026-09-02,webshop medewerker,nee,https://nl.linkedin.com/jobs/view/medewerker-proces-goederenverwerking-at-jumbo-supermarkten-4374380517,https://nl.linkedin.com/company/jumbo-supermarkten,4374380517
Jumbo Supermarkten,Vulploegmedewerker,Veenendaal,2026-09-02,webshop medewerker,nee,https://nl.linkedin.com/jobs/view/vulploegmedewerker-at-jumbo-supermarkten-4442664809,https://nl.linkedin.com/company/jumbo-supermarkten,4442664809
Jumbo Supermarkten,Medewerker Service,'s-Heerenberg,2026-09-02,support medewerker webshop,nee,https://nl.linkedin.com/jobs/view/medewerker-service-at-jumbo-supermarkten-4461310846,https://nl.linkedin.com/company/jumbo-supermarkten,4461310846
Jumbo Supermarkten,Medewerker Proces &amp; Goederenverwerking,Rotterdam,2026-09-03,webshop medewerker,nee,https://nl.linkedin.com/jobs/view/medewerker-proces-goederenverwerking-at-jumbo-supermarkten-4434318029,https://nl.linkedin.com/company/jumbo-supermarkten,4434318029
Jumbo Supermarkten,Medewerker Proces &amp; Goederenverwerking,Tilburg,2026-09-03,webshop medewerker,nee,https://nl.linkedin.com/jobs/view/medewerker-proces-goederenverwerking-at-jumbo-supermarkten-4367496380,https://nl.linkedin.com/company/jumbo-supermarkten,4367496380
Jumbo Supermarkten,Medewerker Proces &amp; Goederenverwerking,Surhuisterveen,2026-09-03,webshop medewerker,nee,https://nl.linkedin.com/jobs/view/medewerker-proces-goederenverwerking-at-jumbo-supermarkten-4461685752,https://nl.linkedin.com/company/jumbo-supermarkten,4461685752
Jumbo Supermarkten,Vulploegmedewerker,Rotterdam,2026-09-03,webshop medewerker,nee,https://nl.linkedin.com/jobs/view/vulploegmedewerker-at-jumbo-supermarkten-4434353236,https://nl.linkedin.com/company/jumbo-supermarkten,4434353236
Jumbo Supermarkten,Medewerker Proces &amp; Goederenverwerking,Leusden,2026-09-04,webshop medewerker,nee,https://nl.linkedin.com/jobs/view/medewerker-proces-goederenverwerking-at-jumbo-supermarkten-4257996960,https://nl.linkedin.com/company/jumbo-supermarkten,4257996960
Jumbo Supermarkten,Medewerker Proces &amp; Goederenverwerking,Oss,2026-09-04,webshop medewerker,nee,https://nl.linkedin.com/jobs/view/medewerker-proces-goederenverwerking-at-jumbo-supermarkten-4425279561,https://nl.linkedin.com/company/jumbo-supermarkten,4425279561
Jumbo Supermarkten,Vulploegmedewerker,Amsterdam,2026-09-04,webshop medewerker,nee,https://nl.linkedin.com/jobs/view/vulploegmedewerker-at-jumbo-supermarkten-4426035455,https://nl.linkedin.com/company/jumbo-supermarkten,4426035455
Jumbo Supermarkten,Medewerker Proces &amp; Goederenverwerking,Belfeld,2026-09-04,webshop medewerker,nee,https://nl.linkedin.com/jobs/view/medewerker-proces-goederenverwerking-at-jumbo-supermarkten-4434345480,https://nl.linkedin.com/company/jumbo-supermarkten,4434345480
Jumbo Supermarkten,Versmedewerker,Rotterdam,2026-09-04,webshop medewerker,nee,https://nl.linkedin.com/jobs/view/versmedewerker-at-jumbo-supermarkten-4461969349,https://nl.linkedin.com/company/jumbo-supermarkten,4461969349
Jumbo Supermarkten,Vulploegmedewerker,Helmond,2026-09-04,webshop medewerker,nee,https://nl.linkedin.com/jobs/view/vulploegmedewerker-at-jumbo-supermarkten-4443898643,https://nl.linkedin.com/company/jumbo-supermarkten,4443898643
Jumbo Supermarkten,Medewerker Proces &amp; Goederenverwerking,Houten,2026-09-05,webshop medewerker,nee,https://nl.linkedin.com/jobs/view/medewerker-proces-goederenverwerking-at-jumbo-supermarkten-4462622284,https://nl.linkedin.com/company/jumbo-supermarkten,4462622284
Jumbo Supermarkten,Medewerker Proces &amp; Goederenverwerking,Valkenburg aan de Geul,2026-09-05,webshop medewerker,nee,https://nl.linkedin.com/jobs/view/medewerker-proces-goederenverwerking-at-jumbo-supermarkten-4443862764,https://nl.linkedin.com/company/jumbo-supermarkten,4443862764
Jumbo Supermarkten,Medewerker Proces &amp; Goederenverwerking,Nijmegen,2026-09-05,webshop medewerker,nee,https://nl.linkedin.com/jobs/view/medewerker-proces-goederenverwerking-at-jumbo-supermarkten-4406518836,https://nl.linkedin.com/company/jumbo-supermarkten,4406518836
Jumbo Supermarkten,Vulploegmedewerker,Maartensdijk,2026-09-05,webshop medewerker,nee,https://nl.linkedin.com/jobs/view/vulploegmedewerker-at-jumbo-supermarkten-4435237922,https://nl.linkedin.com/company/jumbo-supermarkten,4435237922
Jumbo Supermarkten,Medewerker Service,Waalwijk,2026-09-05,support medewerker webshop,nee,https://nl.linkedin.com/jobs/view/medewerker-service-at-jumbo-supermarkten-4435440603,https://nl.linkedin.com/company/jumbo-supermarkten,4435440603
Jumbo Supermarkten,Medewerker Proces &amp; Goederenverwerking,Heemskerk,2026-09-06,webshop medewerker,nee,https://nl.linkedin.com/jobs/view/medewerker-proces-goederenverwerking-at-jumbo-supermarkten-4426650368,https://nl.linkedin.com/company/jumbo-supermarkten,4426650368
Jumbo Supermarkten,Vulploegmedewerker,Alkmaar,2026-09-06,webshop medewerker,nee,https://nl.linkedin.com/jobs/view/vulploegmedewerker-at-jumbo-supermarkten-4351812429,https://nl.linkedin.com/company/jumbo-supermarkten,4351812429
Jumbo Supermarkten,Versmedewerker,Boekel,2026-09-06,webshop medewerker,nee,https://nl.linkedin.com/jobs/view/versmedewerker-at-jumbo-supermarkten-4435237921,https://nl.linkedin.com/company/jumbo-supermarkten,4435237921
Jumbo Supermarkten,Medewerker Service,Vlijmen,2026-09-06,support medewerker webshop,nee,https://nl.linkedin.com/jobs/view/medewerker-service-at-jumbo-supermarkten-4407033599,https://nl.linkedin.com/company/jumbo-supermarkten,4407033599
Jumbo Supermarkten,Medewerker Proces &amp; Goederenverwerking,Berkel en Rodenrijs,2026-09-07,webshop medewerker,nee,https://nl.linkedin.com/jobs/view/medewerker-proces-goederenverwerking-at-jumbo-supermarkten-4453974884,https://nl.linkedin.com/company/jumbo-supermarkten,4453974884
Jumbo Supermarkten,Medewerker Proces &amp; Goederenverwerking,Barneveld,2026-09-07,webshop medewerker,nee,https://nl.linkedin.com/jobs/view/medewerker-proces-goederenverwerking-at-jumbo-supermarkten-4357630824,https://nl.linkedin.com/company/jumbo-supermarkten,4357630824
Jumbo Supermarkten,Medewerker Proces &amp; Goederenverwerking,Zutphen,2026-09-07,webshop medewerker,nee,https://nl.linkedin.com/jobs/view/medewerker-proces-goederenverwerking-at-jumbo-supermarkten-4407947151,https://nl.linkedin.com/company/jumbo-supermarkten,4407947151
Jumbo Supermarkten,Vulploegmedewerker,Amstelveen,2026-09-07,webshop medewerker,nee,https://nl.linkedin.com/jobs/view/vulploegmedewerker-at-jumbo-supermarkten-4385006461,https://nl.linkedin.com/company/jumbo-supermarkten,4385006461
Jumbo Supermarkten,Vulploegmedewerker,Den Haag,2026-09-07,webshop medewerker,nee,https://nl.linkedin.com/jobs/view/vulploegmedewerker-at-jumbo-supermarkten-4398119423,https://nl.linkedin.com/company/jumbo-supermarkten,4398119423
Jumbo Supermarkten,Medewerker Proces &amp; Goederenverwerking,Hulst,2026-09-08,webshop medewerker,nee,https://nl.linkedin.com/jobs/view/medewerker-proces-goederenverwerking-at-jumbo-supermarkten-4454253944,https://nl.linkedin.com/company/jumbo-supermarkten,4454253944
Jumbo Supermarkten,Medewerker Proces &amp; Goederenverwerking,Wijchen,2026-09-08,webshop medewerker,nee,https://nl.linkedin.com/jobs/view/medewerker-proces-goederenverwerking-at-jumbo-supermarkten-4463529417,https://nl.linkedin.com/company/jumbo-supermarkten,4463529417
Jumbo Supermarkten,Medewerker Service,Arnhem,2026-09-08,support medewerker webshop,nee,https://nl.linkedin.com/jobs/view/medewerker-service-at-jumbo-supermarkten-4463543285,https://nl.linkedin.com/company/jumbo-supermarkten,4463543285
Jumbo Supermarkten,Medewerker Proces &amp; Goederenverwerking,Alphen aan den Rijn,2026-09-09,webshop medewerker,nee,https://nl.linkedin.com/jobs/view/medewerker-proces-goederenverwerking-at-jumbo-supermarkten-4445160890,https://nl.linkedin.com/company/jumbo-supermarkten,4445160890
Jumbo Supermarkten,Medewerker Proces &amp; Goederenverwerking,Horst,2026-09-09,webshop medewerker,nee,https://nl.linkedin.com/jobs/view/medewerker-proces-goederenverwerking-at-jumbo-supermarkten-4273283818,https://nl.linkedin.com/company/jumbo-supermarkten,4273283818
Jumbo Supermarkten,Vulploegmedewerker,Driebergen,2026-09-09,webshop medewerker,nee,https://nl.linkedin.com/jobs/view/vulploegmedewerker-at-jumbo-supermarkten-4454755254,https://nl.linkedin.com/company/jumbo-supermarkten,4454755254
Jumbo Supermarkten,Medewerker Proces &amp; Goederenverwerking,Eindhoven,2026-09-09,webshop medewerker,nee,https://nl.linkedin.com/jobs/view/medewerker-proces-goederenverwerking-at-jumbo-supermarkten-4436048027,https://nl.linkedin.com/company/jumbo-supermarkten,4436048027
Jumbo Supermarkten,Versmedewerker,Oudewater,2026-09-09,webshop medewerker,nee,https://nl.linkedin.com/jobs/view/versmedewerker-at-jumbo-supermarkten-4354817360,https://nl.linkedin.com/company/jumbo-supermarkten,4354817360
Jumbo Supermarkten,Medewerker Proces &amp; Goederenverwerking,Zoeterwoude,2026-09-10,webshop medewerker,nee,https://nl.linkedin.com/jobs/view/medewerker-proces-goederenverwerking-at-jumbo-supermarkten-4408374869,https://nl.linkedin.com/company/jumbo-supermarkten,4408374869
Jumbo Supermarkten,Medewerker Proces &amp; Goederenverwerking,Zwolle,2026-09-10,webshop medewerker,nee,https://nl.linkedin.com/jobs/view/medewerker-proces-goederenverwerking-at-jumbo-supermarkten-4464558830,https://nl.linkedin.com/company/jumbo-supermarkten,4464558830
Jumbo Supermarkten,Medewerker Proces &amp; Goederenverwerking,Zwolle,2026-09-10,webshop medewerker,nee,https://nl.linkedin.com/jobs/view/medewerker-proces-goederenverwerking-at-jumbo-supermarkten-4464557880,https://nl.linkedin.com/company/jumbo-supermarkten,4464557880
Jumbo Supermarkten,Medewerker Proces &amp; Goederenverwerking,Reusel,2026-09-10,webshop medewerker,nee,https://nl.linkedin.com/jobs/view/medewerker-proces-goederenverwerking-at-jumbo-supermarkten-4427739212,https://nl.linkedin.com/company/jumbo-supermarkten,4427739212
Jumbo Supermarkten,Medewerker Proces &amp; Goederenverwerking,Heerde,2026-09-10,webshop medewerker,nee,https://nl.linkedin.com/jobs/view/medewerker-proces-goederenverwerking-at-jumbo-supermarkten-4418201469,https://nl.linkedin.com/company/jumbo-supermarkten,4418201469
Jumbo Supermarkten,Vulploegmedewerker,'s-Hertogenbosch,2026-09-10,webshop medewerker,nee,https://nl.linkedin.com/jobs/view/vulploegmedewerker-at-jumbo-supermarkten-4464513645,https://nl.linkedin.com/company/jumbo-supermarkten,4464513645
Jumbo Supermarkten,Vulploegmedewerker,Sint-Oedenrode,2026-09-10,webshop medewerker,nee,https://nl.linkedin.com/jobs/view/vulploegmedewerker-at-jumbo-supermarkten-4428495073,https://nl.linkedin.com/company/jumbo-supermarkten,4428495073
Jumbo Supermarkten,Vulploegmedewerker,IJmuiden,2026-09-10,webshop medewerker,nee,https://nl.linkedin.com/jobs/view/vulploegmedewerker-at-jumbo-supermarkten-4445756284,https://nl.linkedin.com/company/jumbo-supermarkten,4445756284
Jumbo Supermarkten,Medewerker Proces &amp; Goederenverwerking,Oudewater,2026-09-11,webshop medewerker,nee,https://nl.linkedin.com/jobs/view/medewerker-proces-goederenverwerking-at-jumbo-supermarkten-4359128223,https://nl.linkedin.com/company/jumbo-supermarkten,4359128223
Jumbo Supermarkten,Medewerker Proces &amp; Goederenverwerking,Bergen op Zoom,2026-09-11,webshop medewerker,nee,https://nl.linkedin.com/jobs/view/medewerker-proces-goederenverwerking-at-jumbo-supermarkten-4399199755,https://nl.linkedin.com/company/jumbo-supermarkten,4399199755
Jumbo Supermarkten,Medewerker Proces &amp; Goederenverwerking,Zoetermeer,2026-09-11,webshop medewerker,nee,https://nl.linkedin.com/jobs/view/medewerker-proces-goederenverwerking-at-jumbo-supermarkten-4408449091,https://nl.linkedin.com/company/jumbo-supermarkten,4408449091
Jumbo Supermarkten,Medewerker Proces &amp; Goederenverwerking,Zwolle,2026-09-11,webshop medewerker,nee,https://nl.linkedin.com/jobs/view/medewerker-proces-goederenverwerking-at-jumbo-supermarkten-4437054081,https://nl.linkedin.com/company/jumbo-supermarkten,4437054081
Jumbo Supermarkten,Medewerker Proces &amp; Goederenverwerking,Coevorden,2026-09-11,webshop medewerker,nee,https://nl.linkedin.com/jobs/view/medewerker-proces-goederenverwerking-at-jumbo-supermarkten-4307632895,https://nl.linkedin.com/company/jumbo-supermarkten,4307632895
Jumbo Supermarkten,Medewerker Proces &amp; Goederenverwerking,Bladel,2026-09-11,webshop medewerker,nee,https://nl.linkedin.com/jobs/view/medewerker-proces-goederenverwerking-at-jumbo-supermarkten-4465109585,https://nl.linkedin.com/company/jumbo-supermarkten,4465109585
Jumbo Supermarkten,Medewerker Proces &amp; Goederenverwerking,Marknesse,2026-09-11,webshop medewerker,nee,https://nl.linkedin.com/jobs/view/medewerker-proces-goederenverwerking-at-jumbo-supermarkten-4418285517,https://nl.linkedin.com/company/jumbo-supermarkten,4418285517
Jumbo Supermarkten,Medewerker Proces &amp; Goederenverwerking,Arnhem,2026-09-11,webshop medewerker,nee,https://nl.linkedin.com/jobs/view/medewerker-proces-goederenverwerking-at-jumbo-supermarkten-4436205124,https://nl.linkedin.com/company/jumbo-supermarkten,4436205124
Jumbo Supermarkten,Medewerker Proces &amp; Goederenverwerking,Sint-Oedenrode,2026-09-11,webshop medewerker,nee,https://nl.linkedin.com/jobs/view/medewerker-proces-goederenverwerking-at-jumbo-supermarkten-4428703014,https://nl.linkedin.com/company/jumbo-supermarkten,4428703014
Jumbo Supermarkten,Medewerker Proces &amp; Goederenverwerking,Sint-Oedenrode,2026-09-11,webshop medewerker,nee,https://nl.linkedin.com/jobs/view/medewerker-proces-goederenverwerking-at-jumbo-supermarkten-4464875684,https://nl.linkedin.com/company/jumbo-supermarkten,4464875684
Jumbo Supermarkten,Vulploegmedewerker,Amerongen,2026-09-11,webshop medewerker,nee,https://nl.linkedin.com/jobs/view/vulploegmedewerker-at-jumbo-supermarkten-4465126416,https://nl.linkedin.com/company/jumbo-supermarkten,4465126416
Jumbo Supermarkten,Medewerker Service,'s-Hertogenbosch,2026-09-11,support medewerker webshop,nee,https://nl.linkedin.com/jobs/view/medewerker-service-at-jumbo-supermarkten-4409730172,https://nl.linkedin.com/company/jumbo-supermarkten,4409730172
Jumbo Supermarkten,Medewerker Service,'s-Hertogenbosch,2026-09-11,support medewerker webshop,nee,https://nl.linkedin.com/jobs/view/medewerker-service-at-jumbo-supermarkten-4408434773,https://nl.linkedin.com/company/jumbo-supermarkten,4408434773
Jumbo Supermarkten,Medewerker Service,'s-Hertogenbosch,2026-09-11,support medewerker webshop,nee,https://nl.linkedin.com/jobs/view/medewerker-service-at-jumbo-supermarkten-4444580996,https://nl.linkedin.com/company/jumbo-supermarkten,4444580996
Jumbo Supermarkten,Medewerker Proces &amp; Goederenverwerking,Geffen,2026-09-12,webshop medewerker,nee,https://nl.linkedin.com/jobs/view/medewerker-proces-goederenverwerking-at-jumbo-supermarkten-4322058276,https://nl.linkedin.com/company/jumbo-supermarkten,4322058276
Jumbo Supermarkten,Medewerker Proces &amp; Goederenverwerking,Leidschendam,2026-09-12,webshop medewerker,nee,https://nl.linkedin.com/jobs/view/medewerker-proces-goederenverwerking-at-jumbo-supermarkten-4400738599,https://nl.linkedin.com/company/jumbo-supermarkten,4400738599
Jumbo Supermarkten,Vulploegmedewerker,Tilburg,2026-09-12,webshop medewerker,nee,https://nl.linkedin.com/jobs/view/vulploegmedewerker-at-jumbo-supermarkten-4465408627,https://nl.linkedin.com/company/jumbo-supermarkten,4465408627
Jumbo Supermarkten,Medewerker Proces &amp; Goederenverwerking,Son en Breugel,2026-09-13,webshop medewerker,nee,https://nl.linkedin.com/jobs/view/medewerker-proces-goederenverwerking-at-jumbo-supermarkten-4329479062,https://nl.linkedin.com/company/jumbo-supermarkten,4329479062
Jumbo Supermarkten,Medewerker Proces &amp; Goederenverwerking,Terneuzen,2026-09-13,webshop medewerker,nee,https://nl.linkedin.com/jobs/view/medewerker-proces-goederenverwerking-at-jumbo-supermarkten-4437538516,https://nl.linkedin.com/company/jumbo-supermarkten,4437538516
Jumbo Supermarkten,Medewerker Proces &amp; Goederenverwerking,Krimpen aan den IJssel,2026-09-13,webshop medewerker,nee,https://nl.linkedin.com/jobs/view/medewerker-proces-goederenverwerking-at-jumbo-supermarkten-4435201745,https://nl.linkedin.com/company/jumbo-supermarkten,4435201745
Jumbo Supermarkten,Medewerker Proces &amp; Goederenverwerking,Delfzijl,2026-09-13,webshop medewerker,nee,https://nl.linkedin.com/jobs/view/medewerker-proces-goederenverwerking-at-jumbo-supermarkten-4360905472,https://nl.linkedin.com/company/jumbo-supermarkten,4360905472
Jumbo Supermarkten,Medewerker Proces &amp; Goederenverwerking,Nijmegen,2026-09-13,webshop medewerker,nee,https://nl.linkedin.com/jobs/view/medewerker-proces-goederenverwerking-at-jumbo-supermarkten-4409974183,https://nl.linkedin.com/company/jumbo-supermarkten,4409974183
Jumbo Supermarkten,Vulploegmedewerker,Den Haag,2026-09-13,webshop medewerker,nee,https://nl.linkedin.com/jobs/view/vulploegmedewerker-at-jumbo-supermarkten-4402108624,https://nl.linkedin.com/company/jumbo-supermarkten,4402108624
Jumbo Supermarkten,Medewerker Service,Woudenberg,2026-09-13,support medewerker webshop,nee,https://nl.linkedin.com/jobs/view/medewerker-service-at-jumbo-supermarkten-4437594293,https://nl.linkedin.com/company/jumbo-supermarkten,4437594293
Jumbo Supermarkten,Medewerker Service,Valkenswaard,2026-09-13,support medewerker webshop,nee,https://nl.linkedin.com/jobs/view/medewerker-service-at-jumbo-supermarkten-4400740574,https://nl.linkedin.com/company/jumbo-supermarkten,4400740574
Jumbo Supermarkten,Medewerker Proces &amp; Goederenverwerking,Barendrecht,2026-09-14,webshop medewerker,nee,https://nl.linkedin.com/jobs/view/medewerker-proces-goederenverwerking-at-jumbo-supermarkten-4422526441,https://nl.linkedin.com/company/jumbo-supermarkten,4422526441
Jumbo Supermarkten,Medewerker Proces &amp; Goederenverwerking,Budel,2026-09-14,webshop medewerker,nee,https://nl.linkedin.com/jobs/view/medewerker-proces-goederenverwerking-at-jumbo-supermarkten-4401423733,https://nl.linkedin.com/company/jumbo-supermarkten,4401423733
Jumbo Supermarkten,Medewerker Proces &amp; Goederenverwerking,Zeist,2026-09-14,webshop medewerker,nee,https://nl.linkedin.com/jobs/view/medewerker-proces-goederenverwerking-at-jumbo-supermarkten-4466101698,https://nl.linkedin.com/company/jumbo-supermarkten,4466101698
Jumbo Supermarkten,Medewerker Proces &amp; Goederenverwerking,Purmerend,2026-09-14,webshop medewerker,nee,https://nl.linkedin.com/jobs/view/medewerker-proces-goederenverwerking-at-jumbo-supermarkten-4466106601,https://nl.linkedin.com/company/jumbo-supermarkten,4466106601
Jumbo Supermarkten,Medewerker Proces &amp; Goederenverwerking,Ulvenhout,2026-09-14,webshop medewerker,nee,https://nl.linkedin.com/jobs/view/medewerker-proces-goederenverwerking-at-jumbo-supermarkten-4430072683,https://nl.linkedin.com/company/jumbo-supermarkten,4430072683
Jumbo Supermarkten,Medewerker Proces &amp; Goederenverwerking,Emmen,2026-09-14,webshop medewerker,nee,https://nl.linkedin.com/jobs/view/medewerker-proces-goederenverwerking-at-jumbo-supermarkten-4465762321,https://nl.linkedin.com/company/jumbo-supermarkten,4465762321
Jumbo Supermarkten,Vulploegmedewerker,Son en Breugel,2026-09-14,webshop medewerker,nee,https://nl.linkedin.com/jobs/view/vulploegmedewerker-at-jumbo-supermarkten-4329469380,https://nl.linkedin.com/company/jumbo-supermarkten,4329469380
Jumbo Supermarkten,Medewerker Proces &amp; Goederenverwerking,'s-Hertogenbosch,2026-09-15,webshop medewerker,nee,https://nl.linkedin.com/jobs/view/medewerker-proces-goederenverwerking-at-jumbo-supermarkten-4379699218,https://nl.linkedin.com/company/jumbo-supermarkten,4379699218
Jumbo Supermarkten,Medewerker Proces &amp; Goederenverwerking,Veghel,2026-09-15,webshop medewerker,nee,https://nl.linkedin.com/jobs/view/medewerker-proces-goederenverwerking-at-jumbo-supermarkten-4390971484,https://nl.linkedin.com/company/jumbo-supermarkten,4390971484
Jumbo Supermarkten,Medewerker Proces &amp; Goederenverwerking,Barneveld,2026-09-15,webshop medewerker,nee,https://nl.linkedin.com/jobs/view/medewerker-proces-goederenverwerking-at-jumbo-supermarkten-4368028643,https://nl.linkedin.com/company/jumbo-supermarkten,4368028643
Jumbo Supermarkten,Medewerker Proces &amp; Goederenverwerking,Rosmalen,2026-09-15,webshop medewerker,nee,https://nl.linkedin.com/jobs/view/medewerker-proces-goederenverwerking-at-jumbo-supermarkten-4465901633,https://nl.linkedin.com/company/jumbo-supermarkten,4465901633
Jumbo Supermarkten,Medewerker Proces &amp; Goederenverwerking,Sint-Michielsgestel,2026-09-16,webshop medewerker,nee,https://nl.linkedin.com/jobs/view/medewerker-proces-goederenverwerking-at-jumbo-supermarkten-4457468362,https://nl.linkedin.com/company/jumbo-supermarkten,4457468362
Jumbo Supermarkten,Medewerker Proces &amp; Goederenverwerking,Amersfoort,2026-09-17,webshop medewerker,nee,https://nl.linkedin.com/jobs/view/medewerker-proces-goederenverwerking-at-jumbo-supermarkten-4391680268,https://nl.linkedin.com/company/jumbo-supermarkten,4391680268
Jumbo Supermarkten,Medewerker Proces &amp; Goederenverwerking,Arnhem,2026-09-17,webshop medewerker,nee,https://nl.linkedin.com/jobs/view/medewerker-proces-goederenverwerking-at-jumbo-supermarkten-4467559133,https://nl.linkedin.com/company/jumbo-supermarkten,4467559133
Jumbo Supermarkten,Medewerker Proces &amp; Goederenverwerking,Venray,2026-09-17,webshop medewerker,nee,https://nl.linkedin.com/jobs/view/medewerker-proces-goederenverwerking-at-jumbo-supermarkten-4240225250,https://nl.linkedin.com/company/jumbo-supermarkten,4240225250
Jumbo Supermarkten,Medewerker Proces &amp; Goederenverwerking,Hengelo,2026-09-17,webshop medewerker,nee,https://nl.linkedin.com/jobs/view/medewerker-proces-goederenverwerking-at-jumbo-supermarkten-4281340660,https://nl.linkedin.com/company/jumbo-supermarkten,4281340660
Jumbo Supermarkten,Medewerker Proces &amp; Goederenverwerking,Geleen,2026-09-17,webshop medewerker,nee,https://nl.linkedin.com/jobs/view/medewerker-proces-goederenverwerking-at-jumbo-supermarkten-4391910462,https://nl.linkedin.com/company/jumbo-supermarkten,4391910462
Jumbo Supermarkten,Medewerker Proces &amp; Goederenverwerking,Enschede,2026-09-17,webshop medewerker,nee,https://nl.linkedin.com/jobs/view/medewerker-proces-goederenverwerking-at-jumbo-supermarkten-4467546337,https://nl.linkedin.com/company/jumbo-supermarkten,4467546337
Jumbo Supermarkten,Medewerker Proces &amp; Goederenverwerking,Nuenen,2026-09-17,webshop medewerker,nee,https://nl.linkedin.com/jobs/view/medewerker-proces-goederenverwerking-at-jumbo-supermarkten-4467582606,https://nl.linkedin.com/company/jumbo-supermarkten,4467582606
Jumbo Supermarkten,Versmedewerker,Weert,2026-09-17,webshop medewerker,nee,https://nl.linkedin.com/jobs/view/versmedewerker-at-jumbo-supermarkten-4457986375,https://nl.linkedin.com/company/jumbo-supermarkten,4457986375
Jumbo Supermarkten,Medewerker Proces &amp; Goederenverwerking,Geldrop,2026-09-18,webshop medewerker,nee,https://nl.linkedin.com/jobs/view/medewerker-proces-goederenverwerking-at-jumbo-supermarkten-4432249703,https://nl.linkedin.com/company/jumbo-supermarkten,4432249703
Jumbo Supermarkten,Vulploegmedewerker,Middelburg,2026-09-18,webshop medewerker,nee,https://nl.linkedin.com/jobs/view/vulploegmedewerker-at-jumbo-supermarkten-4422868387,https://nl.linkedin.com/company/jumbo-supermarkten,4422868387
Jumbo Supermarkten,Medewerker Proces &amp; Goederenverwerking,Drachten,2026-09-18,webshop medewerker,nee,https://nl.linkedin.com/jobs/view/medewerker-proces-goederenverwerking-at-jumbo-supermarkten-4413810386,https://nl.linkedin.com/company/jumbo-supermarkten,4413810386
Jumbo Supermarkten,Medewerker Proces &amp; Goederenverwerking,Bolsward,2026-09-18,webshop medewerker,nee,https://nl.linkedin.com/jobs/view/medewerker-proces-goederenverwerking-at-jumbo-supermarkten-4404201247,https://nl.linkedin.com/company/jumbo-supermarkten,4404201247
Jumbo Supermarkten,Vulploegmedewerker,Amersfoort,2026-09-18,webshop medewerker,nee,https://nl.linkedin.com/jobs/view/vulploegmedewerker-at-jumbo-supermarkten-4440254463,https://nl.linkedin.com/company/jumbo-supermarkten,4440254463
Jumbo Supermarkten,Medewerker Proces &amp; Goederenverwerking,Coevorden,2026-09-19,orderverwerking medewerker,nee,https://nl.linkedin.com/jobs/view/medewerker-proces-goederenverwerking-at-jumbo-supermarkten-4265888463,https://nl.linkedin.com/company/jumbo-supermarkten,4265888463
Jumbo Supermarkten,Medewerker Proces &amp; Goederenverwerking,Maarheeze,2026-09-19,webshop medewerker,nee,https://nl.linkedin.com/jobs/view/medewerker-proces-goederenverwerking-at-jumbo-supermarkten-4459410179,https://nl.linkedin.com/company/jumbo-supermarkten,4459410179
Jumbo Supermarkten,Medewerker Proces &amp; Goederenverwerking,Leeuwarden,2026-09-19,webshop medewerker,nee,https://nl.linkedin.com/jobs/view/medewerker-proces-goederenverwerking-at-jumbo-supermarkten-4458954613,https://nl.linkedin.com/company/jumbo-supermarkten,4458954613
Jumbo Supermarkten,Vulploegmedewerker,Bodegraven,2026-09-19,webshop medewerker,nee,https://nl.linkedin.com/jobs/view/vulploegmedewerker-at-jumbo-supermarkten-4431825952,https://nl.linkedin.com/company/jumbo-supermarkten,4431825952
Jumbo Supermarkten,Vulploegmedewerker,Doorwerth,2026-09-19,webshop medewerker,nee,https://nl.linkedin.com/jobs/view/vulploegmedewerker-at-jumbo-supermarkten-4458968330,https://nl.linkedin.com/company/jumbo-supermarkten,4458968330
Jumbo Supermarkten,Medewerker Service,Budel,2026-09-19,support medewerker webshop,nee,https://nl.linkedin.com/jobs/view/medewerker-service-at-jumbo-supermarkten-4458948711,https://nl.linkedin.com/company/jumbo-supermarkten,4458948711
Jumbo Supermarkten,Medewerker Proces &amp; Goederenverwerking,Harderwijk,2026-09-20,webshop medewerker,nee,https://nl.linkedin.com/jobs/view/medewerker-proces-goederenverwerking-at-jumbo-supermarkten-4231944581,https://nl.linkedin.com/company/jumbo-supermarkten,4231944581
Jumbo Supermarkten,Medewerker Proces &amp; Goederenverwerking,Assen,2026-09-20,webshop medewerker,nee,https://nl.linkedin.com/jobs/view/medewerker-proces-goederenverwerking-at-jumbo-supermarkten-4459481438,https://nl.linkedin.com/company/jumbo-supermarkten,4459481438
Jumbo Supermarkten,Medewerker Proces &amp; Goederenverwerking,'s-Hertogenbosch,2026-09-20,webshop medewerker,nee,https://nl.linkedin.com/jobs/view/medewerker-proces-goederenverwerking-at-jumbo-supermarkten-4414163190,https://nl.linkedin.com/company/jumbo-supermarkten,4414163190
Jumbo Supermarkten,Medewerker Proces &amp; Goederenverwerking,Uden,2026-09-20,webshop medewerker,nee,https://nl.linkedin.com/jobs/view/medewerker-proces-goederenverwerking-at-jumbo-supermarkten-4413559519,https://nl.linkedin.com/company/jumbo-supermarkten,4413559519
Jumbo Supermarkten,Medewerker Proces &amp; Goederenverwerking,Bunde,2026-09-20,webshop medewerker,nee,https://nl.linkedin.com/jobs/view/medewerker-proces-goederenverwerking-at-jumbo-supermarkten-4256160174,https://nl.linkedin.com/company/jumbo-supermarkten,4256160174
Jumbo Supermarkten,Medewerker Proces &amp; Goederenverwerking,Bakel,2026-09-20,webshop medewerker,nee,https://nl.linkedin.com/jobs/view/medewerker-proces-goederenverwerking-at-jumbo-supermarkten-4459492285,https://nl.linkedin.com/company/jumbo-supermarkten,4459492285
Jumbo Supermarkten,Medewerker Proces &amp; Goederenverwerking,Noordwolde,2026-09-20,webshop medewerker,nee,https://nl.linkedin.com/jobs/view/medewerker-proces-goederenverwerking-at-jumbo-supermarkten-4448779437,https://nl.linkedin.com/company/jumbo-supermarkten,4448779437
Jumbo Supermarkten,Medewerker Proces &amp; Goederenverwerking,Enschede,2026-09-20,webshop medewerker,nee,https://nl.linkedin.com/jobs/view/medewerker-proces-goederenverwerking-at-jumbo-supermarkten-4415068465,https://nl.linkedin.com/company/jumbo-supermarkten,4415068465
Jumbo Supermarkten,Vulploegmedewerker,Den Haag,2026-09-20,webshop medewerker,nee,https://nl.linkedin.com/jobs/view/vulploegmedewerker-at-jumbo-supermarkten-4330455362,https://nl.linkedin.com/company/jumbo-supermarkten,4330455362
Jumbo Supermarkten,Medewerker Proces &amp; Goederenverwerking,Zwolle,2026-09-21,webshop medewerker,nee,https://nl.linkedin.com/jobs/view/medewerker-proces-goederenverwerking-at-jumbo-supermarkten-4468762696,https://nl.linkedin.com/company/jumbo-supermarkten,4468762696
Jumbo Supermarkten,Medewerker Proces &amp; Goederenverwerking,Panningen,2026-09-21,webshop medewerker,nee,https://nl.linkedin.com/jobs/view/medewerker-proces-goederenverwerking-at-jumbo-supermarkten-4382447390,https://nl.linkedin.com/company/jumbo-supermarkten,4382447390
Jumbo Supermarkten,Vulploegmedewerker,Weert,2026-09-21,webshop medewerker,nee,https://nl.linkedin.com/jobs/view/vulploegmedewerker-at-jumbo-supermarkten-3960753697,https://nl.linkedin.com/company/jumbo-supermarkten,3960753697
Jumbo Supermarkten,Versmedewerker,Veghel,2026-09-21,webshop medewerker,nee,https://nl.linkedin.com/jobs/view/versmedewerker-at-jumbo-supermarkten-4372560201,https://nl.linkedin.com/company/jumbo-supermarkten,4372560201
Jumbo Supermarkten,Medewerker Proces &amp; Goederenverwerking,Makkum,2026-09-21,webshop medewerker,nee,https://nl.linkedin.com/jobs/view/medewerker-proces-goederenverwerking-at-jumbo-supermarkten-4192701626,https://nl.linkedin.com/company/jumbo-supermarkten,4192701626
Jumbo Supermarkten,Medewerker Service,Amersfoort,2026-09-21,support medewerker webshop,nee,https://nl.linkedin.com/jobs/view/medewerker-service-at-jumbo-supermarkten-4061339675,https://nl.linkedin.com/company/jumbo-supermarkten,4061339675
Jumbo Supermarkten,Medewerker Proces &amp; Goederenverwerking,Gorssel,2026-09-22,webshop medewerker,nee,https://nl.linkedin.com/jobs/view/medewerker-proces-goederenverwerking-at-jumbo-supermarkten-4411173482,https://nl.linkedin.com/company/jumbo-supermarkten,4411173482
Jumbo Supermarkten,Medewerker Proces &amp; Goederenverwerking,Loosdrecht,2026-09-22,webshop medewerker,nee,https://nl.linkedin.com/jobs/view/medewerker-proces-goederenverwerking-at-jumbo-supermarkten-4225020542,https://nl.linkedin.com/company/jumbo-supermarkten,4225020542
Jumbo Supermarkten,Medewerker Proces &amp; Goederenverwerking,Cuijk,2026-09-22,webshop medewerker,nee,https://nl.linkedin.com/jobs/view/medewerker-proces-goederenverwerking-at-jumbo-supermarkten-4460051555,https://nl.linkedin.com/company/jumbo-supermarkten,4460051555
Jumbo Supermarkten,Medewerker Proces &amp; Goederenverwerking,Nieuwerkerk aan den IJssel,2026-09-22,webshop medewerker,nee,https://nl.linkedin.com/jobs/view/medewerker-proces-goederenverwerking-at-jumbo-supermarkten-4460005913,https://nl.linkedin.com/company/jumbo-supermarkten,4460005913
Jumbo Supermarkten,Vulploegmedewerker,Zeist,2026-09-22,webshop medewerker,nee,https://nl.linkedin.com/jobs/view/vulploegmedewerker-at-jumbo-supermarkten-4469008047,https://nl.linkedin.com/company/jumbo-supermarkten,4469008047
Jumbo Supermarkten,Versmedewerker,Harderwijk,2026-09-22,webshop medewerker,nee,https://nl.linkedin.com/jobs/view/versmedewerker-at-jumbo-supermarkten-4136766222,https://nl.linkedin.com/company/jumbo-supermarkten,4136766222
Just Brands - Fashion &amp; Retail,ECOMMERCE PRODUCT LAUNCH SPECIALIST,Lijnden,2026-09-05,e-commerce medewerker,nee,https://nl.linkedin.com/jobs/view/ecommerce-product-launch-specialist-at-just-brands-fashion-retail-4444710321,https://nl.linkedin.com/company/just-brands,4444710321
JYSK,Klantenservice &amp; Sales Medewerker,Arnhem,2026-06-02,klantadviseur,nee,https://nl.linkedin.com/jobs/view/klantenservice-sales-medewerker-at-jysk-4419279426,https://dk.linkedin.com/company/jysk,4419279426
JYSK,Klantenservice &amp; Sales Medewerker,Arnhem,2026-07-07,klantadviseur,nee,https://nl.linkedin.com/jobs/view/klantenservice-sales-medewerker-at-jysk-4434529158,https://dk.linkedin.com/company/jysk,4434529158
JYSK,Klantenservice &amp; Sales Medewerker,Arnhem,2026-07-28,klantadviseur,nee,https://nl.linkedin.com/jobs/view/klantenservice-sales-medewerker-at-jysk-4443290224,https://dk.linkedin.com/company/jysk,4443290224
JYSK,Klantenservice &amp; Sales Medewerker,Arnhem,2026-09-15,klantadviseur,nee,https://nl.linkedin.com/jobs/view/klantenservice-sales-medewerker-at-jysk-4465551035,https://dk.linkedin.com/company/jysk,4465551035
Kamera Express,Medewerker Retouren &amp; Reparaties,Capelle aan den IJssel,2026-09-02,webshop medewerker,nee,https://nl.linkedin.com/jobs/view/medewerker-retouren-reparaties-at-kamera-express-4460998560,https://nl.linkedin.com/company/kamera-express,4460998560
Kamera Express,Content Specialist Tweedehands,Capelle aan den IJssel,2026-09-07,e-commerce medewerker,nee,https://nl.linkedin.com/jobs/view/content-specialist-tweedehands-at-kamera-express-4462941649,https://nl.linkedin.com/company/kamera-express,4462941649
Karakter Traprenovaties en Interieurbouw,Verkoopadviseur Traprenovaties,Helmond,2026-06-29,klantadviseur,nee,https://nl.linkedin.com/jobs/view/verkoopadviseur-traprenovaties-at-karakter-traprenovaties-en-interieurbouw-4434499272,https://nl.linkedin.com/company/karakter-traprenovaties-en-interieurbouw,4434499272
Kemkens,Klantadviseur,Oss,2026-07-02,klantadviseur,nee,https://nl.linkedin.com/jobs/view/klantadviseur-at-kemkens-4436159337,https://nl.linkedin.com/company/kemkens,4436159337
Keter,E-Commerce Specialist,Rijen,2026-07-23,e-commerce medewerker,nee,https://nl.linkedin.com/jobs/view/e-commerce-specialist-at-keter-4444439140,https://uk.linkedin.com/company/keter,4444439140
keukenvakhandel H. Stikker BV (Reddy keukens Alkmaar),Senior verkoopadviseur,Alkmaar,2026-09-03,klantadviseur,nee,,,4462849490
"Kibidango, Inc.",ECマネージャー,Eindhoven,2026-08-05,e-commerce medewerker,nee,https://nl.linkedin.com/jobs/view/ec%E3%83%9E%E3%83%8D%E3%83%BC%E3%82%B8%E3%83%A3%E3%83%BC-at-kibidango-inc-4447370247,https://jp.linkedin.com/company/kibidango,4447370247
Kidde Global Solutions,Commercieel Medewerker Binnendienst,Weert,2026-09-15,orderverwerking medewerker,nee,https://nl.linkedin.com/jobs/view/commercieel-medewerker-binnendienst-at-kidde-global-solutions-4466542297,https://www.linkedin.com/company/kidde-global-solutions,4466542297
Kidde Global Solutions,Commercieel Medewerker Binnendienst,Weert,2026-09-17,orderverwerking medewerker,nee,https://nl.linkedin.com/jobs/view/commercieel-medewerker-binnendienst-at-kidde-global-solutions-4429855462,https://www.linkedin.com/company/kidde-global-solutions,4429855462
Kimman - Jaguar &amp; Land Rover Dealer,Service Adviseur / Hospitality Specialist,Amsterdam,2026-09-17,klantadviseur,nee,https://nl.linkedin.com/jobs/view/service-adviseur-hospitality-specialist-at-kimman-4466294565,https://nl.linkedin.com/company/kimmancars,4466294565
Klap verzekeringsmakelaar,Verzekeringsadviseur,Amstelveen,2026-09-08,klantadviseur,nee,https://nl.linkedin.com/jobs/view/verzekeringsadviseur-at-klap-insurance-brokers-4462299442,https://nl.linkedin.com/company/klap-verzekeringen,4462299442
KLG Europe,Key Account Representative,Venlo,2026-09-18,klantadviseur,nee,https://nl.linkedin.com/jobs/view/key-account-representative-at-klg-europe-4469147865,https://nl.linkedin.com/company/klg-europe-logistics,4469147865
Knivesandtools,Performance Marketeer Internationale E-commerce,Apeldoorn,2026-06-01,e-commerce medewerker,nee,https://nl.linkedin.com/jobs/view/performance-marketeer-internationale-e-commerce-at-knivesandtools-4421895814,https://nl.linkedin.com/company/knivesandtools-kato,4421895814
KONE,Accountmanager Moderniseringen,Amersfoort,2026-09-09,klantadviseur,nee,https://nl.linkedin.com/jobs/view/accountmanager-moderniseringen-at-kone-4437792597,https://fi.linkedin.com/company/kone,4437792597
KONE,Accountmanager Moderniseringen,Zwolle,2026-09-09,klantadviseur,nee,https://nl.linkedin.com/jobs/view/accountmanager-moderniseringen-at-kone-4437797376,https://fi.linkedin.com/company/kone,4437797376
KONE,Accountmanager Moderniseringen,Apeldoorn,2026-09-10,klantadviseur,nee,https://nl.linkedin.com/jobs/view/accountmanager-moderniseringen-at-kone-4437796368,https://fi.linkedin.com/company/kone,4437796368
KONE,Accountmanager Moderniseringen,Arnhem,2026-09-10,klantadviseur,nee,https://nl.linkedin.com/jobs/view/accountmanager-moderniseringen-at-kone-4437798107,https://fi.linkedin.com/company/kone,4437798107
Kroon-Oil,Export Medewerker Binnendienst,Almelo,2026-08-31,orderverwerking medewerker,nee,https://nl.linkedin.com/jobs/view/export-medewerker-binnendienst-at-kroon-oil-4461082328,https://nl.linkedin.com/company/kroonoil,4461082328
Kuehne+Nagel,Customer Care Specialist Air Logistics,Schiphol-Rijk,2026-09-17,klantadviseur,nee,https://nl.linkedin.com/jobs/view/customer-care-specialist-air-logistics-at-kuehne%2Bnagel-4440859377,https://ch.linkedin.com/company/kuehne-nagel,4440859377
Kwantum,Klantenservice medewerker (Chat),Tilburg,2026-08-25,support medewerker webshop,nee,https://nl.linkedin.com/jobs/view/klantenservice-medewerker-chat-at-kwantum-4445969347,https://nl.linkedin.com/company/kwantum,4445969347
Kwantum,Meewerkstage E-commerce bij Kwantum,Tilburg,2026-09-15,webshop medewerker,nee,https://nl.linkedin.com/jobs/view/meewerkstage-e-commerce-bij-kwantum-at-kwantum-4466951786,https://nl.linkedin.com/company/kwantum,4466951786
KYOCERA Fastening Solutions France,Internal Sales Consultant,Eindhoven,2026-09-10,klantadviseur,nee,https://nl.linkedin.com/jobs/view/internal-sales-consultant-at-kyocera-fastening-solutions-france-4464588676,https://fr.linkedin.com/company/kyocera-fastening-solutions-france,4464588676
L. ten Cate BV,Customer Service Medewerker,Enschede en omgeving,2026-09-11,e-commerce medewerker,nee,https://nl.linkedin.com/jobs/view/customer-service-medewerker-at-l-ten-cate-bv-4466347431,https://nl.linkedin.com/company/l.-ten-cate-bv,4466347431
Ledhandel24.nl,Klantenservice medewerker (24 uur),Ter Apel,2026-08-05,support medewerker webshop,nee,https://nl.linkedin.com/jobs/view/klantenservice-medewerker-24-uur-at-ledhandel24-nl-4449477460,https://nl.linkedin.com/company/ledhandel24-nl,4449477460
Lexrent B.V.,Verkoop Binnendienst,Westpoort,2026-09-11,klantadviseur,nee,https://nl.linkedin.com/jobs/view/verkoop-binnendienst-at-lexrent-b-v-4439208596,https://nl.linkedin.com/company/lexrent,4439208596
LG Electronics Benelux - Life's Good,Medewerker Salesondersteuning,Amstelveen,2026-08-26,orderverwerking medewerker,nee,https://nl.linkedin.com/jobs/view/medewerker-salesondersteuning-at-lg-electronics-benelux-4457265943,https://nl.linkedin.com/company/lg-electronics-benelux,4457265943
Life Fitness / Hammer Strength,Order Fulfillment Coordinator,Rotterdam,2026-09-17,orderverwerking medewerker,nee,https://nl.linkedin.com/jobs/view/order-fulfillment-coordinator-at-life-fitness-hammer-strength-4468624603,https://www.linkedin.com/company/life-fitness,4468624603
Life Recruitment BV,Administratief Medewerker Verkoop,Vlaardingen,2026-09-10,orderverwerking medewerker,nee,https://nl.linkedin.com/jobs/view/administratief-medewerker-verkoop-at-life-recruitment-bv-4464518411,https://nl.linkedin.com/company/liferecruitment,4464518411
Life Recruitment BV,Commercieel medewerker binnendienst,Vlaardingen,2026-09-10,orderverwerking medewerker,nee,https://nl.linkedin.com/jobs/view/commercieel-medewerker-binnendienst-at-life-recruitment-bv-4464510521,https://nl.linkedin.com/company/liferecruitment,4464510521
LifeGoods Group,Marketplace Manager Bol,Almere,2026-09-08,e-commerce medewerker,nee,https://nl.linkedin.com/jobs/view/marketplace-manager-bol-at-lifegoods-group-4464466402,https://nl.linkedin.com/company/lifegoodsgroup,4464466402
Lightspeed Commerce,Dutch speaking Support Specialist,Nederland,2026-09-17,support medewerker webshop,nee,https://nl.linkedin.com/jobs/view/dutch-speaking-support-specialist-at-lightspeed-commerce-4466286264,https://ca.linkedin.com/company/lightspeedcommerce,4466286264
Lightspeed Commerce,Dutch speaking Support Specialist,Amsterdam,2026-09-17,support medewerker webshop,nee,https://nl.linkedin.com/jobs/view/dutch-speaking-support-specialist-at-lightspeed-commerce-4466277327,https://ca.linkedin.com/company/lightspeedcommerce,4466277327
Lineage,Customer Service Representative,Nieuwdorp,2026-08-26,customer service,nee,https://nl.linkedin.com/jobs/view/customer-service-representative-at-lineage-4457945575,https://www.linkedin.com/company/onelineage,4457945575
Linkedtalent,Medewerker Inside Sales,Zwartewaterland,2026-07-31,orderverwerking medewerker,nee,https://nl.linkedin.com/jobs/view/medewerker-inside-sales-at-linkedtalent-4456931919,https://nl.linkedin.com/company/linkedtalent,4456931919
Linkedtalent,Commercieel Medewerker Binnendienst,Zwolle,2026-07-31,orderverwerking medewerker,nee,https://nl.linkedin.com/jobs/view/commercieel-medewerker-binnendienst-at-linkedtalent-4456927878,https://nl.linkedin.com/company/linkedtalent,4456927878
Linkedtalent,Orderpicker Genemuiden,Genemuiden,2026-08-13,orderverwerking medewerker,nee,https://nl.linkedin.com/jobs/view/orderpicker-genemuiden-at-linkedtalent-4450488204,https://nl.linkedin.com/company/linkedtalent,4450488204
Linkedtalent,Customer Order Specialist,Etten-Leur,2026-08-14,orderverwerking medewerker,nee,https://nl.linkedin.com/jobs/view/customer-order-specialist-at-linkedtalent-4456943823,https://nl.linkedin.com/company/linkedtalent,4456943823
Linkedtalent,Medewerker Inside Sales,Dronten,2026-08-15,e-commerce medewerker,nee,https://nl.linkedin.com/jobs/view/medewerker-inside-sales-at-linkedtalent-4464148228,https://nl.linkedin.com/company/linkedtalent,4464148228
Little Dutch,Digitaal ontwerper,Berkel en Rodenrijs,2026-09-08,support medewerker webshop,nee,https://nl.linkedin.com/jobs/view/digitaal-ontwerper-at-little-dutch-4463258174,https://nl.linkedin.com/company/littledutch,4463258174
LKQ Netherlands,Medewerker Verkoop Binnendienst,Venlo,2026-09-11,orderverwerking medewerker,nee,https://nl.linkedin.com/jobs/view/medewerker-verkoop-binnendienst-at-lkq-netherlands-4438200696,https://nl.linkedin.com/company/lkqnetherlands,4438200696
LKQ Netherlands,Medewerker Customer Support,Breda,2026-09-12,klantadviseur,nee,https://nl.linkedin.com/jobs/view/medewerker-customer-support-at-lkq-netherlands-4447563191,https://nl.linkedin.com/company/lkqnetherlands,4447563191
LKQ Netherlands,Medewerker Customer Support,Nieuwegein,2026-09-20,klantadviseur,nee,https://nl.linkedin.com/jobs/view/medewerker-customer-support-at-lkq-netherlands-4442138428,https://nl.linkedin.com/company/lkqnetherlands,4442138428
Longchamp,Sales Advisor,Amsterdam,2026-09-03,klantadviseur,nee,https://nl.linkedin.com/jobs/view/sales-advisor-at-longchamp-4462784881,https://fr.linkedin.com/company/longchamp,4462784881
LUMZ,Commercieel medewerker binnendienst,IJsselstein,2026-07-10,orderverwerking medewerker,nee,https://nl.linkedin.com/jobs/view/commercieel-medewerker-binnendienst-at-lumz-4439023555,https://nl.linkedin.com/company/lumz-bv,4439023555
Lupo Recruitment,Customer Service Medewerker,Huizen,2026-09-21,orderverwerking medewerker,nee,https://nl.linkedin.com/jobs/view/customer-service-medewerker-at-lupo-recruitment-4469892301,https://nl.linkedin.com/company/lupo-recruitment,4469892301
Maandag®,Medewerker IT Servicedesk,Arnhem,2026-09-22,support medewerker webshop,nee,https://nl.linkedin.com/jobs/view/medewerker-it-servicedesk-at-maandag%C2%AE-4468594070,https://nl.linkedin.com/company/maandag,4468594070
MADA Connect,Medewerker verkoopondersteuning,Voorhout,2026-09-10,orderverwerking medewerker,nee,https://nl.linkedin.com/jobs/view/medewerker-verkoopondersteuning-at-mada-connect-4465805056,https://nl.linkedin.com/company/mada-connect,4465805056
Maiburg,Online Performance Marketeer,Waalwijk,2026-08-26,e-commerce medewerker,nee,https://nl.linkedin.com/jobs/view/online-performance-marketeer-at-maiburg-4459308136,https://nl.linkedin.com/company/maiburg,4459308136
mail.de,eine(n) Mitarbeiter(in) (m/w/d) für den französischen Kunden-Support,s-Hertogenbosch Area,2026-08-01,support medewerker webshop,nee,https://nl.linkedin.com/jobs/view/eine-n-mitarbeiter-in-m-w-d-f%C3%BCr-den-franz%C3%B6sischen-kunden-support-at-mail-de-4447606117,https://de.linkedin.com/company/mailde,4447606117
Marcel's Green Soap,Operational Specialist,Haarlem,2026-07-24,orderverwerking medewerker,ja,https://nl.linkedin.com/jobs/view/operational-specialist-at-marcel-s-green-soap-4444946328,https://nl.linkedin.com/company/marcels-green-soap,4444946328
Marie-Stella-Maris (B Corp),Care Advisor Amsterdam (oproepkracht),Amsterdam,2026-09-09,klantadviseur,nee,https://nl.linkedin.com/jobs/view/care-advisor-amsterdam-oproepkracht-at-marie-stella-maris-b-corp-4465086367,https://nl.linkedin.com/company/marie-stella-maris,4465086367
Marie-Stella-Maris (B Corp),Care Advisor Utrecht (oproepkracht),Utrecht,2026-09-09,klantadviseur,nee,https://nl.linkedin.com/jobs/view/care-advisor-utrecht-oproepkracht-at-marie-stella-maris-b-corp-4465300336,https://nl.linkedin.com/company/marie-stella-maris,4465300336
MarketPlace Expert,Project Manager,Koog aan de Zaan,2026-08-24,e-commerce medewerker,nee,https://nl.linkedin.com/jobs/view/project-manager-at-marketplace-expert-b-v-4456706850,https://nl.linkedin.com/company/mpexpert,4456706850
Matt Sleeps,Senior Customer Support Agent,Amsterdam,2026-07-23,e-commerce medewerker,ja,https://nl.linkedin.com/jobs/view/senior-customer-support-agent-at-matt-sleeps-4444459103,https://nl.linkedin.com/company/matt-sleeps,4444459103
MediaMarkt Benelux,Accountmanager Marketplace,Rotterdam,2026-09-01,e-commerce medewerker,nee,https://nl.linkedin.com/jobs/view/accountmanager-marketplace-at-mediamarkt-benelux-4337872786,https://nl.linkedin.com/company/mediamarkt-benelux,4337872786
MediaMarkt Nederland,Verkoopmedewerker Retail Telecom &amp; IT Beek,Beek,2026-09-02,e-commerce medewerker,nee,https://nl.linkedin.com/jobs/view/verkoopmedewerker-retail-telecom-it-beek-at-mediamarkt-nederland-4451655983,https://nl.linkedin.com/company/media-markt-saturn-nederland,4451655983
MediaMarkt Nederland,Verkoopmedewerker Retail Hengelo,Hengelo,2026-09-02,webshop medewerker,nee,https://nl.linkedin.com/jobs/view/verkoopmedewerker-retail-hengelo-at-mediamarkt-nederland-4451666479,https://nl.linkedin.com/company/media-markt-saturn-nederland,4451666479
MediaMarkt Nederland,Verkoopmedewerker Apple (Shop-in-Shop) Zwolle,Zwolle,2026-09-04,webshop medewerker,nee,https://nl.linkedin.com/jobs/view/verkoopmedewerker-apple-shop-in-shop-zwolle-at-mediamarkt-nederland-4450492243,https://nl.linkedin.com/company/media-markt-saturn-nederland,4450492243
MediaMarkt Nederland,Verkoopmedewerker Retail Zwolle,Zwolle,2026-09-04,webshop medewerker,nee,https://nl.linkedin.com/jobs/view/verkoopmedewerker-retail-zwolle-at-mediamarkt-nederland-4450476482,https://nl.linkedin.com/company/media-markt-saturn-nederland,4450476482
MediaMarkt Nederland,Winkelmedewerker Kassa &amp; Service Amsterdam West,Amsterdam,2026-09-08,webshop medewerker,nee,https://nl.linkedin.com/jobs/view/winkelmedewerker-kassa-service-amsterdam-west-at-mediamarkt-nederland-4452272479,https://nl.linkedin.com/company/media-markt-saturn-nederland,4452272479
MediaMarkt Nederland,Verkoopmedewerker Retail Eindhoven,Eindhoven,2026-09-10,e-commerce medewerker,nee,https://nl.linkedin.com/jobs/view/verkoopmedewerker-retail-eindhoven-at-mediamarkt-nederland-4463930217,https://nl.linkedin.com/company/media-markt-saturn-nederland,4463930217
MediaMarkt Nederland,Verkoopmedewerker Retail Almere,Almere,2026-09-10,e-commerce medewerker,nee,https://nl.linkedin.com/jobs/view/verkoopmedewerker-retail-almere-at-mediamarkt-nederland-4463920284,https://nl.linkedin.com/company/media-markt-saturn-nederland,4463920284
MediaMarkt Nederland,Winkelmedewerker Kassa &amp; Service Amersfoort,Amersfoort,2026-09-10,webshop medewerker,nee,https://nl.linkedin.com/jobs/view/winkelmedewerker-kassa-service-amersfoort-at-mediamarkt-nederland-4434536086,https://nl.linkedin.com/company/media-markt-saturn-nederland,4434536086
MediaMarkt Nederland,Winkelmedewerker Kassa &amp; Service Middelburg,Middelburg,2026-09-10,webshop medewerker,nee,https://nl.linkedin.com/jobs/view/winkelmedewerker-kassa-service-middelburg-at-mediamarkt-nederland-4444141808,https://nl.linkedin.com/company/media-markt-saturn-nederland,4444141808
MediaMarkt Nederland,Winkelmedewerker Kassa &amp; Service Breda,Breda,2026-09-10,webshop medewerker,nee,https://nl.linkedin.com/jobs/view/winkelmedewerker-kassa-service-breda-at-mediamarkt-nederland-4453475197,https://nl.linkedin.com/company/media-markt-saturn-nederland,4453475197
MediaMarkt Nederland,Verkoopmedewerker Witgoed Heerhugowaard,Heerhugowaard,2026-09-13,webshop medewerker,nee,https://nl.linkedin.com/jobs/view/verkoopmedewerker-witgoed-heerhugowaard-at-mediamarkt-nederland-4445540035,https://nl.linkedin.com/company/media-markt-saturn-nederland,4445540035
MediaMarkt Nederland,Winkelmedewerker Kassa &amp; Service Zoetermeer,Zoetermeer,2026-09-14,webshop medewerker,nee,https://nl.linkedin.com/jobs/view/winkelmedewerker-kassa-service-zoetermeer-at-mediamarkt-nederland-4465229706,https://nl.linkedin.com/company/media-markt-saturn-nederland,4465229706
Meliá Hotels International,Front Office Agent Full-time AMSTERDAM 1,Hoek van Holland,2026-09-07,customer service,nee,https://nl.linkedin.com/jobs/view/front-office-agent-full-time-amsterdam-1-at-meli%C3%A1-hotels-international-4464345475,https://es.linkedin.com/company/melia-hotels-international,4464345475
Mercantum Medical Care / Westender Pharmaceuticals,Sales Support and Logistics Specialist,Amsterdam,2026-08-27,orderverwerking medewerker,nee,https://nl.linkedin.com/jobs/view/sales-support-and-logistics-specialist-at-mercantum-medical-care-westender-pharmaceuticals-4459682904,https://nl.linkedin.com/company/mercantum-medical-care-bv,4459682904
Midwich Benelux,Sales Support Employee,Ridderkerk,2026-06-19,orderverwerking medewerker,nee,https://nl.linkedin.com/jobs/view/sales-support-employee-at-midwich-benelux-4430953561,https://nl.linkedin.com/company/midwich-benelux,4430953561
Miele Nederland,Sales Advisor / Sales Adviseur,Amsterdam,2026-08-22,klantadviseur,nee,https://nl.linkedin.com/jobs/view/sales-advisor-sales-adviseur-at-miele-nederland-4456657123,https://nl.linkedin.com/company/miele-netherlands-b-v,4456657123
Mindray,"Order Processor, Northwest EU",Hoevelaken,2026-09-17,orderverwerking medewerker,nee,https://nl.linkedin.com/jobs/view/order-processor-northwest-eu-at-mindray-4468372991,https://cn.linkedin.com/company/mindray,4468372991
MK Digital,Commercieel Medewerker Binnendienst,Amsterdam Area,2026-09-17,orderverwerking medewerker,nee,https://nl.linkedin.com/jobs/view/commercieel-medewerker-binnendienst-at-mk-digital-4466631254,https://nl.linkedin.com/company/mkdigitalwervingenselectie,4466631254
Modexpress,Assistant Team Leader in Training (40 hours),Helmond,2026-08-05,e-commerce medewerker,nee,https://nl.linkedin.com/jobs/view/assistant-team-leader-in-training-40-hours-at-modexpress-4449427325,https://nl.linkedin.com/company/fashionmodexpress,4449427325
Mollie,Technical Support Specialist,Maastricht,2026-09-11,support medewerker webshop,nee,https://nl.linkedin.com/jobs/view/technical-support-specialist-at-mollie-4456729735,https://nl.linkedin.com/company/mollie,4456729735
Moma Beauty,WEBSHOPMANAGER – DERMAROLLING,Groenlo,2026-08-26,webshop medewerker,nee,https://nl.linkedin.com/jobs/view/webshopmanager-%E2%80%93-dermarolling-at-moma-beauty-4457292097,https://nl.linkedin.com/company/moma-beauty,4457292097
Monday Merch,Warehouse Help | Picking &amp; Packing of Merchandise | Rotterdam,Rotterdam,2026-07-24,e-commerce medewerker,nee,https://nl.linkedin.com/jobs/view/warehouse-help-picking-packing-of-merchandise-rotterdam-at-monday-merch-4444921686,https://nl.linkedin.com/company/mondaymerch,4444921686
Monday Merch,Junior Graphic Designer | Scale-up | Centre of Rotterdam,Rotterdam,2026-07-24,webshop medewerker,nee,https://nl.linkedin.com/jobs/view/junior-graphic-designer-scale-up-centre-of-rotterdam-at-monday-merch-4444948183,https://nl.linkedin.com/company/mondaymerch,4444948183
Mondi Group,Orderbegeleider,Breda,2026-09-12,orderverwerking medewerker,nee,https://nl.linkedin.com/jobs/view/orderbegeleider-at-mondi-group-4456286153,https://at.linkedin.com/company/mondi-group,4456286153
Monta,Inside Sales Medewerker,Breda,2026-09-09,orderverwerking medewerker,nee,https://nl.linkedin.com/jobs/view/inside-sales-medewerker-at-monta-4465019812,https://nl.linkedin.com/company/monta-bv,4465019812
Monta,Key Accountmanager Binnendienst,Breda,2026-09-09,e-commerce medewerker,nee,https://nl.linkedin.com/jobs/view/key-accountmanager-binnendienst-at-monta-4465056035,https://nl.linkedin.com/company/monta-bv,4465056035
Moolenaar,Internal Sales Assistant/Medewerker Verkoop Binnendienst,Sassenheim,2026-09-04,orderverwerking medewerker,nee,https://nl.linkedin.com/jobs/view/internal-sales-assistant-medewerker-verkoop-binnendienst-at-moolenaar-4463366187,https://nl.linkedin.com/company/moolenaar-b-v-,4463366187
Moolenaar,Medewerker Verkoop Binnendienst,Voorhout,2026-09-10,orderverwerking medewerker,nee,https://nl.linkedin.com/jobs/view/medewerker-verkoop-binnendienst-at-moolenaar-4465033387,https://nl.linkedin.com/company/moolenaar-b-v-,4465033387
MoVea,Adviseur Zakelijke Garageverzekeringen,Rotterdam,2026-09-09,klantadviseur,nee,https://nl.linkedin.com/jobs/view/adviseur-zakelijke-garageverzekeringen-at-movea-4464103485,https://nl.linkedin.com/company/wagenpark-verzekering-bv,4464103485
MR MARVIS,CRM Specialist,Amsterdam,2026-09-22,e-commerce medewerker,nee,https://nl.linkedin.com/jobs/view/crm-specialist-at-mr-marvis-4468552827,https://nl.linkedin.com/company/mrmarvis,4468552827
MSC Mediterranean Shipping Company,Export Customer Service - Back Office Employee,Rotterdam,2026-09-14,orderverwerking medewerker,nee,https://nl.linkedin.com/jobs/view/export-customer-service-back-office-employee-at-msc-mediterranean-shipping-company-4465207880,https://ch.linkedin.com/company/msc-mediterranean-shipping-co--s-a-,4465207880
MV Kantoor,Medewerker Sales Support / Verkoop binnendienst,Zeist,2026-09-14,orderverwerking medewerker,nee,https://nl.linkedin.com/jobs/view/medewerker-sales-support-verkoop-binnendienst-at-mv-kantoor-4467064418,https://nl.linkedin.com/company/mv-kantoor,4467064418
My Jewellery,Data analist e-commerce,'s-Hertogenbosch,2026-09-19,e-commerce medewerker,nee,https://nl.linkedin.com/jobs/view/data-analist-e-commerce-at-my-jewellery-4468094821,https://nl.linkedin.com/company/my-jewellery,4468094821
My Jewellery,Verkoopmedewerker Utrecht,Utrecht,2026-09-19,support medewerker webshop,nee,https://nl.linkedin.com/jobs/view/verkoopmedewerker-utrecht-at-my-jewellery-4468404377,https://nl.linkedin.com/company/my-jewellery,4468404377
My Jewellery,Verkoopmedewerker Bijenkorf Eindhoven,Eindhoven,2026-09-22,webshop medewerker,nee,https://nl.linkedin.com/jobs/view/verkoopmedewerker-bijenkorf-eindhoven-at-my-jewellery-4470253492,https://nl.linkedin.com/company/my-jewellery,4470253492
Neele-Vat,Inbound Medewerker Shipspares,Hoofddorp,2026-09-07,orderverwerking medewerker,nee,https://nl.linkedin.com/jobs/view/inbound-medewerker-shipspares-at-neele-vat-4464343624,https://nl.linkedin.com/company/neelevat,4464343624
Netwerk,Sales support medewerker (key accounts),Dordrecht,2026-05-27,support medewerker webshop,nee,https://nl.linkedin.com/jobs/view/sales-support-medewerker-key-accounts-at-netwerk-nv-4419595965,https://nl.linkedin.com/company/netwerk-nv,4419595965
New Black,Support Engineer,Almere,2026-08-27,support medewerker webshop,nee,https://nl.linkedin.com/jobs/view/support-engineer-at-new-black-4459684644,https://nl.linkedin.com/company/newblackio,4459684644
Neways Electronics International NV,Enterprise Planner Support,Son,2026-07-02,orderverwerking medewerker,nee,https://nl.linkedin.com/jobs/view/enterprise-planner-support-at-neways-electronics-international-nv-4436330906,https://nl.linkedin.com/company/neways-electronics,4436330906
Nieuwenhuijse Groep,Medewerker Verkoopadministratie bij Nieuwenhuijse (M/V),Apeldoorn,2026-07-17,orderverwerking medewerker,nee,https://nl.linkedin.com/jobs/view/medewerker-verkoopadministratie-bij-nieuwenhuijse-m-v-at-nieuwenhuijse-bv-4441977615,https://nl.linkedin.com/company/nieuwenhuijsegroep,4441977615
Nutripack,Customer Service Medewerker,Oss,2026-06-18,orderverwerking medewerker,nee,https://nl.linkedin.com/jobs/view/customer-service-medewerker-at-nutripack-4428771478,https://www.linkedin.com/company/nutripack,4428771478
Odido Nederland,Backoffice Medewerker,Den Haag,2026-09-11,orderverwerking medewerker,nee,https://nl.linkedin.com/jobs/view/backoffice-medewerker-at-odido-nederland-4447045248,https://nl.linkedin.com/company/odidonederland,4447045248
Odyssey Hotel Group,Front Office Associate,Amsterdam,2026-09-03,customer service,nee,https://nl.linkedin.com/jobs/view/front-office-associate-at-odyssey-hotel-group-4461654165,https://nl.linkedin.com/company/odyssey-hotel-group,4461654165
Oerlemans Plastics,Commercieel Medewerker Binnendienst,Giessen,2026-09-15,orderverwerking medewerker,nee,https://nl.linkedin.com/jobs/view/commercieel-medewerker-binnendienst-at-oerlemans-plastics-4465915916,https://nl.linkedin.com/company/oerlemans-plastics-packaging,4465915916
OH Solutions,Medewerker Inkoop &amp; Orderverwerking,Almere,2026-09-11,orderverwerking medewerker,nee,https://nl.linkedin.com/jobs/view/medewerker-inkoop-orderverwerking-at-oh-solutions-4453138668,https://www.linkedin.com/company/oh-solutions-nl,4453138668
Olsam.,Avenir Collective - Account Manager (Bol.com),Utrecht,2026-09-15,e-commerce medewerker,nee,https://nl.linkedin.com/jobs/view/avenir-collective-account-manager-bol-com-at-olsam-4467781920,https://uk.linkedin.com/company/olsam,4467781920
ON THAT ASS,Junior Affiliate Marketeer,Rosmalen,2026-09-15,e-commerce medewerker,nee,https://nl.linkedin.com/jobs/view/junior-affiliate-marketeer-at-on-that-ass-4467499479,https://nl.linkedin.com/company/onthatass,4467499479
Oneway Bike,Inside Sales Medewerker,Rotterdam,2026-09-07,support medewerker webshop,nee,https://nl.linkedin.com/jobs/view/inside-sales-medewerker-at-oneway-bike-4462936055,https://nl.linkedin.com/company/oneway-bike,4462936055
Online Payment Platform,Customer Support Medewerker,Delft,2026-09-14,support medewerker webshop,nee,https://nl.linkedin.com/jobs/view/customer-support-medewerker-at-online-payment-platform-4466106901,https://nl.linkedin.com/company/online-payment-platform,4466106901
Operai,Marketplace Seller Account Manager (English),Eindhoven Area,2026-07-12,e-commerce medewerker,nee,https://nl.linkedin.com/jobs/view/marketplace-seller-account-manager-english-at-operai-4438950843,https://nl.linkedin.com/company/operai,4438950843
Operai,Marketplace Business Developer (English),Eindhoven Area,2026-07-12,e-commerce medewerker,nee,https://nl.linkedin.com/jobs/view/marketplace-business-developer-english-at-operai-4438974083,https://nl.linkedin.com/company/operai,4438974083
Organic Assistance,Customer Service en Sales Assistant,Barneveld,2026-08-19,orderverwerking medewerker,nee,https://nl.linkedin.com/jobs/view/customer-service-en-sales-assistant-at-organic-assistance-4455414024,https://www.linkedin.com/company/organic-assistance,4455414024
Organic Assistance,Customer Service and Sales Assistant,Barneveld,2026-08-19,orderverwerking medewerker,nee,https://nl.linkedin.com/jobs/view/customer-service-and-sales-assistant-at-organic-assistance-4454996102,https://www.linkedin.com/company/organic-assistance,4454996102
OT design BV,Junior accountmanager,Nieuwegein,2026-09-10,e-commerce medewerker,nee,https://nl.linkedin.com/jobs/view/junior-accountmanager-at-ot-design-bv-4465682951,https://nl.linkedin.com/company/ot-design-bv,4465682951
PALMBERG Büroeinrichtungen + Service GmbH,"Medewerker orderinvoer/klantenservice Nederland, België en Luxemburg (m/v/x)",'s-Hertogenbosch,2026-05-20,orderverwerking medewerker,nee,https://nl.linkedin.com/jobs/view/medewerker-orderinvoer-klantenservice-nederland-belgi%C3%AB-en-luxemburg-m-v-x-at-palmberg-b%C3%BCroeinrichtungen-%2B-service-gmbh-4416168277,https://de.linkedin.com/company/palmberg-b%C3%BCroeinrichtungen-service-gmbh,4416168277
Parfums Christian Dior,Beauty consultant Den Haag,Den Haag,2026-09-09,klantadviseur,nee,https://nl.linkedin.com/jobs/view/beauty-consultant-den-haag-at-parfums-christian-dior-4446311799,https://fr.linkedin.com/company/parfums-christian-dior,4446311799
Parfums Christian Dior,Beauty Consultant Amsterdam,Amsterdam,2026-09-15,klantadviseur,nee,https://nl.linkedin.com/jobs/view/beauty-consultant-amsterdam-at-parfums-christian-dior-4467704566,https://fr.linkedin.com/company/parfums-christian-dior,4467704566
Paul Roescher,Orderverwerker,Rijssen,2026-08-05,orderverwerking medewerker,nee,https://nl.linkedin.com/jobs/view/orderverwerker-at-paul-roescher-4449101200,https://nl.linkedin.com/company/paul-roescher,4449101200
Paul Roescher,Medewerker Service Desk,Rijssen,2026-08-05,support medewerker webshop,nee,https://nl.linkedin.com/jobs/view/medewerker-service-desk-at-paul-roescher-4448995292,https://nl.linkedin.com/company/paul-roescher,4448995292
Pets Place Boerenbond Retail B.V.,Category Assistent,Ede,2026-09-09,e-commerce medewerker,nee,https://nl.linkedin.com/jobs/view/category-assistent-at-pets-place-boerenbond-retail-b-v-4465085391,https://nl.linkedin.com/company/petsplace-boerenbond-retail-bv,4465085391
Platform Control,Marketplace Manager | E-commerce specialist | bol &amp; Amazon - Full Time - 2+ jaar ervaring,Dordrecht,2026-09-15,e-commerce medewerker,nee,https://nl.linkedin.com/jobs/view/marketplace-manager-e-commerce-specialist-bol-amazon-full-time-2%2B-jaar-ervaring-at-platform-control-4467710827,https://nl.linkedin.com/company/platform-control,4467710827
Platform Control,Brand manager / Marketplace specialist | bol &amp; Amazon - Full Time,Dordrecht,2026-09-17,e-commerce medewerker,nee,https://nl.linkedin.com/jobs/view/brand-manager-marketplace-specialist-bol-amazon-full-time-at-platform-control-4468354731,https://nl.linkedin.com/company/platform-control,4468354731
Platinum Outdoorable,Sales Support Medewerker,Breda,2026-09-11,support medewerker webshop,nee,https://nl.linkedin.com/jobs/view/sales-support-medewerker-at-platinum-outdoorable-4466044477,https://nl.linkedin.com/company/platinumbv,4466044477
Pouw,Service Adviseur Volkswagen,Apeldoorn,2026-09-04,klantadviseur,nee,https://nl.linkedin.com/jobs/view/service-adviseur-volkswagen-at-pouw-automotive-4463365255,https://nl.linkedin.com/company/pouw,4463365255
Prada,"PRADA Client Advisor, Roermond",Roermond,2026-09-09,klantadviseur,nee,https://nl.linkedin.com/jobs/view/prada-client-advisor-roermond-at-prada-4463850024,https://it.linkedin.com/company/prada,4463850024
Prada Group,"PRADA Client Advisor, Roermond",Roermond,2026-09-09,klantadviseur,nee,https://nl.linkedin.com/jobs/view/prada-client-advisor-roermond-at-prada-group-4463880366,https://it.linkedin.com/company/pradagroup,4463880366
Pro Warehouse ,Klantenservicemedewerker,Amsterdam,2026-09-04,support medewerker webshop,nee,https://nl.linkedin.com/jobs/view/klantenservicemedewerker-at-pro-warehouse-%EF%A3%BF-4463370329,https://nl.linkedin.com/company/pro-warehouse,4463370329
Prowise NL,Customer Service Medewerker (Duitstalig),Budel,2026-09-19,support medewerker webshop,nee,https://nl.linkedin.com/jobs/view/customer-service-medewerker-duitstalig-at-prowise-nl-4466934866,https://nl.linkedin.com/company/prowise-nl,4466934866
QLS,Fashion Medewerker,Dordrecht,2026-06-19,orderverwerking medewerker,nee,https://nl.linkedin.com/jobs/view/fashion-medewerker-at-qls-4412024459,https://nl.linkedin.com/company/qls-nl,4412024459
Quanterix,Customer Care Specialist,Nederland,2026-09-04,orderverwerking medewerker,nee,https://nl.linkedin.com/jobs/view/customer-care-specialist-at-quanterix-4463629859,https://www.linkedin.com/company/quanterix,4463629859
Quooker,Applicatiebeheerder,Ridderkerk,2026-09-01,support medewerker webshop,nee,https://nl.linkedin.com/jobs/view/applicatiebeheerder-at-quooker-4461557867,https://nl.linkedin.com/company/quooker,4461557867
Rabobank,Adviseur Klantenservice Midden -en Kleinbedrijf (MKB) - Regio Twente en Apeldoorn,Apeldoorn,2026-09-18,klantadviseur,nee,https://nl.linkedin.com/jobs/view/adviseur-klantenservice-midden-en-kleinbedrijf-mkb-regio-twente-en-apeldoorn-at-rabobank-4404825716,https://nl.linkedin.com/company/rabobank,4404825716
Rabobank,Adviseur Klantenservice Midden -en Kleinbedrijf (MKB) Landelijk,Utrecht,2026-09-21,klantadviseur,nee,https://nl.linkedin.com/jobs/view/adviseur-klantenservice-midden-en-kleinbedrijf-mkb-landelijk-at-rabobank-4366376645,https://nl.linkedin.com/company/rabobank,4366376645
Ravago,CUSTOMER ORDER &amp; EXPORT COORDINATOR ( DRI Rubber),Waalwijk,2026-08-24,orderverwerking medewerker,nee,https://nl.linkedin.com/jobs/view/customer-order-export-coordinator-dri-rubber-at-ravago-4456506207,https://be.linkedin.com/company/ravago,4456506207
REMONDIS Nederland,Medewerker Weegbrug- en Order administratie – Veldhoven,Veldhoven,2026-07-14,orderverwerking medewerker,nee,https://nl.linkedin.com/jobs/view/medewerker-weegbrug-en-order-administratie-%E2%80%93-veldhoven-at-remondis-nederland-4440541356,https://nl.linkedin.com/company/remondis-nederland,4440541356
Rensa Family Company,E-Commerce Search &amp; Merchandising Specialist,Doetinchem,2026-09-08,e-commerce medewerker,nee,https://nl.linkedin.com/jobs/view/e-commerce-search-merchandising-specialist-at-rensa-family-company-4464454587,https://nl.linkedin.com/company/rensa-family-company,4464454587
Rensa Verwarming + Ventilatie,E-Commerce Search &amp; Merchandising Specialist,Doetinchem,2026-09-01,e-commerce medewerker,nee,https://nl.linkedin.com/jobs/view/e-commerce-search-merchandising-specialist-at-rensa-verwarming-%2B-ventilatie-4460236851,https://nl.linkedin.com/company/rensa,4460236851
Rituals (B Corp™),Senior Digital Merchandiser,Amsterdam,2026-09-11,e-commerce medewerker,nee,https://nl.linkedin.com/jobs/view/senior-digital-merchandiser-at-rituals-b-corp%E2%84%A2-4446834690,https://nl.linkedin.com/company/rituals,4446834690
Rotom Nederland B.V.,Customer Service Medewerker Webshop,Eerbeek,2026-04-07,orderverwerking medewerker,nee,https://nl.linkedin.com/jobs/view/customer-service-medewerker-webshop-at-rotom-nederland-b-v-4395476141,https://nl.linkedin.com/company/rotom-nederland-b.v.,4395476141
Royal A-ware,Medewerker Customer Care,Almere,2026-09-07,orderverwerking medewerker,nee,https://nl.linkedin.com/jobs/view/medewerker-customer-care-at-royal-a-ware-4337138666,https://nl.linkedin.com/company/a-ware-food-group-b-v-,4337138666
Royal A-ware,Medewerker Customer Care,Almere,2026-09-09,orderverwerking medewerker,nee,https://nl.linkedin.com/jobs/view/medewerker-customer-care-at-royal-a-ware-4465069656,https://nl.linkedin.com/company/a-ware-food-group-b-v-,4465069656
Royal Brinkman,Traineeship E-commerce,'s-Gravenzande,2026-06-30,e-commerce medewerker,nee,https://nl.linkedin.com/jobs/view/traineeship-e-commerce-at-royal-brinkman-4431924589,https://nl.linkedin.com/company/brinkman-agro-b-v-,4431924589
Royal FloraHolland,Product Support Medewerker,Honselersdijk,2026-07-17,support medewerker webshop,nee,https://nl.linkedin.com/jobs/view/product-support-medewerker-at-royal-floraholland-4452443158,https://nl.linkedin.com/company/floraholland,4452443158
Royal Meilink,Commercieel medewerker binnendienst - Administratief,Boxmeer,2026-07-21,orderverwerking medewerker,nee,https://nl.linkedin.com/jobs/view/commercieel-medewerker-binnendienst-administratief-at-royal-meilink-4443378694,https://nl.linkedin.com/company/meilink,4443378694
Royal Swinkels,Global Marketplace Specialist,Lieshout,2026-09-08,e-commerce medewerker,nee,https://nl.linkedin.com/jobs/view/global-marketplace-specialist-at-royal-swinkels-4464474042,https://nl.linkedin.com/company/royalswinkels,4464474042
Royal Van Zanten,Commercieel Medewerker Customer Service,Rijsenhout,2026-09-09,orderverwerking medewerker,nee,https://nl.linkedin.com/jobs/view/commercieel-medewerker-customer-service-at-royal-van-zanten-4463877729,https://nl.linkedin.com/company/royal-van-zanten,4463877729
RX Group,MARKETPLACE SPECIALIST GEZOCHT,Gemert,2026-08-27,e-commerce medewerker,nee,https://nl.linkedin.com/jobs/view/marketplace-specialist-gezocht-at-rx-group-4459684973,https://nl.linkedin.com/company/rx-group,4459684973
S-Recruitment - Fashion &amp; Lifestyle,E-commercemanager,'s-Hertogenbosch,2026-09-04,e-commerce medewerker,nee,https://nl.linkedin.com/jobs/view/e-commercemanager-at-s-recruitment-4461184009,https://nl.linkedin.com/company/s-recruitment-fashion-&amp;-lifestyle-recruitment-,4461184009
Salta Group,Klantenservice Medewerker,Hilversum,2026-09-09,klantadviseur,nee,https://nl.linkedin.com/jobs/view/klantenservice-medewerker-at-salta-group-4445700000,https://nl.linkedin.com/company/saltagroup,4445700000
Sanbio B.V.,Medewerker Binnendienst,Uden,2026-09-10,orderverwerking medewerker,nee,https://nl.linkedin.com/jobs/view/medewerker-binnendienst-at-sanbio-b-v-4465609918,https://nl.linkedin.com/company/sanbio-bv-uden,4465609918
SanLucar Company,MEDEWERKER COMMERCIËLE ADMINISTRATIE,Ridderkerk,2026-09-11,orderverwerking medewerker,nee,https://nl.linkedin.com/jobs/view/medewerker-commerci%C3%ABle-administratie-at-sanlucar-company-4464881539,https://es.linkedin.com/company/sanlucar,4464881539
Satechi,Order Fulfillment Specialist,Nederland,2026-08-24,orderverwerking medewerker,nee,https://nl.linkedin.com/jobs/view/order-fulfillment-specialist-at-satechi-4458531021,https://www.linkedin.com/company/satechi,4458531021
Saxo Bank,Client Service Associate (Dutch and German Speaking),Amsterdam,2026-09-10,klantadviseur,nee,https://nl.linkedin.com/jobs/view/client-service-associate-dutch-and-german-speaking-at-saxo-bank-4204848275,https://dk.linkedin.com/company/saxo-bank,4204848275
Saxo Bank,Client Service Associate (Dutch speaking),Amsterdam,2026-09-11,klantadviseur,nee,https://nl.linkedin.com/jobs/view/client-service-associate-dutch-speaking-at-saxo-bank-4053356189,https://dk.linkedin.com/company/saxo-bank,4053356189
Schuit Totaal Wonen,Backofficemedewerker,Putten,2026-09-22,orderverwerking medewerker,nee,https://nl.linkedin.com/jobs/view/backofficemedewerker-at-schuit-totaal-wonen-1708382084,https://nl.linkedin.com/company/schuit-totaal-wonen,1708382084
Schuitemaker,Stage/afstuderen: E-commerce &amp; Digital Commerce (MBO/HBO),Rijssen,2026-08-11,webshop medewerker,nee,https://nl.linkedin.com/jobs/view/stage-afstuderen-e-commerce-digital-commerce-mbo-hbo-at-schuitemaker-4452106308,https://www.linkedin.com/company/schuitemaker-excellent-winter-management,4452106308
Schuurman Groothandel in Elektrotechniek,Commercieel medewerker,Raamsdonksveer,2026-08-28,orderverwerking medewerker,nee,https://nl.linkedin.com/jobs/view/commercieel-medewerker-at-schuurman-groothandel-in-elektrotechniek-4458947514,https://nl.linkedin.com/company/schuurman-groothandelinelektrotechniek,4458947514
SECRID,Logistiek Allrounder,Den Haag,2026-09-12,orderverwerking medewerker,nee,https://nl.linkedin.com/jobs/view/logistiek-allrounder-at-secrid-4464249590,https://nl.linkedin.com/company/secrid,4464249590
SECRID,Logistiek Allrounder,Randstad,2026-09-16,orderverwerking medewerker,nee,https://nl.linkedin.com/jobs/view/logistiek-allrounder-at-secrid-4468218180,https://nl.linkedin.com/company/secrid,4468218180
Seed Valley,Medewerker Customer Service,Noord-Scharwoude,2026-08-21,support medewerker webshop,nee,https://nl.linkedin.com/jobs/view/medewerker-customer-service-at-seed-valley-4457351891,https://nl.linkedin.com/company/seed-valley,4457351891
Sentyron,Junior medewerker Supply Chain &amp; Purchasing,Delft,2026-08-13,orderverwerking medewerker,nee,https://nl.linkedin.com/jobs/view/junior-medewerker-supply-chain-purchasing-at-sentyron-4464321562,https://nl.linkedin.com/company/sentyron,4464321562
SharkNinja,Ecommerce &amp; Merchandising Executive – Benelux,Amsterdam,2026-09-18,e-commerce medewerker,nee,https://nl.linkedin.com/jobs/view/ecommerce-merchandising-executive-%E2%80%93-benelux-at-sharkninja-4450230207,https://www.linkedin.com/company/sharkninja,4450230207
ShipBob,Operations Support Manager,Rilland,2026-09-17,support medewerker webshop,nee,https://nl.linkedin.com/jobs/view/operations-support-manager-at-shipbob-4467560533,https://www.linkedin.com/company/shipbob,4467560533
Shoppartners B.V.,Klantenservice medewerker - parttime/fulltime,Heerhugowaard,2026-08-20,e-commerce medewerker,nee,https://nl.linkedin.com/jobs/view/klantenservice-medewerker-parttime-fulltime-at-shoppartners-b-v-4455642292,https://nl.linkedin.com/company/shoppartners,4455642292
Sidekix,ORDERPICKER E-FULFILMENT,Uden,2026-09-11,orderverwerking medewerker,nee,https://nl.linkedin.com/jobs/view/orderpicker-e-fulfilment-at-sidekix-4463996411,https://nl.linkedin.com/company/sidekixnl,4463996411
Signify,Key Account Manager eCommerce,Eindhoven,2026-09-15,e-commerce medewerker,nee,https://nl.linkedin.com/jobs/view/key-account-manager-ecommerce-at-signify-4466524130,https://nl.linkedin.com/company/signifycompany,4466524130
Simply Green,Operations Manager,Almere,2026-09-18,support medewerker webshop,nee,https://nl.linkedin.com/jobs/view/operations-manager-at-simply-green-4466686903,https://nl.linkedin.com/company/simply-green-trade,4466686903
Skil B.V.,E-Commerce Specialist (EMEA),Breda-Tilburg Area,2026-08-28,e-commerce medewerker,nee,https://nl.linkedin.com/jobs/view/e-commerce-specialist-emea-at-skil-b-v-4458085317,https://nl.linkedin.com/company/skil-b.v.,4458085317
Skil B.V.,E-Commerce Specialist (EMEA),Breda-Tilburg Area,2026-09-04,e-commerce medewerker,nee,https://nl.linkedin.com/jobs/view/e-commerce-specialist-emea-at-skil-b-v-4461166211,https://nl.linkedin.com/company/skil-b.v.,4461166211
Smartphonehoesjes.nl,Customer Journey Specialist,Leusden,2026-06-16,e-commerce medewerker,nee,https://nl.linkedin.com/jobs/view/customer-journey-specialist-at-smartphonehoesjes-nl-4429546635,https://nl.linkedin.com/company/smartphonehoesjes-nl,4429546635
Smartphonehoesjes.nl,Junior accountmanager,Leusden,2026-09-22,e-commerce medewerker,nee,https://nl.linkedin.com/jobs/view/junior-accountmanager-at-smartphonehoesjes-nl-4470277504,https://nl.linkedin.com/company/smartphonehoesjes-nl,4470277504
Smartwares Group,Sales Support Employee,Tilburg,2026-09-08,orderverwerking medewerker,nee,https://nl.linkedin.com/jobs/view/sales-support-employee-at-smartwares-group-4462509609,https://nl.linkedin.com/company/smartwaresgroup,4462509609
Smartwares Group,Marketplace specialist,Tilburg,2026-09-14,e-commerce medewerker,nee,https://nl.linkedin.com/jobs/view/marketplace-specialist-at-smartwares-group-4465203872,https://nl.linkedin.com/company/smartwaresgroup,4465203872
Snelstart,Klantadviseur,Amersfoort,2026-08-25,klantadviseur,nee,https://nl.linkedin.com/jobs/view/klantadviseur-at-snelstart-4445465941,https://nl.linkedin.com/company/snelstart,4445465941
Social Deal,Klantenservice Medewerker (parttime/fulltime),'s-Hertogenbosch,2026-05-13,support medewerker webshop,nee,https://nl.linkedin.com/jobs/view/klantenservice-medewerker-parttime-fulltime-at-social-deal-4413991785,https://nl.linkedin.com/company/social-deal,4413991785
Social Deal,Franstalige Klantenservice Medewerker (Flexibel),'s-Hertogenbosch,2026-05-28,support medewerker webshop,nee,https://nl.linkedin.com/jobs/view/franstalige-klantenservice-medewerker-flexibel-at-social-deal-4420412173,https://nl.linkedin.com/company/social-deal,4420412173
Sockshouse,Inkoopmedewerker,'s-Hertogenbosch,2026-09-08,support medewerker webshop,nee,https://nl.linkedin.com/jobs/view/inkoopmedewerker-at-sockshouse-4464456614,https://nl.linkedin.com/company/sockshouse2,4464456614
Specialized Bicycle Components,Digital Merchandising Specialist EMEA,Arnhem,2026-09-17,e-commerce medewerker,nee,https://nl.linkedin.com/jobs/view/digital-merchandising-specialist-emea-at-specialized-bicycle-components-4459178706,https://www.linkedin.com/company/specialized-bicycle-components,4459178706
SPINO Managed Services,Medewerker Servicedesk,Nieuwegein,2026-08-18,support medewerker webshop,nee,https://nl.linkedin.com/jobs/view/medewerker-servicedesk-at-spino-managed-services-4455720453,https://nl.linkedin.com/company/spinomanagedservices,4455720453
SRS,Retail Support Agent,Almere,2025-09-29,support medewerker webshop,nee,https://nl.linkedin.com/jobs/view/retail-support-agent-at-srs-4305383527,https://nl.linkedin.com/company/srsretail,4305383527
Staay Food Group,BACKOFFICE MEDEWERKER,Papendrecht,2026-08-04,orderverwerking medewerker,nee,https://nl.linkedin.com/jobs/view/backoffice-medewerker-at-staay-food-group-4448582767,https://nl.linkedin.com/company/staay-food-group,4448582767
Studenten.net,Zakelijke klantenservice medewerker Bol,Utrecht,2026-08-02,e-commerce medewerker,nee,https://nl.linkedin.com/jobs/view/zakelijke-klantenservice-medewerker-bol-at-studenten-net-4447881511,https://nl.linkedin.com/company/studenten-net,4447881511
Studenten.net,Klantadviseur Zakelijk E-Commerce,'s-Hertogenbosch,2026-08-19,e-commerce medewerker,nee,https://nl.linkedin.com/jobs/view/klantadviseur-zakelijk-e-commerce-at-studenten-net-4456180800,https://nl.linkedin.com/company/studenten-net,4456180800
Studenten.net,Partnerspecialist E-Commerce,'s-Hertogenbosch,2026-08-19,e-commerce medewerker,nee,https://nl.linkedin.com/jobs/view/partnerspecialist-e-commerce-at-studenten-net-4456180824,https://nl.linkedin.com/company/studenten-net,4456180824
Studenten.net,Klantadviseur B2B BOL,Utrecht,2026-08-19,e-commerce medewerker,nee,https://nl.linkedin.com/jobs/view/klantadviseur-b2b-bol-at-studenten-net-4456172834,https://nl.linkedin.com/company/studenten-net,4456172834
Studenten.net,Zakelijke klantenservice E-Commerce,Arnhem,2026-08-19,e-commerce medewerker,nee,https://nl.linkedin.com/jobs/view/zakelijke-klantenservice-e-commerce-at-studenten-net-4456181838,https://nl.linkedin.com/company/studenten-net,4456181838
Studenten.net,Partnerspecialist Bol,Utrecht,2026-08-19,e-commerce medewerker,nee,https://nl.linkedin.com/jobs/view/partnerspecialist-bol-at-studenten-net-4456166904,https://nl.linkedin.com/company/studenten-net,4456166904
Studenten.net,Klantenservice medewerker B2B Bol,Arnhem,2026-08-19,e-commerce medewerker,nee,https://nl.linkedin.com/jobs/view/klantenservice-medewerker-b2b-bol-at-studenten-net-4456173913,https://nl.linkedin.com/company/studenten-net,4456173913
Studenten.net,Klantenservice medewerker b2b,Utrecht,2026-09-04,e-commerce medewerker,nee,https://nl.linkedin.com/jobs/view/klantenservice-medewerker-b2b-at-studenten-net-4461401872,https://nl.linkedin.com/company/studenten-net,4461401872
Studenten.net,Klantenservice medewerker b2b,Arnhem,2026-09-04,e-commerce medewerker,nee,https://nl.linkedin.com/jobs/view/klantenservice-medewerker-b2b-at-studenten-net-4461402787,https://nl.linkedin.com/company/studenten-net,4461402787
Studenten.net,Medewerker Klantenservice Key Accounts,Amersfoort,2026-09-09,klantadviseur,nee,https://nl.linkedin.com/jobs/view/medewerker-klantenservice-key-accounts-at-studenten-net-4463088311,https://nl.linkedin.com/company/studenten-net,4463088311
Studenten.net,Key Account Manager DHL Express,Utrecht,2026-09-10,klantadviseur,nee,https://nl.linkedin.com/jobs/view/key-account-manager-dhl-express-at-studenten-net-4465649204,https://nl.linkedin.com/company/studenten-net,4465649204
Studenten.net,Medewerker Klantenservice DHL Express,Amersfoort,2026-09-15,klantadviseur,nee,https://nl.linkedin.com/jobs/view/medewerker-klantenservice-dhl-express-at-studenten-net-4467710889,https://nl.linkedin.com/company/studenten-net,4467710889
Studenten.net,e-commerce account support,Nieuwegein,2026-09-16,e-commerce medewerker,nee,https://nl.linkedin.com/jobs/view/e-commerce-account-support-at-studenten-net-4468312052,https://nl.linkedin.com/company/studenten-net,4468312052
Studenten.net,Klantadviseur Key Account Amersfoort,Hilversum,2026-09-17,klantadviseur,nee,https://nl.linkedin.com/jobs/view/klantadviseur-key-account-amersfoort-at-studenten-net-4468824591,https://nl.linkedin.com/company/studenten-net,4468824591
Studenten.net,Klantenservice medewerker B2B,Zeist,2026-09-17,support medewerker webshop,nee,https://nl.linkedin.com/jobs/view/klantenservice-medewerker-b2b-at-studenten-net-4468844194,https://nl.linkedin.com/company/studenten-net,4468844194
Studenten.net,Key Account Customer Service DHL,Amersfoort,2026-09-18,klantadviseur,nee,https://nl.linkedin.com/jobs/view/key-account-customer-service-dhl-at-studenten-net-4469245838,https://nl.linkedin.com/company/studenten-net,4469245838
Studenten.net,Zakelijke klantenservice,Utrecht,2026-09-19,support medewerker webshop,nee,https://nl.linkedin.com/jobs/view/zakelijke-klantenservice-at-studenten-net-4469525287,https://nl.linkedin.com/company/studenten-net,4469525287
Studenten.net,Zakelijke Klantenservice E-Commerce,Utrecht,2026-09-22,e-commerce medewerker,nee,https://nl.linkedin.com/jobs/view/zakelijke-klantenservice-e-commerce-at-studenten-net-4468567887,https://nl.linkedin.com/company/studenten-net,4468567887
Studenten.net,Partnerspecialist Zakelijk E-Commerce,'s-Hertogenbosch,2026-09-22,e-commerce medewerker,nee,https://nl.linkedin.com/jobs/view/partnerspecialist-zakelijk-e-commerce-at-studenten-net-4468567891,https://nl.linkedin.com/company/studenten-net,4468567891
STUDIOVEGTER,Wholesale Operations &amp; Customer Support Coördinator,Utrecht Area,2026-07-05,orderverwerking medewerker,nee,https://nl.linkedin.com/jobs/view/wholesale-operations-customer-support-co%C3%B6rdinator-at-studiovegter-4436991174,https://nl.linkedin.com/company/studiovegter,4436991174
STUDIOVEGTER,Administratief Medewerker Finance &amp; E-commerce,Utrecht Area,2026-07-16,e-commerce medewerker,nee,https://nl.linkedin.com/jobs/view/administratief-medewerker-finance-e-commerce-at-studiovegter-4441642212,https://nl.linkedin.com/company/studiovegter,4441642212
SUITSUIT | Certified B Corp,Marketplace Specialist,Randstad,2026-09-02,e-commerce medewerker,nee,https://nl.linkedin.com/jobs/view/marketplace-specialist-at-suitsuit-certified-b-corp-4459969550,https://nl.linkedin.com/company/suitsuit,4459969550
Sunware,Marketplace Specialist (32 - 40 uur),Tilburg,2026-09-14,e-commerce medewerker,nee,https://nl.linkedin.com/jobs/view/marketplace-specialist-32-40-uur-at-sunware-4467048859,https://nl.linkedin.com/company/sunware-perfectlyorganised,4467048859
Supermicro,Customer Service Coordinator,'s-Hertogenbosch,2026-09-12,customer service,nee,https://nl.linkedin.com/jobs/view/customer-service-coordinator-at-supermicro-4457517642,https://www.linkedin.com/company/supermicro,4457517642
Supermicro,eCommerce Product Specialist,'s-Hertogenbosch,2026-09-16,e-commerce medewerker,nee,https://nl.linkedin.com/jobs/view/ecommerce-product-specialist-at-supermicro-4432038155,https://www.linkedin.com/company/supermicro,4432038155
Swissôtel Hotels &amp; Resorts,Front Office Agent (Full-time),Amsterdam,2026-07-20,customer service,nee,https://nl.linkedin.com/jobs/view/front-office-agent-full-time-at-swiss%C3%B4tel-hotels-resorts-4442078328,https://fr.linkedin.com/company/swissotel,4442078328
team.blue,Agent - Customer Support,Leiden,2026-09-18,customer service,nee,https://nl.linkedin.com/jobs/view/agent-customer-support-at-team-blue-4469171885,https://be.linkedin.com/company/teamblue,4469171885
Technische Unie,Search and Merchandise E-commerce Specialist,Amstelveen,2026-08-27,e-commerce medewerker,nee,https://nl.linkedin.com/jobs/view/search-and-merchandise-e-commerce-specialist-at-technische-unie-4458456331,https://nl.linkedin.com/company/technische-unie,4458456331
Tegeltje.nl,Sales medewerker B2B (24-40 uur),Bodegraven,2026-09-18,e-commerce medewerker,nee,https://nl.linkedin.com/jobs/view/sales-medewerker-b2b-24-40-uur-at-tegeltje-nl-4469197217,https://www.linkedin.com/company/tegeltje.nl,4469197217
Telco Accessories Group,Medewerker Order- en Voorraadmanagement,Houten,2026-09-03,orderverwerking medewerker,nee,https://nl.linkedin.com/jobs/view/medewerker-order-en-voorraadmanagement-at-telco-accessories-group-4460493576,https://nl.linkedin.com/company/telco-accessories-group,4460493576
Temu,Business Development Manager,Nederland,2026-09-02,e-commerce medewerker,nee,https://nl.linkedin.com/jobs/view/business-development-manager-at-temu-4460961550,https://www.linkedin.com/company/temuapp,4460961550
Temu,Business Development Manager,Nederland,2026-09-06,e-commerce medewerker,nee,https://nl.linkedin.com/jobs/view/business-development-manager-at-temu-4462685492,https://www.linkedin.com/company/temuapp,4462685492
The Estée Lauder Companies Inc.,Le Labo Sales Advisor - Bijenkorf Rotterdam (FT),Rotterdam,2026-09-16,klantadviseur,nee,https://nl.linkedin.com/jobs/view/le-labo-sales-advisor-bijenkorf-rotterdam-ft-at-the-est%C3%A9e-lauder-companies-inc-4466512938,https://www.linkedin.com/company/the-estee-lauder-companies-inc,4466512938
The Photo Company,Winkelmedewerker (8-38 uur),Amersfoort,2026-09-13,webshop medewerker,nee,https://nl.linkedin.com/jobs/view/winkelmedewerker-8-38-uur-at-the-photo-company-4466771175,https://www.linkedin.com/company/uwfotozaak,4466771175
The Schippers Group,E-Commerce Specialist,Hapert,2026-08-26,e-commerce medewerker,nee,https://nl.linkedin.com/jobs/view/e-commerce-specialist-at-the-schippers-group-4457922027,https://nl.linkedin.com/company/theschippersgroup,4457922027
The Social Pact - staffing &amp; recruitment,Commercieel adviseur,Den Haag,2026-09-21,klantadviseur,nee,https://nl.linkedin.com/jobs/view/commercieel-adviseur-at-the-social-pact-staffing-recruitment-4469847785,https://nl.linkedin.com/company/the-social-pact,4469847785
Three Birds Recruitment,Specialist eCommerce,Aalsmeer,2026-08-28,e-commerce medewerker,nee,https://nl.linkedin.com/jobs/view/specialist-ecommerce-at-three-birds-recruitment-4458065678,https://nl.linkedin.com/company/threebirdsrecruitment,4458065678
Timber and Building Supplies Holland N.V,Online Merchandiser,Zaandam,2026-09-04,e-commerce medewerker,nee,https://nl.linkedin.com/jobs/view/online-merchandiser-at-timber-and-building-supplies-holland-n-v-4410078937,https://nl.linkedin.com/company/timber-and-building-supplies-holland-n-v-,4410078937
ToExplore B.V.,COMMERCIËLE TEAMPLAYER,Amsterdam,2026-08-28,e-commerce medewerker,nee,https://nl.linkedin.com/jobs/view/commerci%C3%ABle-teamplayer-at-toexplore-b-v-4460365032,https://nl.linkedin.com/company/toexplore,4460365032
Tomorrowmen™,MARKETPLACE SPECIALIST,Groningen,2026-06-12,e-commerce medewerker,nee,https://nl.linkedin.com/jobs/view/marketplace-specialist-at-tomorrowmen%E2%84%A2-4424813927,https://nl.linkedin.com/company/tomorrowmen,4424813927
Ton van Kuijk B.V.,Service Adviseur,Alkmaar,2026-08-18,klantadviseur,nee,https://nl.linkedin.com/jobs/view/service-adviseur-at-ton-van-kuijk-b-v-4455935267,https://www.linkedin.com/company/ton-van-kuijk-b.v.,4455935267
Toppy,E-commerce meewerkstage,Veghel,2026-04-07,webshop medewerker,nee,https://nl.linkedin.com/jobs/view/e-commerce-meewerkstage-at-toppy-4398365727,https://nl.linkedin.com/company/dastoppy,4398365727
TotaalPartnerTechniek,Vacature Commercieel Medewerker Ordermanagement,Dordrecht,2026-08-04,orderverwerking medewerker,nee,https://nl.linkedin.com/jobs/view/vacature-commercieel-medewerker-ordermanagement-at-totaalpartnertechniek-4449073333,https://nl.linkedin.com/company/totaalpartnertechniek,4449073333
Trend People,Commercieel administratief medewerker,Oudewater,2026-09-09,orderverwerking medewerker,nee,https://nl.linkedin.com/jobs/view/commercieel-administratief-medewerker-at-trend-people-4439906546,https://nl.linkedin.com/company/trend-office-people,4439906546
Triple A Internetshops GmbH,Store Assistant (alle genderidentiteiten welkom) – tot 34 € per uur - Satisfyer &amp; Geske Beauty Tech Store,'s-Hertogenbosch,2026-08-21,webshop medewerker,nee,https://nl.linkedin.com/jobs/view/store-assistant-alle-genderidentiteiten-welkom-%E2%80%93-tot-34-%E2%82%AC-per-uur-satisfyer-geske-beauty-tech-store-at-triple-a-internetshops-gmbh-4454602473,https://de.linkedin.com/company/aaa-internetshops,4454602473
Triple A Internetshops GmbH,Store Assistant (alle genderidentiteiten welkom) – tot 34 € per uur - Satisfyer &amp; Geske Beauty Tech Store,Amsterdam,2026-08-21,support medewerker webshop,nee,https://nl.linkedin.com/jobs/view/store-assistant-alle-genderidentiteiten-welkom-%E2%80%93-tot-34-%E2%82%AC-per-uur-satisfyer-geske-beauty-tech-store-at-triple-a-internetshops-gmbh-4454602472,https://de.linkedin.com/company/aaa-internetshops,4454602472
TSC Life,Customer Service Agent,Amsterdam,2026-09-18,orderverwerking medewerker,nee,https://nl.linkedin.com/jobs/view/customer-service-agent-at-tsc-life-4469160348,https://nl.linkedin.com/company/tsc-life,4469160348
Under Armour,"Sr. Professional, Digital Marketplace Sales",Amsterdam,2026-09-03,e-commerce medewerker,nee,https://nl.linkedin.com/jobs/view/sr-professional-digital-marketplace-sales-at-under-armour-4453152174,https://www.linkedin.com/company/under-armour,4453152174
United Petfood,Internal Sales Medewerker,Coevorden,2026-01-08,orderverwerking medewerker,nee,https://nl.linkedin.com/jobs/view/internal-sales-medewerker-at-united-petfood-4359380644,https://be.linkedin.com/company/united-petfood,4359380644
United Petfood,Commercieel Medewerker Binnendienst,Waalwijk,2026-08-14,orderverwerking medewerker,nee,https://nl.linkedin.com/jobs/view/commercieel-medewerker-binnendienst-at-united-petfood-4454526510,https://be.linkedin.com/company/united-petfood,4454526510
Vakgarage,Service Adviseur in Mijdrecht,Mijdrecht,2026-07-10,klantadviseur,nee,https://nl.linkedin.com/jobs/view/service-adviseur-in-mijdrecht-at-vakgarage-4438893621,https://nl.linkedin.com/company/vakgarage,4438893621
valantic NL,E-commerce Solution Consultant,Rotterdam,2026-08-27,support medewerker webshop,nee,https://nl.linkedin.com/jobs/view/e-commerce-solution-consultant-at-valantic-nl-4431659692,https://nl.linkedin.com/company/valanticnl,4431659692
Valk Design,Customer Service &amp; Operations Medewerker | Valk at Home,Eemnes,2026-09-08,orderverwerking medewerker,nee,https://nl.linkedin.com/jobs/view/customer-service-operations-medewerker-valk-at-home-at-valk-design-4464472421,https://nl.linkedin.com/company/valk-design,4464472421
Van den Udenhout Groep,Verkoopadviseur Škoda I Breda,Breda,2026-08-31,klantadviseur,nee,https://nl.linkedin.com/jobs/view/verkoopadviseur-%C5%A1koda-i-breda-at-van-den-udenhout-groep-4461085246,https://nl.linkedin.com/company/van-den-udenhout-groep,4461085246
Van der Burgh,Service Adviseur - Van der Burgh Brielle,Brielle,2026-09-21,klantadviseur,nee,https://nl.linkedin.com/jobs/view/service-adviseur-van-der-burgh-brielle-at-van-der-burgh-4468722463,https://nl.linkedin.com/company/van-der-burgh,4468722463
Van der Heide,Accountmanager binnendienst,Drachten,2026-06-07,klantadviseur,nee,https://nl.linkedin.com/jobs/view/accountmanager-binnendienst-at-van-der-heide-4436317544,https://nl.linkedin.com/company/van-der-heide-groep,4436317544
Van der Valk Hotel Groningen - Zuidbroek A7,Front Office Medewerker,Zuidbroek,2026-06-16,customer service,nee,https://nl.linkedin.com/jobs/view/front-office-medewerker-at-van-der-valk-hotel-groningen-zuidbroek-a7-4429241442,https://nl.linkedin.com/company/vandervalkhotelzuidbroek,4429241442
Van der Valk Hotel Sassenheim-Leiden,Front Office Medewerker,Sassenheim,2026-09-22,customer service,nee,https://nl.linkedin.com/jobs/view/front-office-medewerker-at-van-der-valk-hotel-sassenheim-leiden-4470276423,https://nl.linkedin.com/company/van-der-valk-hotel-sassenheim-leiden,4470276423
Van der Wal,Customer Service Specialist,Utrecht,2026-09-11,customer service,nee,https://nl.linkedin.com/jobs/view/customer-service-specialist-at-van-der-wal-4464869166,https://nl.linkedin.com/company/van-der-wal-transport,4464869166
Van der Wal,Administratief Customer Service Medewerker,Utrecht,2026-09-11,orderverwerking medewerker,nee,https://nl.linkedin.com/jobs/view/administratief-customer-service-medewerker-at-van-der-wal-4464851986,https://nl.linkedin.com/company/van-der-wal-transport,4464851986
Van Dorp,Helpdeskmedewerker ICT | Nieuwegein,Nieuwegein,2026-07-10,support medewerker webshop,nee,https://nl.linkedin.com/jobs/view/helpdeskmedewerker-ict-nieuwegein-at-van-dorp-4435990557,https://nl.linkedin.com/company/van-dorp,4435990557
Van Happen Containers,Orderinvoer,Eindhoven,2026-08-25,orderverwerking medewerker,nee,https://nl.linkedin.com/jobs/view/orderinvoer-at-van-happen-containers-4458717105,https://nl.linkedin.com/company/van-happen-containers,4458717105
Van Herk Kaas,"Vacature: Backoffice medewerker – klantcontact, inkoop &amp; verkoop (Fulltime)",Bodegraven,2026-08-26,orderverwerking medewerker,nee,https://nl.linkedin.com/jobs/view/vacature-backoffice-medewerker-%E2%80%93-klantcontact-inkoop-verkoop-fulltime-at-van-herk-kaas-4459316365,https://nl.linkedin.com/company/van-herk-kaas,4459316365
Van Leeuwen Stainless,Inside Sales Medewerker,Beesd,2026-06-12,orderverwerking medewerker,nee,https://nl.linkedin.com/jobs/view/inside-sales-medewerker-at-van-leeuwen-stainless-4425967935,https://nl.linkedin.com/company/van-leeuwen-stainless,4425967935
Van Mierlo BV Technische Handelsonderneming,E-Commerce Coördinator,Helmond,2026-08-27,e-commerce medewerker,nee,https://nl.linkedin.com/jobs/view/e-commerce-co%C3%B6rdinator-at-van-mierlo-bv-technische-handelsonderneming-4459677154,https://nl.linkedin.com/company/van-mierlo-bv-technische-handelsonderneming,4459677154
Van Mossel Automotive Group,Medewerker verkoopadministratie,Amsterdam-Zuid,2026-07-23,orderverwerking medewerker,nee,https://nl.linkedin.com/jobs/view/medewerker-verkoopadministratie-at-van-mossel-automotive-group-4455302817,https://nl.linkedin.com/company/van-mossel-group,4455302817
Van Mossel Automotive Group,Serviceadviseur,Mijdrecht,2026-07-23,klantadviseur,nee,https://nl.linkedin.com/jobs/view/serviceadviseur-at-van-mossel-automotive-group-4455297930,https://nl.linkedin.com/company/van-mossel-group,4455297930
Van Mossel Automotive Group,Magazijnmedewerker Parts,Bergschenhoek,2026-07-28,orderverwerking medewerker,nee,https://nl.linkedin.com/jobs/view/magazijnmedewerker-parts-at-van-mossel-automotive-group-4455289978,https://nl.linkedin.com/company/van-mossel-group,4455289978
Van Nifterik Holland BV,Commercieel Medewerker Binnendienst,Ede,2026-09-21,orderverwerking medewerker,nee,https://nl.linkedin.com/jobs/view/commercieel-medewerker-binnendienst-at-van-nifterik-holland-bv-4469891044,https://nl.linkedin.com/company/van-nifterik-holland-bv,4469891044
Van Walraven,Magazijnmedewerker,Bussum,2026-02-11,orderverwerking medewerker,nee,https://nl.linkedin.com/jobs/view/magazijnmedewerker-at-van-walraven-4371416276,https://nl.linkedin.com/company/walraven,4371416276
Van Walraven,Medewerker Verkoopbalie,Mijdrecht,2026-06-03,webshop medewerker,nee,https://nl.linkedin.com/jobs/view/medewerker-verkoopbalie-at-van-walraven-4422929633,https://nl.linkedin.com/company/walraven,4422929633
Vandersterre,Verkoopondersteuning,Bodegraven,2026-09-21,orderverwerking medewerker,nee,https://nl.linkedin.com/jobs/view/verkoopondersteuning-at-vandersterre-4469874021,https://nl.linkedin.com/company/vandersterre,4469874021
vanHaren Schoenen BV,Logistiek Medewerker Online Shop (avonddienst),Waalwijk,2026-07-30,orderverwerking medewerker,nee,https://nl.linkedin.com/jobs/view/logistiek-medewerker-online-shop-avonddienst-at-vanharen-schoenen-bv-4447015362,https://nl.linkedin.com/company/vanharenschoenen,4447015362
vanHaren Schoenen BV,Logistiek Medewerker Online Shop,Waalwijk,2026-07-30,e-commerce medewerker,nee,https://nl.linkedin.com/jobs/view/logistiek-medewerker-online-shop-at-vanharen-schoenen-bv-4447020222,https://nl.linkedin.com/company/vanharenschoenen,4447020222
VDL Agrotech,Commercieel Medewerker Binnendienst,Eindhoven,2026-09-07,orderverwerking medewerker,nee,https://nl.linkedin.com/jobs/view/commercieel-medewerker-binnendienst-at-vdl-agrotech-4464370174,https://nl.linkedin.com/company/vdlagrotech,4464370174
Veldsink Advies,Adviseur Binnendienst Particulier,Valkenswaard,2026-09-10,klantadviseur,nee,https://nl.linkedin.com/jobs/view/adviseur-binnendienst-particulier-at-veldsink-advies-4465631007,https://nl.linkedin.com/company/veldsink-advies,4465631007
Veldsink Advies,Adviseur Binnendienst Particulier,Breda,2026-09-10,klantadviseur,nee,https://nl.linkedin.com/jobs/view/adviseur-binnendienst-particulier-at-veldsink-advies-4465648141,https://nl.linkedin.com/company/veldsink-advies,4465648141
Veldsink Advies,Adviseur Binnendienst Particulier en ASN,Budel,2026-09-10,klantadviseur,nee,https://nl.linkedin.com/jobs/view/adviseur-binnendienst-particulier-en-asn-at-veldsink-advies-4465619866,https://nl.linkedin.com/company/veldsink-advies,4465619866
Veldsink Advies,Adviseur Binnendienst Particulier,Zevenbergen,2026-09-10,klantadviseur,nee,https://nl.linkedin.com/jobs/view/adviseur-binnendienst-particulier-at-veldsink-advies-4465640280,https://nl.linkedin.com/company/veldsink-advies,4465640280
Veldsink Advies,Adviseur Binnendienst Particulier en ASN Bank,Eersel,2026-09-10,klantadviseur,nee,https://nl.linkedin.com/jobs/view/adviseur-binnendienst-particulier-en-asn-bank-at-veldsink-advies-4465621942,https://nl.linkedin.com/company/veldsink-advies,4465621942
Veldsink Advies,Particulier Adviseur Verzekeringen,Wageningen,2026-09-10,klantadviseur,nee,https://nl.linkedin.com/jobs/view/particulier-adviseur-verzekeringen-at-veldsink-advies-4465632240,https://nl.linkedin.com/company/veldsink-advies,4465632240
Veldsink Advies,Adviseur Binnendienst Verzekeringen,Vijfheerenlanden,2026-09-10,klantadviseur,nee,https://nl.linkedin.com/jobs/view/adviseur-binnendienst-verzekeringen-at-veldsink-advies-4465631253,https://nl.linkedin.com/company/veldsink-advies,4465631253
Veneta.com,Customer Service Specialist-Second Line,Zwolle,2026-07-22,customer service,nee,https://nl.linkedin.com/jobs/view/customer-service-specialist-second-line-at-veneta-com-4443147476,https://nl.linkedin.com/company/veneta-bv,4443147476
Verano®,Commercieel medewerker binnendienst export,Best,2026-06-27,orderverwerking medewerker,nee,https://nl.linkedin.com/jobs/view/commercieel-medewerker-binnendienst-export-at-verano-b-v-4434223397,https://nl.linkedin.com/company/verano-b.v.,4434223397
Verisure,Klantbehoud medewerker,Amsterdam,2026-09-17,klantadviseur,nee,https://nl.linkedin.com/jobs/view/klantbehoud-medewerker-at-verisure-4466246423,https://ch.linkedin.com/company/verisure,4466246423
VERO MODA,Verkoopmedewerker weekendhulp/oproepkracht VERO MODA Haarlem,Haarlem,2026-05-04,support medewerker webshop,nee,https://nl.linkedin.com/jobs/view/verkoopmedewerker-weekendhulp-oproepkracht-vero-moda-haarlem-at-vero-moda-4410058193,https://dk.linkedin.com/company/vero-moda,4410058193
VERO MODA,Verkoopmedewerker VERO MODA Zwolle,Zwolle,2026-06-17,support medewerker webshop,nee,https://nl.linkedin.com/jobs/view/verkoopmedewerker-vero-moda-zwolle-at-vero-moda-4429939849,https://dk.linkedin.com/company/vero-moda,4429939849
VILA,Verkoopmedewerker fulltime VILA Rotterdam Alexandrium (New Store),Rotterdam,2026-08-13,support medewerker webshop,nee,https://nl.linkedin.com/jobs/view/verkoopmedewerker-fulltime-vila-rotterdam-alexandrium-new-store-at-vila-4453674488,https://dk.linkedin.com/company/vila,4453674488
Vintage.com,Junior Product Assessor - Watches,Dieren,2026-09-10,e-commerce medewerker,nee,https://nl.linkedin.com/jobs/view/junior-product-assessor-watches-at-vintage-com-4461915477,https://nl.linkedin.com/company/vintage-com,4461915477
Vintage.com,Junior Product Assessor - Jewellery,Arnhem,2026-09-15,e-commerce medewerker,nee,https://nl.linkedin.com/jobs/view/junior-product-assessor-jewellery-at-vintage-com-4465819603,https://nl.linkedin.com/company/vintage-com,4465819603
Vintage.com,Junior Product Assessor - Jewellery,Dieren,2026-09-15,e-commerce medewerker,nee,https://nl.linkedin.com/jobs/view/junior-product-assessor-jewellery-at-vintage-com-4457995378,https://nl.linkedin.com/company/vintage-com,4457995378
Vintage.com,Junior Jewellery Product Assessor,"Gelderland, Nederland",2026-09-15,e-commerce medewerker,nee,https://nl.linkedin.com/jobs/view/junior-jewellery-product-assessor-at-vintage-com-4459671284,https://nl.linkedin.com/company/vintage-com,4459671284
Vinted,"Partner Success Coordinator (Dutch Speaking), VintedGo Member Support",Amsterdam,2026-09-21,support medewerker webshop,nee,https://nl.linkedin.com/jobs/view/partner-success-coordinator-dutch-speaking-vintedgo-member-support-at-vinted-4461082335,https://lt.linkedin.com/company/vinted,4461082335
VINVIN Wines,Commercieel medewerker binnendienst,Rotterdam,2026-09-17,orderverwerking medewerker,nee,https://nl.linkedin.com/jobs/view/commercieel-medewerker-binnendienst-at-vinvin-wines-4468693688,https://nl.linkedin.com/company/vinvin-wines,4468693688
Vion Food Group,Medewerker Backoffice Verkoop,Enschede,2026-09-22,orderverwerking medewerker,nee,https://nl.linkedin.com/jobs/view/medewerker-backoffice-verkoop-at-vion-food-group-4463509690,https://nl.linkedin.com/company/vion,4463509690
Walraven Nederland,Medewerker Internal Sales,Mijdrecht,2026-09-01,orderverwerking medewerker,nee,https://nl.linkedin.com/jobs/view/medewerker-internal-sales-at-walraven-nederland-4461743440,https://nl.linkedin.com/company/walraven-nl,4461743440
waterdrop®,Sales Assistant - Hydrista (w/m/d),Roermond,2026-08-28,webshop medewerker,nee,https://nl.linkedin.com/jobs/view/sales-assistant-hydrista-w-m-d-at-waterdrop%C2%AE-4455346916,https://at.linkedin.com/company/waterdrop-official,4455346916
WebElephant,Open sollicitatie,Breda,2025-05-24,webshop medewerker,nee,https://nl.linkedin.com/jobs/view/open-sollicitatie-at-webelephant-4234647037,https://nl.linkedin.com/company/webelephant,4234647037
Weir,Customer Service &amp; Logistics medewerker,Nederweert,2026-09-10,orderverwerking medewerker,nee,https://nl.linkedin.com/jobs/view/customer-service-logistics-medewerker-at-weir-4463474507,https://uk.linkedin.com/company/weir-plc,4463474507
Welcom Noordwijk,Verkoopadviseur Welcom bij Kivits Venray,Venray,2026-08-05,klantadviseur,nee,https://nl.linkedin.com/jobs/view/verkoopadviseur-welcom-bij-kivits-venray-at-welcom-noordwijk-4449436068,https://nl.linkedin.com/company/welcom-noordwijk,4449436068
Werken bij Technische Unie,Verkoopmedewerker (winkel),Utrecht,2026-09-02,webshop medewerker,nee,https://nl.linkedin.com/jobs/view/verkoopmedewerker-winkel-at-werken-bij-technische-unie-4443322775,https://www.linkedin.com/company/werken-bij-technische-unie,4443322775
Werken bij Technische Unie,Commercieel Medewerker,Gouda,2026-09-09,orderverwerking medewerker,nee,https://nl.linkedin.com/jobs/view/commercieel-medewerker-at-werken-bij-technische-unie-4455755527,https://www.linkedin.com/company/werken-bij-technische-unie,4455755527
Werken bij Technische Unie,Verkoopmedewerker (winkel),Alkmaar,2026-09-10,webshop medewerker,nee,https://nl.linkedin.com/jobs/view/verkoopmedewerker-winkel-at-werken-bij-technische-unie-4465693990,https://www.linkedin.com/company/werken-bij-technische-unie,4465693990
Werken bij Technische Unie,Verkoopmedewerker (winkel),Venlo,2026-09-15,webshop medewerker,nee,https://nl.linkedin.com/jobs/view/verkoopmedewerker-winkel-at-werken-bij-technische-unie-4458208969,https://www.linkedin.com/company/werken-bij-technische-unie,4458208969
Werken bij Technische Unie,Search and Merchandise E-commerce Specialist,Amstelveen,2026-09-18,e-commerce medewerker,nee,https://nl.linkedin.com/jobs/view/search-and-merchandise-e-commerce-specialist-at-werken-bij-technische-unie-4459841269,https://www.linkedin.com/company/werken-bij-technische-unie,4459841269
Werving op Maat,IT support specialist,Wijchen,2026-09-15,support medewerker webshop,nee,https://nl.linkedin.com/jobs/view/it-support-specialist-at-werving-op-maat-4445481709,https://nl.linkedin.com/company/werving-op-maat,4445481709
wienerberger Nederland,Medewerker Binnendienst | Customer Service | 32 tot 40 uur | Elst,Elst,2026-09-10,orderverwerking medewerker,nee,https://nl.linkedin.com/jobs/view/medewerker-binnendienst-customer-service-32-tot-40-uur-elst-at-wienerberger-nederland-4463477410,https://nl.linkedin.com/company/wienerberger-nederland,4463477410
WilroffReitsma,Commercieel Medewerker Binnendienst,Halfweg,2026-09-10,orderverwerking medewerker,nee,https://nl.linkedin.com/jobs/view/commercieel-medewerker-binnendienst-at-wilroffreitsma-4464520981,https://nl.linkedin.com/company/wilroffreitsma,4464520981
WINSEARCH Netherlands,Commercieel medewerker,Zwaag,2026-09-14,orderverwerking medewerker,nee,https://nl.linkedin.com/jobs/view/commercieel-medewerker-at-winsearch-netherlands-4464786207,https://nl.linkedin.com/company/winsearch-netherlands,4464786207
Woertman Nederland B.V.,Backoffice &amp; Operations Coördinator,Nieuwegein,2026-09-10,orderverwerking medewerker,nee,https://nl.linkedin.com/jobs/view/backoffice-operations-co%C3%B6rdinator-at-woertman-nederland-b-v-4464095561,https://nl.linkedin.com/company/woertman-nederland-b.v.,4464095561
Woonstad Rotterdam,Klantadviseur,Rotterdam,2026-09-21,klantadviseur,nee,https://nl.linkedin.com/jobs/view/klantadviseur-at-woonstad-rotterdam-4372858831,https://nl.linkedin.com/company/woonstad-rotterdam,4372858831
WorkingED - (Inter)national Recruitment Germany &amp; Netherlands,Customer Service Export Representative,Urmond,2026-08-31,orderverwerking medewerker,nee,https://nl.linkedin.com/jobs/view/customer-service-export-representative-at-workinged-inter-national-recruitment-germany-netherlands-4459759940,https://de.linkedin.com/company/workinged---recruitment-for-the-industry,4459759940
Workodo,Support medewerker,Amsterdam,2026-07-22,support medewerker webshop,nee,https://nl.linkedin.com/jobs/view/support-medewerker-at-workodo-4443413393,https://nl.linkedin.com/company/workodo,4443413393
X2O Badkamers Nederland,Showroom Adviseur (Zaandam),Zaandam,2026-07-23,klantadviseur,nee,https://nl.linkedin.com/jobs/view/showroom-adviseur-zaandam-at-x2o-badkamers-nederland-4444403974,https://nl.linkedin.com/company/x2o-badkamers-nederland,4444403974
Xeltis,Customer Service Specialist,Eindhoven,2026-08-18,customer service,nee,https://nl.linkedin.com/jobs/view/customer-service-specialist-at-xeltis-4454901454,https://nl.linkedin.com/company/xeltis,4454901454
X²O Badkamers,Adviseur,Zaandam,2026-09-16,klantadviseur,nee,https://nl.linkedin.com/jobs/view/adviseur-at-x2o-badkamers-4468204261,https://be.linkedin.com/company/x2o,4468204261
Yex B.V.,Commercial Support Medewerker,Naaldwijk,2025-08-14,orderverwerking medewerker,nee,https://nl.linkedin.com/jobs/view/commercial-support-medewerker-at-yex-b-v-4282866294,https://nl.linkedin.com/company/yex-b-v-,4282866294
Yielder,Sales Support Medewerker/ Inside Sales Specialist,Rijswijk,2026-07-18,orderverwerking medewerker,nee,https://nl.linkedin.com/jobs/view/sales-support-medewerker-inside-sales-specialist-at-yielder-4453136212,https://nl.linkedin.com/company/yieldergroup,4453136212
Zeeuw &amp; Zeeuw Renault/ Dacia,Serviceadviseur,Den Haag,2026-09-21,klantadviseur,nee,https://nl.linkedin.com/jobs/view/serviceadviseur-at-zeeuw-zeeuw-renault-dacia-4469857030,https://nl.linkedin.com/company/zeeuwenzeeuw-renault,4469857030
ZENGGI,Digital Marketing Growth Specialist,Amsterdam,2026-08-29,e-commerce medewerker,ja,https://nl.linkedin.com/jobs/view/digital-marketing-growth-specialist-at-zenggi-4460856187,https://nl.linkedin.com/company/zenggi.com,4460856187
Zimmermann,Client Advisor - Opening in Amsterdam - December 2026,Amsterdam,2026-09-08,klantadviseur,nee,https://nl.linkedin.com/jobs/view/client-advisor-opening-in-amsterdam-december-2026-at-zimmermann-4452396516,https://au.linkedin.com/company/zimmermann-wear-pty-ltd,4452396516
Zitmaxx Wonen,Klantenservice Medewerker,Ter Aar,2026-07-09,support medewerker webshop,nee,https://nl.linkedin.com/jobs/view/klantenservice-medewerker-at-zitmaxx-wonen-4438588826,https://nl.linkedin.com/company/zitmaxx-wonen,4438588826
Zitmaxx Wonen,Verkoopmedewerker Outlet / Logistiek Medewerker Outlet,Ter Aar,2026-07-15,webshop medewerker,nee,https://nl.linkedin.com/jobs/view/verkoopmedewerker-outlet-logistiek-medewerker-outlet-at-zitmaxx-wonen-4441256859,https://nl.linkedin.com/company/zitmaxx-wonen,4441256859
Zitmaxx Wonen,Photoshopper / Beeldbewerker,Ter Aar,2026-09-15,webshop medewerker,nee,https://nl.linkedin.com/jobs/view/photoshopper-beeldbewerker-at-zitmaxx-wonen-4467778899,https://nl.linkedin.com/company/zitmaxx-wonen,4467778899
Zuiver Recruitment: vacatures Hypotheken -Verzekeringen- Financiële Dienstverlening,Adviseur Binnendienst Particulier,Lekkerkerk,2026-04-08,klantadviseur,nee,https://nl.linkedin.com/jobs/view/adviseur-binnendienst-particulier-at-zuiver-recruitment-vacatures-hypotheken-verzekeringen-financi%C3%ABle-dienstverlening-4395921511,https://nl.linkedin.com/company/zuiver-recruitment,4395921511
Zuiver Recruitment: vacatures Hypotheken -Verzekeringen- Financiële Dienstverlening,Adviseur Particulieren Binnendienst,Oosterbeek,2026-04-08,klantadviseur,nee,https://nl.linkedin.com/jobs/view/adviseur-particulieren-binnendienst-at-zuiver-recruitment-vacatures-hypotheken-verzekeringen-financi%C3%ABle-dienstverlening-4395919511,https://nl.linkedin.com/company/zuiver-recruitment,4395919511
zvoove Germany,Supportmedewerker,Amersfoort,2026-06-23,support medewerker webshop,nee,https://nl.linkedin.com/jobs/view/supportmedewerker-at-zvoove-4431242028,https://de.linkedin.com/company/zvoove-germany,4431242028
ZwolleDoet!,Word onze nieuwe Winkelmedewerker in Zwolle!,Zwolle,2026-08-05,webshop medewerker,nee,https://nl.linkedin.com/jobs/view/word-onze-nieuwe-winkelmedewerker-in-zwolle%21-at-zwolledoet%21-4447333272,https://nl.linkedin.com/company/zwolledoet,4447333272
Abbott,Emerging Markets Junior Customer Service Representative,"Machelen, Vlaanderen, België",2026-09-15,klantenservice medewerker,nee,https://be.linkedin.com/jobs/view/emerging-markets-junior-customer-service-representative-at-abbott-4465585006,https://www.linkedin.com/company/abbott-,4465585006
Agrifirm,Customer Service Officer Order Entry,"Gent, Vlaanderen, België",2026-09-14,klantenservice medewerker,nee,https://be.linkedin.com/jobs/view/customer-service-officer-order-entry-at-royal-agrifirm-group-4465227767,https://nl.linkedin.com/company/royal-agrifirm-group,4465227767
Air Products,Customer Service Medewerker,"Meise, Vlaanderen, België",2026-09-09,klantenservice medewerker,nee,https://be.linkedin.com/jobs/view/customer-service-medewerker-at-air-products-4465012371,https://www.linkedin.com/company/air-products,4465012371
Alan,Care Expert - Belgium (NL+EN) 🇧🇪,België,2026-09-11,klantenservice medewerker,nee,https://be.linkedin.com/jobs/view/care-expert-belgium-nl%2Ben-%F0%9F%87%A7%F0%9F%87%AA-at-alan-4466333384,https://fr.linkedin.com/company/avec-alan,4466333384
Alfabet,First Line Contact &amp; Reception Advisor (Telefonie &amp; Onthaal),"Gent, Vlaanderen, België",2026-09-18,klantenservice medewerker,nee,https://be.linkedin.com/jobs/view/first-line-contact-reception-advisor-telefonie-onthaal-at-alfabet-4469167696,https://be.linkedin.com/company/alfabetgroup,4469167696
Allianz Partners,Care Advisor - French/German IGO,"Brussel, Brussels Hoofdstedelijk Gewest, België",2026-05-13,klantenservice medewerker,nee,https://be.linkedin.com/jobs/view/care-advisor-french-german-igo-at-allianz-partners-4414232687,https://fr.linkedin.com/company/allianz-partners,4414232687
Amcor,Customer Service,"Gent, Vlaanderen, België",2026-08-11,klantenservice medewerker,nee,https://be.linkedin.com/jobs/view/customer-service-at-amcor-4435429758,https://ch.linkedin.com/company/amcor,4435429758
Argenta,Customer Care Expert Bankieren (dagshift),"Antwerpen, Vlaanderen, België",2026-09-03,klantenservice medewerker,nee,https://be.linkedin.com/jobs/view/customer-care-expert-bankieren-dagshift-at-argenta-4432397277,https://be.linkedin.com/company/argenta,4432397277
Argenta,Customer Care Expert Bankieren (late shift),"Antwerpen, Vlaanderen, België",2026-09-05,klantenservice medewerker,nee,https://be.linkedin.com/jobs/view/customer-care-expert-bankieren-late-shift-at-argenta-4433705044,https://be.linkedin.com/company/argenta,4433705044
Argenta,Customer Care Expert Digitaal (zaterdagshift),"Antwerpen, Vlaanderen, België",2026-09-09,klantenservice medewerker,nee,https://be.linkedin.com/jobs/view/customer-care-expert-digitaal-zaterdagshift-at-argenta-4453450638,https://be.linkedin.com/company/argenta,4453450638
Argenta,Customer Care Expert Beleggen (dagshift),"Antwerpen, Vlaanderen, België",2026-09-15,klantenservice medewerker,nee,https://be.linkedin.com/jobs/view/customer-care-expert-beleggen-dagshift-at-argenta-4465538943,https://be.linkedin.com/company/argenta,4465538943
Art of People,Klantenservicemedewerker,"Vlaanderen, België",2026-09-14,klantenservice medewerker,nee,https://be.linkedin.com/jobs/view/klantenservicemedewerker-at-art-of-people-4467097356,https://be.linkedin.com/company/artofpeople-be,4467097356
Artewalls,Customer service medewerker retail,"Zonhoven, Vlaanderen, België",2026-09-02,klantenservice medewerker,nee,https://be.linkedin.com/jobs/view/customer-service-medewerker-retail-at-artewalls-4449556505,https://be.linkedin.com/company/artewalls,4449556505
Arthrex Belgium,Commerciële Medewerker Klantendienst,"Kontich, Vlaanderen, België",2026-09-18,klantenservice medewerker,nee,https://be.linkedin.com/jobs/view/commerci%C3%ABle-medewerker-klantendienst-at-arthrex-belgium-4469110942,https://be.linkedin.com/company/arthrex-belgium,4469110942
Arvesta,Customer Service Officer,"Wervik, Vlaanderen, België",2026-09-10,klantenservice medewerker,nee,https://be.linkedin.com/jobs/view/customer-service-officer-at-arvesta-4464193147,https://be.linkedin.com/company/arvesta,4464193147
Automatic Systems,Customer Service Representative NL/FR/EN,"Waver, Wallonië, België",2026-07-30,klantenservice medewerker,nee,https://be.linkedin.com/jobs/view/customer-service-representative-nl-fr-en-at-automatic-systems-4444528893,https://be.linkedin.com/company/automatic-systems,4444528893
Automatic Systems,Customer Service Representative DE/FR/EN,"Waver, Wallonië, België",2026-09-16,klantenservice medewerker,nee,https://be.linkedin.com/jobs/view/customer-service-representative-de-fr-en-at-automatic-systems-4468216055,https://be.linkedin.com/company/automatic-systems,4468216055
Automatic Systems,Customer Service Representative DE/FR/EN,"Waver, Wallonië, België",2026-09-17,klantenservice medewerker,nee,https://be.linkedin.com/jobs/view/customer-service-representative-de-fr-en-at-automatic-systems-4466279272,https://be.linkedin.com/company/automatic-systems,4466279272
Avantor,Costumer Service,"Leuven, Vlaanderen, België",2026-09-06,klantenservice medewerker,nee,https://be.linkedin.com/jobs/view/costumer-service-at-avantor-4436905679,https://www.linkedin.com/company/avantorinc,4436905679
Bank . Banque Van Breda,Client advisor - Brussel-Oost,"Brussel, Brussels Hoofdstedelijk Gewest, België",2026-09-08,klantenservice medewerker,nee,https://be.linkedin.com/jobs/view/client-advisor-brussel-oost-at-bank-banque-van-breda-4464468912,https://be.linkedin.com/company/bank-banque-vanbreda,4464468912
Belgie Vacature,Tweetalige klantendienstmedewerker (NL/FR),"Schoten, Vlaanderen, België",2026-05-19,klantenservice medewerker,nee,https://be.linkedin.com/jobs/view/tweetalige-klantendienstmedewerker-nl-fr-at-belgie-vacature-4416970714,https://nl.linkedin.com/company/belgievacature-be,4416970714
Belgie Vacature,Klantendienstmedewerker N-Allo,"Mechelen, Vlaanderen, België",2026-06-19,klantenservice medewerker,nee,https://be.linkedin.com/jobs/view/klantendienstmedewerker-n-allo-at-belgie-vacature-4431145362,https://nl.linkedin.com/company/belgievacature-be,4431145362
Belgie Vacature,Klantenservicemedewerker,"Deinze, Vlaanderen, België",2026-06-25,klantenservice medewerker,nee,https://be.linkedin.com/jobs/view/klantenservicemedewerker-at-belgie-vacature-4433503817,https://nl.linkedin.com/company/belgievacature-be,4433503817
Belgie Vacature,"Medewerker Customer service Engels, Frans, Nederlands - Dagshifte","Hasselt, Vlaanderen, België",2026-07-14,klantenservice medewerker,nee,https://be.linkedin.com/jobs/view/medewerker-customer-service-engels-frans-nederlands-dagshifte-at-belgie-vacature-4440841755,https://nl.linkedin.com/company/belgievacature-be,4440841755
Belgie Vacature,"Medewerker Customer service Engels, Duits, Nederlands - Vaste wee","Hasselt, Vlaanderen, België",2026-07-14,klantenservice medewerker,nee,https://be.linkedin.com/jobs/view/medewerker-customer-service-engels-duits-nederlands-vaste-wee-at-belgie-vacature-4440859164,https://nl.linkedin.com/company/belgievacature-be,4440859164
Belgie Vacature,Customer Service Medewerker,"Beveren-Waas, Vlaanderen, België",2026-07-20,klantenservice medewerker,nee,https://be.linkedin.com/jobs/view/customer-service-medewerker-at-belgie-vacature-4443019129,https://nl.linkedin.com/company/belgievacature-be,4443019129
Belgie Vacature,Customer Service Advisor NL/FR,"Hasselt, Vlaanderen, België",2026-07-27,klantenservice medewerker,nee,https://be.linkedin.com/jobs/view/customer-service-advisor-nl-fr-at-belgie-vacature-4446127765,https://nl.linkedin.com/company/belgievacature-be,4446127765
Belgie Vacature,Customer Support Medewerker | schoolverlaters welkom | Kapellen,"Kapellen, Vlaanderen, België",2026-08-04,klantenservice medewerker,nee,https://be.linkedin.com/jobs/view/customer-support-medewerker-schoolverlaters-welkom-kapellen-at-belgie-vacature-4449069773,https://nl.linkedin.com/company/belgievacature-be,4449069773
Belgie Vacature,Customer Service Advisor,"Jette, Brussels Hoofdstedelijk Gewest, België",2026-08-17,klantenservice medewerker,nee,https://be.linkedin.com/jobs/view/customer-service-advisor-at-belgie-vacature-4455383566,https://nl.linkedin.com/company/belgievacature-be,4455383566
Belgie Vacature,Customer Service Medewerker,"Lummen, Vlaanderen, België",2026-08-17,klantenservice medewerker,nee,https://be.linkedin.com/jobs/view/customer-service-medewerker-at-belgie-vacature-4455377678,https://nl.linkedin.com/company/belgievacature-be,4455377678
Belgie Vacature,Commercieel Klantenadviseur Belfius,"Sint-Joost-ten-Node, Brussels Hoofdstedelijk Gewest, België",2026-08-19,klantenservice medewerker,nee,https://be.linkedin.com/jobs/view/commercieel-klantenadviseur-belfius-at-belgie-vacature-4456399445,https://nl.linkedin.com/company/belgievacature-be,4456399445
Belgie Vacature,Klantendienstmedewerker Belfius,"Brussel-Louisa, Brussels Hoofdstedelijk Gewest, België",2026-08-20,klantenservice medewerker,nee,https://be.linkedin.com/jobs/view/klantendienstmedewerker-belfius-at-belgie-vacature-4457012420,https://nl.linkedin.com/company/belgievacature-be,4457012420
Belgie Vacature,Tweetalig klantendienstmedewerker voor een Belgisch waterbedrijf,"Mechelen, Vlaanderen, België",2026-08-20,klantenservice medewerker,nee,https://be.linkedin.com/jobs/view/tweetalig-klantendienstmedewerker-voor-een-belgisch-waterbedrijf-at-belgie-vacature-4457005504,https://nl.linkedin.com/company/belgievacature-be,4457005504
Belgie Vacature,Klantendienstmedewerker Belfius - Brussel,"Berchem, Vlaanderen, België",2026-08-21,klantenservice medewerker,nee,https://be.linkedin.com/jobs/view/klantendienstmedewerker-belfius-brussel-at-belgie-vacature-4457525548,https://nl.linkedin.com/company/belgievacature-be,4457525548
Belgie Vacature,Klantendienstmedewerker Belfius - Brussel,"Puurs-Sint-Amands, Vlaanderen, België",2026-08-21,klantenservice medewerker,nee,https://be.linkedin.com/jobs/view/klantendienstmedewerker-belfius-brussel-at-belgie-vacature-4457519589,https://nl.linkedin.com/company/belgievacature-be,4457519589
Belgie Vacature,Klantendienstmedewerker Belfius – Brussel,"Zaventem, Vlaanderen, België",2026-08-21,klantenservice medewerker,nee,https://be.linkedin.com/jobs/view/klantendienstmedewerker-belfius-%E2%80%93-brussel-at-belgie-vacature-4457504700,https://nl.linkedin.com/company/belgievacature-be,4457504700
Belgie Vacature,Klantendienstmedewerker Belfius – Brussel,"Mechelen, Vlaanderen, België",2026-08-21,klantenservice medewerker,nee,https://be.linkedin.com/jobs/view/klantendienstmedewerker-belfius-%E2%80%93-brussel-at-belgie-vacature-4457521579,https://nl.linkedin.com/company/belgievacature-be,4457521579
Belgie Vacature,Customer service Engineer (Particulieren),"Zaventem, Vlaanderen, België",2026-08-26,klantenservice medewerker,nee,https://be.linkedin.com/jobs/view/customer-service-engineer-particulieren-at-belgie-vacature-4459391552,https://nl.linkedin.com/company/belgievacature-be,4459391552
Belgie Vacature,Customer Service Medewerker | €3000-3500 bruto,"Nossegem, Vlaanderen, België",2026-08-28,klantenservice medewerker,nee,https://be.linkedin.com/jobs/view/customer-service-medewerker-%E2%82%AC3000-3500-bruto-at-belgie-vacature-4460535081,https://nl.linkedin.com/company/belgievacature-be,4460535081
Belgie Vacature,Customer Care Specialist | affiniteit IT | Antwerpen,"Antwerpen, Vlaanderen, België",2026-08-31,klantenservice medewerker,nee,https://be.linkedin.com/jobs/view/customer-care-specialist-affiniteit-it-antwerpen-at-belgie-vacature-4461283548,https://nl.linkedin.com/company/belgievacature-be,4461283548
Belgie Vacature,Customer Care Medewerker | optie vast | thuiswerk | financiële se,"Antwerpen, Vlaanderen, België",2026-09-02,klantenservice medewerker,nee,https://be.linkedin.com/jobs/view/customer-care-medewerker-optie-vast-thuiswerk-financi%C3%ABle-se-at-belgie-vacature-4462472930,https://nl.linkedin.com/company/belgievacature-be,4462472930
Belgie Vacature,Customer Service Specialist,"Mechelen, Vlaanderen, België",2026-09-03,klantenservice medewerker,nee,https://be.linkedin.com/jobs/view/customer-service-specialist-at-belgie-vacature-4463130363,https://nl.linkedin.com/company/belgievacature-be,4463130363
Belgie Vacature,Klantendienstmedewerker ING - Mechelen - Telewerk mogelijk,"Mechelen, Vlaanderen, België",2026-09-04,klantenservice medewerker,nee,https://be.linkedin.com/jobs/view/klantendienstmedewerker-ing-mechelen-telewerk-mogelijk-at-belgie-vacature-4463644892,https://nl.linkedin.com/company/belgievacature-be,4463644892
Belgie Vacature,Customer Care medewerker,"Gent, Vlaanderen, België",2026-09-07,klantenservice medewerker,nee,https://be.linkedin.com/jobs/view/customer-care-medewerker-at-belgie-vacature-4464385751,https://nl.linkedin.com/company/belgievacature-be,4464385751
Belgie Vacature,Customer Service Medewerker,"Wervik, Vlaanderen, België",2026-09-07,klantenservice medewerker,nee,https://be.linkedin.com/jobs/view/customer-service-medewerker-at-belgie-vacature-4464403204,https://nl.linkedin.com/company/belgievacature-be,4464403204
Belgie Vacature,Customer Care Medewerker,"Kessel-Lo, Vlaanderen, België",2026-09-07,klantenservice medewerker,nee,https://be.linkedin.com/jobs/view/customer-care-medewerker-at-belgie-vacature-4464402239,https://nl.linkedin.com/company/belgievacature-be,4464402239
Belgie Vacature,Customer Service Medewerker,"Temse, Vlaanderen, België",2026-09-07,klantenservice medewerker,nee,https://be.linkedin.com/jobs/view/customer-service-medewerker-at-belgie-vacature-4464393325,https://nl.linkedin.com/company/belgievacature-be,4464393325
Belgie Vacature,Customer Service medewerker,"Menen, Vlaanderen, België",2026-09-07,klantenservice medewerker,nee,https://be.linkedin.com/jobs/view/customer-service-medewerker-at-belgie-vacature-4464397269,https://nl.linkedin.com/company/belgievacature-be,4464397269
Belgie Vacature,Customer Care | financiële sector | snelle opstart | kennis Frans,"Antwerpen, Vlaanderen, België",2026-09-07,klantenservice medewerker,nee,https://be.linkedin.com/jobs/view/customer-care-financi%C3%ABle-sector-snelle-opstart-kennis-frans-at-belgie-vacature-4464390350,https://nl.linkedin.com/company/belgievacature-be,4464390350
Belgie Vacature,Customer Service Medewerker,"Zaventem, Vlaanderen, België",2026-09-07,klantenservice medewerker,nee,https://be.linkedin.com/jobs/view/customer-service-medewerker-at-belgie-vacature-4464403205,https://nl.linkedin.com/company/belgievacature-be,4464403205
Belgie Vacature,Customer Service Medewerker,"Aalst, Vlaanderen, België",2026-09-07,klantenservice medewerker,nee,https://be.linkedin.com/jobs/view/customer-service-medewerker-at-belgie-vacature-4464397270,https://nl.linkedin.com/company/belgievacature-be,4464397270
Belgie Vacature,Customer Service Medewerker,"Ardooie, Vlaanderen, België",2026-09-07,klantenservice medewerker,nee,https://be.linkedin.com/jobs/view/customer-service-medewerker-at-belgie-vacature-4464384936,https://nl.linkedin.com/company/belgievacature-be,4464384936
Belgie Vacature,Customer Service Medewerker,"Lichtervelde, Vlaanderen, België",2026-09-07,klantenservice medewerker,nee,https://be.linkedin.com/jobs/view/customer-service-medewerker-at-belgie-vacature-4464399255,https://nl.linkedin.com/company/belgievacature-be,4464399255
Belgie Vacature,Customer Care Medewerker,"Wommelgem, Vlaanderen, België",2026-09-07,klantenservice medewerker,nee,https://be.linkedin.com/jobs/view/customer-care-medewerker-at-belgie-vacature-4464385746,https://nl.linkedin.com/company/belgievacature-be,4464385746
Belgie Vacature,Customer Service Advisor,"Hasselt, Vlaanderen, België",2026-09-08,klantenservice medewerker,nee,https://be.linkedin.com/jobs/view/customer-service-advisor-at-belgie-vacature-4464690434,https://nl.linkedin.com/company/belgievacature-be,4464690434
Belgie Vacature,Customer Support Advisor,"Hasselt, Vlaanderen, België",2026-09-08,klantenservice medewerker,nee,https://be.linkedin.com/jobs/view/customer-support-advisor-at-belgie-vacature-4464684974,https://nl.linkedin.com/company/belgievacature-be,4464684974
Belgie Vacature,Customer Service Medewerker,"Daknam, Vlaanderen, België",2026-09-08,klantenservice medewerker,nee,https://be.linkedin.com/jobs/view/customer-service-medewerker-at-belgie-vacature-4464697332,https://nl.linkedin.com/company/belgievacature-be,4464697332
Belgie Vacature,Customer Service Medewerker,"Wielsbeke, Vlaanderen, België",2026-09-08,klantenservice medewerker,nee,https://be.linkedin.com/jobs/view/customer-service-medewerker-at-belgie-vacature-4464907131,https://nl.linkedin.com/company/belgievacature-be,4464907131
Belgie Vacature,Customer Care Employee - German | Nederlands | Nederlands-Frans,"Elsene, Brussels Hoofdstedelijk Gewest, België",2026-09-09,klantenservice medewerker,nee,https://be.linkedin.com/jobs/view/customer-care-employee-german-nederlands-nederlands-frans-at-belgie-vacature-4465338539,https://nl.linkedin.com/company/belgievacature-be,4465338539
Belgie Vacature,Customer Service Medewerker | 2700-3000 Bruto | Regio Rieme,"Rieme, Vlaanderen, België",2026-09-09,klantenservice medewerker,nee,https://be.linkedin.com/jobs/view/customer-service-medewerker-2700-3000-bruto-regio-rieme-at-belgie-vacature-4465335523,https://nl.linkedin.com/company/belgievacature-be,4465335523
Belgie Vacature,Customer Service Medewerker NL/FR - planning technische interven,"Zaventem, Vlaanderen, België",2026-09-09,klantenservice medewerker,nee,https://be.linkedin.com/jobs/view/customer-service-medewerker-nl-fr-planning-technische-interven-at-belgie-vacature-4465348426,https://nl.linkedin.com/company/belgievacature-be,4465348426
Belgie Vacature,Customer Service Specialist,"Brussel, Brussels Hoofdstedelijk Gewest, België",2026-09-09,klantenservice medewerker,nee,https://be.linkedin.com/jobs/view/customer-service-specialist-at-belgie-vacature-4465338540,https://nl.linkedin.com/company/belgievacature-be,4465338540
Belgie Vacature,Customer Service medewerker Duits en Engels,"Lummen, Vlaanderen, België",2026-09-10,klantenservice medewerker,nee,https://be.linkedin.com/jobs/view/customer-service-medewerker-duits-en-engels-at-belgie-vacature-4465875316,https://nl.linkedin.com/company/belgievacature-be,4465875316
Belgie Vacature,Customer Care Consultant voor KBC,"Berchem, Vlaanderen, België",2026-09-11,klantenservice medewerker,nee,https://be.linkedin.com/jobs/view/customer-care-consultant-voor-kbc-at-belgie-vacature-4466394311,https://nl.linkedin.com/company/belgievacature-be,4466394311
Belgie Vacature,Customer Service Medewerker | vast contract | Mechelen,"Antwerpen, Vlaanderen, België",2026-09-11,klantenservice medewerker,nee,https://be.linkedin.com/jobs/view/customer-service-medewerker-vast-contract-mechelen-at-belgie-vacature-4466401272,https://nl.linkedin.com/company/belgievacature-be,4466401272
Belgie Vacature,Customer Care Consultant voor KBC,"Vilvoorde, Vlaanderen, België",2026-09-11,klantenservice medewerker,nee,https://be.linkedin.com/jobs/view/customer-care-consultant-voor-kbc-at-belgie-vacature-4466404224,https://nl.linkedin.com/company/belgievacature-be,4466404224
Belgie Vacature,Customer Care Consultant voor KBC,"Zwijndrecht, Vlaanderen, België",2026-09-11,klantenservice medewerker,nee,https://be.linkedin.com/jobs/view/customer-care-consultant-voor-kbc-at-belgie-vacature-4466397293,https://nl.linkedin.com/company/belgievacature-be,4466397293
Belgie Vacature,Customer Care Consultant voor KBC,"Lier, Vlaanderen, België",2026-09-11,klantenservice medewerker,nee,https://be.linkedin.com/jobs/view/customer-care-consultant-voor-kbc-at-belgie-vacature-4466405227,https://nl.linkedin.com/company/belgievacature-be,4466405227
Belgie Vacature,Customer Care Consultant voor KBC,"Temse, Vlaanderen, België",2026-09-11,klantenservice medewerker,nee,https://be.linkedin.com/jobs/view/customer-care-consultant-voor-kbc-at-belgie-vacature-4466398284,https://nl.linkedin.com/company/belgievacature-be,4466398284
Belgie Vacature,Customer Care Consultant voor KBC,"Mechelen, Vlaanderen, België",2026-09-11,klantenservice medewerker,nee,https://be.linkedin.com/jobs/view/customer-care-consultant-voor-kbc-at-belgie-vacature-4466401269,https://nl.linkedin.com/company/belgievacature-be,4466401269
Belgie Vacature,Customer Service Medewerker,"Brussel-Louisa, Brussels Hoofdstedelijk Gewest, België",2026-09-12,klantenservice medewerker,nee,https://be.linkedin.com/jobs/view/customer-service-medewerker-at-belgie-vacature-4466749012,https://nl.linkedin.com/company/belgievacature-be,4466749012
Belgie Vacature,Customer Service Medewerker | NL-FR-EN | Regio Temse,"Temse, Vlaanderen, België",2026-09-14,klantenservice medewerker,nee,https://be.linkedin.com/jobs/view/customer-service-medewerker-nl-fr-en-regio-temse-at-belgie-vacature-4467283726,https://nl.linkedin.com/company/belgievacature-be,4467283726
Belgie Vacature,Customer Service Medewerker | Bedrijfswagen | Mechelen,"Antwerpen, Vlaanderen, België",2026-09-14,klantenservice medewerker,nee,https://be.linkedin.com/jobs/view/customer-service-medewerker-bedrijfswagen-mechelen-at-belgie-vacature-4467281739,https://nl.linkedin.com/company/belgievacature-be,4467281739
Belgie Vacature,Klantenservice Medewerker Franstalig,"Berchem, Vlaanderen, België",2026-09-15,klantenservice medewerker,nee,https://be.linkedin.com/jobs/view/klantenservice-medewerker-franstalig-at-belgie-vacature-4467901162,https://nl.linkedin.com/company/belgievacature-be,4467901162
Belgie Vacature,Customer Service Medewerker,"Westvleteren, Vlaanderen, België",2026-09-15,klantenservice medewerker,nee,https://be.linkedin.com/jobs/view/customer-service-medewerker-at-belgie-vacature-4467909143,https://nl.linkedin.com/company/belgievacature-be,4467909143
Belgie Vacature,Klantenservice Medewerker,"Berchem, Vlaanderen, België",2026-09-15,klantenservice medewerker,nee,https://be.linkedin.com/jobs/view/klantenservice-medewerker-at-belgie-vacature-4467900165,https://nl.linkedin.com/company/belgievacature-be,4467900165
Belgie Vacature,Klantendienstmedewerker ING - Telewerk mogelijk,"Mechelen, Vlaanderen, België",2026-09-15,klantenservice medewerker,nee,https://be.linkedin.com/jobs/view/klantendienstmedewerker-ing-telewerk-mogelijk-at-belgie-vacature-4467907151,https://nl.linkedin.com/company/belgievacature-be,4467907151
Belgie Vacature,Klantenadviseur NL-FR,"Mechelen, Vlaanderen, België",2026-09-16,klantenservice medewerker,nee,https://be.linkedin.com/jobs/view/klantenadviseur-nl-fr-at-belgie-vacature-4468290846,https://nl.linkedin.com/company/belgievacature-be,4468290846
Belgie Vacature,Customer Service medewerker backoffice,"Beveren-Waas, Vlaanderen, België",2026-09-16,klantenservice medewerker,nee,https://be.linkedin.com/jobs/view/customer-service-medewerker-backoffice-at-belgie-vacature-4468301754,https://nl.linkedin.com/company/belgievacature-be,4468301754
Belgie Vacature,Customer Service Medewerker - kennis van Frans en Engels,"Aarschot, Vlaanderen, België",2026-09-17,klantenservice medewerker,nee,https://be.linkedin.com/jobs/view/customer-service-medewerker-kennis-van-frans-en-engels-at-belgie-vacature-4468829280,https://nl.linkedin.com/company/belgievacature-be,4468829280
Belgie Vacature,Customer Service Medewerker met ambitie,"Meer, Vlaanderen, België",2026-09-17,klantenservice medewerker,nee,https://be.linkedin.com/jobs/view/customer-service-medewerker-met-ambitie-at-belgie-vacature-4468831300,https://nl.linkedin.com/company/belgievacature-be,4468831300
Belgie Vacature,Key Account Advisor Customer Service | MET THUISWERK | €3278 Brut,"Diegem, Vlaanderen, België",2026-09-18,klantenservice medewerker,nee,https://be.linkedin.com/jobs/view/key-account-advisor-customer-service-met-thuiswerk-%E2%82%AC3278-brut-at-belgie-vacature-4469240601,https://nl.linkedin.com/company/belgievacature-be,4469240601
Belgie Vacature,Customer Service Medewerker,"Deerlijk, Vlaanderen, België",2026-09-19,klantenservice medewerker,nee,https://be.linkedin.com/jobs/view/customer-service-medewerker-at-belgie-vacature-4469555918,https://nl.linkedin.com/company/belgievacature-be,4469555918
Belgie Vacature,Customer Service Support met ervaring | Aarschot,"Aarschot, Vlaanderen, België",2026-09-21,klantenservice medewerker,nee,https://be.linkedin.com/jobs/view/customer-service-support-met-ervaring-aarschot-at-belgie-vacature-4469993095,https://nl.linkedin.com/company/belgievacature-be,4469993095
Berner Belgien NV/SA,Employé Service Clientèle,"Lanaken, Vlaanderen, België",2026-08-25,klantenservice medewerker,nee,https://be.linkedin.com/jobs/view/employ%C3%A9-service-client%C3%A8le-at-berner-belgien-nv-sa-4435547594,https://be.linkedin.com/company/berner-belgien,4435547594
Bingoal,Customer Service Agent NL,"Brussels Hoofdstedelijk Gewest, België",2026-09-02,klantenservice medewerker,nee,https://be.linkedin.com/jobs/view/customer-service-agent-nl-at-bingoal-4462123190,https://be.linkedin.com/company/bingoal,4462123190
BMW &amp; MINI Jobs,Sneyers - Klantenadviseur Telefonisch Onthaal,"Kasterlee, Vlaanderen, België",2026-08-19,klantenservice medewerker,nee,https://be.linkedin.com/jobs/view/sneyers-klantenadviseur-telefonisch-onthaal-at-bmw-mini-jobs-4456334528,https://be.linkedin.com/company/bmw-mini-jobs,4456334528
BMW &amp; MINI Jobs,Klantenadviseur Telefonisch Onthaal,"Kasterlee, Vlaanderen, België",2026-09-03,klantenservice medewerker,nee,https://be.linkedin.com/jobs/view/klantenadviseur-telefonisch-onthaal-at-bmw-mini-jobs-4460715804,https://be.linkedin.com/company/bmw-mini-jobs,4460715804
BodyConstruct,Customer Service Medewerker,"Antwerpen, Vlaanderen, België",2026-09-14,klantenservice medewerker,nee,https://be.linkedin.com/jobs/view/customer-service-medewerker-at-bodyconstruct-4465715532,https://be.linkedin.com/company/body-construct,4465715532
Brewery St.Bernardus,Customer Service Officer - Voltijds,"Watou, Vlaanderen, België",2026-08-07,klantenservice medewerker,nee,https://be.linkedin.com/jobs/view/customer-service-officer-voltijds-at-brewery-st-bernardus-4450375009,https://be.linkedin.com/company/brouwerij-st-bernardus,4450375009
Bright Plus,Customer Service Medewerker (3 dagen home office),"Temse, Vlaanderen, België",2026-09-14,klantenservice medewerker,nee,https://be.linkedin.com/jobs/view/customer-service-medewerker-3-dagen-home-office-at-bright-plus-4465712711,https://be.linkedin.com/company/bright-plus,4465712711
Brunswick Corporation,Customer Service Representative,"Petit-Rechain, Wallonië, België",2026-09-04,klantenservice medewerker,nee,https://be.linkedin.com/jobs/view/customer-service-representative-at-brunswick-corporation-4461155085,https://www.linkedin.com/company/brunswick-corporation,4461155085
BRUSSELS TRUCK CENTER,Customer service advisor IVECO,"Dilbeek, Vlaanderen, België",2026-09-21,klantenservice medewerker,nee,https://be.linkedin.com/jobs/view/customer-service-advisor-iveco-at-brussels-truck-center-4469935328,https://be.linkedin.com/company/brussels-truck-center,4469935328
BSH Home Appliances Group - Belgium - FR,"Contact Center Agent, Careline - bilingue FR/NL- FR","Brussel, Brussels Hoofdstedelijk Gewest, België",2026-09-17,klantenservice medewerker,nee,,,4459359822
BSH Home Appliances Group - Belgium - NL,"Contact Center Agent, Careline - tweetalig NL/FR","Brussel, Brussels Hoofdstedelijk Gewest, België",2026-09-17,klantenservice medewerker,nee,,,4459315938
Coffee Service Group,Customer Service Medewerker,"Knokke-Heist, Vlaanderen, België",2026-08-05,klantenservice medewerker,nee,https://be.linkedin.com/jobs/view/customer-service-medewerker-at-coffee-service-group-4449924200,https://be.linkedin.com/company/csgbelgie,4449924200
Compagnie des Alpes,Customer Advisor NL &amp; EN - H/F,"Aartselaar, Vlaanderen, België",2026-09-14,klantenservice medewerker,nee,https://be.linkedin.com/jobs/view/customer-advisor-nl-en-h-f-at-compagnie-des-alpes-4467200260,https://fr.linkedin.com/company/compagnie-des-alpes,4467200260
Conway - The Convenience Company België N.V.,Klantenservicemedewerker,"Temse, Vlaanderen, België",2026-09-10,klantenservice medewerker,nee,https://be.linkedin.com/jobs/view/klantenservicemedewerker-at-conway-the-convenience-company-belgi%C3%AB-n-v-4463484809,https://be.linkedin.com/company/conwaybelgium,4463484809
Coolblue,Jobstudent Klantenservice Franstalig,"Antwerpen, Vlaanderen, België",2026-06-04,klantenservice medewerker,nee,https://be.linkedin.com/jobs/view/jobstudent-klantenservice-franstalig-at-coolblue-4423514160,https://nl.linkedin.com/company/coolblue,4423514160
Coolblue,Jobstudent Klantenservice,"Antwerpen, Vlaanderen, België",2026-06-04,klantenservice medewerker,nee,https://be.linkedin.com/jobs/view/jobstudent-klantenservice-at-coolblue-4423396862,https://nl.linkedin.com/company/coolblue,4423396862
Coolblue,Klantenservice Medewerker Franstalig,"Antwerpen, Vlaanderen, België",2026-08-26,klantenservice medewerker,nee,https://be.linkedin.com/jobs/view/klantenservice-medewerker-franstalig-at-coolblue-4459332065,https://nl.linkedin.com/company/coolblue,4459332065
Coolblue,Klantenservice Medewerker,"Antwerpen, Vlaanderen, België",2026-09-10,klantenservice medewerker,nee,https://be.linkedin.com/jobs/view/klantenservice-medewerker-at-coolblue-4446380210,https://nl.linkedin.com/company/coolblue,4446380210
CRH,Customer Service Representative- Leviat,"Ternat, Vlaanderen, België",2026-09-05,klantenservice medewerker,nee,https://be.linkedin.com/jobs/view/customer-service-representative-leviat-at-crh-4376801143,https://ie.linkedin.com/company/crh,4376801143
Culinor Food Group nv,CUSTOMER SERVICE MEDEWERKER Home Cuisine,"Destelbergen, Vlaanderen, België",2026-08-31,klantenservice medewerker,nee,https://be.linkedin.com/jobs/view/customer-service-medewerker-home-cuisine-at-culinor-food-group-nv-4459779600,https://be.linkedin.com/company/culinor-food-group-nv,4459779600
CWS Hygiene BeLux,Customer Care Medewerker,"Diegem, Vlaanderen, België",2026-09-10,klantenservice medewerker,nee,https://be.linkedin.com/jobs/view/customer-care-medewerker-at-cws-hygiene-belux-4465690911,https://be.linkedin.com/company/cws-belux,4465690911
CWS Hygiene BeLux,Customer Care Medewerker,"Zele, Vlaanderen, België",2026-09-10,klantenservice medewerker,nee,https://be.linkedin.com/jobs/view/customer-care-medewerker-at-cws-hygiene-belux-4465683829,https://be.linkedin.com/company/cws-belux,4465683829
deSter,Customer Service Representative,"Hoogstraten, Vlaanderen, België",2026-08-24,klantenservice medewerker,nee,https://be.linkedin.com/jobs/view/customer-service-representative-at-dester-4455885281,https://be.linkedin.com/company/dester,4455885281
Dustin,Customer Service Representative,"Rotselaar, Vlaanderen, België",2026-09-08,klantenservice medewerker,nee,https://be.linkedin.com/jobs/view/customer-service-representative-at-dustin-4464660222,https://se.linkedin.com/company/dustin-ab,4464660222
Ebro Foods Belgium,Customer Service officer,"Schoten, Vlaanderen, België",2026-08-03,klantenservice medewerker,nee,https://be.linkedin.com/jobs/view/customer-service-officer-at-ebro-foods-belgium-4460336353,https://be.linkedin.com/company/ebrofoodsbelgium,4460336353
ECCO Products,Customer Hero,"Nevele, Vlaanderen, België",2026-06-24,klantenservice medewerker,nee,https://be.linkedin.com/jobs/view/customer%C2%A0hero-at-ecco-products-4439941804,https://be.linkedin.com/company/eccoproducts,4439941804
ECCO Products,Customer Hero,"Oost-Vlaanderen, Vlaanderen, België",2026-08-28,klantenservice medewerker,nee,https://be.linkedin.com/jobs/view/customer-hero-at-ecco-products-4458075324,https://be.linkedin.com/company/eccoproducts,4458075324
Enterprise - Rent A Car Belgium,Medewerker Klantendienst,"Tongeren, Vlaanderen, België",2026-08-23,klantenservice medewerker,nee,https://be.linkedin.com/jobs/view/medewerker-klantendienst-at-enterprise-rent-a-car-belgium-4468840185,https://be.linkedin.com/company/enterprise-rent-a-car-belgi%C3%AB,4468840185
Enterprise - Rent A Car Belgium,Medewerker Klantendienst,"Tongeren, Vlaanderen, België",2026-08-23,klantenservice medewerker,nee,https://be.linkedin.com/jobs/view/medewerker-klantendienst-at-enterprise-rent-a-car-belgium-4468837228,https://be.linkedin.com/company/enterprise-rent-a-car-belgi%C3%AB,4468837228
Enterprise - Rent A Car Belgium,Medewerker Klantendienst,"Tongeren, Vlaanderen, België",2026-08-23,klantenservice medewerker,nee,https://be.linkedin.com/jobs/view/medewerker-klantendienst-at-enterprise-rent-a-car-belgium-4468824491,https://be.linkedin.com/company/enterprise-rent-a-car-belgi%C3%AB,4468824491
Enterprise - Rent A Car Belgium,Medewerker Klantendienst,"Tongeren, Vlaanderen, België",2026-08-23,klantenservice medewerker,nee,https://be.linkedin.com/jobs/view/medewerker-klantendienst-at-enterprise-rent-a-car-belgium-4468834325,https://be.linkedin.com/company/enterprise-rent-a-car-belgi%C3%AB,4468834325
Enterprise - Rent A Car Belgium,Medewerker Klantendienst,"Tongeren, Vlaanderen, België",2026-08-23,klantenservice medewerker,nee,https://be.linkedin.com/jobs/view/medewerker-klantendienst-at-enterprise-rent-a-car-belgium-4468834331,https://be.linkedin.com/company/enterprise-rent-a-car-belgi%C3%AB,4468834331
Enterprise - Rent A Car Belgium,Studentenjob Klantendienst,"Tongeren, Vlaanderen, België",2026-09-17,klantenservice medewerker,nee,https://be.linkedin.com/jobs/view/studentenjob-klantendienst-at-enterprise-rent-a-car-belgium-4467190587,https://be.linkedin.com/company/enterprise-rent-a-car-belgi%C3%AB,4467190587
Enterprise - Rent A Car Belgium,Medewerker Klantendienst - Customer service officer,"Tongeren, Vlaanderen, België",2026-09-21,klantenservice medewerker,nee,https://be.linkedin.com/jobs/view/medewerker-klantendienst-customer-service-officer-at-enterprise-rent-a-car-belgium-4469925305,https://be.linkedin.com/company/enterprise-rent-a-car-belgi%C3%AB,4469925305
Entra,Employé service clients,Charleroi en omgeving,2026-09-08,klantenservice medewerker,nee,https://be.linkedin.com/jobs/view/employ%C3%A9-service-clients-at-entra-4451118711,https://be.linkedin.com/company/entra,4451118711
Enwyse,Customer Service Support Specialist,"Herentals, Vlaanderen, België",2026-08-13,klantenservice medewerker,nee,https://be.linkedin.com/jobs/view/customer-service-support-specialist-at-enwyse-4453673323,https://be.linkedin.com/company/enwyse,4453673323
EPS - Euro Pool System,Customer Service Assistant,"Sint-Katelijne-Waver, Vlaanderen, België",2026-09-09,klantenservice medewerker,nee,https://be.linkedin.com/jobs/view/customer-service-assistant-at-eps-euro-pool-system-4465025873,https://nl.linkedin.com/company/euro-pool-system,4465025873
EPS - Euro Pool System,Customer Service Assistant,"Sint-Katelijne-Waver, Vlaanderen, België",2026-09-09,klantenservice medewerker,nee,https://be.linkedin.com/jobs/view/customer-service-assistant-at-eps-euro-pool-system-4465025718,https://nl.linkedin.com/company/euro-pool-system,4465025718
Eurofins,Customer Service,"De Pinte, Vlaanderen, België",2026-08-14,klantenservice medewerker,nee,https://be.linkedin.com/jobs/view/customer-service-at-eurofins-4454564104,https://lu.linkedin.com/company/eurofins,4454564104
Euroports,Customer Service Executive,"Kallo, Vlaanderen, België",2026-09-12,klantenservice medewerker,nee,https://be.linkedin.com/jobs/view/customer-service-executive-at-euroports-4428044046,https://be.linkedin.com/company/euroports,4428044046
finc,Customer Service medewerker,"Brussel, Brussels Hoofdstedelijk Gewest, België",2026-09-10,klantenservice medewerker,nee,https://be.linkedin.com/jobs/view/customer-service-medewerker-at-finc-4440685861,https://be.linkedin.com/company/finc-be,4440685861
Fine Dining &amp; Living,Customer Service Medewerker,"Geel, Vlaanderen, België",2026-09-11,klantenservice medewerker,nee,https://be.linkedin.com/jobs/view/customer-service-medewerker-at-fine-dining-living-4464847888,https://be.linkedin.com/company/finediningandliving,4464847888
GAASCH PACKAGING,Klantenservicemedewerker,"Asse, Vlaanderen, België",2026-09-12,klantenservice medewerker,nee,https://be.linkedin.com/jobs/view/klantenservicemedewerker-at-gaasch-packaging-4466721407,https://be.linkedin.com/company/gaasch-packaging,4466721407
Gebeco,Mitarbeiter/in (m/w/d) Gebeco Service - Team / auch als Quereinsteiger/in,"Kiel, Vlaanderen, België",2026-07-29,klantenservice medewerker,nee,https://be.linkedin.com/jobs/view/mitarbeiter-in-m-w-d-gebeco-service-team-auch-als-quereinsteiger-in-at-gebeco-4446038916,https://de.linkedin.com/company/gebeco,4446038916
Groupe TRAVELFACTORY,Customer Advisor NL &amp; EN,"Aartselaar, Vlaanderen, België",2026-09-14,klantenservice medewerker,nee,https://be.linkedin.com/jobs/view/customer-advisor-nl-en-at-groupe-travelfactory-4465205908,https://fr.linkedin.com/company/travelfactory,4465205908
HANOS Internationale Horeca Groothandel,Medewerker Customer Service,"Willebroek, Vlaanderen, België",2026-09-01,klantenservice medewerker,nee,https://be.linkedin.com/jobs/view/medewerker-customer-service-at-hanos-internationale-horeca-groothandel-4461746860,https://nl.linkedin.com/company/hanos-internationale-horecagroothandel,4461746860
Hans Anders België - Hans Anders Belgique,Klantendienst Medewerker,"Hasselt, Vlaanderen, België",2026-09-07,klantenservice medewerker,nee,https://be.linkedin.com/jobs/view/klantendienst-medewerker-at-hans-anders-belgi%C3%AB-hans-anders-belgique-4468544649,https://be.linkedin.com/company/hans-anders-belgi-bvba,4468544649
Hays,Customer Service Medische sector,"Vilvoorde, Vlaanderen, België",2026-09-10,klantenservice medewerker,nee,https://be.linkedin.com/jobs/view/customer-service-medische-sector-at-hays-4463471351,https://uk.linkedin.com/company/hays,4463471351
Hays,Customer Service (Duits) - Chemische sector,"Willebroek, Vlaanderen, België",2026-09-10,klantenservice medewerker,nee,https://be.linkedin.com/jobs/view/customer-service-duits-chemische-sector-at-hays-4450485792,https://uk.linkedin.com/company/hays,4450485792
Hays,Customer Service automotive,"Zaventem, Vlaanderen, België",2026-09-14,klantenservice medewerker,nee,https://be.linkedin.com/jobs/view/customer-service-automotive-at-hays-4464787629,https://uk.linkedin.com/company/hays,4464787629
Hays,Customer Service Medisch,"Vilvoorde, Vlaanderen, België",2026-09-14,klantenservice medewerker,nee,https://be.linkedin.com/jobs/view/customer-service-medisch-at-hays-4464788622,https://uk.linkedin.com/company/hays,4464788622
Hays,Klantenservicemedewerker,"Grobbendonk, Vlaanderen, België",2026-09-22,klantenservice medewerker,nee,https://be.linkedin.com/jobs/view/klantenservicemedewerker-at-hays-4468536232,https://uk.linkedin.com/company/hays,4468536232
Hays,Klantenadviseur NL/FR met thuiswerk,"Wezembeek-Oppem, Vlaanderen, België",2026-09-22,klantenservice medewerker,nee,https://be.linkedin.com/jobs/view/klantenadviseur-nl-fr-met-thuiswerk-at-hays-4468583230,https://uk.linkedin.com/company/hays,4468583230
HEK - Hanseatische Krankenkasse,Kundenberater Krankenversicherung / Kundenservice am Standort Kiel (m/w/d),"Kiel, Vlaanderen, België",2026-08-27,klantenservice medewerker,nee,https://be.linkedin.com/jobs/view/kundenberater-krankenversicherung-kundenservice-am-standort-kiel-m-w-d-at-hek-hanseatische-krankenkasse-4459876748,https://de.linkedin.com/company/hek-hanseatische-krankenkasse,4459876748
Hermès,"Client Relations Agent (Fluent in Dutch, French and English)","Cimetière de Bruxelles, België",2026-09-05,klantenservice medewerker,nee,https://be.linkedin.com/jobs/view/client-relations-agent-fluent-in-dutch-french-and-english-at-herm%C3%A8s-4434640210,https://fr.linkedin.com/company/hermes-group,4434640210
Hermès,Client Relations Agent (Fluent in Norwegian and English),"Cimetière de Bruxelles, België",2026-09-05,klantenservice medewerker,nee,https://be.linkedin.com/jobs/view/client-relations-agent-fluent-in-norwegian-and-english-at-herm%C3%A8s-4434635346,https://fr.linkedin.com/company/hermes-group,4434635346
Hermès,Client Relations Agent (Fluent in Swedish and English),"Cimetière de Bruxelles, België",2026-09-05,klantenservice medewerker,nee,https://be.linkedin.com/jobs/view/client-relations-agent-fluent-in-swedish-and-english-at-herm%C3%A8s-4434627914,https://fr.linkedin.com/company/hermes-group,4434627914
Hermès,Client Relations Agent (Fluent in Danish and English),"Cimetière de Bruxelles, België",2026-09-05,klantenservice medewerker,nee,https://be.linkedin.com/jobs/view/client-relations-agent-fluent-in-danish-and-english-at-herm%C3%A8s-4434647097,https://fr.linkedin.com/company/hermes-group,4434647097
Hermès,"Client Relations Agent (Fluent in Dutch, French and English)","Cimetière de Bruxelles, België",2026-09-05,klantenservice medewerker,nee,https://be.linkedin.com/jobs/view/client-relations-agent-fluent-in-dutch-french-and-english-at-herm%C3%A8s-4434635347,https://fr.linkedin.com/company/hermes-group,4434635347
HG International,Customer Service Employee BE/FRA/LU,"Gent, Vlaanderen, België",2026-09-16,klantenservice medewerker,nee,https://be.linkedin.com/jobs/view/customer-service-employee-be-fra-lu-at-hg-international-4467973245,https://nl.linkedin.com/company/hg-international,4467973245
Ignite,Czech &amp; Polish Speaking Customer Support Representative (Hybrid),"Gent, Vlaanderen, België",2026-09-21,klantenservice medewerker,nee,https://be.linkedin.com/jobs/view/czech-polish-speaking-customer-support-representative-hybrid-at-ignite-4468477939,https://www.linkedin.com/company/ignite.11,4468477939
Ignite,German &amp; Dutch Speaking Customer Support Representative (Hybrid),"Gent, Vlaanderen, België",2026-09-21,klantenservice medewerker,nee,https://be.linkedin.com/jobs/view/german-dutch-speaking-customer-support-representative-hybrid-at-ignite-4468499004,https://www.linkedin.com/company/ignite.11,4468499004
Impermo,Customer Care Professional,"Sint-Truiden, Vlaanderen, België",2026-09-10,klantenservice medewerker,nee,https://be.linkedin.com/jobs/view/customer-care-professional-at-impermo-4465809198,https://be.linkedin.com/company/impermo,4465809198
Inizio Engage,Customer Service Representative (Hybrid),"Vlaanderen, België",2026-08-26,klantenservice medewerker,nee,https://be.linkedin.com/jobs/view/customer-service-representative-hybrid-at-inizio-engage-4435846179,https://www.linkedin.com/company/inizio-engage,4435846179
Isabel,Customer Service Representative,"Brussel, Brussels Hoofdstedelijk Gewest, België",2026-09-12,klantenservice medewerker,nee,https://be.linkedin.com/jobs/view/customer-service-representative-at-isabel-4457366389,https://be.linkedin.com/company/isabel,4457366389
Isabel,Young Graduate : Customer Service Representative,"Brussel, Brussels Hoofdstedelijk Gewest, België",2026-09-14,klantenservice medewerker,nee,https://be.linkedin.com/jobs/view/young-graduate-customer-service-representative-at-isabel-4455864540,https://be.linkedin.com/company/isabel,4455864540
Jobloom,Customer care,"Waver, Wallonië, België",2026-06-26,klantenservice medewerker,nee,https://be.linkedin.com/jobs/view/customer-care-at-jobloom-4433818529,https://be.linkedin.com/company/jobloom-app,4433818529
Just Russel,Customer support hero FR,"Deinze, Vlaanderen, België",2026-08-07,klantenservice medewerker,nee,https://be.linkedin.com/jobs/view/customer-support-hero-fr-at-just-russel-4461723905,https://be.linkedin.com/company/just-russel,4461723905
Katoen Natie,Customer Service Representative – (Kallo/Haven1998),"Beveren, Vlaanderen, België",2026-06-11,klantenservice medewerker,nee,https://be.linkedin.com/jobs/view/customer-service-representative-%E2%80%93-kallo-haven1998-at-katoen-natie-4427579114,https://be.linkedin.com/company/katoen-natie,4427579114
Katoen Natie,CSR (Customer Service Representative),"Antwerpen, Vlaanderen, België",2026-08-27,klantenservice medewerker,nee,https://be.linkedin.com/jobs/view/csr-customer-service-representative-at-katoen-natie-4459845986,https://be.linkedin.com/company/katoen-natie,4459845986
Katoen Natie,Customer Service Representative – logistiek (M/V),"Gent, Vlaanderen, België",2026-09-12,klantenservice medewerker,nee,https://be.linkedin.com/jobs/view/customer-service-representative-%E2%80%93-logistiek-m-v-at-katoen-natie-4309610443,https://be.linkedin.com/company/katoen-natie,4309610443
Kebony,Customer Service Officer,"Antwerpen, Vlaanderen, België",2026-09-08,klantenservice medewerker,nee,https://be.linkedin.com/jobs/view/customer-service-officer-at-kebony-4462501095,https://no.linkedin.com/company/kebony,4462501095
Keytrade Bank,Customer Support Officer,"Watermaal-Bosvoorde, Brussels Hoofdstedelijk Gewest, België",2026-09-08,klantenservice medewerker,nee,https://be.linkedin.com/jobs/view/customer-support-officer-at-keytrade-bank-4464479057,https://be.linkedin.com/company/keytrade-bank,4464479057
KONE,Customer Service &amp; Admin FR+NL,"Brussel, Brussels Hoofdstedelijk Gewest, België",2026-09-15,klantenservice medewerker,nee,https://be.linkedin.com/jobs/view/customer-service-admin-fr%2Bnl-at-kone-4458262854,https://fi.linkedin.com/company/kone,4458262854
KONE,Customer Service &amp; Admin,"Brussel, Brussels Hoofdstedelijk Gewest, België",2026-09-17,klantenservice medewerker,nee,https://be.linkedin.com/jobs/view/customer-service-admin-at-kone-4421814822,https://fi.linkedin.com/company/kone,4421814822
KSB Company,Customer Service Representative,"Waver, Wallonië, België",2026-05-14,klantenservice medewerker,nee,https://be.linkedin.com/jobs/view/customer-service-representative-at-ksb-company-4411515928,https://de.linkedin.com/company/ksb,4411515928
Kuehne+Nagel,Customer Service Specialist - Sea Freight Export,"Antwerpen, Vlaanderen, België",2026-09-09,klantenservice medewerker,nee,https://be.linkedin.com/jobs/view/customer-service-specialist-sea-freight-export-at-kuehne%2Bnagel-4465084184,https://ch.linkedin.com/company/kuehne-nagel,4465084184
La Souris,Customer Succes Medewerker Antwerpen,"Antwerpen, Vlaanderen, België",2026-09-04,klantenservice medewerker,nee,https://be.linkedin.com/jobs/view/customer-succes-medewerker-antwerpen-at-la-souris-4463371588,https://nl.linkedin.com/company/la-souris-scooter,4463371588
LIZY,Customer Care Associate,"Brussel, Brussels Hoofdstedelijk Gewest, België",2026-08-12,klantenservice medewerker,nee,https://be.linkedin.com/jobs/view/customer-care-associate-at-lizy-4448018613,https://be.linkedin.com/company/lizy-easy-leasing,4448018613
LKQ Belgium,Customer Support Medewerker,"Vilvoorde, Vlaanderen, België",2026-09-15,klantenservice medewerker,nee,https://be.linkedin.com/jobs/view/customer-support-medewerker-at-lkq-belgium-4467753195,https://be.linkedin.com/company/lkq-belgium,4467753195
Manpower,Junior Klantenadviseur NL/FR | Starters Welkom | Gent,Gent en omgeving,2026-09-04,klantenservice medewerker,nee,https://be.linkedin.com/jobs/view/junior-klantenadviseur-nl-fr-starters-welkom-gent-at-manpower-4463336967,https://www.linkedin.com/company/manpower-,4463336967
Medipartner,Customer Service Specialist,Brussel en omgeving,2026-09-22,klantenservice medewerker,nee,https://be.linkedin.com/jobs/view/customer-service-specialist-at-medipartner-4468535491,https://be.linkedin.com/company/medipartner-belgium,4468535491
Medista NV,Customer Service Coordinator,"Zaventem, Vlaanderen, België",2026-08-05,klantenservice medewerker,nee,https://be.linkedin.com/jobs/view/customer-service-coordinator-at-medista-nv-4449423641,https://be.linkedin.com/company/medicalsupplychainmanagement,4449423641
Mega,Customer Care Advisor,"Leuven, Vlaanderen, België",2026-07-26,klantenservice medewerker,nee,https://be.linkedin.com/jobs/view/customer-care-advisor-at-mega-4456743356,https://be.linkedin.com/company/mega-sa,4456743356
Merck Life Science,Customer Service Specialist,"Hoeilaart, Vlaanderen, België",2026-09-15,klantenservice medewerker,nee,https://be.linkedin.com/jobs/view/customer-service-specialist-at-merck-life-science-4465586990,https://de.linkedin.com/company/merck-life-science,4465586990
Mercury Marine,Customer Service Representative,"Petit-Rechain, Wallonië, België",2026-09-04,klantenservice medewerker,nee,https://be.linkedin.com/jobs/view/customer-service-representative-at-mercury-marine-4463346825,https://www.linkedin.com/company/mercury-marine,4463346825
Michael Page,German speaking - Customer Service Banking,"Brussel, Brussels Hoofdstedelijk Gewest, België",2026-09-15,klantenservice medewerker,nee,https://be.linkedin.com/jobs/view/german-speaking-customer-service-banking-at-michael-page-4467411589,https://uk.linkedin.com/company/michael-page,4467411589
Mobile Vikings,Customer Care Agent,"Hasselt, Vlaanderen, België",2026-09-14,klantenservice medewerker,nee,https://be.linkedin.com/jobs/view/customer-care-agent-at-mobile-vikings-4467055130,https://be.linkedin.com/company/mobilevikings,4467055130
Modulaire Group,Customer Service Officer/Belgium,"Beringen, Vlaanderen, België",2026-09-01,klantenservice medewerker,nee,https://be.linkedin.com/jobs/view/customer-service-officer-belgium-at-modulaire-group-4461711763,https://uk.linkedin.com/company/modulairegroup,4461711763
Mountville,Customer Service Representative,"Ronse, Vlaanderen, België",2024-02-29,klantenservice medewerker,nee,https://be.linkedin.com/jobs/view/customer-service-representative-at-mountville-3840969712,https://www.linkedin.com/company/mountville,3840969712
MSC Mediterranean Shipping Company,Customer Care Executive - Export,"Antwerpen, Vlaanderen, België",2026-09-10,klantenservice medewerker,nee,https://be.linkedin.com/jobs/view/customer-care-executive-export-at-msc-mediterranean-shipping-company-4463421465,https://ch.linkedin.com/company/msc-mediterranean-shipping-co--s-a-,4463421465
Nodalview,Customer Care &amp; Logistic Expert - French speaking,"Brussels Hoofdstedelijk Gewest, België",2026-09-14,klantenservice medewerker,nee,https://be.linkedin.com/jobs/view/customer-care-logistic-expert-french-speaking-at-nodalview-4465204200,https://be.linkedin.com/company/nodalview,4465204200
o2o Bicycle Leasing,Customer Support Expert,"Vilvoorde, Vlaanderen, België",2026-08-11,klantenservice medewerker,nee,https://be.linkedin.com/jobs/view/customer-support-expert-at-o2o-bicycle-leasing-4453109396,https://be.linkedin.com/company/o2o-be,4453109396
orderBilly,Customer Support Specialist,"Gent, Vlaanderen, België",2026-09-16,klantenservice medewerker,nee,https://be.linkedin.com/jobs/view/customer-support-specialist-at-orderbilly-4466864395,https://be.linkedin.com/company/orderbilly,4466864395
OVAL,Loyalty and Customer Support Officer,"Antwerpen, Vlaanderen, België",2026-08-14,klantenservice medewerker,nee,https://be.linkedin.com/jobs/view/loyalty-and-customer-support-officer-at-oval-4451206920,https://be.linkedin.com/company/weareoval-eu,4451206920
Paynovate,Customer Support Officer,"Brussel, Brussels Hoofdstedelijk Gewest, België",2026-09-03,klantenservice medewerker,nee,https://be.linkedin.com/jobs/view/customer-support-officer-at-paynovate-4462897429,https://be.linkedin.com/company/paynovate,4462897429
PepperMill Casino,Medewerker klantenondersteuning,"Oudsbergen, Vlaanderen, België",2026-09-01,klantenservice medewerker,nee,https://be.linkedin.com/jobs/view/medewerker-klantenondersteuning-at-peppermill-casino-4460344534,https://www.linkedin.com/company/peppermillcasino,4460344534
PGS ULLU Paletten,Customer Service Officer (M/F/X),"Gistel, Vlaanderen, België",2026-08-10,klantenservice medewerker,nee,https://be.linkedin.com/jobs/view/customer-service-officer-m-f-x-at-pgs-ullu-paletten-4451535040,https://de.linkedin.com/company/pgs-ullu-paletten,4451535040
Play Media,Customer Care Medewerker,"Vilvoorde, Vlaanderen, België",2026-09-10,klantenservice medewerker,nee,https://be.linkedin.com/jobs/view/customer-care-medewerker-at-play-media-4456354266,https://be.linkedin.com/company/playmedianv,4456354266
Print.com,Customer Service Medewerker NL/FR,"Grimbergen, Vlaanderen, België",2026-09-10,klantenservice medewerker,nee,https://be.linkedin.com/jobs/view/customer-service-medewerker-nl-fr-at-print-com-4465622048,https://nl.linkedin.com/company/printdotcom,4465622048
Proximus Group,Customer Service Specialist,"Antwerpen, Vlaanderen, België",2026-08-26,klantenservice medewerker,nee,https://be.linkedin.com/jobs/view/customer-service-specialist-at-proximus-group-4457931025,https://be.linkedin.com/company/proximusgroup,4457931025
Proximus Group,Customer Service Specialist,"Hasselt, Vlaanderen, België",2026-08-26,klantenservice medewerker,nee,https://be.linkedin.com/jobs/view/customer-service-specialist-at-proximus-group-4457926083,https://be.linkedin.com/company/proximusgroup,4457926083
Purson,Customer Service Officer,"Tessenderlo, Vlaanderen, België",2026-09-07,klantenservice medewerker,nee,https://be.linkedin.com/jobs/view/customer-service-officer-at-purson-4464350886,https://be.linkedin.com/company/purson,4464350886
Q8,Customer Service Representative,"Antwerpen, Vlaanderen, België",2026-09-18,klantenservice medewerker,nee,https://be.linkedin.com/jobs/view/customer-service-representative-at-q8-4435482276,https://be.linkedin.com/company/q8,4435482276
Q8,Customer Service Representative,"Antwerpen, Vlaanderen, België",2026-09-18,klantenservice medewerker,nee,https://be.linkedin.com/jobs/view/customer-service-representative-at-q8-4461956746,https://be.linkedin.com/company/q8,4461956746
Qargo TMS,Customer Support Officer (BE),"Gent, Vlaanderen, België",2026-09-04,klantenservice medewerker,nee,https://be.linkedin.com/jobs/view/customer-support-officer-be-at-qargo-tms-4461975157,https://uk.linkedin.com/company/qargo-tms,4461975157
Qover,Dutch + English speaking Customer Care Associate,"Brussel, Brussels Hoofdstedelijk Gewest, België",2026-08-07,klantenservice medewerker,nee,https://be.linkedin.com/jobs/view/dutch-%2B-english-speaking-customer-care-associate-at-qover-4450736490,https://be.linkedin.com/company/qover,4450736490
Qover,German + English speaking Customer Care Associate,"Brussel, Brussels Hoofdstedelijk Gewest, België",2026-09-04,klantenservice medewerker,nee,https://be.linkedin.com/jobs/view/german-%2B-english-speaking-customer-care-associate-at-qover-4463613104,https://be.linkedin.com/company/qover,4463613104
Qover,Customer Care Professional (Dutch + English speaking),Brussel en omgeving,2026-09-16,klantenservice medewerker,nee,https://be.linkedin.com/jobs/view/customer-care-professional-dutch-%2B-english-speaking-at-qover-4468249178,https://be.linkedin.com/company/qover,4468249178
Randstad,Klantenservice,"Brussel, Brussels Hoofdstedelijk Gewest, België",2026-09-11,klantenservice medewerker,nee,https://be.linkedin.com/jobs/view/klantenservice-at-randstad-4466310363,https://nl.linkedin.com/company/randstad,4466310363
Randstad Belgium,Customer Care Professional,"Brussel, Brussels Hoofdstedelijk Gewest, België",2026-08-27,klantenservice medewerker,nee,https://be.linkedin.com/jobs/view/customer-care-professional-at-randstad-belgium-4431664411,https://be.linkedin.com/company/randstadbelgium,4431664411
Reno Energy,Collaborateur Service clientèle NL/FR,"Luik, Wallonië, België",2026-02-24,klantenservice medewerker,nee,https://be.linkedin.com/jobs/view/collaborateur-service-client%C3%A8le-nl-fr-at-reno-energy-4377129837,https://be.linkedin.com/company/myrenoenergy,4377129837
Robert Walters,Customer Service Associate,"Zaventem, Vlaanderen, België",2026-09-14,klantenservice medewerker,nee,https://be.linkedin.com/jobs/view/customer-service-associate-at-robert-walters-4467058046,https://uk.linkedin.com/company/robert-walters,4467058046
Sabert Corporation Europe,Customer Care Representative,"Nijvel, Wallonië, België",2026-08-26,klantenservice medewerker,nee,https://be.linkedin.com/jobs/view/customer-care-representative-at-sabert-corporation-europe-4447290488,https://be.linkedin.com/company/sabert-europe,4447290488
Scheldeland Verzekeringen,Customer Care - Heule,"Heule, Vlaanderen, België",2026-07-11,klantenservice medewerker,nee,https://be.linkedin.com/jobs/view/customer-care-heule-at-scheldeland-verzekeringen-4439526106,https://www.linkedin.com/company/scheldeland-verzekeringen,4439526106
SD Worx Professionals Belgium,Medewerker klantenondersteuning,"Grobbendonk, Vlaanderen, België",2026-08-31,klantenservice medewerker,nee,https://be.linkedin.com/jobs/view/medewerker-klantenondersteuning-at-sd-worx-professionals-belgium-4460004940,https://www.linkedin.com/company/sd-worx-professionals-belgium,4460004940
SD Worx Professionals Belgium,Customer service medewerker,"Grobbendonk, Vlaanderen, België",2026-09-07,klantenservice medewerker,nee,https://be.linkedin.com/jobs/view/customer-service-medewerker-at-sd-worx-professionals-belgium-4462927593,https://www.linkedin.com/company/sd-worx-professionals-belgium,4462927593
SD Worx Professionals Belgium,Ervaren Customer Service Medewerker,Gent en omgeving,2026-09-16,klantenservice medewerker,nee,https://be.linkedin.com/jobs/view/ervaren-customer-service-medewerker-at-sd-worx-professionals-belgium-4466820900,https://www.linkedin.com/company/sd-worx-professionals-belgium,4466820900
SEA-invest,Customer Service Medewerker,"Gent, Vlaanderen, België",2026-09-14,klantenservice medewerker,nee,https://be.linkedin.com/jobs/view/customer-service-medewerker-at-sea-invest-4465750755,https://lu.linkedin.com/company/sea-invest,4465750755
Securex,Customer Service Advisor District 29,"Gent, Vlaanderen, België",2026-09-14,klantenservice medewerker,nee,https://be.linkedin.com/jobs/view/customer-service-advisor-district-29-at-securex-4456887404,https://be.linkedin.com/company/securex,4456887404
Securitas Belgium,Client Care Officer,"Machelen, Vlaanderen, België",2026-09-02,klantenservice medewerker,nee,https://be.linkedin.com/jobs/view/client-care-officer-at-securitas-belgium-4455623130,https://be.linkedin.com/company/securitas-belgium,4455623130
Sennheiser,Customer Support Specialist,"Brussel, Brussels Hoofdstedelijk Gewest, België",2026-09-17,klantenservice medewerker,nee,https://be.linkedin.com/jobs/view/customer-support-specialist-at-sennheiser-4463526083,https://de.linkedin.com/company/sennheiser,4463526083
Spring Professional Belgium,Custmer Care FR/NL,"Brussel, Brussels Hoofdstedelijk Gewest, België",2026-09-11,klantenservice medewerker,nee,https://be.linkedin.com/jobs/view/custmer-care-fr-nl-at-spring-professional-belgium-4466082341,https://be.linkedin.com/company/spring-professional-belgium,4466082341
Synergie Belgium,Klantenservicemedewerker,"Sint-Truiden, Vlaanderen, België",2026-09-10,klantenservice medewerker,nee,https://be.linkedin.com/jobs/view/klantenservicemedewerker-at-synergie-belgium-4465665175,https://be.linkedin.com/company/synergie-belgium,4465665175
Synergie Belgium,Customer service medewerker,"Gistel, Vlaanderen, België",2026-09-15,klantenservice medewerker,nee,https://be.linkedin.com/jobs/view/customer-service-medewerker-at-synergie-belgium-4455256321,https://be.linkedin.com/company/synergie-belgium,4455256321
Synergie Belgium,Customer Support Officer,"Mechelen, Vlaanderen, België",2026-09-18,klantenservice medewerker,nee,https://be.linkedin.com/jobs/view/customer-support-officer-at-synergie-belgium-4469170722,https://be.linkedin.com/company/synergie-belgium,4469170722
Tarkett,Customer Service Officer,"Dendermonde, Vlaanderen, België",2026-05-14,klantenservice medewerker,nee,https://be.linkedin.com/jobs/view/customer-service-officer-at-tarkett-4414910994,https://fr.linkedin.com/company/tarkett,4414910994
Tarkett,Customer Service Officer,"Dendermonde, Vlaanderen, België",2026-09-17,klantenservice medewerker,nee,https://be.linkedin.com/jobs/view/customer-service-officer-at-tarkett-4467547237,https://fr.linkedin.com/company/tarkett,4467547237
The Chemours Company,Customer Excellence Representative - International Customer Operations,"Antwerpen, Vlaanderen, België",2026-09-16,klantenservice medewerker,nee,https://be.linkedin.com/jobs/view/customer-excellence-representative-international-customer-operations-at-the-chemours-company-4457333594,https://www.linkedin.com/company/chemours,4457333594
The Flex,French-Speaking Customer Experience Specialist,"Brussel, Brussels Hoofdstedelijk Gewest, België",2026-06-18,klantenservice medewerker,nee,https://be.linkedin.com/jobs/view/french-speaking-customer-experience-specialist-at-the-flex-4430765534,https://uk.linkedin.com/company/theflexglobal,4430765534
The Lemon Consulting,Klantenservicemedewerker,"Antwerpen, Vlaanderen, België",2026-08-19,klantenservice medewerker,nee,https://be.linkedin.com/jobs/view/klantenservicemedewerker-at-the-lemon-consulting-4455407764,https://www.linkedin.com/company/the-lemon-consulting,4455407764
The Lemon Consulting,Klantenservicemedewerker,"Brugge, Vlaanderen, België",2026-08-19,klantenservice medewerker,nee,https://be.linkedin.com/jobs/view/klantenservicemedewerker-at-the-lemon-consulting-4454998811,https://www.linkedin.com/company/the-lemon-consulting,4454998811
The Lemon Consulting,Klantenservicemedewerker,"Leuven, Vlaanderen, België",2026-08-19,klantenservice medewerker,nee,https://be.linkedin.com/jobs/view/klantenservicemedewerker-at-the-lemon-consulting-4455402771,https://www.linkedin.com/company/the-lemon-consulting,4455402771
The Lemon Consulting,Klantenservicemedewerker,"Gent, Vlaanderen, België",2026-08-19,klantenservice medewerker,nee,https://be.linkedin.com/jobs/view/klantenservicemedewerker-at-the-lemon-consulting-4455412730,https://www.linkedin.com/company/the-lemon-consulting,4455412730
The Lemon Consulting,Klantenservicemedewerker,"Charleroi, Wallonië, België",2026-08-19,klantenservice medewerker,nee,https://be.linkedin.com/jobs/view/klantenservicemedewerker-at-the-lemon-consulting-4455402770,https://www.linkedin.com/company/the-lemon-consulting,4455402770
The Lemon Consulting,Klantenservicemedewerker,"Luik, Wallonië, België",2026-08-19,klantenservice medewerker,nee,https://be.linkedin.com/jobs/view/klantenservicemedewerker-at-the-lemon-consulting-4455405690,https://www.linkedin.com/company/the-lemon-consulting,4455405690
The Lemon Consulting,Klantenservicemedewerker,"Namen, Wallonië, België",2026-08-19,klantenservice medewerker,nee,https://be.linkedin.com/jobs/view/klantenservicemedewerker-at-the-lemon-consulting-4455415715,https://www.linkedin.com/company/the-lemon-consulting,4455415715
The Lemon Consulting,Klantenservicemedewerker,"Mechelen, Vlaanderen, België",2026-08-19,klantenservice medewerker,nee,https://be.linkedin.com/jobs/view/klantenservicemedewerker-at-the-lemon-consulting-4455414681,https://www.linkedin.com/company/the-lemon-consulting,4455414681
The Lemon Consulting,Klantenservicemedewerker,"Brussel, Brussels Hoofdstedelijk Gewest, België",2026-08-19,klantenservice medewerker,nee,https://be.linkedin.com/jobs/view/klantenservicemedewerker-at-the-lemon-consulting-4455417586,https://www.linkedin.com/company/the-lemon-consulting,4455417586
The Lemon Consulting,Klantenservicemedewerker,"Brugge, Vlaanderen, België",2026-08-19,klantenservice medewerker,nee,https://be.linkedin.com/jobs/view/klantenservicemedewerker-at-the-lemon-consulting-4454998810,https://www.linkedin.com/company/the-lemon-consulting,4454998810
Thule Group,Customer Service Medewerker,"Menen, Vlaanderen, België",2026-09-09,klantenservice medewerker,nee,https://be.linkedin.com/jobs/view/customer-service-medewerker-at-thule-group-4463877712,https://se.linkedin.com/company/thule,4463877712
TRIO Lighting Group,Customer Service Assistant (m/f/d) Belgium,"Beveren, Vlaanderen, België",2026-07-06,klantenservice medewerker,nee,https://be.linkedin.com/jobs/view/customer-service-assistant-m-f-d-belgium-at-trio-lighting-group-4433998169,https://de.linkedin.com/company/trio-lighting-group,4433998169
Trouw Nutrition,Customer Service Representative,"Gent, Vlaanderen, België",2026-09-04,klantenservice medewerker,nee,https://be.linkedin.com/jobs/view/customer-service-representative-at-trouw-nutrition-4462317320,https://nl.linkedin.com/company/trouw-nutrition,4462317320
TVH,Customer Care Advisor France,"Waregem, Vlaanderen, België",2026-09-03,klantenservice medewerker,nee,https://be.linkedin.com/jobs/view/customer-care-advisor-france-at-tvh-4462782516,https://be.linkedin.com/company/tvh,4462782516
Unilin,Customer Service Assistant,"Oostrozebeke, Vlaanderen, België",2026-09-13,klantenservice medewerker,nee,https://be.linkedin.com/jobs/view/customer-service-assistant-at-unilin-4359185889,https://be.linkedin.com/company/unilin,4359185889
Unique Belgium,Customer Care Medewerker,Antwerpen en omgeving,2026-08-25,klantenservice medewerker,nee,https://be.linkedin.com/jobs/view/customer-care-medewerker-at-unique-belgium-4458760018,https://be.linkedin.com/company/unique-belgium,4458760018
Unique Belgium,Customer Service Officer,"Tessenderlo, Vlaanderen, België",2026-08-26,klantenservice medewerker,nee,https://be.linkedin.com/jobs/view/customer-service-officer-at-unique-belgium-4459153276,https://be.linkedin.com/company/unique-belgium,4459153276
Unique Belgium,Klantenservicemedewerker,"Brussel, Brussels Hoofdstedelijk Gewest, België",2026-08-31,klantenservice medewerker,nee,https://be.linkedin.com/jobs/view/klantenservicemedewerker-at-unique-belgium-4461057630,https://be.linkedin.com/company/unique-belgium,4461057630
Unique Belgium,Customer Support Officer,"Antwerpen, Vlaanderen, België",2026-08-31,klantenservice medewerker,nee,https://be.linkedin.com/jobs/view/customer-support-officer-at-unique-belgium-4461069981,https://be.linkedin.com/company/unique-belgium,4461069981
Unique Belgium,Klantendienstmedewerker,Brussel en omgeving,2026-09-11,klantenservice medewerker,nee,https://be.linkedin.com/jobs/view/klantendienstmedewerker-at-unique-belgium-4466309345,https://be.linkedin.com/company/unique-belgium,4466309345
Unique Belgium,Klantenservicemedewerker,"Hamont-Achel, Vlaanderen, België",2026-09-17,klantenservice medewerker,nee,https://be.linkedin.com/jobs/view/klantenservicemedewerker-at-unique-belgium-4468638927,https://be.linkedin.com/company/unique-belgium,4468638927
Univar Solutions,Customer Service Representative,"Brussel, Brussels Hoofdstedelijk Gewest, België",2026-09-17,klantenservice medewerker,nee,https://be.linkedin.com/jobs/view/customer-service-representative-at-univar-solutions-4450286269,https://www.linkedin.com/company/univarsolutions,4450286269
VAB,Customer Support Medewerker,"Zwijndrecht, Vlaanderen, België",2026-09-08,klantenservice medewerker,nee,https://be.linkedin.com/jobs/view/customer-support-medewerker-at-vab-4463500108,https://be.linkedin.com/company/vab,4463500108
Van Moer Logistics,Customer Service Officer,"Beringen, Vlaanderen, België",2026-09-01,klantenservice medewerker,nee,https://be.linkedin.com/jobs/view/customer-service-officer-at-van-moer-logistics-4459504625,https://be.linkedin.com/company/van-moer-logistics,4459504625
Vandemoortele,Customer Care Agent International Accounts,"Gent, Vlaanderen, België",2026-09-03,klantenservice medewerker,nee,https://be.linkedin.com/jobs/view/customer-care-agent-international-accounts-at-vandemoortele-4462861073,https://be.linkedin.com/company/vandemoortele,4462861073
Vandemoortele,Customer Care Agent Retail,"Gent, Vlaanderen, België",2026-09-21,klantenservice medewerker,nee,https://be.linkedin.com/jobs/view/customer-care-agent-retail-at-vandemoortele-4469872194,https://be.linkedin.com/company/vandemoortele,4469872194
Vanheede Environment Group,Gestionnaire de commandes &amp; service clients – FR/NL H/F/X,"Nijvel, Wallonië, België",2026-09-14,klantenservice medewerker,nee,https://be.linkedin.com/jobs/view/gestionnaire-de-commandes-service-clients-%E2%80%93-fr-nl-h-f-x-at-vanheede-environment-group-4465780803,https://be.linkedin.com/company/vanheede-environment-group,4465780803
VELUX,Customer Service Advisor,"Waver, Wallonië, België",2026-08-26,klantenservice medewerker,nee,https://be.linkedin.com/jobs/view/customer-service-advisor-at-velux-4457243512,https://dk.linkedin.com/company/velux,4457243512
VELUX,Customer Service Advisor – VELUX Belgium,"Waver, Wallonië, België",2026-09-17,klantenservice medewerker,nee,https://be.linkedin.com/jobs/view/customer-service-advisor-%E2%80%93-velux-belgium-at-velux-4468604708,https://dk.linkedin.com/company/velux,4468604708
Vigo Ottobock Care,Customer Service medewerker mobiliteitshulpmiddelen,"Wetteren, Vlaanderen, België",2026-08-30,klantenservice medewerker,nee,https://be.linkedin.com/jobs/view/customer-service-medewerker-mobiliteitshulpmiddelen-at-vigo-ottobock-care-4460018085,https://be.linkedin.com/company/v-go-nv,4460018085
Villeroy &amp; Boch Group,Customer Service Agent,"Roeselare, Vlaanderen, België",2026-09-16,klantenservice medewerker,nee,https://be.linkedin.com/jobs/view/customer-service-agent-at-villeroy-boch-group-4465961977,https://de.linkedin.com/company/villeroy-boch-group,4465961977
Vivaldis,Employé service clients,"Brussels Hoofdstedelijk Gewest, België",2026-09-21,klantenservice medewerker,nee,https://be.linkedin.com/jobs/view/employ%C3%A9-service-clients-at-vivaldis-4467381609,https://be.linkedin.com/company/vivaldis,4467381609
Volvo Trucks,Customer Service Representative Volvo Penta,"Antwerpen, Vlaanderen, België",2026-09-03,klantenservice medewerker,nee,https://be.linkedin.com/jobs/view/customer-service-representative-volvo-penta-at-volvo-trucks-4434637213,https://se.linkedin.com/company/volvo-trucks,4434637213
Volvo Trucks,Customer Service Coordinator - Dutch + German,"Gent, Vlaanderen, België",2026-09-06,klantenservice medewerker,nee,https://be.linkedin.com/jobs/view/customer-service-coordinator-dutch-%2B-german-at-volvo-trucks-4436752885,https://se.linkedin.com/company/volvo-trucks,4436752885
Yuki,Customer Support Hero,"Antwerpen, Vlaanderen, België",2026-08-31,klantenservice medewerker,nee,https://be.linkedin.com/jobs/view/customer-support-hero-at-yuki-4461265678,https://be.linkedin.com/company/yukisoftware,4461265678
Zero Friction,Customer Service and Operations Agent NL &amp; FR,"Gent, Vlaanderen, België",2026-07-23,klantenservice medewerker,nee,https://be.linkedin.com/jobs/view/customer-service-and-operations-agent-nl-fr-at-zero-friction-4444438889,https://be.linkedin.com/company/zerofriction,4444438889
&amp;MOSS | Luxury Outdoor Furniture,Senior Online Marketeer,Nunspeet,2026-09-21,online marketeer webshop,nee,https://nl.linkedin.com/jobs/view/senior-online-marketeer-at-moss-luxury-outdoor-furniture-4469849630,https://nl.linkedin.com/company/nmoss-outdoor,4469849630
123inkt.nl,Lead Category Manager E-commerce,Almere,2026-09-10,webshop beheerder,nee,https://nl.linkedin.com/jobs/view/lead-category-manager-e-commerce-at-123inkt-nl-4465696627,https://nl.linkedin.com/company/123inkt-nl,4465696627
123inkt.nl,Category Manager E-commerce,Nederhorst den Berg,2026-09-15,webshop beheerder,nee,https://nl.linkedin.com/jobs/view/category-manager-e-commerce-at-123inkt-nl-4467772331,https://nl.linkedin.com/company/123inkt-nl,4467772331
123inkt.nl,Magazijnmedewerker,Almere,2026-09-22,logistiek medewerker webshop,nee,https://nl.linkedin.com/jobs/view/magazijnmedewerker-at-123inkt-nl-4461754284,https://nl.linkedin.com/company/123inkt-nl,4461754284
123schoon.nl,Klantenservice Medewerker,Almere,2026-09-22,e-commerce medewerker,nee,https://nl.linkedin.com/jobs/view/klantenservice-medewerker-at-123schoon-nl-4470437712,https://nl.linkedin.com/company/123schoon.nl,4470437712
A.A.S. Schadeherstel,Content marketeer,Breda,2026-09-16,content specialist webshop,nee,https://nl.linkedin.com/jobs/view/content-marketeer-at-aas-schadeherstel-4285387132,https://nl.linkedin.com/company/aas-schadeherstel,4285387132
aalbers|indeko,Magazijnmedewerker,Renswoude,2026-04-16,logistiek medewerker webshop,nee,https://nl.linkedin.com/jobs/view/magazijnmedewerker-at-aalbers-indeko-4402130767,https://nl.linkedin.com/company/indeko-holland-bv,4402130767
Abroad Experience International Recruitment,Order Manager,Amsterdam Area,2026-09-21,orderverwerking,nee,https://nl.linkedin.com/jobs/view/order-manager-at-abroad-experience-international-recruitment-4467602173,https://nl.linkedin.com/company/abroad-experience-bv,4467602173
"Access Bright, Inc.",越境EC事業責任者,Scherpenzeel,2026-07-23,webshop beheerder,nee,https://nl.linkedin.com/jobs/view/%E8%B6%8A%E5%A2%83ec%E4%BA%8B%E6%A5%AD%E8%B2%AC%E4%BB%BB%E8%80%85-at-access-bright-inc-4443467535,https://www.linkedin.com/company/access-bright-limited,4443467535
Ace &amp; Tate,E-Commerce Intern,Amsterdam,2026-09-21,webshop beheerder,nee,https://nl.linkedin.com/jobs/view/e-commerce-intern-at-ace-tate-4469857309,https://nl.linkedin.com/company/ace-&amp;-tate,4469857309
adidas,Senior UX Copywriter,Amsterdam,2026-09-07,content specialist webshop,nee,https://nl.linkedin.com/jobs/view/senior-ux-copywriter-at-adidas-4462203402,https://de.linkedin.com/company/adidas,4462203402
Adwise - Your Digital Brain,Merchandising &amp; Search Specialist,Enschede,2026-08-28,e-commerce medewerker,nee,https://nl.linkedin.com/jobs/view/merchandising-search-specialist-at-adwise-your-digital-brain-4470443044,https://nl.linkedin.com/company/adwise-yourdigitalbrain,4470443044
Adwise - Your Digital Brain,E-commerce &amp; CRO Specialist,Almelo,2026-08-28,e-commerce medewerker,nee,https://nl.linkedin.com/jobs/view/e-commerce-cro-specialist-at-adwise-your-digital-brain-4470437421,https://nl.linkedin.com/company/adwise-yourdigitalbrain,4470437421
Adwise - Your Digital Brain,E-commerce Manager,Oost-Vlieland,2026-08-28,webshop medewerker,nee,https://nl.linkedin.com/jobs/view/e-commerce-manager-at-adwise-your-digital-brain-4470423845,https://nl.linkedin.com/company/adwise-yourdigitalbrain,4470423845
Adwise - Your Digital Brain,Lead E-Commerce,Enschede,2026-08-28,webshop beheerder,nee,https://nl.linkedin.com/jobs/view/lead-e-commerce-at-adwise-your-digital-brain-4470429604,https://nl.linkedin.com/company/adwise-yourdigitalbrain,4470429604
Adwise - Your Digital Brain,Marketplaces marketeer,Almelo,2026-08-28,online marketeer webshop,nee,https://nl.linkedin.com/jobs/view/marketplaces-marketeer-at-adwise-your-digital-brain-4470425714,https://nl.linkedin.com/company/adwise-yourdigitalbrain,4470425714
Adwise - Your Digital Brain,Content Marketeer,Coevorden,2026-08-28,content specialist webshop,nee,https://nl.linkedin.com/jobs/view/content-marketeer-at-adwise-your-digital-brain-4470432482,https://nl.linkedin.com/company/adwise-yourdigitalbrain,4470432482
AEO DIRECT,Content &amp; AEO Specialist,Amsterdam Area,2026-08-04,content specialist webshop,nee,https://nl.linkedin.com/jobs/view/content-aeo-specialist-at-aeo-direct-4448559070,https://nl.linkedin.com/company/aeo-direct,4448559070
Alex Staff,Marketing Content Specialist,Rotterdam,2026-09-10,content specialist webshop,nee,https://nl.linkedin.com/jobs/view/marketing-content-specialist-at-alex-staff-4465626393,https://www.linkedin.com/company/alex-staff,4465626393
Ambachtelijke slager Van der Zee,LEIDINGGEVENDE ORDERPICKER (38 UUR) – VENLO,Venlo,2026-09-02,orderverwerking,nee,https://nl.linkedin.com/jobs/view/leidinggevende-orderpicker-38-uur-%E2%80%93-venlo-at-ambachtelijke-slager-van-der-zee-4462493109,https://nl.linkedin.com/company/van-der-zee-vleesgrootverbruik-b-v-,4462493109
Ambachtelijke slager Van der Zee,ORDERPICKER SLAGERIJ AVOND (20-24 UUR) – VENLO,Venlo,2026-09-02,orderverwerking,nee,https://nl.linkedin.com/jobs/view/orderpicker-slagerij-avond-20-24-uur-%E2%80%93-venlo-at-ambachtelijke-slager-van-der-zee-4462491133,https://nl.linkedin.com/company/van-der-zee-vleesgrootverbruik-b-v-,4462491133
America Today,E-Commerce stagiaire,Diemen,2026-05-16,webshop beheerder,ja,https://nl.linkedin.com/jobs/view/e-commerce-stagiaire-at-america-today-4427022033,https://nl.linkedin.com/company/america-today,4427022033
Amoria Bond,Customer Order Specialist,"Noord-Holland, Nederland",2026-09-22,orderverwerking,nee,https://nl.linkedin.com/jobs/view/customer-order-specialist-at-amoria-bond-4470439619,https://uk.linkedin.com/company/amoria-bond,4470439619
Amsterdam Warehouse Company,Customer Operations Specialist – Logistiek &amp; Warehousing,Amsterdam,2026-09-11,orderverwerking,nee,https://nl.linkedin.com/jobs/view/customer-operations-specialist-%E2%80%93-logistiek-warehousing-at-amsterdam-warehouse-company-4465688510,https://nl.linkedin.com/company/amsterdam-warehouse-company,4465688510
Anna van Toor,Teamleider,Vianen,2026-04-15,webshop beheerder,nee,https://nl.linkedin.com/jobs/view/teamleider-at-anna-van-toor-4402284348,https://nl.linkedin.com/company/anna-van-toor,4402284348
APL Logistics,Allround Logistiek Medewerker – Amsterdam,Amsterdam,2026-06-12,logistiek medewerker webshop,nee,https://nl.linkedin.com/jobs/view/allround-logistiek-medewerker-%E2%80%93-amsterdam-at-apl-logistics-4428144141,https://www.linkedin.com/company/apl-logistics,4428144141
Areti Group | B Corp™,"🌳 Delivery Director – Shopify Plus &amp; eCommerce 🌳 Netherlands | Remote-first | €80,000–€90,000 + Bonus + Car Allowance Enterprise Shopify | eCommerce | Digital Experience",Nederland,2026-09-04,webshop beheerder,nee,https://nl.linkedin.com/jobs/view/%F0%9F%8C%B3-delivery-director-%E2%80%93-shopify-plus-ecommerce-%F0%9F%8C%B3-netherlands-remote-first-%E2%82%AC80-000%E2%80%93%E2%82%AC90-000-%2B-bonus-%2B-car-allowance-enterprise-shopify-ecommerce-digital-experience-at-areti-group-b-corp%E2%84%A2-4463396229,https://uk.linkedin.com/company/aretigroup,4463396229
AS Watson Benelux,Click &amp; Collect Performance Lead,Renswoude,2026-09-15,webshop beheerder,nee,https://nl.linkedin.com/jobs/view/click-collect-performance-lead-at-as-watson-benelux-4466538783,https://nl.linkedin.com/company/aswatson-benelux,4466538783
AS Watson Benelux,Data Beheerder,Renswoude,2026-09-15,webshop beheerder,nee,https://nl.linkedin.com/jobs/view/data-beheerder-at-as-watson-benelux-4466558455,https://nl.linkedin.com/company/aswatson-benelux,4466558455
AS Watson Benelux,Logistiek Medewerker,Ede,2026-09-16,logistiek medewerker webshop,nee,https://nl.linkedin.com/jobs/view/logistiek-medewerker-at-as-watson-benelux-4466860594,https://nl.linkedin.com/company/aswatson-benelux,4466860594
AS Watson Benelux,Logistiek Medewerker,Heteren,2026-09-16,logistiek medewerker webshop,nee,https://nl.linkedin.com/jobs/view/logistiek-medewerker-at-as-watson-benelux-4466862254,https://nl.linkedin.com/company/aswatson-benelux,4466862254
Asgro,Logistiek medewerker,Vianen,2026-09-22,logistiek medewerker webshop,nee,https://nl.linkedin.com/jobs/view/logistiek-medewerker-at-asgro-4470419985,https://nl.linkedin.com/company/asgrocom,4470419985
Athora Netherlands,Copywriter,Amsterdam,2026-09-22,content specialist webshop,nee,https://nl.linkedin.com/jobs/view/copywriter-at-athora-netherlands-4442093198,https://nl.linkedin.com/company/athora-netherlands,4442093198
Atolls,Junior Editor (m/f/x) - Dutch Speaking,Amsterdam,2026-09-11,content specialist webshop,nee,https://nl.linkedin.com/jobs/view/junior-editor-m-f-x-dutch-speaking-at-atolls-4456723608,https://de.linkedin.com/company/atolls,4456723608
Atvise | Next Level E-commerce 🔥🚀,Magento developer,Noordwijk-Binnen,2026-04-10,webshop beheerder,nee,https://nl.linkedin.com/jobs/view/magento-developer-at-atvise-next-level-e-commerce-%F0%9F%94%A5%F0%9F%9A%80-4398189730,https://nl.linkedin.com/company/atvise,4398189730
Azerty,Logistiek medewerker allround,Raalte,2026-07-24,logistiek medewerker webshop,nee,https://nl.linkedin.com/jobs/view/logistiek-medewerker-allround-at-azerty-4444960361,https://nl.linkedin.com/company/azerty_2,4444960361
B&amp;S Media Internetmarketing,» Vacature Contentspecialist in Kampen,Kampen,2025-02-18,content specialist webshop,nee,https://nl.linkedin.com/jobs/view/%C2%BB-vacature-contentspecialist-in-kampen-at-b-s-media-internetmarketing-4157800318,https://nl.linkedin.com/company/b&amp;s-media-internetmarketing,4157800318
Baktotaal,Online marketeer Duits,Goor,2026-09-11,online marketeer webshop,nee,https://nl.linkedin.com/jobs/view/online-marketeer-duits-at-baktotaal-4466072603,https://nl.linkedin.com/company/baktotaal-bouwhuis-b.v.,4466072603
BAS,Category Manager Vans,Veghel,2026-08-26,webshop beheerder,nee,https://nl.linkedin.com/jobs/view/category-manager-vans-at-bas-4459184357,https://nl.linkedin.com/company/bas-holding,4459184357
BAS,Meewerkstage E-Commerce,Veghel,2026-09-22,webshop beheerder,nee,https://nl.linkedin.com/jobs/view/meewerkstage-e-commerce-at-bas-4470410953,https://nl.linkedin.com/company/bas-holding,4470410953
Bax Music,Technical Content Lead met productexpertise,Goes,2026-02-14,webshop beheerder,nee,https://nl.linkedin.com/jobs/view/technical-content-lead-met-productexpertise-at-bax-music-4372964475,https://nl.linkedin.com/company/baxmusic,4372964475
Bax Music,Warehouse Outbound Operator (16.00 – 01.00),Goes,2026-04-09,logistiek medewerker webshop,nee,https://nl.linkedin.com/jobs/view/warehouse-outbound-operator-16-00-%E2%80%93-01-00-at-bax-music-4398827621,https://nl.linkedin.com/company/baxmusic,4398827621
Bax Music,Warehouse Outbound Operator (16.00 – 01.00),Goes,2026-06-11,logistiek medewerker webshop,nee,https://nl.linkedin.com/jobs/view/warehouse-outbound-operator-16-00-%E2%80%93-01-00-at-bax-music-4423600484,https://nl.linkedin.com/company/baxmusic,4423600484
Bax Music,SEA / Performance Marketeer,Goes,2026-08-28,online marketeer webshop,nee,https://nl.linkedin.com/jobs/view/sea-performance-marketeer-at-bax-music-4458093958,https://nl.linkedin.com/company/baxmusic,4458093958
Beetronics BV,Country Manager Netherlands &amp; Belgium (E-Commerce &amp; Electronics),Amsterdam,2026-09-09,webshop beheerder,nee,https://nl.linkedin.com/jobs/view/country-manager-netherlands-belgium-e-commerce-electronics-at-beetronics-4465035070,https://nl.linkedin.com/company/beetronics,4465035070
Beko Europe,Team Lead Order Desk,Breda,2026-09-14,orderverwerking,nee,https://nl.linkedin.com/jobs/view/team-lead-order-desk-at-beko-europe-4467059037,https://www.linkedin.com/company/beko-europe,4467059037
Bezos.AI,Business Operations Manager,Amsterdam,2026-07-05,webshop beheerder,nee,https://nl.linkedin.com/jobs/view/business-operations-manager-at-gonini-formerly-bezos-ai-4437109696,https://uk.linkedin.com/company/bezosai,4437109696
BFG Trading B.V.,ALLROUND LOGISTIEK MEDEWERKER,Dordrecht,2026-05-15,logistiek medewerker webshop,nee,https://nl.linkedin.com/jobs/view/allround-logistiek-medewerker-at-bfg-trading-4411566889,https://nl.linkedin.com/company/bfg-trading-b-v,4411566889
BI Amazed,Senior Marketplace Manager,Zwolle,2026-09-11,webshop beheerder,nee,https://nl.linkedin.com/jobs/view/senior-marketplace-manager-at-bi-amazed-4466087627,https://nl.linkedin.com/company/bi-amazed,4466087627
Big Thinkers Online Marketing,Senior Online Marketing Consultant,Barendrecht,2026-08-05,online marketeer webshop,nee,https://nl.linkedin.com/jobs/view/senior-online-marketing-consultant-at-big-thinkers-online-marketing-4447308616,https://nl.linkedin.com/company/big-thinkers-online-marketing,4447308616
Blauwe Monsters (part of Conclusion),Copywriter,Haarlem,2025-07-31,content specialist webshop,nee,https://nl.linkedin.com/jobs/view/copywriter-at-blauwe-monsters-part-of-conclusion-4278615727,https://nl.linkedin.com/company/blauwe-monsters,4278615727
Blauwe Monsters (part of Conclusion),Online Marketeer,Haarlem,2026-06-23,online marketeer webshop,nee,https://nl.linkedin.com/jobs/view/online-marketeer-at-blauwe-monsters-part-of-conclusion-4432425079,https://nl.linkedin.com/company/blauwe-monsters,4432425079
blooming people,Junior Functioneel Beheerder,"Zuid-Holland, Nederland",2026-09-10,webshop beheerder,nee,https://nl.linkedin.com/jobs/view/junior-functioneel-beheerder-at-blooming-people-4463475428,https://nl.linkedin.com/company/blooming-peoplenl,4463475428
Bluebird Day. | B Corp,Product Owner,Breda,2026-09-08,webshop beheerder,nee,https://nl.linkedin.com/jobs/view/product-owner-at-bluebird-day-4462147233,https://nl.linkedin.com/company/bluebirdday,4462147233
Bode Scholten (opslag) B.V.,Logistiek Medewerker / Magazijnmedewerker (3-Ploegendienst),Zoetermeer,2026-06-13,logistiek medewerker webshop,nee,https://nl.linkedin.com/jobs/view/logistiek-medewerker-magazijnmedewerker-3-ploegendienst-at-bode-scholten-bv-4428341742,https://nl.linkedin.com/company/bode-scholten-b-v-,4428341742
Boermarke,Magazijnmedewerker / Orderpicker,Enschede,2026-04-24,orderverwerking,nee,https://nl.linkedin.com/jobs/view/magazijnmedewerker-orderpicker-at-boermarke-b-v-4403760996,https://nl.linkedin.com/company/boermarke,4403760996
bol,Digital Advertising Consultant,Utrecht,2026-09-04,online marketeer webshop,nee,https://nl.linkedin.com/jobs/view/digital-advertising-consultant-at-bol-4463343899,https://nl.linkedin.com/company/bol-com,4463343899
BONO,Media Buyer (META) | Paid Social Specialist,Amsterdam Area,2026-08-31,online marketeer webshop,nee,https://nl.linkedin.com/jobs/view/media-buyer-meta-paid-social-specialist-at-bono-4461051671,https://nl.linkedin.com/company/bonobv,4461051671
Booking Boosters,SEO &amp; Content Marketeer DACH,Enschede,2026-08-04,content specialist webshop,nee,https://nl.linkedin.com/jobs/view/seo-content-marketeer-dach-at-booking-boosters-4449094506,https://nl.linkedin.com/company/bookingboosters,4449094506
Booking Experts,Medior Social Media &amp; Content Marketeer,Enschede,2026-06-04,content specialist webshop,nee,https://nl.linkedin.com/jobs/view/medior-social-media-content-marketeer-at-booking-experts-b-v-4424275717,https://nl.linkedin.com/company/bookingexperts,4424275717
Booking Experts,SEO &amp; Content Marketeer DACH,Enschede,2026-07-16,content specialist webshop,nee,https://nl.linkedin.com/jobs/view/seo-content-marketeer-dach-at-booking-experts-b-v-4440793445,https://nl.linkedin.com/company/bookingexperts,4440793445
Booking Experts,SEO &amp; Content Marketer DACH,Enschede,2026-07-16,content specialist webshop,nee,https://nl.linkedin.com/jobs/view/seo-content-marketer-dach-at-booking-experts-b-v-4440795375,https://nl.linkedin.com/company/bookingexperts,4440795375
Booking Experts,Content &amp; Social Ads Marketeer DACH,Enschede,2026-07-16,content specialist webshop,nee,https://nl.linkedin.com/jobs/view/content-social-ads-marketeer-dach-at-booking-experts-b-v-4440783744,https://nl.linkedin.com/company/bookingexperts,4440783744
Booston.io,Logistiek medewerker,"Noord-Holland, Nederland",2026-09-21,logistiek medewerker webshop,nee,https://nl.linkedin.com/jobs/view/logistiek-medewerker-at-booston-io-4468740241,https://nl.linkedin.com/company/booston,4468740241
Bouwmaat,Medewerker Logistiek,Hilversum,2026-07-07,logistiek medewerker webshop,nee,https://nl.linkedin.com/jobs/view/medewerker-logistiek-at-bouwmaat-4436581659,https://nl.linkedin.com/company/bouwmaat,4436581659
Brandfirm,Medior Contentspecialist,Amsterdam,2026-09-21,content specialist webshop,nee,https://nl.linkedin.com/jobs/view/medior-contentspecialist-at-brandfirm-4468165889,https://nl.linkedin.com/company/brandfirm-nl,4468165889
BrandPit,"*vervuld* vacature website &amp; performance marketeer. theater, amsterdam.",Loenen,2026-04-16,webshop beheerder,nee,https://nl.linkedin.com/jobs/view/vervuld-vacature-website-performance-marketeer-theater-amsterdam-at-brandpit-4402677114,https://nl.linkedin.com/company/brandpit,4402677114
brandwebbing,Performance Marketeer (32-40 uur),"Utrecht, Nederland",2026-09-09,online marketeer webshop,nee,https://nl.linkedin.com/jobs/view/performance-marketeer-32-40-uur-at-brandwebbing-4464980866,https://nl.linkedin.com/company/brandwebbing,4464980866
Brandweer,Contentspecialist,Eindhoven,2026-09-20,content specialist webshop,nee,https://nl.linkedin.com/jobs/view/contentspecialist-at-brandweer-4470251378,https://nl.linkedin.com/company/brandweer,4470251378
Brighteq,Magento Backend Developer,Utrecht Area,2026-08-01,webshop beheerder,nee,https://nl.linkedin.com/jobs/view/magento-backend-developer-at-brighteq-4447604373,https://nl.linkedin.com/company/brighteq,4447604373
Broekhuis,Online Marketeer,Putten,2026-07-15,online marketeer webshop,nee,https://nl.linkedin.com/jobs/view/online-marketeer-at-broekhuis-groep-4439267068,https://nl.linkedin.com/company/broekhuisnl,4439267068
Brooks Running,eCommerce EMEA Intern (Starting January 2027),Amsterdam,2026-09-15,webshop beheerder,nee,https://nl.linkedin.com/jobs/view/ecommerce-emea-intern-starting-january-2027-at-brooks-running-4458755662,https://www.linkedin.com/company/brooks-running-company,4458755662
Build in Amsterdam | Powered by Front Row,Digital Project Manager,Amsterdam,2026-09-01,webshop beheerder,nee,https://nl.linkedin.com/jobs/view/digital-project-manager-at-build-in-amsterdam-powered-by-front-row-4459274000,https://nl.linkedin.com/company/build-in-amsterdam,4459274000
Burger Support BV,Teamleider Fulfilment,Lelystad,2026-09-10,orderverwerking,nee,https://nl.linkedin.com/jobs/view/teamleider-fulfilment-at-burger-support-bv-4465687683,https://nl.linkedin.com/company/burgersupport,4465687683
Burger Support BV,Sales &amp; Purchase Medewerker,"Flevoland, Nederland",2026-09-17,orderverwerking,nee,https://nl.linkedin.com/jobs/view/sales-purchase-medewerker-at-burger-support-bv-4468602932,https://nl.linkedin.com/company/burgersupport,4468602932
C Teleport,Marketing Content Specialist,Rotterdam,2026-09-03,content specialist webshop,nee,https://nl.linkedin.com/jobs/view/marketing-content-specialist-at-c-teleport-4461373339,https://nl.linkedin.com/company/c-teleport,4461373339
Cabau Lifestyle,Social Advertising Specialist,Arnhem,2026-08-25,online marketeer webshop,ja,https://nl.linkedin.com/jobs/view/social-advertising-specialist-at-cabau-lifestyle-4458739034,https://nl.linkedin.com/company/cabau-lifestyle,4458739034
Capisoft,Performance &amp; Growth Marketing Trainee,Amsterdam,2026-08-26,online marketeer webshop,nee,https://nl.linkedin.com/jobs/view/performance-growth-marketing-trainee-at-capisoft-4459310025,https://nl.linkedin.com/company/capisoftnl,4459310025
Carhartt EMEA/PAC,Ecommerce Manager,Amsterdam,2026-09-10,webshop beheerder,nee,https://nl.linkedin.com/jobs/view/ecommerce-manager-at-carhartt-emea-pac-4463477019,https://nl.linkedin.com/company/carhartt-emea-apac,4463477019
Chefs in het Bos,Grafisch ontwerper / Creative designer,Amsterdam,2026-09-07,content specialist webshop,nee,https://nl.linkedin.com/jobs/view/grafisch-ontwerper-creative-designer-at-chefs-in-het-bos-4464349543,https://www.linkedin.com/company/chefsinhetbos,4464349543
Cleopatra Enterprise,Content Specialist,Zwijndrecht,2026-08-25,content specialist webshop,nee,https://nl.linkedin.com/jobs/view/content-specialist-at-cleopatra-enterprise-4444103101,https://nl.linkedin.com/company/cleopatraenterprise,4444103101
Commaxx Group,LOGISTIEKE MEDEWERKERS / ORDER PICKERS TWEEPLOEGENDIENST (FULLTIME),Kerkrade,2026-08-05,logistiek medewerker webshop,nee,https://nl.linkedin.com/jobs/view/logistieke-medewerkers-order-pickers-tweeploegendienst-fulltime-at-commaxx-group-4449472617,https://nl.linkedin.com/company/commaxxgroup,4449472617
Coolblue,Magazijnmedewerker,Tilburg,2026-06-04,logistiek medewerker webshop,nee,https://nl.linkedin.com/jobs/view/magazijnmedewerker-at-coolblue-4423507681,https://nl.linkedin.com/company/coolblue,4423507681
Copaco,Online Marketeer,Eindhoven,2026-07-09,content specialist webshop,nee,https://nl.linkedin.com/jobs/view/online-marketeer-at-copaco-4448157368,https://nl.linkedin.com/company/copaco,4448157368
CorporateTrailer | The Power of Storytelling,Creative Marketeer,Vught,2026-09-14,content specialist webshop,nee,https://nl.linkedin.com/jobs/view/creative-marketeer-at-corporatetrailer-the-power-of-storytelling-4467226243,https://nl.linkedin.com/company/corporatetrailer,4467226243
Cosmetique Totale BV,Paid Marketeer (Meta &amp; Google Ads),Alphen aan den Rijn,2026-09-21,online marketeer webshop,nee,https://nl.linkedin.com/jobs/view/paid-marketeer-meta-google-ads-at-cosmetique-totale-bv-4469843865,https://nl.linkedin.com/company/cosmetique-totale-bv,4469843865
CowNect Media B.V.,CONTENT CREATOR,Alkmaar,2026-08-05,content specialist webshop,nee,https://nl.linkedin.com/jobs/view/content-creator-at-cownect-media-b-v-4448996366,https://www.linkedin.com/company/cownect-media-b-v,4448996366
crossphase,AI-contentspecialist,Randstad,2026-09-14,content specialist webshop,nee,https://nl.linkedin.com/jobs/view/ai-contentspecialist-at-crossphase-4455572943,https://nl.linkedin.com/company/crossphase,4455572943
CroudX,Digital Strategy Consultant,Amsterdam Area,2026-08-04,online marketeer webshop,nee,https://nl.linkedin.com/jobs/view/digital-strategy-consultant-at-croudx-4448587669,https://nl.linkedin.com/company/croudx,4448587669
CroudX,Senior Digital Strategy Consultant,Amsterdam Area,2026-08-04,online marketeer webshop,nee,https://nl.linkedin.com/jobs/view/senior-digital-strategy-consultant-at-croudx-4448593565,https://nl.linkedin.com/company/croudx,4448593565
CroudX,SEO Specialist,Amsterdam Area,2026-08-04,content specialist webshop,nee,https://nl.linkedin.com/jobs/view/seo-specialist-at-croudx-4448585676,https://nl.linkedin.com/company/croudx,4448585676
CroudX,Head of Growth,Amsterdam Area,2026-08-05,online marketeer webshop,nee,https://nl.linkedin.com/jobs/view/head-of-growth-at-croudx-4448985895,https://nl.linkedin.com/company/croudx,4448985895
DAB Pumps,Product Owner E-Commerce,'s-Hertogenbosch,2026-09-14,webshop beheerder,nee,https://nl.linkedin.com/jobs/view/product-owner-e-commerce-at-dab-pumps-4467274563,https://it.linkedin.com/company/dab-pumps,4467274563
Dartshopper,Producteigenaar,Veldhoven,2026-09-22,webshop beheerder,nee,https://nl.linkedin.com/jobs/view/producteigenaar-at-dartshopper-4470295262,https://nl.linkedin.com/company/dartshopper,4470295262
Dartshopper,Online marketeer,Veldhoven,2026-09-22,online marketeer webshop,nee,https://nl.linkedin.com/jobs/view/online-marketeer-at-dartshopper-4470275814,https://nl.linkedin.com/company/dartshopper,4470275814
DB Keukens,Online marketing specialist,Nunspeet,2026-05-05,webshop beheerder,nee,https://nl.linkedin.com/jobs/view/online-marketing-specialist-at-db-keukengroep-4408453635,https://nl.linkedin.com/company/db-keukens,4408453635
DB Pelma Keukens,Contentmarketeer in Nunspeet,Nunspeet,2026-02-27,content specialist webshop,nee,https://nl.linkedin.com/jobs/view/contentmarketeer-in-nunspeet-at-db-pelma-keukens-4375945064,https://nl.linkedin.com/company/db-pelma-keukens,4375945064
DB Pelma Keukens,Online marketing specialist,Nunspeet,2026-05-05,online marketeer webshop,nee,https://nl.linkedin.com/jobs/view/online-marketing-specialist-at-db-pelma-keukens-4408458560,https://nl.linkedin.com/company/db-pelma-keukens,4408458560
de Bijenkorf,Sr. Digital Optimization Specialist,Amsterdam,2026-09-05,online marketeer webshop,nee,https://nl.linkedin.com/jobs/view/sr-digital-optimization-specialist-at-de-bijenkorf-4416276414,https://nl.linkedin.com/company/de-bijenkorf,4416276414
De Monnik Dranken,Magazijnmedewerker fulltime,Oldenzaal,2026-05-20,logistiek medewerker webshop,nee,https://nl.linkedin.com/jobs/view/magazijnmedewerker-fulltime-at-de-monnik-dranken-4417098209,https://nl.linkedin.com/company/de-monnik-dranken,4417098209
De Tegel BV,Content marketeer,Alkmaar,2026-08-25,online marketeer webshop,nee,https://nl.linkedin.com/jobs/view/content-marketeer-at-de-tegel-bv-4458728560,https://nl.linkedin.com/company/de-tegel-bv,4458728560
De Verfzaak,SEO-specialist,Venlo,2026-07-01,content specialist webshop,nee,https://nl.linkedin.com/jobs/view/seo-specialist-at-de-verfzaak-4435575497,https://nl.linkedin.com/company/de-verfzaak,4435575497
De Verfzaak,Meewerkend voorman￼,Blerick,2026-08-05,orderverwerking,nee,https://nl.linkedin.com/jobs/view/meewerkend-voorman%EF%BF%BC-at-de-verfzaak-4447325212,https://nl.linkedin.com/company/de-verfzaak,4447325212
Decent,Ecommerce Manager,Capelle aan den IJssel,2026-09-02,webshop beheerder,nee,https://nl.linkedin.com/jobs/view/ecommerce-manager-at-decent-4460962734,https://nl.linkedin.com/company/decentrecruitment,4460962734
Decent,Campaign Manager,Rotterdam,2026-09-08,online marketeer webshop,nee,https://nl.linkedin.com/jobs/view/campaign-manager-at-decent-4463289084,https://nl.linkedin.com/company/decentrecruitment,4463289084
DeMarktwijzer,Junior Accountmanager Online Marketing,Roermond,2026-09-09,online marketeer webshop,nee,https://nl.linkedin.com/jobs/view/junior-accountmanager-online-marketing-at-demarktwijzer-4465071039,https://nl.linkedin.com/company/demarktwijzer,4465071039
Den Eelder,VACATURE LOGISTIEK MEDEWERKER KOELCEL/ORDERPICKER,Hedel,2026-08-05,orderverwerking,nee,https://nl.linkedin.com/jobs/view/vacature-logistiek-medewerker-koelcel-orderpicker-at-den-eelder-4449439247,https://nl.linkedin.com/company/den-eelder,4449439247
Detailrs,E-commerce &amp; UX Lead,Oss,2026-08-31,online marketeer webshop,nee,https://nl.linkedin.com/jobs/view/e-commerce-ux-lead-at-detailrs-4434440735,https://nl.linkedin.com/company/detailrs,4434440735
DFDS,Logistiek Medewerker,Europoort,2026-09-20,logistiek medewerker webshop,nee,https://nl.linkedin.com/jobs/view/logistiek-medewerker-at-dfds-4441622146,https://dk.linkedin.com/company/dfds,4441622146
DHL eCommerce Nederland,Operator Logistiek | DHL eCommerce | Arnhem,Arnhem,2026-09-16,logistiek medewerker webshop,nee,https://nl.linkedin.com/jobs/view/operator-logistiek-dhl-ecommerce-arnhem-at-dhl-ecommerce-nederland-4466517412,https://nl.linkedin.com/company/dhlecommercenederland,4466517412
DHL eCommerce Nederland,Operator Logistiek Ochtenddienst | DHL eCommerce | Arnhem,Arnhem,2026-09-16,logistiek medewerker webshop,nee,https://nl.linkedin.com/jobs/view/operator-logistiek-ochtenddienst-dhl-ecommerce-arnhem-at-dhl-ecommerce-nederland-4466528308,https://nl.linkedin.com/company/dhlecommercenederland,4466528308
Dibbes Online,Vacature: Copywriter bij Dibbes,Amsterdam,2026-08-01,content specialist webshop,nee,https://nl.linkedin.com/jobs/view/vacature-copywriter-bij-dibbes-at-dibbes-online-4445811935,https://nl.linkedin.com/company/dibbes-online,4445811935
Difrax baby and kids items,Magazijnmedewerker,Bilthoven,2026-09-22,logistiek medewerker webshop,nee,https://nl.linkedin.com/jobs/view/magazijnmedewerker-at-difrax-baby-and-kids-items-4469006302,https://nl.linkedin.com/company/difrax,4469006302
DigiSwift,WEBSITEBOUWER,Arnhem,2026-08-05,content specialist webshop,nee,https://nl.linkedin.com/jobs/view/websitebouwer-at-digiswift-4448945847,https://nl.linkedin.com/company/digiswift,4448945847
Dirk van den Broek,Logistiek Medewerker (fulltime),Bleiswijk,2026-09-08,logistiek medewerker webshop,nee,https://nl.linkedin.com/jobs/view/logistiek-medewerker-fulltime-at-dirk-van-den-broek-4463502769,https://nl.linkedin.com/company/dirk-van-den-broek,4463502769
Dirk van den Broek,Medewerker Expeditie,Bleiswijk,2026-09-09,logistiek medewerker webshop,nee,https://nl.linkedin.com/jobs/view/medewerker-expeditie-at-dirk-van-den-broek-4463832237,https://nl.linkedin.com/company/dirk-van-den-broek,4463832237
Dirk van den Broek,Medewerker Uitgaande Goederen,Bleiswijk,2026-09-09,logistiek medewerker webshop,nee,https://nl.linkedin.com/jobs/view/medewerker-uitgaande-goederen-at-dirk-van-den-broek-4463823987,https://nl.linkedin.com/company/dirk-van-den-broek,4463823987
Dirk van den Broek,Logistiek Medewerker (fulltime),Bleiswijk,2026-09-09,logistiek medewerker webshop,nee,https://nl.linkedin.com/jobs/view/logistiek-medewerker-fulltime-at-dirk-van-den-broek-4463831389,https://nl.linkedin.com/company/dirk-van-den-broek,4463831389
Dirk van den Broek,Logistiek Medewerker (fulltime),Bleiswijk,2026-09-09,logistiek medewerker webshop,nee,https://nl.linkedin.com/jobs/view/logistiek-medewerker-fulltime-at-dirk-van-den-broek-4463834271,https://nl.linkedin.com/company/dirk-van-den-broek,4463834271
Dirk van den Broek,Logistiek Medewerker (fulltime),Bleiswijk,2026-09-09,logistiek medewerker webshop,nee,https://nl.linkedin.com/jobs/view/logistiek-medewerker-fulltime-at-dirk-van-den-broek-4463839183,https://nl.linkedin.com/company/dirk-van-den-broek,4463839183
Do Good Ventures,Director of DTC Growth,Nederland,2026-09-19,webshop beheerder,nee,https://nl.linkedin.com/jobs/view/director-of-dtc-growth-at-do-good-ventures-4468406497,https://www.linkedin.com/company/do-good-ventures-llc,4468406497
DocMorris,Logistics Employee (M/F/D),Heerlen,2026-09-03,logistiek medewerker webshop,nee,https://nl.linkedin.com/jobs/view/logistics-employee-m-f-d-at-docmorris-4300875347,https://ch.linkedin.com/company/docmorris,4300875347
Dorel Juvenile,Performance Marketeer (SEA &amp; Affiliates),Helmond,2026-09-08,online marketeer webshop,nee,https://nl.linkedin.com/jobs/view/performance-marketeer-sea-affiliates-at-dorel-juvenile-4449835641,https://ca.linkedin.com/company/dorel-juvenile,4449835641
DRIIVN,Online Marketeer (FT),Amsterdam,2025-08-28,online marketeer webshop,nee,https://nl.linkedin.com/jobs/view/online-marketeer-ft-at-driivn-4302306511,https://nl.linkedin.com/company/driivn-b.v.,4302306511
Dripps.ai,Online Marketeer,Utrecht,2026-07-21,online marketeer webshop,nee,https://nl.linkedin.com/jobs/view/online-marketeer-at-dripps-ai-4442676859,https://nl.linkedin.com/company/dripps-ai,4442676859
Drukwerkdeal,Channel Specialist,Deventer,2026-09-15,online marketeer webshop,nee,https://nl.linkedin.com/jobs/view/channel-specialist-at-drukwerkdeal-4430959048,https://nl.linkedin.com/company/drukwerkdeal,4430959048
Dutch Jerky,Customer &amp; Content Guru,Mierlo,2026-09-18,content specialist webshop,nee,https://nl.linkedin.com/jobs/view/customer-content-guru-at-dutch-jerky-4467862824,https://nl.linkedin.com/company/dutch-jerky,4467862824
Duyvenvoorde,Logistiek medewerker (40u),Honselersdijk,2026-08-03,logistiek medewerker webshop,nee,https://nl.linkedin.com/jobs/view/logistiek-medewerker-40u-at-duyvenvoorde-4448313083,https://www.linkedin.com/company/duyvenvoorde,4448313083
Duyvenvoorde,Logistiek Medewerker,Naaldwijk,2026-08-08,logistiek medewerker webshop,nee,https://nl.linkedin.com/jobs/view/logistiek-medewerker-at-duyvenvoorde-4451071614,https://www.linkedin.com/company/duyvenvoorde,4451071614
Duyvenvoorde,Logistiek Medewerker VDV Import,Naaldwijk,2026-09-02,logistiek medewerker webshop,nee,https://nl.linkedin.com/jobs/view/logistiek-medewerker-vdv-import-at-duyvenvoorde-4462180866,https://www.linkedin.com/company/duyvenvoorde,4462180866
E-Tales,Projectcoördinator E-commerce,"Groningen, Nederland",2026-09-09,webshop beheerder,nee,https://nl.linkedin.com/jobs/view/projectco%C3%B6rdinator-e-commerce-at-e-tales-4465034490,https://nl.linkedin.com/company/e-tales,4465034490
E-WISE Nederland,Contentmanager e-learning,Utrecht,2026-03-10,content specialist webshop,nee,https://nl.linkedin.com/jobs/view/contentmanager-e-learning-at-e-wise-nederland-4382030785,https://nl.linkedin.com/company/e-wise_nederland,4382030785
Economy,SEO Specialist / SEO Consultant | 24-32u p/w,Delft,2026-03-21,content specialist webshop,nee,https://nl.linkedin.com/jobs/view/seo-specialist-seo-consultant-24-32u-p-w-at-economy-4401458870,https://nl.linkedin.com/company/e-conomy,4401458870
Edelman BV,Logistiek Medewerker,Montfoort,2026-08-12,logistiek medewerker webshop,nee,https://nl.linkedin.com/jobs/view/logistiek-medewerker-at-edelman-bv-4443119190,https://nl.linkedin.com/company/edelman-bv,4443119190
Electronic Logistics BV,Magazijnmedewerker middag/avond,Zeewolde,2026-09-01,logistiek medewerker webshop,nee,https://nl.linkedin.com/jobs/view/magazijnmedewerker-middag-avond-at-electronic-logistics-bv-4461738565,https://nl.linkedin.com/company/electronic-logistics-bv,4461738565
Elektramat B.V.,Logistiek Medewerker,Almelo,2026-03-07,logistiek medewerker webshop,nee,https://nl.linkedin.com/jobs/view/logistiek-medewerker-at-elektramat-b-v-4382318283,https://nl.linkedin.com/company/elektramat,4382318283
Elektramat B.V.,Medewerker Artikelbeheer,Enschede en omgeving,2026-09-22,e-commerce medewerker,nee,https://nl.linkedin.com/jobs/view/medewerker-artikelbeheer-at-elektramat-b-v-4470428800,https://nl.linkedin.com/company/elektramat,4470428800
Eve Curls,COO Fast Growing DTC/CPG Brand,Nederland,2026-09-21,webshop beheerder,nee,https://nl.linkedin.com/jobs/view/coo-fast-growing-dtc-cpg-brand-at-eve-curls-4469911975,https://nl.linkedin.com/company/eve-curls,4469911975
Everest,"Growth Lead, Cozy Heaven",Amsterdam,2026-09-15,online marketeer webshop,nee,https://nl.linkedin.com/jobs/view/growth-lead-cozy-heaven-at-everest-4467713906,https://nl.linkedin.com/company/everest-commerce-group,4467713906
Everyware - Expert recrutement tech,Responsable contenu marketing,Amsterdam,2026-09-15,content specialist webshop,nee,https://nl.linkedin.com/jobs/view/responsable-contenu-marketing-at-everyware-expert-recrutement-tech-4467739239,https://fr.linkedin.com/company/everyware-recrutement-tech,4467739239
Evoke,Operationeel Inkoper,Echt,2026-09-18,orderverwerking,nee,https://nl.linkedin.com/jobs/view/operationeel-inkoper-at-evoke-4468004745,https://nl.linkedin.com/company/evokestaffing,4468004745
Firma Reinders B.V.,Coördinator Online Veilingen Hardenberg | Fulltime |,Hardenberg,2026-07-22,webshop beheerder,nee,https://nl.linkedin.com/jobs/view/co%C3%B6rdinator-online-veilingen-hardenberg-fulltime-at-firma-reinders-b-v-4443197710,https://nl.linkedin.com/company/firmareinders,4443197710
FITZ,Digital Marketing Specialist | Uitstekend Nederlands vereist,"Utrecht, Nederland",2026-08-31,content specialist webshop,nee,https://nl.linkedin.com/jobs/view/digital-marketing-specialist-uitstekend-nederlands-vereist-at-fitz-4438616024,https://nl.linkedin.com/company/fitz-company,4438616024
Fixami,SEO Specialist,Tilburg,2026-08-28,content specialist webshop,nee,https://nl.linkedin.com/jobs/view/seo-specialist-at-fixami-4459424181,https://nl.linkedin.com/company/fixami,4459424181
Flatline Agency ™️,Digital Marketing Consultant,Amsterdam,2026-02-05,online marketeer webshop,nee,https://nl.linkedin.com/jobs/view/digital-marketing-consultant-at-flatline-agency-%E2%84%A2%EF%B8%8F-4360540487,https://nl.linkedin.com/company/flatline-agency,4360540487
Flatline Agency ™️,Email Marketeer,Amsterdam,2026-07-03,online marketeer webshop,nee,https://nl.linkedin.com/jobs/view/email-marketeer-at-flatline-agency-%E2%84%A2%EF%B8%8F-4433132729,https://nl.linkedin.com/company/flatline-agency,4433132729
Flatline Agency ™️,Performance marketing consultant,Amsterdam,2026-07-21,online marketeer webshop,nee,https://nl.linkedin.com/jobs/view/performance-marketing-consultant-at-flatline-agency-%E2%84%A2%EF%B8%8F-4440193964,https://nl.linkedin.com/company/flatline-agency,4440193964
Flywheel Netherlands (part of Omnicom Media),Junior Retail Media Specialist,Amsterdam,2026-09-08,online marketeer webshop,nee,https://nl.linkedin.com/jobs/view/junior-retail-media-specialist-at-flywheel-netherlands-part-of-omnicom-media-4462289249,https://nl.linkedin.com/company/flywheel-netherlands,4462289249
FLÂNEUR,Operations Lead,Amsterdam,2026-07-06,webshop beheerder,nee,https://nl.linkedin.com/jobs/view/operations-lead-at-fl%C3%A2neur-4437472534,https://nl.linkedin.com/company/flaneur-eu,4437472534
Foot Locker,"Associate Manager, Copy",Utrecht,2026-09-18,content specialist webshop,nee,https://nl.linkedin.com/jobs/view/associate-manager-copy-at-foot-locker-4466689697,https://www.linkedin.com/company/footlocker,4466689697
Forbo Flooring Systems,Website Specialist,Assendelft,2026-09-09,webshop beheerder,nee,https://nl.linkedin.com/jobs/view/website-specialist-at-forbo-flooring-systems-4465015139,https://nl.linkedin.com/company/forbo,4465015139
Frankwatching Academy,Marketing &amp; Communicatie Medewerker (38 uur),Zeist,2026-09-10,content specialist webshop,nee,https://nl.linkedin.com/jobs/view/marketing-communicatie-medewerker-38-uur-at-frankwatching-academy-4464523325,https://nl.linkedin.com/school/frankwatching-academy/,4464523325
FuturumShop,Magazijnmedewerker,Apeldoorn,2026-09-11,logistiek medewerker webshop,nee,https://nl.linkedin.com/jobs/view/magazijnmedewerker-at-futurumshop-4466066163,https://nl.linkedin.com/company/futurumshop-nl,4466066163
Gall &amp; Gall,Stage E-commerce Online,Zaandam,2026-09-18,webshop beheerder,nee,https://nl.linkedin.com/jobs/view/stage-e-commerce-online-at-gall-gall-4466696593,https://nl.linkedin.com/company/gall-&amp;-gall,4466696593
Gemeente Ede,Contentspecialist,Ede,2026-09-22,content specialist webshop,nee,https://nl.linkedin.com/jobs/view/contentspecialist-at-gemeente-ede-4468591530,https://nl.linkedin.com/company/gemeente-ede,4468591530
GENUINE,Growth Manager TikTok Shop - Netherlands (m/f/d),Arnhem,2026-09-04,online marketeer webshop,nee,https://nl.linkedin.com/jobs/view/growth-manager-tiktok-shop-netherlands-m-f-d-at-genuine-4461147732,https://de.linkedin.com/company/genuine-ecommerce,4461147732
Giga Meubel,Logistiek medewerker (BBL ook mogelijk),Barneveld,2026-08-29,logistiek medewerker webshop,nee,https://nl.linkedin.com/jobs/view/logistiek-medewerker-bbl-ook-mogelijk-at-giga-meubel-4458475981,https://nl.linkedin.com/company/giga-meubel,4458475981
Glanbia,eCommerce Manager,Amsterdam,2026-09-01,webshop beheerder,nee,https://nl.linkedin.com/jobs/view/ecommerce-manager-at-glanbia-4461710019,https://ie.linkedin.com/company/glanbia,4461710019
Go Dutch Label,Buying &amp; Product Coordinator,'s-Hertogenbosch,2026-09-22,webshop beheerder,nee,https://nl.linkedin.com/jobs/view/buying-product-coordinator-at-go-dutch-label-4470287757,https://nl.linkedin.com/company/go-dutch-label,4470287757
Golazo Events NL,Medewerker Marketing &amp; Communicatie,Rotterdam,2026-09-15,content specialist webshop,nee,https://nl.linkedin.com/jobs/view/medewerker-marketing-communicatie-at-golazo-events-nl-4467716463,https://www.linkedin.com/company/golazo-events-nl,4467716463
GoodHabitz,Content and Campaigns Specialist,Eindhoven,2026-08-21,content specialist webshop,nee,https://nl.linkedin.com/jobs/view/content-and-campaigns-specialist-at-goodhabitz-4467709109,https://nl.linkedin.com/company/goodhabitz,4467709109
GoodHabitz,Content and Campaigns Specialist,'s-Hertogenbosch,2026-09-14,content specialist webshop,nee,https://nl.linkedin.com/jobs/view/content-and-campaigns-specialist-at-goodhabitz-4467499135,https://nl.linkedin.com/company/goodhabitz,4467499135
GoodHabitz,Content and Campaigns Specialist,Utrecht,2026-09-14,content specialist webshop,nee,https://nl.linkedin.com/jobs/view/content-and-campaigns-specialist-at-goodhabitz-4467711100,https://nl.linkedin.com/company/goodhabitz,4467711100
GoSpooky,Director of Social Commerce,Amsterdam,2026-09-08,webshop beheerder,nee,https://nl.linkedin.com/jobs/view/director-of-social-commerce-at-gospooky-4445992037,https://nl.linkedin.com/company/gospooky,4445992037
GoSpooky,Social Commerce Account Lead,Amsterdam,2026-09-15,online marketeer webshop,nee,https://nl.linkedin.com/jobs/view/social-commerce-account-lead-at-gospooky-4465599038,https://nl.linkedin.com/company/gospooky,4465599038
Goudwisselkantoor,Copy- en contentspecialist,Klaaswaal,2026-09-02,online marketeer webshop,nee,https://nl.linkedin.com/jobs/view/copy-en-contentspecialist-at-goudwisselkantoor-4452475555,https://nl.linkedin.com/company/goudwisselkantoor,4452475555
Green Qube Services,Warehouse Associate,Drunen,2026-09-21,logistiek medewerker webshop,nee,https://nl.linkedin.com/jobs/view/warehouse-associate-at-green-qube-services-4469910481,https://nl.linkedin.com/company/green-qube-services,4469910481
Greenchoice,Online Performance Marketeer,Rotterdam,2026-09-07,online marketeer webshop,nee,https://nl.linkedin.com/jobs/view/online-performance-marketeer-at-greenchoice-4464357958,https://nl.linkedin.com/company/greenchoice,4464357958
Greener Power Solutions,Content Specialist,Amsterdam Area,2026-08-31,content specialist webshop,nee,https://nl.linkedin.com/jobs/view/content-specialist-at-greener-power-solutions-4461084883,https://nl.linkedin.com/company/greenerpowersolutions,4461084883
Greener Power Solutions,Content Specialist,Amsterdam,2026-08-31,content specialist webshop,nee,https://nl.linkedin.com/jobs/view/content-specialist-at-greener-power-solutions-4461095001,https://nl.linkedin.com/company/greenerpowersolutions,4461095001
GreenV,Logistiek / Magazijn Medewerker | Fulltime | Wateringen,Wateringen,2026-05-07,logistiek medewerker webshop,nee,https://nl.linkedin.com/jobs/view/logistiek-magazijn-medewerker-fulltime-wateringen-at-greenv-4420932423,https://nl.linkedin.com/company/greenv-company,4420932423
Greyt,Digital (Content) Marketeer,Rotterdam,2026-09-02,content specialist webshop,nee,https://nl.linkedin.com/jobs/view/digital-content-marketeer-at-greyt-4462180528,https://nl.linkedin.com/company/greyt,4462180528
Growth Team,Growth Marketeer Medior (32-40 uur),Lelystad,2026-08-18,content specialist webshop,nee,https://nl.linkedin.com/jobs/view/growth-marketeer-medior-32-40-uur-at-growth-team-4455920796,https://nl.linkedin.com/company/growth-team-nl,4455920796
GS-Fulfilment,Magazijn Medewerker,Eindhoven,2026-07-17,logistiek medewerker webshop,nee,https://nl.linkedin.com/jobs/view/magazijn-medewerker-at-gs-fulfilment-4441130297,https://nl.linkedin.com/company/gs-fulfilment,4441130297
GTE,Conversion Specialist (E-commerce / Shopify / Performance),Nieuwegein,2026-04-04,webshop beheerder,nee,https://nl.linkedin.com/jobs/view/conversion-specialist-e-commerce-shopify-performance-at-gte-4394231015,https://www.linkedin.com/company/gte2018,4394231015
GTE,Shopify Marketing Virtual Assistant,Nieuwegein,2026-04-24,webshop beheerder,nee,https://nl.linkedin.com/jobs/view/shopify-marketing-virtual-assistant-at-gte-4404107176,https://www.linkedin.com/company/gte2018,4404107176
GTE,Shopify Conversion Specialist,Nieuwegein,2026-05-04,webshop beheerder,nee,https://nl.linkedin.com/jobs/view/shopify-conversion-specialist-at-gte-4408910853,https://www.linkedin.com/company/gte2018,4408910853
GTE,Shopify Growth Marketeer (Dutch Speaker),Nieuwegein,2026-05-04,online marketeer webshop,nee,https://nl.linkedin.com/jobs/view/shopify-growth-marketeer-dutch-speaker-at-gte-4408903985,https://www.linkedin.com/company/gte2018,4408903985
GTE,Senior AI-Native Shopify Developer,Nieuwegein,2026-09-10,webshop beheerder,nee,https://nl.linkedin.com/jobs/view/senior-ai-native-shopify-developer-at-gte-4464587173,https://www.linkedin.com/company/gte2018,4464587173
Hallmark CE,Marketing Lead Digital,Capelle aan den IJssel,2026-09-09,online marketeer webshop,nee,https://nl.linkedin.com/jobs/view/marketing-lead-digital-at-hallmark-ce-4418259909,https://nl.linkedin.com/company/hallmark-cards-benelux,4418259909
Handpicked,Open sollicitatie - Handpicked,Eindhoven,2024-11-26,online marketeer webshop,nee,https://nl.linkedin.com/jobs/view/open-sollicitatie-handpicked-at-handpicked-4085645237,https://nl.linkedin.com/company/handpickedagencies,4085645237
Handpicked,Open sollicitatie - Handpicked,Rotterdam,2024-11-26,online marketeer webshop,nee,https://nl.linkedin.com/jobs/view/open-sollicitatie-handpicked-at-handpicked-4085643433,https://nl.linkedin.com/company/handpickedagencies,4085643433
HANOS Internationale Horeca Groothandel,Orderpicker (avond),Venlo,2026-09-01,orderverwerking,nee,https://nl.linkedin.com/jobs/view/orderpicker-avond-at-hanos-internationale-horeca-groothandel-4461751374,https://nl.linkedin.com/company/hanos-internationale-horecagroothandel,4461751374
HANOS Internationale Horeca Groothandel,Orderpicker AGF,Apeldoorn,2026-09-01,orderverwerking,nee,https://nl.linkedin.com/jobs/view/orderpicker-agf-at-hanos-internationale-horeca-groothandel-4461762000,https://nl.linkedin.com/company/hanos-internationale-horecagroothandel,4461762000
HANOS Internationale Horeca Groothandel,Orderpicker AGF,Heerenveen,2026-09-01,orderverwerking,nee,https://nl.linkedin.com/jobs/view/orderpicker-agf-at-hanos-internationale-horeca-groothandel-4461751379,https://nl.linkedin.com/company/hanos-internationale-horecagroothandel,4461751379
HANOS Internationale Horeca Groothandel,SEO &amp; Content Specialist,Apeldoorn,2026-09-03,content specialist webshop,nee,https://nl.linkedin.com/jobs/view/seo-content-specialist-at-hanos-internationale-horeca-groothandel-4462837161,https://nl.linkedin.com/company/hanos-internationale-horecagroothandel,4462837161
Happy Horizon,Digital Project Manager,Eindhoven,2026-07-24,webshop beheerder,nee,https://nl.linkedin.com/jobs/view/digital-project-manager-at-happy-horizon-4455749464,https://nl.linkedin.com/company/happy-horizon,4455749464
Haystack People,Digital Marketeer,Randstad,2026-09-16,online marketeer webshop,nee,https://nl.linkedin.com/jobs/view/digital-marketeer-at-haystack-people-4466853622,https://nl.linkedin.com/company/haystack-people,4466853622
HB17 Werkt,Online marketeer,Goes,2026-09-03,online marketeer webshop,nee,https://nl.linkedin.com/jobs/view/online-marketeer-at-hb17-werkt-4434817800,https://nl.linkedin.com/company/hb17-werkt,4434817800
HBM Machines B.V.,Domein Lead Product to Market (32 - 40 uur),Waddinxveen,2026-09-03,webshop beheerder,nee,https://nl.linkedin.com/jobs/view/domein-lead-product-to-market-32-40-uur-at-hbm-machines-b-v-4461712718,https://nl.linkedin.com/company/hbm-machines,4461712718
HelloFresh,Junior Content Marketing specialist (f/m/x),Amsterdam,2026-09-16,content specialist webshop,nee,https://nl.linkedin.com/jobs/view/junior-content-marketing-specialist-f-m-x-at-hellofresh-4468251961,https://de.linkedin.com/company/hellofresh,4468251961
Hems B.V.,Meewerkend voorman/Orderpicker Expeditie nacht,Doetinchem,2026-07-20,orderverwerking,nee,https://nl.linkedin.com/jobs/view/meewerkend-voorman-orderpicker-expeditie-nacht-at-hems-b-v-4442557709,https://nl.linkedin.com/company/hems-b-v-,4442557709
Heuschen &amp; Schrouff Oriental Food,Assortimentmanager,Nederland,2026-05-22,webshop beheerder,nee,https://nl.linkedin.com/jobs/view/assortimentmanager-at-heuschen-schrouff-oriental-food-4429511856,https://www.linkedin.com/company/heuschenschrouff,4429511856
HG International,Digital Content &amp; E-commerce Intern,Almere,2026-09-18,content specialist webshop,nee,https://nl.linkedin.com/jobs/view/digital-content-e-commerce-intern-at-hg-international-4469139315,https://nl.linkedin.com/company/hg-international,4469139315
Hofweb,Coördinator Orderpick,Biddinghuizen,2026-09-11,orderverwerking,nee,https://nl.linkedin.com/jobs/view/co%C3%B6rdinator-orderpick-at-hofweb-4466048349,https://nl.linkedin.com/company/hofweb,4466048349
Homefashion Group B.V.,Meewerkstage 3e jaar Shop &amp; Content Leen Bakker,Geertruidenberg,2026-05-22,webshop beheerder,nee,https://nl.linkedin.com/jobs/view/meewerkstage-3e-jaar-shop-content-leen-bakker-at-homefashion-group-b-v-4414384633,https://nl.linkedin.com/company/homefashion-group-b-v-,4414384633
Hoppenbrouwers,Functioneel Beheerder SharePoint en Teams,Udenhout,2026-05-04,webshop beheerder,nee,https://nl.linkedin.com/jobs/view/functioneel-beheerder-sharepoint-en-teams-at-hoppenbrouwers-4410035669,https://nl.linkedin.com/company/hoppenbrouwers-techniek,4410035669
Hotelprofessionals,MARKETING &amp;amp; COMMUNICATIE SPECIALIST,Den Haag,2026-09-11,content specialist webshop,nee,https://nl.linkedin.com/jobs/view/marketing-amp-communicatie-specialist-at-hotelprofessionals-4464880391,https://nl.linkedin.com/company/hotelprofessionals,4464880391
Hubo,Campagne &amp; Content Marketeer,Amersfoort,2026-07-10,online marketeer webshop,nee,https://nl.linkedin.com/jobs/view/campagne-content-marketeer-at-hubo-4438329167,https://nl.linkedin.com/company/hubonl,4438329167
HumanTotalCare,Content specialist,Utrecht,2026-09-08,content specialist webshop,nee,https://nl.linkedin.com/jobs/view/content-specialist-at-humantotalcare-4463295757,https://nl.linkedin.com/company/humantotalcare,4463295757
Hunkemöller,Ecommerce Business Analyst,Hilversum,2026-09-01,webshop beheerder,nee,https://nl.linkedin.com/jobs/view/ecommerce-business-analyst-at-hunkem%C3%B6ller-4459299165,https://nl.linkedin.com/company/hunkemoller,4459299165
Hunkemöller,Internship E-Commerce - Webshop Coordination,Hilversum,2026-09-18,webshop beheerder,nee,https://nl.linkedin.com/jobs/view/internship-e-commerce-webshop-coordination-at-hunkem%C3%B6ller-4469132778,https://nl.linkedin.com/company/hunkemoller,4469132778
Huren.nl,Customer Success Manager,Utrecht,2023-07-20,webshop beheerder,nee,https://nl.linkedin.com/jobs/view/customer-success-manager-at-huren-nl-3668383586,https://nl.linkedin.com/company/huren-nl,3668383586
i-Aspect B.V.,WordPress Developer,Utrecht,2026-08-26,content specialist webshop,nee,https://nl.linkedin.com/jobs/view/wordpress-developer-at-i-aspect-b-v-4457261993,https://nl.linkedin.com/company/i-aspect-b.v.,4457261993
IFF,Logistiek Medewerker Shipping,Tilburg,2026-09-17,logistiek medewerker webshop,nee,https://nl.linkedin.com/jobs/view/logistiek-medewerker-shipping-at-iff-4459666630,https://www.linkedin.com/company/iff,4459666630
IGM,Contentcoördinator,Geldermalsen,2026-09-08,content specialist webshop,nee,https://nl.linkedin.com/jobs/view/contentco%C3%B6rdinator-at-igm-4439418323,https://nl.linkedin.com/company/igm-holding,4439418323
iHerb,Senior Vendor Manager,Amsterdam,2026-09-04,webshop beheerder,nee,https://nl.linkedin.com/jobs/view/senior-vendor-manager-at-iherb-4443197194,https://www.linkedin.com/company/iherb,4443197194
Infento,❤️✨ Online Marketeer / Growth Hacker for World's Coolest Toy Company! 🛴🚀,Amsterdam,2026-04-10,online marketeer webshop,nee,https://nl.linkedin.com/jobs/view/%E2%9D%A4%EF%B8%8F%E2%9C%A8-online-marketeer-growth-hacker-for-world-s-coolest-toy-company%21-%F0%9F%9B%B4%F0%9F%9A%80-at-infento-4399005602,https://nl.linkedin.com/company/infento,4399005602
Inktweb.nl,Stagiair(e) (MBO/HBO) – Diverse afdelingen,Alkmaar,2026-08-07,webshop beheerder,nee,https://nl.linkedin.com/jobs/view/stagiair-e-mbo-hbo-%E2%80%93-diverse-afdelingen-at-inktweb-nl-4450693426,https://nl.linkedin.com/company/inktweb,4450693426
Inktweb.nl,Magazijnmanager / Senior Magazijnmedewerker,Alkmaar,2026-08-07,webshop beheerder,nee,https://nl.linkedin.com/jobs/view/magazijnmanager-senior-magazijnmedewerker-at-inktweb-nl-4450689521,https://nl.linkedin.com/company/inktweb,4450689521
Insulcon B.V. - Leader in High Temperature Solutions,Marketing &amp; Content Specialist,Steenbergen,2026-08-27,content specialist webshop,nee,https://nl.linkedin.com/jobs/view/marketing-content-specialist-at-insulcon-b-v-leader-in-high-temperature-solutions-4459806951,https://nl.linkedin.com/company/insulcon-b-v-,4459806951
Intermontage,Marketingspecialist,Terwolde,2026-06-20,content specialist webshop,nee,https://nl.linkedin.com/jobs/view/marketingspecialist-at-intermontage-bv-wanden-maatwerk-plafonds-4440980249,https://nl.linkedin.com/company/intermontage,4440980249
INTERSPORT Group,E-COM Content Activation Manager,Amsterdam Area,2026-09-22,content specialist webshop,nee,https://nl.linkedin.com/jobs/view/e-com-content-activation-manager-at-intersport-group-4463863265,https://ch.linkedin.com/company/intersport-international-corporation,4463863265
Inventus,Online Marketeer Medior – Senior,Hengelo,2025-05-14,online marketeer webshop,nee,https://nl.linkedin.com/jobs/view/online-marketeer-medior-%E2%80%93-senior-at-inventus-4229800696,https://nl.linkedin.com/company/inventus-online-b.v.,4229800696
iO,Senior Contentmanager,Amsterdam,2026-09-22,webshop beheerder,nee,https://nl.linkedin.com/jobs/view/senior-contentmanager-at-io-4314163194,https://be.linkedin.com/company/iodigital-com,4314163194
Itility,Technical Content Specialist,Eindhoven,2026-09-16,content specialist webshop,nee,https://nl.linkedin.com/jobs/view/technical-content-specialist-at-itility-4449007948,https://nl.linkedin.com/company/itility,4449007948
Jan Zandbergen Group,Online Marketeer The Meatlovers,Veenendaal,2026-09-06,online marketeer webshop,nee,https://nl.linkedin.com/jobs/view/online-marketeer-the-meatlovers-at-jan-zandbergen-group-4408501017,https://nl.linkedin.com/company/janzandbergen,4408501017
Jobster,Orderpicker - Uitzendbureau.nl,Apeldoorn,2026-09-21,orderverwerking,nee,https://nl.linkedin.com/jobs/view/orderpicker-uitzendbureau-nl-at-jobster-4468757249,https://nl.linkedin.com/company/jobster-com,4468757249
Jobster,Orderpicker CEVA Logistics Venray - Uitzendbureau.nl,Oostrum,2026-09-21,orderverwerking,nee,https://nl.linkedin.com/jobs/view/orderpicker-ceva-logistics-venray-uitzendbureau-nl-at-jobster-4468756418,https://nl.linkedin.com/company/jobster-com,4468756418
Jobster,Order Picker CEVA Logistics Venray - Uitzendbureau.nl,Oostrum,2026-09-21,orderverwerking,nee,https://nl.linkedin.com/jobs/view/order-picker-ceva-logistics-venray-uitzendbureau-nl-at-jobster-4468755602,https://nl.linkedin.com/company/jobster-com,4468755602
Jobster,Manager orderafwikkeling &amp; logistiek - Start People,Sappemeer,2026-09-21,orderverwerking,nee,https://nl.linkedin.com/jobs/view/manager-orderafwikkeling-logistiek-start-people-at-jobster-4468745845,https://nl.linkedin.com/company/jobster-com,4468745845
Jobster,Orderpicker 2-ploegen (32 - 40 uur) - Uitzendbureau.nl,Vriezenveen,2026-09-21,orderverwerking,nee,https://nl.linkedin.com/jobs/view/orderpicker-2-ploegen-32-40-uur-uitzendbureau-nl-at-jobster-4468741307,https://nl.linkedin.com/company/jobster-com,4468741307
Jobster,Orderpicker - Attract,Vriezenveen,2026-09-21,orderverwerking,nee,https://nl.linkedin.com/jobs/view/orderpicker-attract-at-jobster-4468735756,https://nl.linkedin.com/company/jobster-com,4468735756
Jobster,Orderpicker in Zwolle - Uitzendbureau.nl,Zwolle,2026-09-21,orderverwerking,nee,https://nl.linkedin.com/jobs/view/orderpicker-in-zwolle-uitzendbureau-nl-at-jobster-4468746038,https://nl.linkedin.com/company/jobster-com,4468746038
Jobster,Orderpicker - Attract,Barneveld,2026-09-21,orderverwerking,nee,https://nl.linkedin.com/jobs/view/orderpicker-attract-at-jobster-4468749410,https://nl.linkedin.com/company/jobster-com,4468749410
Jobster,Orderpicker - Attract,Barneveld,2026-09-21,orderverwerking,nee,https://nl.linkedin.com/jobs/view/orderpicker-attract-at-jobster-4468738693,https://nl.linkedin.com/company/jobster-com,4468738693
Jobster,Orderpicker EPT - Westerduin,Tiel,2026-09-21,orderverwerking,nee,https://nl.linkedin.com/jobs/view/orderpicker-ept-westerduin-at-jobster-4468737178,https://nl.linkedin.com/company/jobster-com,4468737178
Jobster,Orderpicker - van nes + plaisier,Ridderkerk,2026-09-21,orderverwerking,nee,https://nl.linkedin.com/jobs/view/orderpicker-van-nes-%2B-plaisier-at-jobster-4470203205,https://nl.linkedin.com/company/jobster-com,4470203205
Jobster,Orderpicker dagdienst - van nes + plaisier,Katwijk aan de Rijn,2026-09-21,orderverwerking,nee,https://nl.linkedin.com/jobs/view/orderpicker-dagdienst-van-nes-%2B-plaisier-at-jobster-4469997556,https://nl.linkedin.com/company/jobster-com,4469997556
Jobster,Orderpicker - Uitzendbureau.nl,Elshout,2026-09-21,orderverwerking,nee,https://nl.linkedin.com/jobs/view/orderpicker-uitzendbureau-nl-at-jobster-4468741800,https://nl.linkedin.com/company/jobster-com,4468741800
Jobster,Orderpicken / inpakker fulltime - Uitzendbureau.nl,Almelo,2026-09-21,orderverwerking,nee,https://nl.linkedin.com/jobs/view/orderpicken-inpakker-fulltime-uitzendbureau-nl-at-jobster-4468742283,https://nl.linkedin.com/company/jobster-com,4468742283
Jobster,Orderpicker - Uitzendbureau.nl,Roosendaal,2026-09-21,orderverwerking,nee,https://nl.linkedin.com/jobs/view/orderpicker-uitzendbureau-nl-at-jobster-4468759381,https://nl.linkedin.com/company/jobster-com,4468759381
Jobster,Orderpicker (dagdienst) - Uitzendbureau.nl,Zeewolde,2026-09-21,orderverwerking,nee,https://nl.linkedin.com/jobs/view/orderpicker-dagdienst-uitzendbureau-nl-at-jobster-4468741938,https://nl.linkedin.com/company/jobster-com,4468741938
Jobster,Orderpicker EPT | Dagdienst - Uitzendbureau.nl,Borne,2026-09-21,orderverwerking,nee,https://nl.linkedin.com/jobs/view/orderpicker-ept-dagdienst-uitzendbureau-nl-at-jobster-4468721965,https://nl.linkedin.com/company/jobster-com,4468721965
Jobster,Medewerker goederenverwerking CEVA Logistics Venray - Uitzendbureau.nl,Oostrum,2026-09-21,orderverwerking,nee,https://nl.linkedin.com/jobs/view/medewerker-goederenverwerking-ceva-logistics-venray-uitzendbureau-nl-at-jobster-4468752582,https://nl.linkedin.com/company/jobster-com,4468752582
Jobster,Orderpicker Vleeswaren - Uitzendbureau.nl,Barendrecht,2026-09-21,orderverwerking,nee,https://nl.linkedin.com/jobs/view/orderpicker-vleeswaren-uitzendbureau-nl-at-jobster-4468756229,https://nl.linkedin.com/company/jobster-com,4468756229
Jobster,Orderpicker (avonddienst) - Jobbird.com,Amsterdam,2026-09-21,orderverwerking,nee,https://nl.linkedin.com/jobs/view/orderpicker-avonddienst-jobbird-com-at-jobster-4468758183,https://nl.linkedin.com/company/jobster-com,4468758183
Jobster,"Orderpicken ROSSMANN-Apotheke B.V. In Emmen, NL",Nieuw-Amsterdam,2026-09-21,orderverwerking,nee,https://nl.linkedin.com/jobs/view/orderpicken-rossmann-apotheke-b-v-in-emmen-nl-at-jobster-4468735732,https://nl.linkedin.com/company/jobster-com,4468735732
Jobster,Orderpicker - Uitzendbureau.nl,Spijkenisse,2026-09-21,orderverwerking,nee,https://nl.linkedin.com/jobs/view/orderpicker-uitzendbureau-nl-at-jobster-4468742247,https://nl.linkedin.com/company/jobster-com,4468742247
Jobster,Orderpicker Dagdienst - Uitzendbureau.nl,Lelystad,2026-09-21,orderverwerking,nee,https://nl.linkedin.com/jobs/view/orderpicker-dagdienst-uitzendbureau-nl-at-jobster-4468743214,https://nl.linkedin.com/company/jobster-com,4468743214
Jobster,Orderpicker - Jobbird.com,Zaandam,2026-09-21,orderverwerking,nee,https://nl.linkedin.com/jobs/view/orderpicker-jobbird-com-at-jobster-4468749233,https://nl.linkedin.com/company/jobster-com,4468749233
Jobster,Orderpicker - Uitzendbureau.nl,Katwijk aan de Rijn,2026-09-21,orderverwerking,nee,https://nl.linkedin.com/jobs/view/orderpicker-uitzendbureau-nl-at-jobster-4468745591,https://nl.linkedin.com/company/jobster-com,4468745591
Jobster,Orderpicker - Jobbird.com,Bleiswijk,2026-09-21,orderverwerking,nee,https://nl.linkedin.com/jobs/view/orderpicker-jobbird-com-at-jobster-4468753170,https://nl.linkedin.com/company/jobster-com,4468753170
Jobster,Orderpicker export - Jobbird.com,Eindhoven,2026-09-21,orderverwerking,nee,https://nl.linkedin.com/jobs/view/orderpicker-export-jobbird-com-at-jobster-4468758578,https://nl.linkedin.com/company/jobster-com,4468758578
Jobster,Orderpicker dagdienst - Jobbird.com,Alphen aan den Rijn,2026-09-21,orderverwerking,nee,https://nl.linkedin.com/jobs/view/orderpicker-dagdienst-jobbird-com-at-jobster-4468725911,https://nl.linkedin.com/company/jobster-com,4468725911
Jobster,Supply chain orderpicker (English) - Jobbird.com,Hoofddorp,2026-09-21,orderverwerking,nee,https://nl.linkedin.com/jobs/view/supply-chain-orderpicker-english-jobbird-com-at-jobster-4468759143,https://nl.linkedin.com/company/jobster-com,4468759143
Jobster,Clothing &amp; Accessories Worker - Start People,Roermond,2026-09-21,orderverwerking,nee,https://nl.linkedin.com/jobs/view/clothing-accessories-worker-start-people-at-jobster-4468756001,https://nl.linkedin.com/company/jobster-com,4468756001
Jobster,Orderpicker - Uitzendbureau.nl,De Lier,2026-09-21,orderverwerking,nee,https://nl.linkedin.com/jobs/view/orderpicker-uitzendbureau-nl-at-jobster-4468756091,https://nl.linkedin.com/company/jobster-com,4468756091
Jobster,Orderpicker Vlees | Ochtenddiensten - Jobbird.com,Montfoort,2026-09-21,orderverwerking,nee,https://nl.linkedin.com/jobs/view/orderpicker-vlees-ochtenddiensten-jobbird-com-at-jobster-4468745746,https://nl.linkedin.com/company/jobster-com,4468745746
Jobster,Orderpicker Dagdienst - Uitzendbureau.nl,Waalwijk,2026-09-21,orderverwerking,nee,https://nl.linkedin.com/jobs/view/orderpicker-dagdienst-uitzendbureau-nl-at-jobster-4468729755,https://nl.linkedin.com/company/jobster-com,4468729755
Jobster,Orderpicker bloemen - Jobbird.com,De Kwakel,2026-09-21,orderverwerking,nee,https://nl.linkedin.com/jobs/view/orderpicker-bloemen-jobbird-com-at-jobster-4468764436,https://nl.linkedin.com/company/jobster-com,4468764436
Jobster,Meewerkend voorman logistiek - Unique,De Kwakel,2026-09-21,orderverwerking,nee,https://nl.linkedin.com/jobs/view/meewerkend-voorman-logistiek-unique-at-jobster-4468764367,https://nl.linkedin.com/company/jobster-com,4468764367
Jobster,Orderpicker (dagdienst) - Jobbird.com,Zeewolde,2026-09-21,orderverwerking,nee,https://nl.linkedin.com/jobs/view/orderpicker-dagdienst-jobbird-com-at-jobster-4468738865,https://nl.linkedin.com/company/jobster-com,4468738865
Jobster,Orderpicker - Uitzendbureau.nl,Sliedrecht,2026-09-21,orderverwerking,nee,https://nl.linkedin.com/jobs/view/orderpicker-uitzendbureau-nl-at-jobster-4468754492,https://nl.linkedin.com/company/jobster-com,4468754492
Jobster,Orderpicker Kleingoed | Tweeploegendiensten - Jobbird.com,Eindhoven,2026-09-21,orderverwerking,nee,https://nl.linkedin.com/jobs/view/orderpicker-kleingoed-tweeploegendiensten-jobbird-com-at-jobster-4470204216,https://nl.linkedin.com/company/jobster-com,4470204216
Jobster,Orderpicker magazijn - Jobbird.com,Amsterdam,2026-09-21,orderverwerking,nee,https://nl.linkedin.com/jobs/view/orderpicker-magazijn-jobbird-com-at-jobster-4468758271,https://nl.linkedin.com/company/jobster-com,4468758271
Jobster,Orderpicker Dagdienst - Jobbird.com,Lelystad,2026-09-21,orderverwerking,nee,https://nl.linkedin.com/jobs/view/orderpicker-dagdienst-jobbird-com-at-jobster-4468738544,https://nl.linkedin.com/company/jobster-com,4468738544
Jobster,Orderpicker magazijn - Jobbird.com,Amsterdam,2026-09-21,orderverwerking,nee,https://nl.linkedin.com/jobs/view/orderpicker-magazijn-jobbird-com-at-jobster-4468748236,https://nl.linkedin.com/company/jobster-com,4468748236
Jobster,Magazijnmedewerker - Genemuiden - Uitzendbureau.nl,Genemuiden,2026-09-21,orderverwerking,nee,https://nl.linkedin.com/jobs/view/magazijnmedewerker-genemuiden-uitzendbureau-nl-at-jobster-4468741340,https://nl.linkedin.com/company/jobster-com,4468741340
Jobster,Orderpicker Arvato Venlo - Uitzendbureau.nl,Venlo,2026-09-21,orderverwerking,nee,https://nl.linkedin.com/jobs/view/orderpicker-arvato-venlo-uitzendbureau-nl-at-jobster-4468744327,https://nl.linkedin.com/company/jobster-com,4468744327
Jobster,Orderpicker - Jobbird.com,Eindhoven,2026-09-21,orderverwerking,nee,https://nl.linkedin.com/jobs/view/orderpicker-jobbird-com-at-jobster-4468764460,https://nl.linkedin.com/company/jobster-com,4468764460
Jobster,Supply Chain Medewerker (fulltime) - Uitzendbureau.nl,Alkmaar,2026-09-21,orderverwerking,nee,https://nl.linkedin.com/jobs/view/supply-chain-medewerker-fulltime-uitzendbureau-nl-at-jobster-4468742078,https://nl.linkedin.com/company/jobster-com,4468742078
Jobster,Orderpicker - Jobbird.com,Sint Willebrord,2026-09-21,orderverwerking,nee,https://nl.linkedin.com/jobs/view/orderpicker-jobbird-com-at-jobster-4469928642,https://nl.linkedin.com/company/jobster-com,4469928642
Jobster,Orderpicker Zwolle - Uitzendbureau.nl,Zwolle,2026-09-21,orderverwerking,nee,https://nl.linkedin.com/jobs/view/orderpicker-zwolle-uitzendbureau-nl-at-jobster-4468747680,https://nl.linkedin.com/company/jobster-com,4468747680
Jobster,Orderpicker - Jobbird.com,Berkel en Rodenrijs,2026-09-21,orderverwerking,nee,https://nl.linkedin.com/jobs/view/orderpicker-jobbird-com-at-jobster-4468761013,https://nl.linkedin.com/company/jobster-com,4468761013
Jobster,Orderpicker warehouse - Jobbird.com,Amsterdam,2026-09-21,orderverwerking,nee,https://nl.linkedin.com/jobs/view/orderpicker-warehouse-jobbird-com-at-jobster-4468725920,https://nl.linkedin.com/company/jobster-com,4468725920
Jobster,Orderpicker - Attract,Ede,2026-09-21,orderverwerking,nee,https://nl.linkedin.com/jobs/view/orderpicker-attract-at-jobster-4469925930,https://nl.linkedin.com/company/jobster-com,4469925930
Jobster,Online Marketing Specialist - ASA Talent,Schiphol,2026-09-21,webshop beheerder,nee,https://nl.linkedin.com/jobs/view/online-marketing-specialist-asa-talent-at-jobster-4468759581,https://nl.linkedin.com/company/jobster-com,4468759581
Jobster,Logistiek medewerker - Easy Way,Eindhoven,2026-09-21,logistiek medewerker webshop,nee,https://nl.linkedin.com/jobs/view/logistiek-medewerker-easy-way-at-jobster-4468750232,https://nl.linkedin.com/company/jobster-com,4468750232
Jobster,Expeditie medewerker - Jobbird.com,De Kwakel,2026-09-21,logistiek medewerker webshop,nee,https://nl.linkedin.com/jobs/view/expeditie-medewerker-jobbird-com-at-jobster-4468762256,https://nl.linkedin.com/company/jobster-com,4468762256
Jobster,Logistiek Medewerker | Direct Starten - Start People,Haps,2026-09-21,logistiek medewerker webshop,nee,https://nl.linkedin.com/jobs/view/logistiek-medewerker-direct-starten-start-people-at-jobster-4468729857,https://nl.linkedin.com/company/jobster-com,4468729857
Jobster,Logistiek medewerker (4 ploegen) - Uitzendbureau.nl,Zwolle,2026-09-21,logistiek medewerker webshop,nee,https://nl.linkedin.com/jobs/view/logistiek-medewerker-4-ploegen-uitzendbureau-nl-at-jobster-4468762282,https://nl.linkedin.com/company/jobster-com,4468762282
Jobster,Logistiek medewerker dagdienst - Attract,Vriezenveen,2026-09-21,logistiek medewerker webshop,nee,https://nl.linkedin.com/jobs/view/logistiek-medewerker-dagdienst-attract-at-jobster-4468754053,https://nl.linkedin.com/company/jobster-com,4468754053
Jobster,Allround Logistiek Medewerker (fulltime) - Jobbird.com,Hoofddorp,2026-09-21,logistiek medewerker webshop,nee,https://nl.linkedin.com/jobs/view/allround-logistiek-medewerker-fulltime-jobbird-com-at-jobster-4468758618,https://nl.linkedin.com/company/jobster-com,4468758618
Jobster,Allround Logistiek Medewerker - Jobbird.com,Hoofddorp,2026-09-21,logistiek medewerker webshop,nee,https://nl.linkedin.com/jobs/view/allround-logistiek-medewerker-jobbird-com-at-jobster-4468754303,https://nl.linkedin.com/company/jobster-com,4468754303
Jobster,Logistiek Medewerker Fashion - Start People,Roermond,2026-09-21,logistiek medewerker webshop,nee,https://nl.linkedin.com/jobs/view/logistiek-medewerker-fashion-start-people-at-jobster-4468728988,https://nl.linkedin.com/company/jobster-com,4468728988
Jobster,Warehouse Medewerker (fulltime) - Jobbird.com,Venray,2026-09-21,logistiek medewerker webshop,nee,https://nl.linkedin.com/jobs/view/warehouse-medewerker-fulltime-jobbird-com-at-jobster-4468753436,https://nl.linkedin.com/company/jobster-com,4468753436
Jobster,Warehouse Medewerker - Jobbird.com,Venray,2026-09-21,logistiek medewerker webshop,nee,https://nl.linkedin.com/jobs/view/warehouse-medewerker-jobbird-com-at-jobster-4468759580,https://nl.linkedin.com/company/jobster-com,4468759580
Jobster,Clothing &amp; Lingerie Logistiek Medewerker - Start People,Roermond,2026-09-21,logistiek medewerker webshop,nee,https://nl.linkedin.com/jobs/view/clothing-lingerie-logistiek-medewerker-start-people-at-jobster-4469939282,https://nl.linkedin.com/company/jobster-com,4469939282
Jobster,Logistiek Medewerker - Start People,Winterswijk,2026-09-21,logistiek medewerker webshop,nee,https://nl.linkedin.com/jobs/view/logistiek-medewerker-start-people-at-jobster-4468747454,https://nl.linkedin.com/company/jobster-com,4468747454
Jobster,Logistiek Medewerker (fulltime) - Jobbird.com,Leiden,2026-09-21,logistiek medewerker webshop,nee,https://nl.linkedin.com/jobs/view/logistiek-medewerker-fulltime-jobbird-com-at-jobster-4468731988,https://nl.linkedin.com/company/jobster-com,4468731988
Jobster,Allround Logistiek Medewerker - Uitzendbureau.nl,Zwolle,2026-09-21,logistiek medewerker webshop,nee,https://nl.linkedin.com/jobs/view/allround-logistiek-medewerker-uitzendbureau-nl-at-jobster-4468747116,https://nl.linkedin.com/company/jobster-com,4468747116
Jobster,Logistiek medewerker Zwolle - Uitzendbureau.nl,Zwolle,2026-09-21,logistiek medewerker webshop,nee,https://nl.linkedin.com/jobs/view/logistiek-medewerker-zwolle-uitzendbureau-nl-at-jobster-4468737515,https://nl.linkedin.com/company/jobster-com,4468737515
Jobster,Logistiek Medewerker bij de Bloemenveiling Naaldwijk voor de Avond/Nachtdienst (fulltime) - Jobbird.com,Honselersdijk,2026-09-21,logistiek medewerker webshop,nee,https://nl.linkedin.com/jobs/view/logistiek-medewerker-bij-de-bloemenveiling-naaldwijk-voor-de-avond-nachtdienst-fulltime-jobbird-com-at-jobster-4468747810,https://nl.linkedin.com/company/jobster-com,4468747810
Jobster,Logistiek Medewerker bij de Bloemenveiling Naaldwijk voor de Avond/Nachtdienst - Jobbird.com,Honselersdijk,2026-09-21,logistiek medewerker webshop,nee,https://nl.linkedin.com/jobs/view/logistiek-medewerker-bij-de-bloemenveiling-naaldwijk-voor-de-avond-nachtdienst-jobbird-com-at-jobster-4468746244,https://nl.linkedin.com/company/jobster-com,4468746244
Jobster,Logistiek medewerker / expeditie medewerker | 2-Ploegendienst - ProfMatch,Alkmaar,2026-09-21,logistiek medewerker webshop,nee,https://nl.linkedin.com/jobs/view/logistiek-medewerker-expeditie-medewerker-2-ploegendienst-profmatch-at-jobster-4468718989,https://nl.linkedin.com/company/jobster-com,4468718989
Jobster,Logistiek Medewerker in Regio Zwolle - Uitzendbureau.nl,Zwolle,2026-09-21,logistiek medewerker webshop,nee,https://nl.linkedin.com/jobs/view/logistiek-medewerker-in-regio-zwolle-uitzendbureau-nl-at-jobster-4468719973,https://nl.linkedin.com/company/jobster-com,4468719973
Jobster,Logistiek Medewerker - Jobbird.com,Leiden,2026-09-21,logistiek medewerker webshop,nee,https://nl.linkedin.com/jobs/view/logistiek-medewerker-jobbird-com-at-jobster-4468758551,https://nl.linkedin.com/company/jobster-com,4468758551
Jobster,Allround Logistiek Medewerker (fulltime) - Uitzendbureau.nl,Hoofddorp,2026-09-21,logistiek medewerker webshop,nee,https://nl.linkedin.com/jobs/view/allround-logistiek-medewerker-fulltime-uitzendbureau-nl-at-jobster-4468734931,https://nl.linkedin.com/company/jobster-com,4468734931
Jobster,Logistiek medewerker nachtdienst - Attract,Vriezenveen,2026-09-21,logistiek medewerker webshop,nee,https://nl.linkedin.com/jobs/view/logistiek-medewerker-nachtdienst-attract-at-jobster-4468729913,https://nl.linkedin.com/company/jobster-com,4468729913
Jobster,Allround Logistiek Medewerker (Bloemen &amp; Planten) - Jobbird.com,Aalsmeer,2026-09-21,logistiek medewerker webshop,nee,https://nl.linkedin.com/jobs/view/allround-logistiek-medewerker-bloemen-planten-jobbird-com-at-jobster-4468757197,https://nl.linkedin.com/company/jobster-com,4468757197
Jobster,Logistiek medewerker - Jobbird.com,Noordwijk-Binnen,2026-09-21,logistiek medewerker webshop,nee,https://nl.linkedin.com/jobs/view/logistiek-medewerker-jobbird-com-at-jobster-4468758504,https://nl.linkedin.com/company/jobster-com,4468758504
Jobster,Logistiek Medewerker (fulltime) - Jobbird.com,Amstelveen,2026-09-21,logistiek medewerker webshop,nee,https://nl.linkedin.com/jobs/view/logistiek-medewerker-fulltime-jobbird-com-at-jobster-4468747676,https://nl.linkedin.com/company/jobster-com,4468747676
Jobster,Expeditie medewerker - Jobbird.com,Bleiswijk,2026-09-21,logistiek medewerker webshop,nee,https://nl.linkedin.com/jobs/view/expeditie-medewerker-jobbird-com-at-jobster-4468733855,https://nl.linkedin.com/company/jobster-com,4468733855
Jobster,Logistiek Medewerker (fulltime) - Jobbird.com,Amstelveen,2026-09-21,logistiek medewerker webshop,nee,https://nl.linkedin.com/jobs/view/logistiek-medewerker-fulltime-jobbird-com-at-jobster-4468742365,https://nl.linkedin.com/company/jobster-com,4468742365
Jobster,Allround logistiek medewerker - Jobbird.com,Veenendaal,2026-09-21,logistiek medewerker webshop,nee,https://nl.linkedin.com/jobs/view/allround-logistiek-medewerker-jobbird-com-at-jobster-4468741364,https://nl.linkedin.com/company/jobster-com,4468741364
Jobster,Allround Logistiek Medewerker (Bloemen &amp; Planten) (fulltime) - Jobbird.com,Aalsmeer,2026-09-21,logistiek medewerker webshop,nee,https://nl.linkedin.com/jobs/view/allround-logistiek-medewerker-bloemen-planten-fulltime-jobbird-com-at-jobster-4468746697,https://nl.linkedin.com/company/jobster-com,4468746697
Jobster,Logistiek medewerker (2-ploegendienst) - Jobbird.com,Alphen aan den Rijn,2026-09-21,logistiek medewerker webshop,nee,https://nl.linkedin.com/jobs/view/logistiek-medewerker-2-ploegendienst-jobbird-com-at-jobster-4468750627,https://nl.linkedin.com/company/jobster-com,4468750627
Jobster,Logistiek Medewerker - Start People,'s-Heerenberg,2026-09-21,logistiek medewerker webshop,nee,https://nl.linkedin.com/jobs/view/logistiek-medewerker-start-people-at-jobster-4468743691,https://nl.linkedin.com/company/jobster-com,4468743691
Jobster,Logistiek Medewerker - Uitzendbureau.nl,Amersfoort,2026-09-21,logistiek medewerker webshop,nee,https://nl.linkedin.com/jobs/view/logistiek-medewerker-uitzendbureau-nl-at-jobster-4468750646,https://nl.linkedin.com/company/jobster-com,4468750646
Jobster,Logistiek Medewerker - Jobbird.com,Amstelveen,2026-09-21,logistiek medewerker webshop,nee,https://nl.linkedin.com/jobs/view/logistiek-medewerker-jobbird-com-at-jobster-4468759566,https://nl.linkedin.com/company/jobster-com,4468759566
Jobster,Logistics Worker Clothing &amp; Lingerie - Start People,Roermond,2026-09-21,logistiek medewerker webshop,nee,https://nl.linkedin.com/jobs/view/logistics-worker-clothing-lingerie-start-people-at-jobster-4468734960,https://nl.linkedin.com/company/jobster-com,4468734960
Jobster,Magazijnmedewerker | Foot Locker Haps - Start People,Nijmegen,2026-09-21,logistiek medewerker webshop,nee,https://nl.linkedin.com/jobs/view/magazijnmedewerker-foot-locker-haps-start-people-at-jobster-4468753263,https://nl.linkedin.com/company/jobster-com,4468753263
Jobster,Logistics Employee | Foot Locker - Start People,Nijmegen,2026-09-21,logistiek medewerker webshop,nee,https://nl.linkedin.com/jobs/view/logistics-employee-foot-locker-start-people-at-jobster-4468753364,https://nl.linkedin.com/company/jobster-com,4468753364
Jobster,Logistiek Medewerker Dagdienst - Start People,Enschede,2026-09-21,logistiek medewerker webshop,nee,https://nl.linkedin.com/jobs/view/logistiek-medewerker-dagdienst-start-people-at-jobster-4468753777,https://nl.linkedin.com/company/jobster-com,4468753777
Jobster,Logistiek medewerker - Unique,Tilburg,2026-09-21,logistiek medewerker webshop,nee,https://nl.linkedin.com/jobs/view/logistiek-medewerker-unique-at-jobster-4468747597,https://nl.linkedin.com/company/jobster-com,4468747597
Jobster,Logistiek medewerker Hattemerbroek - Uitzendbureau.nl,Zwolle,2026-09-21,logistiek medewerker webshop,nee,https://nl.linkedin.com/jobs/view/logistiek-medewerker-hattemerbroek-uitzendbureau-nl-at-jobster-4468752082,https://nl.linkedin.com/company/jobster-com,4468752082
Jobster,Logistiek Medewerker - Jobbird.com,Amstelveen,2026-09-21,logistiek medewerker webshop,nee,https://nl.linkedin.com/jobs/view/logistiek-medewerker-jobbird-com-at-jobster-4468758567,https://nl.linkedin.com/company/jobster-com,4468758567
Jobster,Logistiek Medewerker (fulltime) - Jobbird.com,Alkmaar,2026-09-21,logistiek medewerker webshop,nee,https://nl.linkedin.com/jobs/view/logistiek-medewerker-fulltime-jobbird-com-at-jobster-4468745750,https://nl.linkedin.com/company/jobster-com,4468745750
Jobster,Logistiek Medewerker (fulltime) - Jobbird.com,Amstelveen,2026-09-21,logistiek medewerker webshop,nee,https://nl.linkedin.com/jobs/view/logistiek-medewerker-fulltime-jobbird-com-at-jobster-4468740556,https://nl.linkedin.com/company/jobster-com,4468740556
Jobster,Allround Logistiek Medewerker - Uitzendbureau.nl,Hoofddorp,2026-09-21,logistiek medewerker webshop,nee,https://nl.linkedin.com/jobs/view/allround-logistiek-medewerker-uitzendbureau-nl-at-jobster-4468747006,https://nl.linkedin.com/company/jobster-com,4468747006
Jobster,Logistiek medewerker - Westerduin,Apeldoorn,2026-09-21,logistiek medewerker webshop,nee,https://nl.linkedin.com/jobs/view/logistiek-medewerker-westerduin-at-jobster-4468745538,https://nl.linkedin.com/company/jobster-com,4468745538
Jobster,Logistiek medewerker Wapenveld - Uitzendbureau.nl,Zwolle,2026-09-21,logistiek medewerker webshop,nee,https://nl.linkedin.com/jobs/view/logistiek-medewerker-wapenveld-uitzendbureau-nl-at-jobster-4468738640,https://nl.linkedin.com/company/jobster-com,4468738640
Jobster,Logistiek Medewerker - Jobbird.com,Amstelveen,2026-09-21,logistiek medewerker webshop,nee,https://nl.linkedin.com/jobs/view/logistiek-medewerker-jobbird-com-at-jobster-4468739976,https://nl.linkedin.com/company/jobster-com,4468739976
Jobster,Expeditie medewerker (nacht) - Jobbird.com,Bleiswijk,2026-09-21,logistiek medewerker webshop,nee,https://nl.linkedin.com/jobs/view/expeditie-medewerker-nacht-jobbird-com-at-jobster-4468749348,https://nl.linkedin.com/company/jobster-com,4468749348
Jobster,Logistiek medewerker Wezep - Uitzendbureau.nl,Zwolle,2026-09-21,logistiek medewerker webshop,nee,https://nl.linkedin.com/jobs/view/logistiek-medewerker-wezep-uitzendbureau-nl-at-jobster-4468750385,https://nl.linkedin.com/company/jobster-com,4468750385
Jobster,Logistiek Medewerker (fulltime) - Jobbird.com,Amstelveen,2026-09-21,logistiek medewerker webshop,nee,https://nl.linkedin.com/jobs/view/logistiek-medewerker-fulltime-jobbird-com-at-jobster-4468763401,https://nl.linkedin.com/company/jobster-com,4468763401
Jobster,Logistiek medewerker Hattem - Uitzendbureau.nl,Zwolle,2026-09-21,logistiek medewerker webshop,nee,https://nl.linkedin.com/jobs/view/logistiek-medewerker-hattem-uitzendbureau-nl-at-jobster-4468740544,https://nl.linkedin.com/company/jobster-com,4468740544
Jobster,Logistiek Medewerker Ploegendienst - Word onmisbaar in het distributieproces! - Uitzendbureau.nl,Epe,2026-09-21,logistiek medewerker webshop,nee,https://nl.linkedin.com/jobs/view/logistiek-medewerker-ploegendienst-word-onmisbaar-in-het-distributieproces%21-uitzendbureau-nl-at-jobster-4468732699,https://nl.linkedin.com/company/jobster-com,4468732699
Jobster,Warehouse Employee | Clothing &amp; Lingerie - Start People,Roermond,2026-09-21,logistiek medewerker webshop,nee,https://nl.linkedin.com/jobs/view/warehouse-employee-clothing-lingerie-start-people-at-jobster-4468725946,https://nl.linkedin.com/company/jobster-com,4468725946
Jobster,Allround Logistiek Medewerker - Uitzendbureau.nl,Rosmalen,2026-09-21,logistiek medewerker webshop,nee,https://nl.linkedin.com/jobs/view/allround-logistiek-medewerker-uitzendbureau-nl-at-jobster-4468744775,https://nl.linkedin.com/company/jobster-com,4468744775
Jobster,Order Picker and Packer Healthcare UPS - Start People,Venlo,2026-09-21,logistiek medewerker webshop,nee,https://nl.linkedin.com/jobs/view/order-picker-and-packer-healthcare-ups-start-people-at-jobster-4468756204,https://nl.linkedin.com/company/jobster-com,4468756204
Jobster,Logistiek Medewerker bij de Bloemenveiling Naaldwijk voor de Avond/Nachtdienst (fulltime) - Uitzendbureau.nl,Honselersdijk,2026-09-21,logistiek medewerker webshop,nee,https://nl.linkedin.com/jobs/view/logistiek-medewerker-bij-de-bloemenveiling-naaldwijk-voor-de-avond-nachtdienst-fulltime-uitzendbureau-nl-at-jobster-4468740924,https://nl.linkedin.com/company/jobster-com,4468740924
Jobster,Logistiek medewerker Wijhe - Uitzendbureau.nl,Zwolle,2026-09-21,logistiek medewerker webshop,nee,https://nl.linkedin.com/jobs/view/logistiek-medewerker-wijhe-uitzendbureau-nl-at-jobster-4468745127,https://nl.linkedin.com/company/jobster-com,4468745127
Jobster,Logistiek Medewerker - Jobbird.com,Alkmaar,2026-09-21,logistiek medewerker webshop,nee,https://nl.linkedin.com/jobs/view/logistiek-medewerker-jobbird-com-at-jobster-4468761482,https://nl.linkedin.com/company/jobster-com,4468761482
Jobster,Logistiek medewerker - Start People,Dodewaard,2026-09-21,logistiek medewerker webshop,nee,https://nl.linkedin.com/jobs/view/logistiek-medewerker-start-people-at-jobster-4469940224,https://nl.linkedin.com/company/jobster-com,4469940224
Jobster,Logistiek Medewerker - Uitzendbureau.nl,Rotterdam,2026-09-21,logistiek medewerker webshop,nee,https://nl.linkedin.com/jobs/view/logistiek-medewerker-uitzendbureau-nl-at-jobster-4468757569,https://nl.linkedin.com/company/jobster-com,4468757569
Jobster,Logistiek medewerker Heino - Uitzendbureau.nl,Zwolle,2026-09-21,logistiek medewerker webshop,nee,https://nl.linkedin.com/jobs/view/logistiek-medewerker-heino-uitzendbureau-nl-at-jobster-4468746236,https://nl.linkedin.com/company/jobster-com,4468746236
Jobster,Warehouse Medewerker (fulltime) - Uitzendbureau.nl,Venray,2026-09-21,logistiek medewerker webshop,nee,https://nl.linkedin.com/jobs/view/warehouse-medewerker-fulltime-uitzendbureau-nl-at-jobster-4468746131,https://nl.linkedin.com/company/jobster-com,4468746131
Jobster,Logistiek Medewerker - Jobbird.com,Amstelveen,2026-09-21,logistiek medewerker webshop,nee,https://nl.linkedin.com/jobs/view/logistiek-medewerker-jobbird-com-at-jobster-4468744840,https://nl.linkedin.com/company/jobster-com,4468744840
Jobster,Logistiek medewerker - Attract,Harderwijk,2026-09-21,logistiek medewerker webshop,nee,https://nl.linkedin.com/jobs/view/logistiek-medewerker-attract-at-jobster-4468747496,https://nl.linkedin.com/company/jobster-com,4468747496
Jobster,Warehouse Medewerker (fulltime) - Jobbird.com,Gemert,2026-09-21,logistiek medewerker webshop,nee,https://nl.linkedin.com/jobs/view/warehouse-medewerker-fulltime-jobbird-com-at-jobster-4468749614,https://nl.linkedin.com/company/jobster-com,4468749614
Jobster,Logistiek medewerker - Unique,Winterswijk,2026-09-21,logistiek medewerker webshop,nee,https://nl.linkedin.com/jobs/view/logistiek-medewerker-unique-at-jobster-4468758453,https://nl.linkedin.com/company/jobster-com,4468758453
Jobster,Logistiek Medewerker bij de Bloemenveiling Naaldwijk voor de Avond/Nachtdienst - Uitzendbureau.nl,Honselersdijk,2026-09-21,logistiek medewerker webshop,nee,https://nl.linkedin.com/jobs/view/logistiek-medewerker-bij-de-bloemenveiling-naaldwijk-voor-de-avond-nachtdienst-uitzendbureau-nl-at-jobster-4468734703,https://nl.linkedin.com/company/jobster-com,4468734703
Jobster,Warehouse Medewerker - Uitzendbureau.nl,Venray,2026-09-21,logistiek medewerker webshop,nee,https://nl.linkedin.com/jobs/view/warehouse-medewerker-uitzendbureau-nl-at-jobster-4468738944,https://nl.linkedin.com/company/jobster-com,4468738944
Jobster,Content Marketeer ASA &amp; Easy Way,Nijmegen,2026-09-21,content specialist webshop,nee,https://nl.linkedin.com/jobs/view/content-marketeer-asa-easy-way-at-jobster-4468748133,https://nl.linkedin.com/company/jobster-com,4468748133
Jobster,Content Marketeer ASA &amp; Easy Way - ASA Talent,Nijmegen,2026-09-21,content specialist webshop,nee,https://nl.linkedin.com/jobs/view/content-marketeer-asa-easy-way-asa-talent-at-jobster-4468739902,https://nl.linkedin.com/company/jobster-com,4468739902
JOG Group,SEO/GEO Specialist,Alblasserdam,2026-09-11,content specialist webshop,nee,https://nl.linkedin.com/jobs/view/seo-geo-specialist-at-jog-group-4463963185,https://nl.linkedin.com/company/jog-group,4463963185
Joybuy,Category Manager-3C,Rotterdam,2026-08-31,webshop beheerder,nee,https://nl.linkedin.com/jobs/view/category-manager-3c-at-joybuy-4459217559,https://www.linkedin.com/company/joybuy-retail,4459217559
Jumbo Supermarkten,Senior Allround Medewerker,'s-Hertogenbosch,2026-09-15,logistiek medewerker webshop,nee,https://nl.linkedin.com/jobs/view/senior-allround-medewerker-at-jumbo-supermarkten-4457465156,https://nl.linkedin.com/company/jumbo-supermarkten,4457465156
JYSK,Logistiek Medewerker Retail,Brunssum,2026-03-30,logistiek medewerker webshop,nee,https://nl.linkedin.com/jobs/view/logistiek-medewerker-retail-at-jysk-4395054268,https://dk.linkedin.com/company/jysk,4395054268
JYSK,Logistiek Medewerker Retail,Capelle aan den IJssel,2026-04-22,logistiek medewerker webshop,nee,https://nl.linkedin.com/jobs/view/logistiek-medewerker-retail-at-jysk-4402429594,https://dk.linkedin.com/company/jysk,4402429594
JYSK,Logistiek Medewerker Retail,Venlo,2026-05-07,logistiek medewerker webshop,nee,https://nl.linkedin.com/jobs/view/logistiek-medewerker-retail-at-jysk-4409277758,https://dk.linkedin.com/company/jysk,4409277758
JYSK,Logistiek Medewerker,Dordrecht,2026-05-22,logistiek medewerker webshop,nee,https://nl.linkedin.com/jobs/view/logistiek-medewerker-at-jysk-4414302309,https://dk.linkedin.com/company/jysk,4414302309
JYSK,Logistiek Medewerker Retail,Bergen op Zoom,2026-06-15,logistiek medewerker webshop,nee,https://nl.linkedin.com/jobs/view/logistiek-medewerker-retail-at-jysk-4425769765,https://dk.linkedin.com/company/jysk,4425769765
JYSK,Logistiek Medewerker Retail,Vlaardingen,2026-06-29,logistiek medewerker webshop,nee,https://nl.linkedin.com/jobs/view/logistiek-medewerker-retail-at-jysk-4431075989,https://dk.linkedin.com/company/jysk,4431075989
JYSK,Logistiek Medewerker Retail,Utrecht,2026-07-15,logistiek medewerker webshop,nee,https://nl.linkedin.com/jobs/view/logistiek-medewerker-retail-at-jysk-4438074209,https://dk.linkedin.com/company/jysk,4438074209
JYSK,Logistiek Medewerker Retail,Gorinchem,2026-07-16,logistiek medewerker webshop,nee,https://nl.linkedin.com/jobs/view/logistiek-medewerker-retail-at-jysk-4438730125,https://dk.linkedin.com/company/jysk,4438730125
JYSK,Logistiek Medewerker Retail,Spijkenisse,2026-08-05,logistiek medewerker webshop,nee,https://nl.linkedin.com/jobs/view/logistiek-medewerker-retail-at-jysk-4447386367,https://dk.linkedin.com/company/jysk,4447386367
JYSK,Medewerker magazijn/verkoop,Helmond,2026-08-06,logistiek medewerker webshop,nee,https://nl.linkedin.com/jobs/view/medewerker-magazijn-verkoop%C2%A0-at-jysk-4448083488,https://dk.linkedin.com/company/jysk,4448083488
JYSK,Logistiek Medewerker Retail,Amsterdam,2026-08-07,logistiek medewerker webshop,nee,https://nl.linkedin.com/jobs/view/logistiek-medewerker-retail-at-jysk-4449207050,https://dk.linkedin.com/company/jysk,4449207050
JYSK,Logistiek Medewerker Retail,Den Haag,2026-08-13,logistiek medewerker webshop,nee,https://nl.linkedin.com/jobs/view/logistiek-medewerker-retail-at-jysk-4450495724,https://dk.linkedin.com/company/jysk,4450495724
JYSK,Logistiek Medewerker Retail,Aalsmeer,2026-08-13,logistiek medewerker webshop,nee,https://nl.linkedin.com/jobs/view/logistiek-medewerker-retail-at-jysk-4450479977,https://dk.linkedin.com/company/jysk,4450479977
JYSK,Logistiek Medewerker Retail,Gouda,2026-08-13,logistiek medewerker webshop,nee,https://nl.linkedin.com/jobs/view/logistiek-medewerker-retail-at-jysk-4450490490,https://dk.linkedin.com/company/jysk,4450490490
JYSK,Logistiek Medewerker Retail,Cruquius,2026-08-13,logistiek medewerker webshop,nee,https://nl.linkedin.com/jobs/view/logistiek-medewerker-retail-at-jysk-4450478456,https://dk.linkedin.com/company/jysk,4450478456
JYSK,Logistiek Medewerker Retail,Delft,2026-08-24,logistiek medewerker webshop,nee,https://nl.linkedin.com/jobs/view/logistiek-medewerker-retail-at-jysk-4455850639,https://dk.linkedin.com/company/jysk,4455850639
JYSK,Logistiek Medewerker Retail,Houten,2026-08-27,logistiek medewerker webshop,nee,https://nl.linkedin.com/jobs/view/logistiek-medewerker-retail-at-jysk-4457747409,https://dk.linkedin.com/company/jysk,4457747409
JYSK,Logistiek Medewerker Retail,Zoetermeer,2026-08-27,logistiek medewerker webshop,nee,https://nl.linkedin.com/jobs/view/logistiek-medewerker-retail-at-jysk-4458009037,https://dk.linkedin.com/company/jysk,4458009037
JYSK,Logistiek Medewerker Retail,Amersfoort,2026-08-31,logistiek medewerker webshop,nee,https://nl.linkedin.com/jobs/view/logistiek-medewerker-retail-at-jysk-4458879773,https://dk.linkedin.com/company/jysk,4458879773
JYSK,Logistiek Medewerker Retail,Capelle aan den IJssel,2026-09-01,logistiek medewerker webshop,nee,https://nl.linkedin.com/jobs/view/logistiek-medewerker-retail-at-jysk-4459542135,https://dk.linkedin.com/company/jysk,4459542135
JYSK,Logistiek Medewerker Retail,Purmerend,2026-09-01,logistiek medewerker webshop,nee,https://nl.linkedin.com/jobs/view/logistiek-medewerker-retail-at-jysk-4459299336,https://dk.linkedin.com/company/jysk,4459299336
JYSK,Medewerker magazijn/verkoop,Weert,2026-09-03,logistiek medewerker webshop,nee,https://nl.linkedin.com/jobs/view/medewerker-magazijn-verkoop%C2%A0-at-jysk-4460459730,https://dk.linkedin.com/company/jysk,4460459730
JYSK,Logistiek Medewerker,Middelburg,2026-09-05,logistiek medewerker webshop,nee,https://nl.linkedin.com/jobs/view/logistiek-medewerker-at-jysk-4461449808,https://dk.linkedin.com/company/jysk,4461449808
JYSK,Logistiek Medewerker Retail,Dronten,2026-09-07,logistiek medewerker webshop,nee,https://nl.linkedin.com/jobs/view/logistiek-medewerker-retail-at-jysk-4461883472,https://dk.linkedin.com/company/jysk,4461883472
JYSK,Logistiek Medewerker,Winterswijk,2026-09-07,logistiek medewerker webshop,nee,https://nl.linkedin.com/jobs/view/logistiek-medewerker-at-jysk-4462207834,https://dk.linkedin.com/company/jysk,4462207834
JYSK,Logistiek Medewerker Retail,Amsterdam,2026-09-07,logistiek medewerker webshop,nee,https://nl.linkedin.com/jobs/view/logistiek-medewerker-retail-at-jysk-4461897460,https://dk.linkedin.com/company/jysk,4461897460
JYSK,Logistiek Medewerker Retail,Venlo,2026-09-11,logistiek medewerker webshop,nee,https://nl.linkedin.com/jobs/view/logistiek-medewerker-retail-at-jysk-4463974050,https://dk.linkedin.com/company/jysk,4463974050
JYSK,Logistiek Medewerker Retail,Woerden,2026-09-18,logistiek medewerker webshop,nee,https://nl.linkedin.com/jobs/view/logistiek-medewerker-retail-at-jysk-4466684076,https://dk.linkedin.com/company/jysk,4466684076
JYSK,Logistiek Medewerker Retail,Hazerswoude Rijndijk,2026-09-18,logistiek medewerker webshop,nee,https://nl.linkedin.com/jobs/view/logistiek-medewerker-retail-at-jysk-4466680128,https://dk.linkedin.com/company/jysk,4466680128
JYSK,Logistiek Medewerker Retail,Leiderdorp,2026-09-18,logistiek medewerker webshop,nee,https://nl.linkedin.com/jobs/view/logistiek-medewerker-retail-at-jysk-4466664940,https://dk.linkedin.com/company/jysk,4466664940
JYSK,Logistiek Medewerker Retail,Waalwijk,2026-09-21,logistiek medewerker webshop,nee,https://nl.linkedin.com/jobs/view/logistiek-medewerker-retail-at-jysk-4467378207,https://dk.linkedin.com/company/jysk,4467378207
JYSK,Logistiek Medewerker Retail,Barendrecht,2026-09-21,logistiek medewerker webshop,nee,https://nl.linkedin.com/jobs/view/logistiek-medewerker-retail-at-jysk-4467363384,https://dk.linkedin.com/company/jysk,4467363384
Kamer van Koophandel,Senior online contentspecialist,Utrecht,2026-09-21,content specialist webshop,nee,https://nl.linkedin.com/jobs/view/senior-online-contentspecialist-at-kamer-van-koophandel-4469876001,https://nl.linkedin.com/company/kamer-van-koophandel,4469876001
Kao EMEA &amp; Americas,E-Commerce Intern,Amersfoort,2026-09-15,webshop beheerder,nee,https://nl.linkedin.com/jobs/view/e-commerce-intern-at-kao-emea-americas-4458523793,https://jp.linkedin.com/company/kao-usa-inc-,4458523793
KB nationale bibliotheek,Functioneel Beheerder Website as a Service,Den Haag,2026-09-11,webshop beheerder,nee,https://nl.linkedin.com/jobs/view/functioneel-beheerder-website-as-a-service-at-kb-nationale-bibliotheek-4464888947,https://nl.linkedin.com/company/koninklijke-bibliotheek,4464888947
Kelvion,Manager Order Management,Almere,2026-09-08,orderverwerking,nee,https://nl.linkedin.com/jobs/view/manager-order-management-at-kelvion-4464628809,https://de.linkedin.com/company/kelvionhx,4464628809
Kelvion,Manager Order Management,Doetinchem,2026-09-17,orderverwerking,nee,https://nl.linkedin.com/jobs/view/manager-order-management-at-kelvion-4455758980,https://de.linkedin.com/company/kelvionhx,4455758980
KickSo,ONLINE MARKETEER,Breda,2025-06-11,online marketeer webshop,nee,https://nl.linkedin.com/jobs/view/online-marketeer-at-kickso-4249093853,https://nl.linkedin.com/company/kickso,4249093853
KickSo,SENIOR E-COMMERCE STRATEEG,Breda,2026-05-18,online marketeer webshop,nee,https://nl.linkedin.com/jobs/view/senior-e-commerce-strateeg-at-kickso-4416271656,https://nl.linkedin.com/company/kickso,4416271656
KLG Europe,Allround Loodsmedewerker Warehouse (Logistiek Medewerker),Venlo,2026-07-24,logistiek medewerker webshop,nee,https://nl.linkedin.com/jobs/view/allround-loodsmedewerker-warehouse-logistiek-medewerker-at-klg-europe-4444389537,https://nl.linkedin.com/company/klg-europe-logistics,4444389537
KLG Europe,Loodsmedewerker Warehouse,Venlo,2026-08-19,logistiek medewerker webshop,nee,https://nl.linkedin.com/jobs/view/loodsmedewerker-warehouse-at-klg-europe-4456306690,https://nl.linkedin.com/company/klg-europe-logistics,4456306690
Knivesandtools,Social Media Marketeer,Apeldoorn,2026-09-14,online marketeer webshop,nee,https://nl.linkedin.com/jobs/view/social-media-marketeer-at-knivesandtools-4467064099,https://nl.linkedin.com/company/knivesandtools-kato,4467064099
Koninklijke Rotra Groep,Content Marketeer,Doesburg,2026-09-18,content specialist webshop,nee,https://nl.linkedin.com/jobs/view/content-marketeer-at-koninklijke-rotra-groep-4469134377,https://nl.linkedin.com/company/koninklijke-rotra-groep,4469134377
Koopman International B.V.,Magazijnmedewerker Emmeloord,Emmeloord,2026-01-04,logistiek medewerker webshop,nee,https://nl.linkedin.com/jobs/view/magazijnmedewerker-emmeloord-at-koopman-international-b-v-4354371023,https://nl.linkedin.com/company/koopman-international-b-v-,4354371023
Koopman International B.V.,Magazijnmedewerker Amsterdam,Amsterdam,2026-07-09,logistiek medewerker webshop,nee,https://nl.linkedin.com/jobs/view/magazijnmedewerker-amsterdam-at-koopman-international-b-v-4438626771,https://nl.linkedin.com/company/koopman-international-b-v-,4438626771
Kruidvat,Logistiek Medewerker,Ede,2026-09-16,logistiek medewerker webshop,nee,https://nl.linkedin.com/jobs/view/logistiek-medewerker-at-kruidvat-4110541057,https://nl.linkedin.com/company/kruidvat,4110541057
Kwantum,Meewerkstage 3e jaar Shop &amp; Content Leen Bakker,Geertruidenberg,2026-05-22,webshop beheerder,nee,https://nl.linkedin.com/jobs/view/meewerkstage-3e-jaar-shop-content-leen-bakker-at-kwantum-4414802441,https://nl.linkedin.com/company/kwantum,4414802441
La Souris,Performance Marketeer - Doetinchem,Doetinchem,2026-09-04,online marketeer webshop,nee,https://nl.linkedin.com/jobs/view/performance-marketeer-doetinchem-at-la-souris-4463392052,https://nl.linkedin.com/company/la-souris-scooter,4463392052
Lamb Weston EMEA,Logistiek Medewerker,Kruiningen,2026-07-21,logistiek medewerker webshop,nee,https://nl.linkedin.com/jobs/view/logistiek-medewerker-at-lamb-weston-emea-4402937978,https://nl.linkedin.com/company/lambwestonemea,4402937978
Landal,Content Specialist,Amsterdam,2026-07-30,content specialist webshop,nee,https://nl.linkedin.com/jobs/view/content-specialist-at-landal-4447061366,https://nl.linkedin.com/company/landal,4447061366
Lead Today,Content Marketeer,Rotterdam,2026-07-10,content specialist webshop,nee,https://nl.linkedin.com/jobs/view/content-marketeer-at-lead-today-4438335013,https://nl.linkedin.com/company/lead-today,4438335013
Leen Bakker,Meewerkstage 3e jaar Shop &amp; Content Leen Bakker,Geertruidenberg,2026-05-22,webshop beheerder,nee,https://nl.linkedin.com/jobs/view/meewerkstage-3e-jaar-shop-content-leen-bakker-at-leen-bakker-4414803426,https://nl.linkedin.com/company/leen-bakker,4414803426
Leen Bakker,Meewerkstage E-commerce bij Kwantum,Tilburg,2026-09-15,webshop beheerder,nee,https://nl.linkedin.com/jobs/view/meewerkstage-e-commerce-bij-kwantum-at-leen-bakker-4466954750,https://nl.linkedin.com/company/leen-bakker,4466954750
Lely,Manager Lely Store,Maassluis,2026-09-03,webshop beheerder,nee,https://nl.linkedin.com/jobs/view/manager-lely-store-at-lely-4462897549,https://nl.linkedin.com/company/lely-industries-nv,4462897549
Leolux Furniture Group,Online marketeer,Venlo,2026-09-10,online marketeer webshop,nee,https://nl.linkedin.com/jobs/view/online-marketeer-at-leolux-furniture-group-4465653313,https://nl.linkedin.com/company/leolux-furniture-group,4465653313
LHS by Spot Group,CONTENT MARKETEER,Volendam,2026-09-12,content specialist webshop,nee,https://nl.linkedin.com/jobs/view/content-marketeer-at-lhs-global-4464280141,https://be.linkedin.com/company/lhs-by-spot-group,4464280141
Lidl Nederland,Orderpicker distributiecentrum Waddinxveen (24-40 uur).,Waddinxveen,2026-05-01,logistiek medewerker webshop,nee,https://nl.linkedin.com/jobs/view/orderpicker-distributiecentrum-waddinxveen-24-40-uur-at-lidl-nederland-4409185312,https://nl.linkedin.com/company/lidl-nederland,4409185312
Lidl Nederland,Orderpicker distributiecentrum Weert (Engelse variant).,Weert,2026-08-10,orderverwerking,nee,https://nl.linkedin.com/jobs/view/orderpicker-distributiecentrum-weert-engelse-variant-at-lidl-nederland-4451518623,https://nl.linkedin.com/company/lidl-nederland,4451518623
Lidl Nederland,Orderpicker distributiecentrum Weert.,Weert,2026-08-10,logistiek medewerker webshop,nee,https://nl.linkedin.com/jobs/view/orderpicker-distributiecentrum-weert-at-lidl-nederland-4451505954,https://nl.linkedin.com/company/lidl-nederland,4451505954
Lidl Nederland,Medewerker goederenontvangst distributiecentrum Waddinxveen (32-40 uur).,Waddinxveen,2026-08-10,logistiek medewerker webshop,nee,https://nl.linkedin.com/jobs/view/medewerker-goederenontvangst-distributiecentrum-waddinxveen-32-40-uur-at-lidl-nederland-4438623479,https://nl.linkedin.com/company/lidl-nederland,4438623479
Lidl Nederland,Orderpicker distributiecentrum Etten-Leur (16-40 uur).,Etten-Leur,2026-08-10,logistiek medewerker webshop,nee,https://nl.linkedin.com/jobs/view/orderpicker-distributiecentrum-etten-leur-16-40-uur-at-lidl-nederland-4451513831,https://nl.linkedin.com/company/lidl-nederland,4451513831
Lidl Nederland,Orderpicker distributiecentrum Almere (16-40 uur).,Almere,2026-08-17,logistiek medewerker webshop,nee,https://nl.linkedin.com/jobs/view/orderpicker-distributiecentrum-almere-16-40-uur-at-lidl-nederland-4455322967,https://nl.linkedin.com/company/lidl-nederland,4455322967
Lidl Nederland,Orderpicker avonddienst distributiecentrum Waddinxveen (24-40 uur).,Waddinxveen,2026-08-23,logistiek medewerker webshop,nee,https://nl.linkedin.com/jobs/view/orderpicker-avonddienst-distributiecentrum-waddinxveen-24-40-uur-at-lidl-nederland-4457881423,https://nl.linkedin.com/company/lidl-nederland,4457881423
Lidl Nederland,Orderpicker evening shift distributiecentrum Waddinxveen (24-40 hour).,Waddinxveen,2026-08-27,logistiek medewerker webshop,nee,https://nl.linkedin.com/jobs/view/orderpicker-evening-shift-distributiecentrum-waddinxveen-24-40-hour-at-lidl-nederland-4459862336,https://nl.linkedin.com/company/lidl-nederland,4459862336
Lidl Nederland,Orderpicker diepvries distributiecentrum Almere (24-40 uur).,Almere,2026-09-10,logistiek medewerker webshop,nee,https://nl.linkedin.com/jobs/view/orderpicker-diepvries-distributiecentrum-almere-24-40-uur-at-lidl-nederland-4465610368,https://nl.linkedin.com/company/lidl-nederland,4465610368
Lidl Nederland,Medewerker expeditie Etten-Leur (32-40 uur).,Etten-Leur,2026-09-15,logistiek medewerker webshop,nee,https://nl.linkedin.com/jobs/view/medewerker-expeditie-etten-leur-32-40-uur-at-lidl-nederland-4467070745,https://nl.linkedin.com/company/lidl-nederland,4467070745
Lidl Nederland,Orderpicker distributioncenter Almere.,Almere,2026-09-17,logistiek medewerker webshop,nee,https://nl.linkedin.com/jobs/view/orderpicker-distributioncenter-almere-at-lidl-nederland-4467186332,https://nl.linkedin.com/company/lidl-nederland,4467186332
Linkedtalent,Logistiek Medewerker – Verkoper,Genemuiden,2026-07-31,orderverwerking,nee,https://nl.linkedin.com/jobs/view/logistiek-medewerker-%E2%80%93-verkoper-at-linkedtalent-4456920875,https://nl.linkedin.com/company/linkedtalent,4456920875
Linkedtalent,LOGISTIEK MEDEWERKER MET VERKOOPTALENT,Zwolle,2026-07-31,orderverwerking,nee,https://nl.linkedin.com/jobs/view/logistiek-medewerker-met-verkooptalent-at-linkedtalent-4456924964,https://nl.linkedin.com/company/linkedtalent,4456924964
Linkedtalent,Marketing Medewerker,Zwolle,2026-07-31,content specialist webshop,nee,https://nl.linkedin.com/jobs/view/marketing-medewerker-at-linkedtalent-4456934917,https://nl.linkedin.com/company/linkedtalent,4456934917
Linkedtalent,Medewerker Magazijn,Zwartewaterland,2026-08-06,logistiek medewerker webshop,nee,https://nl.linkedin.com/jobs/view/medewerker-magazijn-at-linkedtalent-4448098941,https://nl.linkedin.com/company/linkedtalent,4448098941
Linkedtalent,Orderpicker,Zwartewaterland,2026-08-11,orderverwerking,nee,https://nl.linkedin.com/jobs/view/orderpicker-at-linkedtalent-4456942791,https://nl.linkedin.com/company/linkedtalent,4456942791
Linkedtalent,Coördinator Commerciële Binnendienst,Zwartewaterland,2026-08-21,orderverwerking,nee,https://nl.linkedin.com/jobs/view/co%C3%B6rdinator-commerci%C3%ABle-binnendienst-at-linkedtalent-4464129530,https://nl.linkedin.com/company/linkedtalent,4464129530
Loodgieters Veenstra,Vacature: SEO Specialist Tiel,Tiel,2026-09-02,content specialist webshop,nee,https://nl.linkedin.com/jobs/view/vacature-seo-specialist-tiel-at-loodgieters-veenstra-4460976113,https://www.linkedin.com/company/loodgieters-veenstra,4460976113
Loods 5,Magazijnmedewerker / Logistiek medewerker - Loods 5 Halfweg,Halfweg,2026-07-21,logistiek medewerker webshop,nee,https://nl.linkedin.com/jobs/view/magazijnmedewerker-logistiek-medewerker-loods-5-halfweg-at-loods-5-4440412118,https://nl.linkedin.com/company/loods-5,4440412118
Mainfreight,Logistiek Team Member Warehousing - Mainfreight 's-Heerenberg,'s-Heerenberg,2026-09-13,logistiek medewerker webshop,nee,https://nl.linkedin.com/jobs/view/logistiek-team-member-warehousing-mainfreight-s-heerenberg-at-mainfreight-europe-4465486363,https://nl.linkedin.com/company/mainfreight-europe,4465486363
Mainfreight,Team Member Warehousing,Born,2026-09-13,logistiek medewerker webshop,nee,https://nl.linkedin.com/jobs/view/team-member-warehousing-at-mainfreight-europe-4465493312,https://nl.linkedin.com/company/mainfreight-europe,4465493312
MARC INBANE® Official,E-commerce Manager,Tilburg,2026-08-24,webshop beheerder,nee,https://nl.linkedin.com/jobs/view/e-commerce-manager-at-marc-inbane-b-v-4456893823,https://nl.linkedin.com/company/marc-inbane-b-v-,4456893823
Mastermate,E-commerce Manager,Apeldoorn,2026-07-29,webshop beheerder,nee,https://nl.linkedin.com/jobs/view/e-commerce-manager-at-mastermate-4446581501,https://nl.linkedin.com/company/mastermate,4446581501
Matt Sleeps,Designer,Amsterdam,2026-05-29,online marketeer webshop,ja,https://nl.linkedin.com/jobs/view/designer-at-matt-sleeps-4420928047,https://nl.linkedin.com/company/matt-sleeps,4420928047
Matt Sleeps,AI performance marketeer,Amsterdam,2026-06-03,online marketeer webshop,ja,https://nl.linkedin.com/jobs/view/ai-performance-marketeer-at-matt-sleeps-4422987876,https://nl.linkedin.com/company/matt-sleeps,4422987876
MediaMarkt Benelux,SEO Specialist,Rotterdam,2026-09-03,content specialist webshop,nee,https://nl.linkedin.com/jobs/view/seo-specialist-at-mediamarkt-benelux-4450165409,https://nl.linkedin.com/company/mediamarkt-benelux,4450165409
MediaMarkt Benelux,CRO Manager,Rotterdam,2026-09-18,online marketeer webshop,nee,https://nl.linkedin.com/jobs/view/cro-manager-at-mediamarkt-benelux-4420126401,https://nl.linkedin.com/company/mediamarkt-benelux,4420126401
MediaMarkt Nederland,Logistiek &amp; Magazijnmedewerker Retail Cruquius,Hoofddorp,2026-09-19,logistiek medewerker webshop,nee,https://nl.linkedin.com/jobs/view/logistiek-magazijnmedewerker-retail-cruquius-at-mediamarkt-nederland-4439238946,https://nl.linkedin.com/company/media-markt-saturn-nederland,4439238946
MediaMarkt Nederland,Logistiek &amp; Magazijnmedewerker Retail Ekkersrijt,Eindhoven,2026-09-21,logistiek medewerker webshop,nee,https://nl.linkedin.com/jobs/view/logistiek-magazijnmedewerker-retail-ekkersrijt-at-mediamarkt-nederland-4467377834,https://nl.linkedin.com/company/media-markt-saturn-nederland,4467377834
Mediaworx,Digitaal Account Strateeg,'s-Hertogenbosch,2026-07-23,online marketeer webshop,nee,https://nl.linkedin.com/jobs/view/digitaal-account-strateeg-at-mediaworx-4443468442,https://nl.linkedin.com/company/mediaworx-advertising,4443468442
Medipoint,Logistiek medewerker,Arnhem,2026-06-26,logistiek medewerker webshop,nee,https://nl.linkedin.com/jobs/view/logistiek-medewerker-at-medipoint-4433865445,https://nl.linkedin.com/company/medipoint,4433865445
Medipoint,Logistiek medewerker,Vianen,2026-07-27,logistiek medewerker webshop,nee,https://nl.linkedin.com/jobs/view/logistiek-medewerker-at-medipoint-4445933923,https://nl.linkedin.com/company/medipoint,4445933923
Medipoint,Logistiek medewerker,De Goorn,2026-08-11,logistiek medewerker webshop,nee,https://nl.linkedin.com/jobs/view/logistiek-medewerker-at-medipoint-4452433840,https://nl.linkedin.com/company/medipoint,4452433840
Medipoint,Logistiek medewerker,Amsterdam,2026-08-31,logistiek medewerker webshop,nee,https://nl.linkedin.com/jobs/view/logistiek-medewerker-at-medipoint-4461208529,https://nl.linkedin.com/company/medipoint,4461208529
Michael Page,Logistiek Medewerker Magazijn,Rotterdam,2026-09-15,logistiek medewerker webshop,nee,https://nl.linkedin.com/jobs/view/logistiek-medewerker-magazijn-at-michael-page-4467786772,https://uk.linkedin.com/company/michael-page,4467786772
Michael Page,Expeditie medewerker,Dordrecht,2026-09-21,logistiek medewerker webshop,nee,https://nl.linkedin.com/jobs/view/expeditie-medewerker-at-michael-page-4469982010,https://uk.linkedin.com/company/michael-page,4469982010
MOLANO,Magazijnmedewerker,Haarlem,2026-09-21,logistiek medewerker webshop,nee,https://nl.linkedin.com/jobs/view/magazijnmedewerker-at-molano-4469906009,https://nl.linkedin.com/company/molano,4469906009
Moma Beauty,STAGE – E-COMMERCE &amp; WEBSHOPBEHEER (VANAF FEBRUARI 2027),Groenlo,2025-11-10,webshop beheerder,nee,https://nl.linkedin.com/jobs/view/stage-%E2%80%93-e-commerce-webshopbeheer-vanaf-februari-2027-at-moma-beauty-4339673553,https://nl.linkedin.com/company/moma-beauty,4339673553
Monday Merch,Technical Lead - Merch Platform &amp; ERP - Fast Growing Scale Up,Rotterdam,2026-07-11,webshop beheerder,nee,https://nl.linkedin.com/jobs/view/technical-lead-merch-platform-erp-fast-growing-scale-up-at-monday-merch-4449923388,https://nl.linkedin.com/company/mondaymerch,4449923388
Moonpig,Brand &amp; Campaign Marketer (Dutch &amp; English Speaking),Amsterdam,2026-08-19,online marketeer webshop,nee,https://nl.linkedin.com/jobs/view/brand-campaign-marketer-dutch-english-speaking-at-moonpig-4453468060,https://uk.linkedin.com/company/moonpig-com,4453468060
MR MARVIS,Performance Marketing Manager (PPC),Amsterdam,2026-09-17,online marketeer webshop,nee,https://nl.linkedin.com/jobs/view/performance-marketing-manager-ppc-at-mr-marvis-4467500004,https://nl.linkedin.com/company/mrmarvis,4467500004
MR MARVIS,Social Media &amp; Community Specialist,Amsterdam,2026-09-17,content specialist webshop,nee,https://nl.linkedin.com/jobs/view/social-media-community-specialist-at-mr-marvis-4467548665,https://nl.linkedin.com/company/mrmarvis,4467548665
My Jewellery,Performance Marketing Manager,'s-Hertogenbosch,2026-09-14,online marketeer webshop,nee,https://nl.linkedin.com/jobs/view/performance-marketing-manager-at-my-jewellery-4462693335,https://nl.linkedin.com/company/my-jewellery,4462693335
My Jewellery,SEA Specialist,'s-Hertogenbosch,2026-09-20,online marketeer webshop,nee,https://nl.linkedin.com/jobs/view/sea-specialist-at-my-jewellery-4468451677,https://nl.linkedin.com/company/my-jewellery,4468451677
My Jewellery,Junior Logistiek Medewerker,'s-Hertogenbosch,2026-09-21,logistiek medewerker webshop,nee,https://nl.linkedin.com/jobs/view/junior-logistiek-medewerker-at-my-jewellery-4468747827,https://nl.linkedin.com/company/my-jewellery,4468747827
My Jewellery,Online Marketing Manager,'s-Hertogenbosch,2026-09-22,online marketeer webshop,nee,https://nl.linkedin.com/jobs/view/online-marketing-manager-at-my-jewellery-4470258263,https://nl.linkedin.com/company/my-jewellery,4470258263
My Jewellery,Senior Logistiek Medewerker,'s-Hertogenbosch,2026-09-22,logistiek medewerker webshop,nee,https://nl.linkedin.com/jobs/view/senior-logistiek-medewerker-at-my-jewellery-4470241980,https://nl.linkedin.com/company/my-jewellery,4470241980
Nature's Pride,Logistiek Medewerker Inbound,Maasdijk,2026-08-17,logistiek medewerker webshop,nee,https://nl.linkedin.com/jobs/view/logistiek-medewerker-inbound-at-nature-s-pride-4454029034,https://nl.linkedin.com/company/nature's-pride,4454029034
Nedelko,Performance Marketeer (B2B),Barendrecht,2026-09-04,online marketeer webshop,nee,https://nl.linkedin.com/jobs/view/performance-marketeer-b2b-at-nedelko-4463318935,https://nl.linkedin.com/company/nedelko,4463318935
New Balance,Ecommerce Operations Specialist (6 month fixed term),Amsterdam,2026-09-09,webshop beheerder,nee,https://nl.linkedin.com/jobs/view/ecommerce-operations-specialist-6-month-fixed-term-at-new-balance-4465078427,https://www.linkedin.com/company/new-balance,4465078427
New Story,Ervaren Online Marketeer,Noordwijk,2026-07-13,online marketeer webshop,nee,https://nl.linkedin.com/jobs/view/ervaren-online-marketeer-at-new-story-4450720658,https://nl.linkedin.com/company/new-story-agency,4450720658
Nmbrs Payroll,Content Marketeer,Amsterdam,2026-09-17,content specialist webshop,nee,https://nl.linkedin.com/jobs/view/content-marketeer-at-nmbrs-payroll-4456164602,https://nl.linkedin.com/showcase/nmbrs-payroll/,4456164602
NOBEARS,Operational Lead,Heusden,2026-09-21,webshop beheerder,nee,https://nl.linkedin.com/jobs/view/operational-lead-at-nobears-4466305375,https://nl.linkedin.com/company/nobears,4466305375
Nodefy,E-commerce Marketeer,Amsterdam,2026-04-24,online marketeer webshop,nee,https://nl.linkedin.com/jobs/view/e-commerce-marketeer-at-nodefy-4406617891,https://nl.linkedin.com/company/nodefyio,4406617891
NORTVI,Head of Ecommerce,Amsterdam,2026-07-06,webshop beheerder,nee,https://nl.linkedin.com/jobs/view/head-of-ecommerce-at-nortvi-4437191862,https://nl.linkedin.com/company/nortvi,4437191862
NORTVI,Head of Growth,Amsterdam,2026-08-18,online marketeer webshop,nee,https://nl.linkedin.com/jobs/view/head-of-growth-at-nortvi-4455742220,https://nl.linkedin.com/company/nortvi,4455742220
O My Bag Amsterdam,Operations Lead,Amsterdam,2026-09-09,webshop beheerder,nee,https://nl.linkedin.com/jobs/view/operations-lead-at-o-my-bag-amsterdam-4464991556,https://nl.linkedin.com/company/o-my-bag-amsterdam,4464991556
OGÉR,Creative,Amsterdam,2026-08-24,content specialist webshop,nee,https://nl.linkedin.com/jobs/view/creative-at-og%C3%A9r-4456862930,https://nl.linkedin.com/company/oger-fashion,4456862930
OKTOBER,(Senior) Retention Manager (gn) – Email Marketing | Dutch-speaking | Remote worldwide,Nederland,2026-06-29,online marketeer webshop,nee,https://nl.linkedin.com/jobs/view/senior-retention-manager-gn-%E2%80%93-email-marketing-dutch-speaking-remote-worldwide-at-oktober-4434496095,https://nl.linkedin.com/company/oktoberagencycom,4434496095
OKTOBER,(Senior) Retention Manager (gn) – Email Marketing | Dutch-speaking | Remote worldwide,Amsterdam,2026-06-29,online marketeer webshop,nee,https://nl.linkedin.com/jobs/view/senior-retention-manager-gn-%E2%80%93-email-marketing-dutch-speaking-remote-worldwide-at-oktober-4434483806,https://nl.linkedin.com/company/oktoberagencycom,4434483806
OKTOBER,Direct Response Copywriter | gn | Email Retention | Dutch-speaking | Remote,Nederland,2026-08-17,online marketeer webshop,nee,https://nl.linkedin.com/jobs/view/direct-response-copywriter-gn-email-retention-dutch-speaking-remote-at-oktober-4455374379,https://nl.linkedin.com/company/oktoberagencycom,4455374379
OKTOBER,Direct Response Copywriter | gn | Email Retention | Dutch-speaking | Remote,Amsterdam,2026-08-17,online marketeer webshop,nee,https://nl.linkedin.com/jobs/view/direct-response-copywriter-gn-email-retention-dutch-speaking-remote-at-oktober-4455352929,https://nl.linkedin.com/company/oktoberagencycom,4455352929
OKTOBER,Email Copywriter &amp; Account Coordinator | Dutch-speaking | gn | Remote,Nederland,2026-08-24,online marketeer webshop,nee,https://nl.linkedin.com/jobs/view/email-copywriter-account-coordinator-dutch-speaking-gn-remote-at-oktober-4458288496,https://nl.linkedin.com/company/oktoberagencycom,4458288496
OKTOBER,Email Copywriter &amp; Account Coordinator | Dutch-speaking | gn | Remote,Amsterdam,2026-08-24,online marketeer webshop,nee,https://nl.linkedin.com/jobs/view/email-copywriter-account-coordinator-dutch-speaking-gn-remote-at-oktober-4458295352,https://nl.linkedin.com/company/oktoberagencycom,4458295352
ON THAT ASS,Junior Performance Marketeer,Rosmalen,2026-09-14,online marketeer webshop,nee,https://nl.linkedin.com/jobs/view/junior-performance-marketeer-at-on-that-ass-4437786345,https://nl.linkedin.com/company/onthatass,4437786345
one2track B.V.,Digital Marketeer Duitsland,Noordwijkerhout,2026-09-22,online marketeer webshop,nee,https://nl.linkedin.com/jobs/view/digital-marketeer-duitsland-at-one2track-b-v-4470416560,https://nl.linkedin.com/company/one2track,4470416560
Orange Juice,Online marketeer,Arnhem,2026-09-09,online marketeer webshop,nee,https://nl.linkedin.com/jobs/view/online-marketeer-at-orange-juice-4463873160,https://nl.linkedin.com/company/orangejuice-nl,4463873160
Orangebag.nl,Social Media &amp; Influencer Specialist,Rotterdam,2026-07-23,online marketeer webshop,nee,https://nl.linkedin.com/jobs/view/social-media-influencer-specialist-at-orangebag-nl-4443909803,https://nl.linkedin.com/company/orangebag-nl-b-v-,4443909803
ORTEC,"Digital Brand, Communications &amp; Performance Lead",Zoetermeer,2026-09-08,content specialist webshop,nee,https://nl.linkedin.com/jobs/view/digital-brand-communications-performance-lead-at-ortec-4463294597,https://nl.linkedin.com/company/ortec,4463294597
Outdoor Gigant,SEO &amp; Performance Marketeer (fulltime),Nijverdal,2026-09-01,online marketeer webshop,nee,https://nl.linkedin.com/jobs/view/seo-performance-marketeer-fulltime-at-outdoor-gigant-4459541838,https://nl.linkedin.com/company/outdoor-gigant,4459541838
OZ-Hami,Logistiek medewerker bloemenexport,Aalsmeer,2025-05-27,logistiek medewerker webshop,nee,https://nl.linkedin.com/jobs/view/logistiek-medewerker-bloemenexport-at-oz-hami-4235881740,https://nl.linkedin.com/company/oz-hami,4235881740
OZ-Hami,Logistiek medewerker bloemenexport,Uithoorn,2026-04-21,logistiek medewerker webshop,nee,https://nl.linkedin.com/jobs/view/logistiek-medewerker-bloemenexport-at-oz-hami-4404831495,https://nl.linkedin.com/company/oz-hami,4404831495
OZ-Hami,Medewerker logistiek Fust,Aalsmeer,2026-07-24,logistiek medewerker webshop,nee,https://nl.linkedin.com/jobs/view/medewerker-logistiek-fust-at-oz-hami-4444363223,https://nl.linkedin.com/company/oz-hami,4444363223
OZ-Hami,Medewerker logistiek Verdeling,Aalsmeer,2026-09-11,logistiek medewerker webshop,nee,https://nl.linkedin.com/jobs/view/medewerker-logistiek-verdeling-at-oz-hami-4465104041,https://nl.linkedin.com/company/oz-hami,4465104041
OZ-Hami,Medewerker logistiek Fust,Uithoorn,2026-09-11,logistiek medewerker webshop,nee,https://nl.linkedin.com/jobs/view/medewerker-logistiek-fust-at-oz-hami-4444939454,https://nl.linkedin.com/company/oz-hami,4444939454
OZ-Hami,Medewerker logistiek Verdeling,Uithoorn,2026-09-15,logistiek medewerker webshop,nee,https://nl.linkedin.com/jobs/view/medewerker-logistiek-verdeling-at-oz-hami-4466332498,https://nl.linkedin.com/company/oz-hami,4466332498
Pageking® - Full Swing Digital Agency,Open sollicitatie,Breda,2026-07-10,webshop beheerder,nee,https://nl.linkedin.com/jobs/view/open-sollicitatie-at-pageking%C2%AE-full-swing-digital-agency-4439006943,https://nl.linkedin.com/company/pageking,4439006943
Paperclicks,Full time Online Marketeer,Best,2026-08-04,online marketeer webshop,nee,https://nl.linkedin.com/jobs/view/full-time-online-marketeer-at-paperclicks-4448556728,https://nl.linkedin.com/company/paperclicksnl,4448556728
ParfumWebshop,CRM &amp; Campagne Specialist (26–30 uur),Nieuw-Vennep,2026-09-01,webshop beheerder,nee,https://nl.linkedin.com/jobs/view/crm-campagne-specialist-26%E2%80%9330-uur-at-parfumwebshop-4462001872,https://nl.linkedin.com/company/parfumwebshop,4462001872
Paul Roescher,Hoofd orderbureau,Rijssen,2026-08-05,orderverwerking,nee,https://nl.linkedin.com/jobs/view/hoofd-orderbureau-at-paul-roescher-4448998249,https://nl.linkedin.com/company/paul-roescher,4448998249
Payt Nederland,Growth Marketeer,Groningen,2026-09-17,online marketeer webshop,nee,https://nl.linkedin.com/jobs/view/growth-marketeer-at-payt-nederland-4468628299,https://nl.linkedin.com/company/payt-nederland,4468628299
PCS Wireless,"Manager, Global Marketplace Operations",Rosmalen,2026-09-09,webshop beheerder,nee,https://nl.linkedin.com/jobs/view/manager-global-marketplace-operations-at-pcs-wireless-4463885911,https://www.linkedin.com/company/pcswireless,4463885911
Peple B.V.,Product Marketeer,Amersfoort,2026-08-27,content specialist webshop,nee,https://nl.linkedin.com/jobs/view/product-marketeer-at-peple-b-v-4446032982,https://nl.linkedin.com/company/peplenl,4446032982
Personato,Logistiek medewerker,Oostrum,2026-09-14,logistiek medewerker webshop,nee,https://nl.linkedin.com/jobs/view/logistiek-medewerker-at-personato-4467088156,https://nl.linkedin.com/company/personato,4467088156
Petite Amélie,Business Systems &amp; Automation Manager,Weesp,2026-09-08,webshop beheerder,nee,https://nl.linkedin.com/jobs/view/business-systems-automation-manager-at-petite-am%C3%A9lie-4462528803,https://nl.linkedin.com/company/petite-am%C3%A9lie,4462528803
Picnic Technologies,Junior Digital Marketing Specialist,Amsterdam,2026-09-02,online marketeer webshop,nee,https://nl.linkedin.com/jobs/view/junior-digital-marketing-specialist-at-picnic-technologies-4452445380,https://nl.linkedin.com/company/picnictechnologies,4452445380
Picnic Technologies,Copy Editor,Amsterdam,2026-09-14,content specialist webshop,nee,https://nl.linkedin.com/jobs/view/copy-editor-at-picnic-technologies-4411369393,https://nl.linkedin.com/company/picnictechnologies,4411369393
Picnic Technologies,Performance Marketing Specialist,Amsterdam,2026-09-15,online marketeer webshop,nee,https://nl.linkedin.com/jobs/view/performance-marketing-specialist-at-picnic-technologies-4448862172,https://nl.linkedin.com/company/picnictechnologies,4448862172
Picnic Technologies,Working Student Content Editor,Amsterdam,2026-09-18,webshop beheerder,nee,https://nl.linkedin.com/jobs/view/working-student-content-editor-at-picnic-technologies-4450602285,https://nl.linkedin.com/company/picnictechnologies,4450602285
Pijper Media,Online redacteur Lekker500 en Kookfans,Groningen,2026-05-27,content specialist webshop,nee,https://nl.linkedin.com/jobs/view/online-redacteur-lekker500-en-kookfans-at-pijper-media-4417251567,https://nl.linkedin.com/company/pijper-media,4417251567
Pijper Media,Redacteur / marketeer koopkompas.nl en voordeelpas.nl,Groningen,2026-06-01,content specialist webshop,nee,https://nl.linkedin.com/jobs/view/redacteur-marketeer-koopkompas-nl-en-voordeelpas-nl-at-pijper-media-4418783831,https://nl.linkedin.com/company/pijper-media,4418783831
PINK,SEO Specialist,Groningen,2026-08-23,content specialist webshop,nee,https://nl.linkedin.com/jobs/view/seo-specialist-at-pink-4468391905,https://nl.linkedin.com/company/pinkagencynl,4468391905
Plato Group,CRO Specialist,Helmond,2026-08-31,online marketeer webshop,nee,https://nl.linkedin.com/jobs/view/cro-specialist-at-plato-group-4461064152,https://nl.linkedin.com/company/platogroup,4461064152
PM,BBL-leerling Logistiek medewerker,Dedemsvaart,2025-12-03,logistiek medewerker webshop,nee,https://nl.linkedin.com/jobs/view/bbl-leerling-logistiek-medewerker-at-pm-4325503324,https://nl.linkedin.com/company/pm-bv,4325503324
PositiveDigits,Online marketeer,Waalwijk,2026-07-28,online marketeer webshop,nee,https://nl.linkedin.com/jobs/view/online-marketeer-at-positivedigits-4446165779,https://nl.linkedin.com/company/positivedigits,4446165779
PowerKraut,Marketeer PowerKraut &amp; PowerLabs,Doetinchem,2026-09-08,content specialist webshop,nee,https://nl.linkedin.com/jobs/view/marketeer-powerkraut-powerlabs-at-powerkraut-4464602600,https://nl.linkedin.com/company/powerkrautnl,4464602600
Praxis,Marketplace Platform Specialist,Amsterdam,2026-08-25,webshop beheerder,nee,https://nl.linkedin.com/jobs/view/marketplace-platform-specialist-at-praxis-4458743287,https://nl.linkedin.com/company/praxis-diy,4458743287
Prijsvrij Vakanties,SEO Content Specialist,'s-Hertogenbosch,2026-09-02,content specialist webshop,nee,https://nl.linkedin.com/jobs/view/seo-content-specialist-at-prijsvrij-vakanties-4462177419,https://nl.linkedin.com/company/prijsvrij,4462177419
Print.com,Product Manager Merch,Deventer,2026-09-10,webshop beheerder,nee,https://nl.linkedin.com/jobs/view/product-manager-merch-at-print-com-4465621073,https://nl.linkedin.com/company/printdotcom,4465621073
Proforto®,Logistiek Medewerker bij Proforto,Oosterhout,2026-06-23,logistiek medewerker webshop,nee,https://nl.linkedin.com/jobs/view/logistiek-medewerker-bij-proforto-at-proforto%C2%AE-4431235377,https://nl.linkedin.com/company/proforto,4431235377
Prowise NL,Logistiek medewerker,Budel,2026-07-22,logistiek medewerker webshop,nee,https://nl.linkedin.com/jobs/view/logistiek-medewerker-at-prowise-nl-4441029064,https://nl.linkedin.com/company/prowise-nl,4441029064
Puffy,Senior Director - Performance Marketing (Remote),Amsterdam,2026-09-17,online marketeer webshop,nee,https://nl.linkedin.com/jobs/view/senior-director-performance-marketing-remote-at-puffy-4454179616,https://www.linkedin.com/company/puffy,4454179616
"PurpleBird - webdesign, ontwikkeling &amp; online marketing",SEO &amp; GEO Marketeer (2–4 jaar ervaring),Utrecht,2026-09-14,online marketeer webshop,nee,https://nl.linkedin.com/jobs/view/seo-geo-marketeer-2%E2%80%934-jaar-ervaring-at-purplebird-webdesign-ontwikkeling-online-marketing-4467044975,https://nl.linkedin.com/company/purplebirdofficial,4467044975
PXR Media,Redacteur Autoblog,Amsterdam,2026-09-15,content specialist webshop,nee,https://nl.linkedin.com/jobs/view/redacteur-autoblog-at-pxr-media-4467497974,https://nl.linkedin.com/company/pxr-nl,4467497974
QING | Food Automation,Contentmarketeer B2B (tijdelijke functie),Arnhem,2026-09-14,content specialist webshop,nee,https://nl.linkedin.com/jobs/view/contentmarketeer-b2b-tijdelijke-functie-at-qing-food-automation-4467028755,https://nl.linkedin.com/company/qing-group,4467028755
QLS,Logistiek Medewerker,Alblasserdam,2025-06-24,logistiek medewerker webshop,nee,https://nl.linkedin.com/jobs/view/logistiek-medewerker-at-qls-4253945811,https://nl.linkedin.com/company/qls-nl,4253945811
Qogita,Senior Product Manager,Amsterdam,2026-07-29,webshop beheerder,nee,https://nl.linkedin.com/jobs/view/senior-product-manager-at-qogita-4446801093,https://uk.linkedin.com/company/qogita,4446801093
Qogita,Paid Social &amp; Creative Manager,Amsterdam,2026-09-21,online marketeer webshop,nee,https://nl.linkedin.com/jobs/view/paid-social-creative-manager-at-qogita-4458717142,https://uk.linkedin.com/company/qogita,4458717142
Qogita,Senior Performance Marketing Manager,Amsterdam,2026-09-21,online marketeer webshop,nee,https://nl.linkedin.com/jobs/view/senior-performance-marketing-manager-at-qogita-4459032030,https://uk.linkedin.com/company/qogita,4459032030
Quooker,Applicatie Manager Marketing &amp; Ecommerce,Ridderkerk,2026-09-01,webshop beheerder,nee,https://nl.linkedin.com/jobs/view/applicatie-manager-marketing-ecommerce-at-quooker-4461560850,https://nl.linkedin.com/company/quooker,4461560850
Quooker,Business Analyst,Ridderkerk,2026-09-16,webshop beheerder,nee,https://nl.linkedin.com/jobs/view/business-analyst-at-quooker-4430799961,https://nl.linkedin.com/company/quooker,4430799961
Qwello,Marketing Manager,Amersfoort,2026-08-11,online marketeer webshop,nee,https://nl.linkedin.com/jobs/view/marketing-manager-at-qwello-4451652358,https://de.linkedin.com/company/qwello,4451652358
Railtech BV,Logistiek Medewerker (32-38),Ouderkerk aan de Amstel,2026-09-07,logistiek medewerker webshop,nee,https://nl.linkedin.com/jobs/view/logistiek-medewerker-32-38-at-railtech-bv-4464303556,https://nl.linkedin.com/company/railtechbv,4464303556
Reach Digital,Digital Marketing &amp; Communicatie Specialist,Alphen aan den Rijn,2026-08-04,online marketeer webshop,nee,https://nl.linkedin.com/jobs/view/digital-marketing-communicatie-specialist-at-reach-digital-4449043024,https://nl.linkedin.com/company/reach-digital-ecommerce,4449043024
Ridge,Senior Paid Media Buyer,Nederland,2026-06-05,online marketeer webshop,nee,https://nl.linkedin.com/jobs/view/senior-paid-media-buyer-at-ridge-4424755248,https://www.linkedin.com/company/the-ridge-wallet,4424755248
Rotero groep,SEO / SEA Specialist,Heerenveen,2026-06-29,content specialist webshop,nee,https://nl.linkedin.com/jobs/view/seo-sea-specialist-at-rotero-groep-4434155639,https://nl.linkedin.com/company/rotero-groep,4434155639
Royal A-ware,Customer Care Medewerker Logistics,Deventer,2026-09-15,orderverwerking,nee,https://nl.linkedin.com/jobs/view/customer-care-medewerker-logistics-at-royal-a-ware-4467715563,https://nl.linkedin.com/company/a-ware-food-group-b-v-,4467715563
Royal Avebe,Teamlead Ordermanagement,Veendam,2026-09-07,orderverwerking,nee,https://nl.linkedin.com/jobs/view/teamlead-ordermanagement-at-royal-avebe-4461898469,https://nl.linkedin.com/company/avebe,4461898469
s360,"Manager, Digital Growth",Amsterdam,2026-08-27,online marketeer webshop,nee,https://nl.linkedin.com/jobs/view/manager-digital-growth-at-s360-4457768463,https://dk.linkedin.com/company/s360digital,4457768463
Sawadee Reizen,Product Marketeer (39 uur p/w),Amsterdam,2026-08-26,content specialist webshop,nee,https://nl.linkedin.com/jobs/view/product-marketeer-39-uur-p-w-at-sawadee-reizen-4459150255,https://nl.linkedin.com/company/sawadee-reizen,4459150255
Sawiday,Senior online marketeer,Rosmalen,2026-09-17,online marketeer webshop,nee,https://nl.linkedin.com/jobs/view/senior-online-marketeer-at-sawiday-4468642022,https://nl.linkedin.com/company/sawiday,4468642022
ScaleJet | eCommerce Recruitment agency,Creative Director,Amsterdam,2026-08-13,online marketeer webshop,nee,https://nl.linkedin.com/jobs/view/creative-director-at-scalejet-ecommerce-recruitment-agency-4453239589,https://www.linkedin.com/company/scale-jet,4453239589
ScaleJet | eCommerce Recruitment agency,Head of Growth - DTC/eCommerce,Amsterdam,2026-09-01,online marketeer webshop,nee,https://nl.linkedin.com/jobs/view/head-of-growth-dtc-ecommerce-at-scalejet-ecommerce-recruitment-agency-4460293645,https://www.linkedin.com/company/scale-jet,4460293645
Schavemaker Logistics &amp; Transport,Logistiek Medewerker,Moerdijk,2024-09-20,logistiek medewerker webshop,nee,https://nl.linkedin.com/jobs/view/logistiek-medewerker-at-schavemaker-logistics-transport-4030894997,https://nl.linkedin.com/company/schavemaker-transport-&amp;-logistics-bv,4030894997
Scherp Online,Online Marketing Strateeg (32-40 uur) | Eindhoven,Eindhoven,2026-09-14,online marketeer webshop,nee,https://nl.linkedin.com/jobs/view/online-marketing-strateeg-32-40-uur-eindhoven-at-scherponline-nl-bv-4467092642,https://nl.linkedin.com/company/scherponline,4467092642
Schipper Accountants,Mede­werker Marke­ting &amp; Commu­nicatie,Goes,2026-09-02,content specialist webshop,nee,https://nl.linkedin.com/jobs/view/mede%C2%ADwerker-marke%C2%ADting-commu%C2%ADnicatie-at-schipper-accountants-4461325637,https://nl.linkedin.com/company/schipperaccountants,4461325637
Schoenfabriek Wed. J.P. van Bommel bv,Orderpicker / Allround Magazijn medewerker,Moergestel,2026-09-04,orderverwerking,nee,https://nl.linkedin.com/jobs/view/orderpicker-allround-magazijn-medewerker-at-schoenfabriek-wed-j-p-van-bommel-bv-4461172889,https://nl.linkedin.com/company/schoenfabriek-wed.-j.p.-van-bommel-bv,4461172889
Schoonderwoerd Vlees,Magazijnmedewerker,De Bilt,2024-12-05,orderverwerking,nee,https://nl.linkedin.com/jobs/view/magazijnmedewerker-at-schoonderwoerd-vlees-4091409238,https://www.linkedin.com/company/schoonderwoerd-vlees,4091409238
Schoot verhuur &amp; events bv,fulltime magazijnmedewerker,Budel-Schoot,2026-07-21,orderverwerking,nee,https://nl.linkedin.com/jobs/view/fulltime-magazijnmedewerker-at-schoot-verhuur-events-bv-4442601612,https://nl.linkedin.com/company/van-der-schoot-partyverhuur,4442601612
Schwalbe Benelux,Logistiek medewerker,Hoofddorp,2026-07-14,logistiek medewerker webshop,nee,https://nl.linkedin.com/jobs/view/logistiek-medewerker-at-schwalbe-benelux-4440579131,https://nl.linkedin.com/company/schwalbe-nederland-bv,4440579131
Sciential - Digital Marketing for Life Sciences Brands,WORDPRESS DEVELOPMENT SPECIALIST IN ROTTERDAM (36 HOURS/WEEK),Rotterdam,2026-08-05,content specialist webshop,nee,https://nl.linkedin.com/jobs/view/wordpress-development-specialist-in-rotterdam-36-hours-week-at-sciential-digital-marketing-for-life-sciences-brands-4448991025,https://nl.linkedin.com/company/scientialmarketing,4448991025
SD Guthrie International Zwijndrecht Refinery,Sales Support,Zwijndrecht,2026-09-11,orderverwerking,nee,https://nl.linkedin.com/jobs/view/sales-support-at-sd-guthrie-international-zwijndrecht-refinery-4466067810,https://nl.linkedin.com/company/sime-darby-oils-zwijndrecht,4466067810
SD Worx Jobs Nederland,Medewerker Customer Relations,Oss,2026-09-04,orderverwerking,nee,https://nl.linkedin.com/jobs/view/medewerker-customer-relations-at-sd-worx-jobs-nederland-4461989242,https://nl.linkedin.com/company/sd-worx-jobs-nederland,4461989242
SD Worx Jobs Nederland,Logistiek medewerker,Meppel,2026-09-07,logistiek medewerker webshop,nee,https://nl.linkedin.com/jobs/view/logistiek-medewerker-at-sd-worx-jobs-nederland-4462936932,https://nl.linkedin.com/company/sd-worx-jobs-nederland,4462936932
SD Worx Jobs Nederland,Klantenservicemedewerker,Hengelo,2026-09-21,orderverwerking,nee,https://nl.linkedin.com/jobs/view/klantenservicemedewerker-at-sd-worx-jobs-nederland-4468491998,https://nl.linkedin.com/company/sd-worx-jobs-nederland,4468491998
Sea Fresh B.V.,Orderpicker,Urk,2026-03-31,logistiek medewerker webshop,nee,https://nl.linkedin.com/jobs/view/orderpicker-at-sea-fresh-b-v-4395867834,https://nl.linkedin.com/company/sea-fresh-b-v-,4395867834
Search X Recruitment,Marketing Specialist,Leiden,2026-09-22,content specialist webshop,nee,https://nl.linkedin.com/jobs/view/marketing-specialist-at-search-x-recruitment-4468547459,https://nl.linkedin.com/company/search-x-recruitment,4468547459
Search-On B.V.,Category Manager E-commerce,"Noord-Holland, Nederland",2026-09-21,webshop beheerder,nee,https://nl.linkedin.com/jobs/view/category-manager-e-commerce-at-search-on-b-v-4469902784,https://nl.linkedin.com/company/search-on,4469902784
Seed Valley,Customer Service Medewerker,Enkhuizen,2026-09-17,orderverwerking,nee,https://nl.linkedin.com/jobs/view/customer-service-medewerker-at-seed-valley-4467149651,https://nl.linkedin.com/company/seed-valley,4467149651
Share Logistics,Logistiek Medewerker (3208 LA Rotterdam),Rotterdam,2026-07-31,logistiek medewerker webshop,nee,https://nl.linkedin.com/jobs/view/logistiek-medewerker-3208-la-rotterdam-at-share-logistics-4447194112,https://nl.linkedin.com/company/sharelogistics,4447194112
ShipBob,Operations Manager – Fulfillment,Waddinxveen,2026-09-13,webshop beheerder,nee,https://nl.linkedin.com/jobs/view/operations-manager-%E2%80%93-fulfillment-at-shipbob-4447148420,https://www.linkedin.com/company/shipbob,4447148420
Shoeby,Technisch functioneel beheerder,Rosmalen,2026-09-10,webshop beheerder,nee,https://nl.linkedin.com/jobs/view/technisch-functioneel-beheerder-at-shoeby-4465689661,https://nl.linkedin.com/company/shoeby-franchise,4465689661
Shop4trac,Stage Marketing / Content / Social Media,Amsterdam,2026-09-01,content specialist webshop,nee,https://nl.linkedin.com/jobs/view/stage-marketing-content-social-media-at-shop4trac-4462066724,https://nl.linkedin.com/company/shop4trac,4462066724
ShopForward,Junior Online Marketeer,Boxtel,2026-04-21,online marketeer webshop,nee,https://nl.linkedin.com/jobs/view/junior-online-marketeer-at-shopforward-4404587839,https://nl.linkedin.com/company/shopforward,4404587839
ShopForward,Marketing Solutions Specialist,Boxtel,2026-04-27,online marketeer webshop,nee,https://nl.linkedin.com/jobs/view/marketing-solutions-specialist-at-shopforward-4418067712,https://nl.linkedin.com/company/shopforward,4418067712
ShopForward,Senior Campaign Manager,Boxtel,2026-06-18,online marketeer webshop,nee,https://nl.linkedin.com/jobs/view/senior-campaign-manager-at-shopforward-4429035003,https://nl.linkedin.com/company/shopforward,4429035003
ShopForward,Campaign Manager,Boxtel,2026-06-18,online marketeer webshop,nee,https://nl.linkedin.com/jobs/view/campaign-manager-at-shopforward-4429010965,https://nl.linkedin.com/company/shopforward,4429010965
Shoppartners B.V.,Logistiek medewerker,Heerhugowaard,2025-07-04,logistiek medewerker webshop,nee,https://nl.linkedin.com/jobs/view/logistiek-medewerker-at-shoppartners-b-v-4260696224,https://nl.linkedin.com/company/shoppartners,4260696224
Shoppartners B.V.,Magazijnmedewerker,Heerhugowaard,2026-07-13,logistiek medewerker webshop,nee,https://nl.linkedin.com/jobs/view/magazijnmedewerker-at-shoppartners-b-v-4439162245,https://nl.linkedin.com/company/shoppartners,4439162245
ShoreTension,Logistiek Medewerker,Rotterdam,2026-06-05,logistiek medewerker webshop,nee,https://nl.linkedin.com/jobs/view/logistiek-medewerker-at-shoretension-4424705930,https://nl.linkedin.com/company/shoretension,4424705930
Siebert &amp; Wassink,Performance Marketeer,Venlo,2026-09-10,online marketeer webshop,nee,https://nl.linkedin.com/jobs/view/performance-marketeer-at-siebert-wassink-4464508197,https://nl.linkedin.com/company/siebertwassink,4464508197
Silk'n | Beautiful Technology,Global Content &amp; Copy Specialist (Omnichannel),Rotterdam,2026-08-27,content specialist webshop,nee,https://nl.linkedin.com/jobs/view/global-content-copy-specialist-omnichannel-at-silk-n-beautiful-technology-4458638058,https://nl.linkedin.com/company/silkn,4458638058
Slaapwereld B.V.,Stagiair online marketing,Woerden,2026-07-23,online marketeer webshop,nee,https://nl.linkedin.com/jobs/view/stagiair-online-marketing-at-slaapwereld-b-v-4444025168,https://nl.linkedin.com/company/slaapwereld,4444025168
Smartphonehoesjes.nl,E-mail Marketeer,Leusden,2026-06-23,online marketeer webshop,nee,https://nl.linkedin.com/jobs/view/e-mail-marketeer-at-smartphonehoesjes-nl-4432281767,https://nl.linkedin.com/company/smartphonehoesjes-nl,4432281767
SMS Intermediair,Senior Order Manager Textiel (Order Processing &amp; Supply Chain),Haarlem,2026-09-07,orderverwerking,nee,https://nl.linkedin.com/jobs/view/senior-order-manager-textiel-order-processing-supply-chain-at-sms-intermediair-recruitment-specialist-4451504496,https://nl.linkedin.com/company/sms-intermediair,4451504496
Snowcountry,Logistiek Medewerker - Fulltime in Amersfoort,Amersfoort,2026-07-24,logistiek medewerker webshop,nee,https://nl.linkedin.com/jobs/view/logistiek-medewerker-fulltime-in-amersfoort-at-snowcountry-4444924601,https://nl.linkedin.com/company/snowcountry,4444924601
Spacewell,Sales Operations Specialist,Arnhem,2026-06-15,orderverwerking,nee,https://nl.linkedin.com/jobs/view/sales-operations-specialist-at-spacewell-4439095718,https://be.linkedin.com/company/spacewell-a-nemetschek-company,4439095718
Sprints &amp; Sneakers | Growth Marketing Agency | Bcorp,Performance Marketeer (Paid Social),Groningen,2026-07-21,online marketeer webshop,nee,https://nl.linkedin.com/jobs/view/performance-marketeer-paid-social-at-sprints-sneakers-growth-marketing-agency-bcorp-4443354049,https://nl.linkedin.com/company/sprintsandsneakers,4443354049
Sprints &amp; Sneakers | Growth Marketing Agency | Bcorp,Performance Marketeer (Paid Social),Amsterdam,2026-07-21,online marketeer webshop,nee,https://nl.linkedin.com/jobs/view/performance-marketeer-paid-social-at-sprints-sneakers-growth-marketing-agency-bcorp-4443349198,https://nl.linkedin.com/company/sprintsandsneakers,4443349198
Sprints &amp; Sneakers | Growth Marketing Agency | Bcorp,Senior Content &amp; Campaign Marketeer B2B,Amsterdam,2026-07-21,content specialist webshop,nee,https://nl.linkedin.com/jobs/view/senior-content-campaign-marketeer-b2b-at-sprints-sneakers-growth-marketing-agency-bcorp-4442626273,https://nl.linkedin.com/company/sprintsandsneakers,4442626273
SPRNT,Marketing Content Specialist,Genemuiden,2026-09-03,content specialist webshop,nee,https://nl.linkedin.com/jobs/view/marketing-content-specialist-at-sprnt-4460482919,https://nl.linkedin.com/company/sprnt-nl,4460482919
Staay Food Group,ORDERPICKER,Venlo,2026-01-08,orderverwerking,nee,https://nl.linkedin.com/jobs/view/orderpicker-at-staay-food-group-4330778608,https://nl.linkedin.com/company/staay-food-group,4330778608
Stora Enso,Teamleider Commerciële Binnendienst,Roosendaal,2026-09-07,orderverwerking,nee,https://nl.linkedin.com/jobs/view/teamleider-commerci%C3%ABle-binnendienst-at-stora-enso-4436234199,https://fi.linkedin.com/company/stora-enso,4436234199
STOX Energy Socks,Performance Marketer,Amsterdam,2026-09-18,online marketeer webshop,nee,https://nl.linkedin.com/jobs/view/performance-marketer-at-stox-energy-socks-4465029662,https://nl.linkedin.com/company/stox-energy-socks,4465029662
Studenten.net,Content Marketeer ASA &amp; Easy Way,Nijmegen,2026-08-02,content specialist webshop,nee,https://nl.linkedin.com/jobs/view/content-marketeer-asa-easy-way-at-studenten-net-4447889439,https://nl.linkedin.com/company/studenten-net,4447889439
Studio Noos,Performance Marketeer,Amsterdam,2026-09-17,online marketeer webshop,nee,https://nl.linkedin.com/jobs/view/performance-marketeer-at-studio-noos-4468611419,https://nl.linkedin.com/company/studio-noos,4468611419
Suitsupply,Tech Lead Webstore,Amsterdam,2026-09-14,webshop beheerder,nee,https://nl.linkedin.com/jobs/view/tech-lead-webstore-at-suitsupply-4465796864,https://nl.linkedin.com/company/suitsupply,4465796864
Superyoga,Social Media &amp; Performance Marketeer,Amstelveen,2026-09-01,online marketeer webshop,nee,https://nl.linkedin.com/jobs/view/social-media-performance-marketeer-at-superyoga-4461705564,https://nl.linkedin.com/company/superyoga,4461705564
SV.CO,Medewerker Logistiek,De Lier,2026-08-23,logistiek medewerker webshop,nee,https://nl.linkedin.com/jobs/view/medewerker-logistiek-at-sv-co-4466272331,https://nl.linkedin.com/company/sv-co,4466272331
swapwork,Logistiek medewerker bloemen Aalsmeer,Aalsmeer,2026-09-16,orderverwerking,nee,https://nl.linkedin.com/jobs/view/logistiek-medewerker-bloemen-aalsmeer-at-swapwork-4465995169,https://de.linkedin.com/company/swapwork,4465995169
swapwork,Logistiek medewerker / orderpicker dagdienst Alkmaar,Alkmaar,2026-09-16,orderverwerking,nee,https://nl.linkedin.com/jobs/view/logistiek-medewerker-orderpicker-dagdienst-alkmaar-at-swapwork-4465989167,https://de.linkedin.com/company/swapwork,4465989167
Table du Sud,Logistiek Medewerker,Heeze,2026-05-06,logistiek medewerker webshop,nee,https://nl.linkedin.com/jobs/view/logistiek-medewerker-at-table-du-sud-4410970419,https://nl.linkedin.com/company/table-du-sud,4410970419
TalentSpark by TSP,Performance Marketeer,Amsterdam,2026-09-22,online marketeer webshop,nee,https://nl.linkedin.com/jobs/view/performance-marketeer-at-talentspark-by-tsp-4470405140,https://nl.linkedin.com/company/talentspark-by-tsp,4470405140
Tarkett,Senior Carpet &amp; LVT Communication Specialist,Waalwijk,2026-08-05,content specialist webshop,nee,https://nl.linkedin.com/jobs/view/senior-carpet-lvt-communication-specialist-at-tarkett-4445972180,https://fr.linkedin.com/company/tarkett,4445972180
Telco Accessories Group,Contentspecialist,Houten,2026-09-14,content specialist webshop,nee,https://nl.linkedin.com/jobs/view/contentspecialist-at-telco-accessories-group-4464787743,https://nl.linkedin.com/company/telco-accessories-group,4464787743
Termeer Groep,Logistiek Medewerker Sissy-Boy,Tilburg,2026-09-07,logistiek medewerker webshop,nee,https://nl.linkedin.com/jobs/view/logistiek-medewerker-sissy-boy-at-termeer-groep-4400235781,https://nl.linkedin.com/company/termeergroep,4400235781
Termeer Groep,Logistiek Medewerker,Tilburg,2026-09-09,logistiek medewerker webshop,nee,https://nl.linkedin.com/jobs/view/logistiek-medewerker-at-termeer-groep-4465081856,https://nl.linkedin.com/company/termeergroep,4465081856
terStal,E-Commerce Manager,Almelo,2026-07-30,webshop beheerder,nee,https://nl.linkedin.com/jobs/view/e-commerce-manager-at-terstal-4447081089,https://nl.linkedin.com/company/ter-stal-textiel-bv,4447081089
The Brink Agency,Marketing Content Specialist,Amsterdam,2026-09-07,content specialist webshop,nee,https://nl.linkedin.com/jobs/view/marketing-content-specialist-at-the-brink-agency-4464347395,https://nl.linkedin.com/company/thebrinkagency,4464347395
The Cookware Company,Internship Amazon Content Coordinator,Wateringen,2026-09-15,webshop beheerder,nee,https://nl.linkedin.com/jobs/view/internship-amazon-content-coordinator-at-the-cookware-company-4465525596,https://be.linkedin.com/company/thecookwarecompany,4465525596
The Greenery Logistics,Logistiek Medewerker,Barendrecht,2026-08-27,logistiek medewerker webshop,nee,https://nl.linkedin.com/jobs/view/logistiek-medewerker-at-the-greenery-logistics-4422427546,https://nl.linkedin.com/company/the-greenery-logistics,4422427546
The Pollinators,Social media strateeg &amp; Content creator,Amsterdam,2026-09-22,content specialist webshop,nee,https://nl.linkedin.com/jobs/view/social-media-strateeg-content-creator-at-the-pollinators-4470414045,https://nl.linkedin.com/company/the-pollinators,4470414045
The Schippers Group,Product Owner E-Commerce,Hapert,2026-09-08,webshop beheerder,nee,https://nl.linkedin.com/jobs/view/product-owner-e-commerce-at-the-schippers-group-4463253169,https://nl.linkedin.com/company/theschippersgroup,4463253169
Think Online,VACATURE: ONLINE MARKETEER,Breda-Tilburg Area,2026-06-27,online marketeer webshop,nee,https://nl.linkedin.com/jobs/view/vacature-%0Aonline-marketeer-at-think-online-4434214925,https://nl.linkedin.com/company/think-online-bv,4434214925
Three Birds Recruitment,Online marketeer,Amsterdam,2026-08-24,online marketeer webshop,nee,https://nl.linkedin.com/jobs/view/online-marketeer-at-three-birds-recruitment-4455870244,https://nl.linkedin.com/company/threebirdsrecruitment,4455870244
Tialda BV,Logistiek medewerker,Gorredijk,2026-09-01,logistiek medewerker webshop,nee,https://nl.linkedin.com/jobs/view/logistiek-medewerker-at-tialda-bv-4461556478,https://nl.linkedin.com/company/tialda-bv,4461556478
Travyk - Online Marketing Bureau,Medior online marketeer - T shaped SEA specialist,Heerenveen,2026-09-07,online marketeer webshop,nee,https://nl.linkedin.com/jobs/view/medior-online-marketeer-t-shaped-sea-specialist-at-travyk-online-marketing-specialisten-4464323368,https://nl.linkedin.com/company/travyk-online-marketing,4464323368
Trigon Food BV,Vacature loods medewerker,Leeuwarden,2026-07-13,logistiek medewerker webshop,nee,,,4440045852
TriplePro Online Marketing,SEO specialist,Groningen,2026-08-07,content specialist webshop,nee,https://nl.linkedin.com/jobs/view/seo-specialist-at-triplepro-online-marketing-bv-4450353503,https://nl.linkedin.com/company/triplepro-online-marketing,4450353503
Troostwijk Auctions,Performance Marketeer,Amsterdam,2026-09-17,online marketeer webshop,nee,https://nl.linkedin.com/jobs/view/performance-marketeer-at-troostwijk-auctions-4467577971,https://nl.linkedin.com/company/troostwijk-auctions,4467577971
TwoBirds Company,Head of Operations bij OKTOBER,Amsterdam,2026-09-17,webshop beheerder,nee,https://nl.linkedin.com/jobs/view/head-of-operations-bij-oktober-at-twobirds-company-4467565394,https://nl.linkedin.com/company/twobirdscompany,4467565394
Udea BV,Magazijnmedewerker fulltime,Veghel,2026-02-23,orderverwerking,nee,https://nl.linkedin.com/jobs/view/magazijnmedewerker-fulltime-at-udea-bv-4376590091,https://nl.linkedin.com/company/udea-bv,4376590091
Unica,Marketeer,'s-Hertogenbosch,2026-06-04,content specialist webshop,nee,https://nl.linkedin.com/jobs/view/marketeer-at-unica-4423510484,https://nl.linkedin.com/company/unicanl,4423510484
Unidex,Orderpicker Warehouse,Noordwijk-Binnen,2025-06-19,logistiek medewerker webshop,nee,https://nl.linkedin.com/jobs/view/orderpicker-warehouse-at-unidex-4253245120,https://nl.linkedin.com/company/unidexholland,4253245120
Unilin,Logistiek medewerker,Ede,2026-09-08,logistiek medewerker webshop,nee,https://nl.linkedin.com/jobs/view/logistiek-medewerker-at-unilin-4454290802,https://be.linkedin.com/company/unilin,4454290802
Vadobag Europe BV,Senior Marketeer,Tilburg,2026-07-10,online marketeer webshop,nee,https://nl.linkedin.com/jobs/view/senior-marketeer-at-vadobag-europe-bv-4435928204,https://nl.linkedin.com/company/vadobag-bv,4435928204
Van Cranenbroek,SEO Specialist – GEO &amp; AI Search (32–40 uur) | Budel,Budel,2026-08-13,content specialist webshop,nee,https://nl.linkedin.com/jobs/view/seo-specialist-%E2%80%93-geo-ai-search-32%E2%80%9340-uur-budel-at-van-cranenbroek-4454081977,https://nl.linkedin.com/company/van-cranenbroek,4454081977
Van der Let &amp; Partners - marketing en webdevelopment,Senior Online Marketeer,Heerenveen,2026-08-13,online marketeer webshop,nee,https://nl.linkedin.com/jobs/view/senior-online-marketeer-at-van-der-let-partners-marketing-en-webdevelopment-4450823447,https://nl.linkedin.com/company/van-der-let-en-partners,4450823447
van Spreuwel Transport B.V.,Magazijnmedewerker nacht,Eindhoven,2026-09-11,logistiek medewerker webshop,nee,https://nl.linkedin.com/jobs/view/magazijnmedewerker-nacht-at-van-spreuwel-transport-b-v-4466301084,https://nl.linkedin.com/company/van-spreuwel-transport-b.v.,4466301084
Van Tol Retail,Orderpicker Diepvries,Heerhugowaard,2026-06-16,orderverwerking,nee,https://nl.linkedin.com/jobs/view/orderpicker-diepvries-at-van-tol-versunie-4429508941,https://nl.linkedin.com/company/vantolversunie,4429508941
Van Walraven,Oproepkracht algemeen,Mijdrecht,2026-04-15,orderverwerking,nee,https://nl.linkedin.com/jobs/view/oproepkracht-algemeen-at-van-walraven-4402277713,https://nl.linkedin.com/company/walraven,4402277713
Van Walraven,Logistiek Medewerker,Mijdrecht,2026-06-10,logistiek medewerker webshop,nee,https://nl.linkedin.com/jobs/view/logistiek-medewerker-at-van-walraven-4426792889,https://nl.linkedin.com/company/walraven,4426792889
vanHaren Schoenen BV,Logistiek Medewerker,Waalwijk,2026-02-06,logistiek medewerker webshop,nee,https://nl.linkedin.com/jobs/view/logistiek-medewerker-at-vanharen-schoenen-bv-4369770193,https://nl.linkedin.com/company/vanharenschoenen,4369770193
Vedder &amp; Vedder,E-Commerce Merchandiser,Amsterdam,2026-09-18,webshop beheerder,nee,https://nl.linkedin.com/jobs/view/e-commerce-merchandiser-at-vedder-vedder-4456461654,https://nl.linkedin.com/company/vedder-vedder,4456461654
Vedder &amp; Vedder,E-Commerce Merchandiser,Amsterdam,2026-09-20,webshop beheerder,nee,https://nl.linkedin.com/jobs/view/e-commerce-merchandiser-at-vedder-vedder-4467318309,https://nl.linkedin.com/company/vedder-vedder,4467318309
Veiligheidsregio Brabant-Zuidoost (VRBZO),Contentspecialist,Eindhoven,2026-09-21,content specialist webshop,nee,https://nl.linkedin.com/jobs/view/contentspecialist-at-veiligheidsregio-brabant-zuidoost-vrbzo-4469876096,https://nl.linkedin.com/company/veiligheidsregio-brabant-zuidoost,4469876096
VELORETTI,Logistiek medewerker | 32 - 40 uur,Almelo,2026-06-15,logistiek medewerker webshop,ja,https://nl.linkedin.com/jobs/view/logistiek-medewerker-32-40-uur-at-veloretti-4428804958,https://nl.linkedin.com/company/veloretti,4428804958
VELORETTI,Logistiek medewerker | 16 - 24 uur,Almelo,2026-06-26,logistiek medewerker webshop,ja,https://nl.linkedin.com/jobs/view/logistiek-medewerker-16-24-uur-at-veloretti-4432967447,https://nl.linkedin.com/company/veloretti,4432967447
VELORETTI,Product Owner Core Systems,Amsterdam,2026-07-22,orderverwerking,ja,https://nl.linkedin.com/jobs/view/product-owner-core-systems-at-veloretti-4443115017,https://nl.linkedin.com/company/veloretti,4443115017
versAlert B.V.,Logistiek medewerker bij versAlert,Utrecht,2026-09-02,orderverwerking,nee,https://nl.linkedin.com/jobs/view/logistiek-medewerker-bij-versalert-at-versalert-b-v-4459942391,https://www.linkedin.com/company/versalert-b.v.,4459942391
VHC Jongens BV,"Orderpicker, nacht AGF",Oostzaan,2025-01-31,orderverwerking,nee,https://nl.linkedin.com/jobs/view/orderpicker-nacht-agf-at-vhc-jongens-bv-4139178338,https://nl.linkedin.com/company/vhc-jongens-bv,4139178338
VHC Jongens BV,"Orderpicker, nacht diepvries",Oostzaan,2025-01-31,orderverwerking,nee,https://nl.linkedin.com/jobs/view/orderpicker-nacht-diepvries-at-vhc-jongens-bv-4139170988,https://nl.linkedin.com/company/vhc-jongens-bv,4139170988
VHC Jongens BV,"Medewerker Expeditie, nacht",Oostzaan,2025-03-04,orderverwerking,nee,https://nl.linkedin.com/jobs/view/medewerker-expeditie-nacht-at-vhc-jongens-bv-4173615367,https://nl.linkedin.com/company/vhc-jongens-bv,4173615367
Videojet Technologies,Orderpicker / Logistiek Medewerker (m/f/d),De Meern,2026-09-02,logistiek medewerker webshop,nee,https://nl.linkedin.com/jobs/view/orderpicker-logistiek-medewerker-m-f-d-at-videojet-technologies-4434785939,https://www.linkedin.com/company/videojet,4434785939
Vintage.com,Logistics Operative,Duiven,2026-09-09,logistiek medewerker webshop,nee,https://nl.linkedin.com/jobs/view/logistics-operative-at-vintage-com-4457104396,https://nl.linkedin.com/company/vintage-com,4457104396
Vion Food Group,Medewerker Backoffice,Leeuwarden,2026-08-18,orderverwerking,nee,https://nl.linkedin.com/jobs/view/medewerker-backoffice-at-vion-food-group-4454710561,https://nl.linkedin.com/company/vion,4454710561
Vlaaibaar,Vacature Shopify developer.,Panningen,2026-08-02,webshop beheerder,nee,https://nl.linkedin.com/jobs/view/vacature-shopify-developer-at-vlaaibaar-4447651357,https://nl.linkedin.com/company/vlaaibaar,4447651357
Vogelaar Vredehof,Expeditiemedewerker,Kruiningen,2026-07-07,logistiek medewerker webshop,nee,https://nl.linkedin.com/jobs/view/expeditiemedewerker-at-vogelaar-vredehof-4437780848,https://nl.linkedin.com/company/vogelaar-vredehof,4437780848
Volkswagen Pon Financial Services,Online marketeer,Amersfoort,2026-08-25,content specialist webshop,nee,https://nl.linkedin.com/jobs/view/online-marketeer-at-volkswagen-pon-financial-services-4458723238,https://nl.linkedin.com/company/volkswagen-pon-financial-services,4458723238
Voomy,E-commerce manager,Capelle aan den IJssel,2026-07-30,webshop beheerder,nee,https://nl.linkedin.com/jobs/view/e-commerce-manager-at-voomy-4447036033,https://nl.linkedin.com/company/voomyofficial,4447036033
Voortman Steel Group,Digital Marketeer,Rijssen,2026-08-28,online marketeer webshop,nee,https://nl.linkedin.com/jobs/view/digital-marketeer-at-voortman-steel-group-4458092850,https://nl.linkedin.com/company/voortman-careers,4458092850
Vos Logistics,Orderpicker,Oss,2026-01-07,orderverwerking,nee,https://nl.linkedin.com/jobs/view/orderpicker-at-vos-logistics-4351796359,https://nl.linkedin.com/company/vos-logistics,4351796359
Vos Logistics,Warehousemedewerker Value Added Logistics,Oss,2026-02-09,logistiek medewerker webshop,nee,https://nl.linkedin.com/jobs/view/warehousemedewerker-value-added-logistics-at-vos-logistics-4361841773,https://nl.linkedin.com/company/vos-logistics,4361841773
Vos Logistics,Allround Warehouse Medewerker,Kerkrade,2026-09-15,logistiek medewerker webshop,nee,https://nl.linkedin.com/jobs/view/allround-warehouse-medewerker-at-vos-logistics-4465515544,https://nl.linkedin.com/company/vos-logistics,4465515544
Vos Marketing,Senior Performance Marketeer,Nederland,2026-09-07,online marketeer webshop,nee,https://nl.linkedin.com/jobs/view/senior-performance-marketeer-at-vos-marketing-4464359173,https://nl.linkedin.com/company/vos-marketing,4464359173
VP Textile,(Sr.) Campaign &amp; Content Marketeer,Goirle,2026-09-08,content specialist webshop,nee,https://nl.linkedin.com/jobs/view/sr-campaign-content-marketeer-at-vp-textile-4464478325,https://www.linkedin.com/company/vp-textile,4464478325
Wasco B.V.,Medewerker Productmanagement,Apeldoorn,2026-09-08,orderverwerking,nee,https://nl.linkedin.com/jobs/view/medewerker-productmanagement-at-wasco-4459837543,https://nl.linkedin.com/company/wasco,4459837543
"Waterschap Amstel, Gooi en Vecht",Medewerker Inkoopsupport &amp; Contractbeheer,Amsterdam,2026-09-17,orderverwerking,nee,https://nl.linkedin.com/jobs/view/medewerker-inkoopsupport-contractbeheer-at-waterschap-amstel-gooi-en-vecht-4466256827,https://nl.linkedin.com/company/waterschap-amstel-gooi-en-vecht,4466256827
WE Fashion,Marketing Manager,"Utrecht, Nederland",2026-09-07,online marketeer webshop,nee,https://nl.linkedin.com/jobs/view/marketing-manager-at-we-fashion-4453057853,https://nl.linkedin.com/company/wefashion,4453057853
WE Fashion,Studio &amp; Content Production Manager,"Utrecht, Nederland",2026-09-14,webshop beheerder,nee,https://nl.linkedin.com/jobs/view/studio-content-production-manager-at-we-fashion-4430460823,https://nl.linkedin.com/company/wefashion,4430460823
WE Fashion,Online Category Manager,"Utrecht, Nederland",2026-09-16,webshop beheerder,nee,https://nl.linkedin.com/jobs/view/online-category-manager-at-we-fashion-4467966994,https://nl.linkedin.com/company/wefashion,4467966994
WebElephant,SEA / Paid Advertising Specialist,Breda,2025-06-07,online marketeer webshop,nee,https://nl.linkedin.com/jobs/view/sea-paid-advertising-specialist-at-webelephant-4244385122,https://nl.linkedin.com/company/webelephant,4244385122
WebElephant,SEO / AIO specialist,Breda,2026-06-29,content specialist webshop,nee,https://nl.linkedin.com/jobs/view/seo-aio-specialist-at-webelephant-4434132837,https://nl.linkedin.com/company/webelephant,4434132837
WebNL creative studios,Online marketeer,Zwolle,2025-10-23,online marketeer webshop,nee,https://nl.linkedin.com/jobs/view/online-marketeer-at-webnl-creative-studios-4318780705,https://nl.linkedin.com/company/webnl,4318780705
WebNL creative studios,Social marketeer,"Utrecht, Nederland",2026-09-09,online marketeer webshop,nee,https://nl.linkedin.com/jobs/view/social-marketeer-at-webnl-creative-studios-4465013771,https://nl.linkedin.com/company/webnl,4465013771
Webstijl B.V.,"Enthousiaste ervaren Online Marketeer die wil adviseren, uitvoeren, coachen én groeien",Alphen aan den Rijn,2026-07-03,online marketeer webshop,nee,https://nl.linkedin.com/jobs/view/enthousiaste-ervaren-online-marketeer-die-wil-adviseren-uitvoeren-coachen-%C3%A9n-groeien-at-webstijl-b-v-4436796858,https://nl.linkedin.com/company/webstijl-b-v-,4436796858
WeGrow,Warehouse Supervisor,Vianen,2026-09-01,orderverwerking,nee,https://nl.linkedin.com/jobs/view/warehouse-supervisor-at-wegrow-4461595850,https://nl.linkedin.com/company/wegrowecommercelogistics,4461595850
Weidmüller Benelux,Inside Sales Specialist,Hilversum,2026-08-26,orderverwerking,nee,https://nl.linkedin.com/jobs/view/inside-sales-specialist-at-weidm%C3%BCller-benelux-4457251392,https://nl.linkedin.com/company/weidmuller-benelux,4457251392
Wellis Health,Logistiek Manager,Hapert,2026-07-09,orderverwerking,nee,https://nl.linkedin.com/jobs/view/logistiek-manager-at-wellis-health-4438575898,https://nl.linkedin.com/company/wellis-health,4438575898
Welzorg Nederland BV,Klantenservice Medewerker Levering,Raamsdonksveer,2026-09-01,orderverwerking,nee,https://nl.linkedin.com/jobs/view/klantenservice-medewerker-levering-at-welzorg-nederland-4460249223,https://nl.linkedin.com/company/welzorg,4460249223
WerfSelect,Online marketeer,Amsterdam,2026-08-24,online marketeer webshop,nee,https://nl.linkedin.com/jobs/view/online-marketeer-at-werfselect-4458227699,https://nl.linkedin.com/company/werfselect,4458227699
Werken bij Dewulf Winsum,Magazijnmedewerker,Winsum,2026-08-17,orderverwerking,nee,https://nl.linkedin.com/jobs/view/magazijnmedewerker-at-werken-bij-dewulf-winsum-4466074177,https://nl.linkedin.com/company/werken-bij-dewulf,4466074177
Wesco,Associate - Operations,Amsterdam,2026-09-18,orderverwerking,nee,https://nl.linkedin.com/jobs/view/associate-operations-at-wesco-4450291288,https://www.linkedin.com/company/wesco,4450291288
Wesseling Logistics,Starter in de logistiek,Sassenheim,2026-07-13,logistiek medewerker webshop,nee,https://nl.linkedin.com/jobs/view/starter-in-de-logistiek-at-wesseling-logistics-4440016717,https://nl.linkedin.com/company/wesseling-logistics-nl,4440016717
Wesseling Logistics,Logistiek Medewerker Avond/Nacht,Sassenheim,2026-08-12,logistiek medewerker webshop,nee,https://nl.linkedin.com/jobs/view/logistiek-medewerker-avond-nacht-at-wesseling-logistics-4453120063,https://nl.linkedin.com/company/wesseling-logistics-nl,4453120063
Westfalen Medical BV,Medewerker logistiek (40 uren/ week),Deventer,2026-08-28,logistiek medewerker webshop,nee,https://nl.linkedin.com/jobs/view/medewerker-logistiek-40-uren-week-at-westfalen-medical-bv-4460349078,https://nl.linkedin.com/company/westfalen-medical-bv,4460349078
WeTravel,Knowledge and Help Center Manager - Amsterdam Office,Amsterdam,2026-08-31,content specialist webshop,nee,https://nl.linkedin.com/jobs/view/knowledge-and-help-center-manager-amsterdam-office-at-wetravel-4415370854,https://www.linkedin.com/company/wetravel,4415370854
Wibra,Senior Campagne Manager,Epe,2026-08-26,online marketeer webshop,nee,https://nl.linkedin.com/jobs/view/senior-campagne-manager-at-wibra-4459181599,https://nl.linkedin.com/company/wibra,4459181599
Wielervoeding.nl,Allround Medewerker bij Wielervoeding.nl - Veghel,Uden-Veghel en omgeving,2026-08-04,logistiek medewerker webshop,nee,https://nl.linkedin.com/jobs/view/allround-medewerker-bij-wielervoeding-nl-veghel-at-wielervoeding-nl-4449083338,https://nl.linkedin.com/company/wielervoeding-nl,4449083338
Willem Dijk AGF,Loodsmedewerker,Enschede,2026-04-09,logistiek medewerker webshop,nee,https://nl.linkedin.com/jobs/view/loodsmedewerker-at-willem-dijk-agf-4399861654,https://www.linkedin.com/company/willem-dijk-agf,4399861654
Wiltec BV,Logistiek Medewerker Uitgaande Goederen,Uden,2026-05-25,logistiek medewerker webshop,nee,https://nl.linkedin.com/jobs/view/logistiek-medewerker-uitgaande-goederen-at-wiltec-bv-4429646503,https://nl.linkedin.com/company/wiltec-bv,4429646503
WILVO,Logistiek Medewerker,Bergeyk,2026-09-07,logistiek medewerker webshop,nee,https://nl.linkedin.com/jobs/view/logistiek-medewerker-at-wilvo-4461781958,https://nl.linkedin.com/company/wilvo-metaalbewerking-b-v-,4461781958
WILVO,Logistiek Medewerker,Bergeyk,2026-09-07,logistiek medewerker webshop,nee,https://nl.linkedin.com/jobs/view/logistiek-medewerker-at-wilvo-4455329543,https://nl.linkedin.com/company/wilvo-metaalbewerking-b-v-,4455329543
WILVO,Logistiek Medewerker,Bergeyk,2026-09-09,logistiek medewerker webshop,nee,https://nl.linkedin.com/jobs/view/logistiek-medewerker-at-wilvo-4465085608,https://nl.linkedin.com/company/wilvo-metaalbewerking-b-v-,4465085608
Winkelstraat.nl,Stage Product Content Upload,Vianen,2025-01-20,content specialist webshop,nee,https://nl.linkedin.com/jobs/view/stage-product-content-upload-at-winkelstraat-nl-4129236085,https://nl.linkedin.com/company/winkelstraat-nl,4129236085
Winparts,SEA specialist,Groningen,2026-05-26,online marketeer webshop,nee,https://nl.linkedin.com/jobs/view/sea-specialist-at-winparts-4419192835,https://nl.linkedin.com/company/winpartsautomotive,4419192835
WINSEARCH Netherlands,Magazijnmedewerker,Rilland,2026-09-21,orderverwerking,nee,https://nl.linkedin.com/jobs/view/magazijnmedewerker-at-winsearch-netherlands-4467391920,https://nl.linkedin.com/company/winsearch-netherlands,4467391920
WJ Projects B.V.,Marketing &amp; Communicatie Medewerker,Amsterdam,2026-09-08,content specialist webshop,nee,https://nl.linkedin.com/jobs/view/marketing-communicatie-medewerker-at-wj-projects-b-v-4463545500,https://nl.linkedin.com/company/wj-projects-bv,4463545500
Woertman Nederland B.V.,Junior/Medior Marketeer,Nieuwegein,2026-09-10,online marketeer webshop,nee,https://nl.linkedin.com/jobs/view/junior-medior-marketeer-at-woertman-nederland-b-v-4464095478,https://nl.linkedin.com/company/woertman-nederland-b.v.,4464095478
WordPress bureau Sowmedia Rotterdam,WordPress lead developer,Rotterdam and The Hague,2026-07-17,webshop beheerder,nee,https://nl.linkedin.com/jobs/view/wordpress-lead-developer-at-wordpress-bureau-sowmedia-4441310930,https://nl.linkedin.com/company/sowmedia,4441310930
Workodo,Content marketeer,Amsterdam,2026-07-22,online marketeer webshop,nee,https://nl.linkedin.com/jobs/view/content-marketeer-at-workodo-4443433325,https://nl.linkedin.com/company/workodo,4443433325
Workwize,"Manager, Operations | Amsterdam Hybrid",Amsterdam,2026-09-11,orderverwerking,nee,https://nl.linkedin.com/jobs/view/manager-operations-amsterdam-hybrid-at-workwize-4447074732,https://nl.linkedin.com/company/work-wize,4447074732
World of Eichholtz,Assistent Inkoper,Noordwijkerhout,2026-09-11,orderverwerking,nee,https://nl.linkedin.com/jobs/view/assistent-inkoper-at-world-of-eichholtz-4416888362,https://nl.linkedin.com/company/eichholtz,4416888362
World Wide Technology,Warehouse Associate,Oude Meer,2026-09-03,logistiek medewerker webshop,nee,https://nl.linkedin.com/jobs/view/warehouse-associate-at-world-wide-technology-4461650322,https://www.linkedin.com/company/world-wide-technology,4461650322
WP Brothers,Digital Consultant (Web),"Utrecht, Nederland",2026-09-04,webshop beheerder,nee,https://nl.linkedin.com/jobs/view/digital-consultant-web-at-wp-brothers-4461148980,https://nl.linkedin.com/company/wordpress-brothers,4461148980
WP Masters,SEO Specialist (medior/ senior),Amsterdam,2026-08-05,content specialist webshop,nee,https://nl.linkedin.com/jobs/view/seo-specialist-medior-senior-at-wp-masters-4448927372,https://nl.linkedin.com/company/wp-masters,4448927372
WPP Media,Retail Media Specialist,Eindhoven,2026-07-20,online marketeer webshop,nee,https://nl.linkedin.com/jobs/view/retail-media-specialist-at-wpp-media-4437682309,https://www.linkedin.com/company/wpp-media,4437682309
WPP Media,Online Marketeer,Eindhoven,2026-07-21,online marketeer webshop,nee,https://nl.linkedin.com/jobs/view/online-marketeer-at-wpp-media-4438084786,https://www.linkedin.com/company/wpp-media,4438084786
WPP Media,Senior Digital Performance Manager,Eindhoven,2026-09-11,online marketeer webshop,nee,https://nl.linkedin.com/jobs/view/senior-digital-performance-manager-at-wpp-media-4463989277,https://www.linkedin.com/company/wpp-media,4463989277
WTB Zuid,Productiemedewerker / Allround magazijnmedewerker,Hansweert,2026-07-28,logistiek medewerker webshop,nee,https://nl.linkedin.com/jobs/view/productiemedewerker-allround-magazijnmedewerker-at-wtb-zuid-4445787222,https://nl.linkedin.com/company/wtb-zuid,4445787222
Ynvolve,Logistiek medewerker,Arnhem-Nijmegen en omgeving,2026-09-18,logistiek medewerker webshop,nee,https://nl.linkedin.com/jobs/view/logistiek-medewerker-at-ynvolve-4469106939,https://nl.linkedin.com/company/ynvolve-b-v-,4469106939
Zelesta,Senior Performance Marketeer,Soesterberg,2026-09-21,online marketeer webshop,nee,https://nl.linkedin.com/jobs/view/senior-performance-marketeer-at-zelesta-4469867350,https://nl.linkedin.com/company/zelesta,4469867350
Zelesta,Copywriter,Soesterberg,2026-09-21,content specialist webshop,nee,https://nl.linkedin.com/jobs/view/copywriter-at-zelesta-4469869316,https://nl.linkedin.com/company/zelesta,4469869316
Zitmaxx Wonen,Assistent Manager Photoshop,Ter Aar,2026-07-09,webshop beheerder,nee,https://nl.linkedin.com/jobs/view/assistent-manager-photoshop-at-zitmaxx-wonen-4438588827,https://nl.linkedin.com/company/zitmaxx-wonen,4438588827
Zitmaxx Wonen,Logistiek Medewerker,Ter Aar,2026-07-09,logistiek medewerker webshop,nee,https://nl.linkedin.com/jobs/view/logistiek-medewerker-at-zitmaxx-wonen-4438590804,https://nl.linkedin.com/company/zitmaxx-wonen,4438590804
Zitmaxx Wonen,Photoshop &amp; AI-Specialist,Ter Aar,2026-09-18,webshop beheerder,nee,https://nl.linkedin.com/jobs/view/photoshop-ai-specialist-at-zitmaxx-wonen-4469139262,https://nl.linkedin.com/company/zitmaxx-wonen,4469139262
zvoove Germany,Medewerker Debiteurenadministratie (m/v/d),Ede,2026-07-29,orderverwerking,nee,https://nl.linkedin.com/jobs/view/medewerker-debiteurenadministratie-m-v-d-at-zvoove-4444125495,https://de.linkedin.com/company/zvoove-germany,4444125495
(WIS) Wellbore Integrity Solutions,Warehouse Assistant,"Drenthe, Nederland",2026-02-16,retourverwerking,nee,https://nl.linkedin.com/jobs/view/warehouse-assistant-at-wis-wellbore-integrity-solutions-4373551350,https://www.linkedin.com/company/wellbore-integrity-solutions,4373551350
123inkt.nl,Accountmanager Binnendienst,Almere,2026-09-09,online sales medewerker,nee,https://nl.linkedin.com/jobs/view/accountmanager-binnendienst-at-123inkt-nl-4465057686,https://nl.linkedin.com/company/123inkt-nl,4465057686
123inkt.nl,Commercieel Medewerker,Veenendaal,2026-09-09,online sales medewerker,nee,https://nl.linkedin.com/jobs/view/commercieel-medewerker-at-123inkt-nl-4465059131,https://nl.linkedin.com/company/123inkt-nl,4465059131
1815,Back-end developer,Den Haag,2026-08-05,medewerker webshop,nee,https://nl.linkedin.com/jobs/view/back-end-developer-at-1815-4449453921,https://nl.linkedin.com/company/achttienvijftien,4449453921
4CEE,Applicatie Operations Engineer,Ede,2026-05-15,webcare,nee,https://nl.linkedin.com/jobs/view/applicatie-operations-engineer-at-4cee-4382083833,https://nl.linkedin.com/company/4cee-group,4382083833
9292 REISinformatiegroep bv,Medewerker Datamanagement (32 – 40 uur per week),Utrecht,2026-09-10,retourverwerking,nee,https://nl.linkedin.com/jobs/view/medewerker-datamanagement-32-%E2%80%93-40-uur-per-week-at-9292-reisinformatiegroep-bv-4465635656,https://nl.linkedin.com/company/9292-reisinformatiegroep-bv,4465635656
ABN AMRO Bank N.V.,Investment Associate - Sustainable Impact Fund (Sustainable Consumption),Amsterdam,2026-09-21,retourverwerking,nee,https://nl.linkedin.com/jobs/view/investment-associate-sustainable-impact-fund-sustainable-consumption-at-abn-amro-bank-n-v-4469823943,https://nl.linkedin.com/company/abn-amro,4469823943
ABS Autoherstel,Voorbewerker,Amsterdam,2026-06-11,retourverwerking,nee,https://nl.linkedin.com/jobs/view/voorbewerker-at-abs-autoherstel-bv-4437478436,https://nl.linkedin.com/company/abs-autoherstel-bv,4437478436
ABS Autoherstel,Voorbewerker,"Zuid-Holland, Nederland",2026-06-11,retourverwerking,nee,https://nl.linkedin.com/jobs/view/voorbewerker-at-abs-autoherstel-bv-4437490039,https://nl.linkedin.com/company/abs-autoherstel-bv,4437490039
Accare,Functioneel beheerder,Assen,2026-09-11,webcare,nee,https://nl.linkedin.com/jobs/view/functioneel-beheerder-at-accare-4466070024,https://nl.linkedin.com/company/accare,4466070024
Acrisure Netherlands,Accountmanager Agentendesk,Rotterdam and The Hague,2026-09-19,klantcontact,nee,https://nl.linkedin.com/jobs/view/accountmanager-agentendesk-at-acrisure-netherlands-4448431701,https://nl.linkedin.com/company/acrisurenetherlands,4448431701
Actief Select,Teamleider Customer Service &amp; Administratie,Rotterdam,2026-09-15,klantcontact,nee,https://nl.linkedin.com/jobs/view/teamleider-customer-service-administratie-at-actief-select-4467708868,https://nl.linkedin.com/company/actiefselect,4467708868
Actief Zorg,Medewerker ICT &amp; Werkplekbeheer,Rosmalen,2026-09-17,webcare,nee,https://nl.linkedin.com/jobs/view/medewerker-ict-werkplekbeheer-at-actief-zorg-4466266970,https://nl.linkedin.com/company/actief-zorg,4466266970
Active Collective,Software Engineer,Beverwijk,2026-09-15,webcare,nee,https://nl.linkedin.com/jobs/view/software-engineer-at-active-collective-4466508530,https://nl.linkedin.com/company/active-collective,4466508530
Acture,Junior Casemanager Verzuim | Groningen,Groningen,2026-09-14,retourverwerking,nee,https://nl.linkedin.com/jobs/view/junior-casemanager-verzuim-groningen-at-acture-4438974967,https://nl.linkedin.com/company/acture-bv,4438974967
Adams Multilingual Recruitment,Inside Sales Representative | English,Middenmeer,2026-09-16,online sales medewerker,nee,https://nl.linkedin.com/jobs/view/inside-sales-representative-english-at-adams-multilingual-recruitment-4464456871,https://nl.linkedin.com/company/adams-multilingual-recruitment,4464456871
Addit BV,Logistics Operator,Venlo,2026-09-11,e-fulfilment medewerker,nee,https://nl.linkedin.com/jobs/view/logistics-operator-at-addit-bv-4466055358,https://nl.linkedin.com/company/additbv,4466055358
Adecco,Commercieel medewerker,'s-Hertogenbosch,2026-09-07,online sales medewerker,nee,https://nl.linkedin.com/jobs/view/commercieel-medewerker-at-adecco-4443686979,https://ch.linkedin.com/company/adecco,4443686979
adesso SE,Dynamics 365 CE Consultant,Utrecht,2026-05-23,customer journey specialist,nee,https://nl.linkedin.com/jobs/view/dynamics-365-ce-consultant-at-adesso-se-4429911220,https://de.linkedin.com/company/adesso-se,4429911220
Adwise - Your Digital Brain,Marketing Automation Specialist,Hof van Twente,2026-08-28,customer journey specialist,nee,https://nl.linkedin.com/jobs/view/marketing-automation-specialist-at-adwise-your-digital-brain-4470434417,https://nl.linkedin.com/company/adwise-yourdigitalbrain,4470434417
Adwise - Your Digital Brain,Manager Content Marketing,Almelo,2026-08-28,brand manager webshop,nee,https://nl.linkedin.com/jobs/view/manager-content-marketing-at-adwise-your-digital-brain-4470434424,https://nl.linkedin.com/company/adwise-yourdigitalbrain,4470434424
Adwise - Your Digital Brain,Lead Content,Enschede,2026-08-28,brand manager webshop,nee,https://nl.linkedin.com/jobs/view/lead-content-at-adwise-your-digital-brain-4470425716,https://nl.linkedin.com/company/adwise-yourdigitalbrain,4470425716
AECOM,(Junior) Adviseur Bodem,Den Haag,2026-09-03,retourverwerking,nee,https://nl.linkedin.com/jobs/view/junior-adviseur-bodem-at-aecom-4460061466,https://www.linkedin.com/company/aecom,4460061466
Aethon.nl,Revenue Operations Specialist,Rijswijk,2026-09-02,customer journey specialist,nee,https://nl.linkedin.com/jobs/view/revenue-operations-specialist-at-aethon-nl-4460984170,https://nl.linkedin.com/company/aethon-nl,4460984170
AFAS Software,Product specialist,Leusden,2026-06-06,customer journey specialist,nee,https://nl.linkedin.com/jobs/view/product-specialist-at-afas-software-4424654104,https://nl.linkedin.com/company/afas-software,4424654104
Afvalzorg,Milieutechnisch uitvoerder,Assendelft,2026-09-11,retourverwerking,nee,https://nl.linkedin.com/jobs/view/milieutechnisch-uitvoerder-at-afvalzorg-4466081071,https://nl.linkedin.com/company/afvalzorg,4466081071
Albert Heijn,Junior Accountmanager Retail Media Services,Zaandam,2026-09-18,online sales medewerker,nee,https://nl.linkedin.com/jobs/view/junior-accountmanager-retail-media-services-at-albert-heijn-4469177050,https://nl.linkedin.com/company/albert-heijn,4469177050
ALDI Nederland,Specialist CRM,Culemborg,2026-09-04,customer journey specialist,nee,https://nl.linkedin.com/jobs/view/specialist-crm-at-aldi-nederland-4450692829,https://nl.linkedin.com/company/aldinederland,4450692829
Alistar,Microsoft Dynamics 365 CE Consultant,Hardinxveld-Giessendam,2026-08-31,customer journey specialist,nee,https://nl.linkedin.com/jobs/view/microsoft-dynamics-365-ce-consultant-at-alistar-4460026276,https://be.linkedin.com/company/alistar,4460026276
All4running | 21RUN,Growth Marketing Manager,Alkmaar,2026-06-25,brand manager webshop,nee,https://nl.linkedin.com/jobs/view/growth-marketing-manager-at-all4running-4433314334,https://nl.linkedin.com/company/all4running21run,4433314334
Alliance Healthcare,Logistics Employee,Veghel,2026-05-27,e-fulfilment medewerker,nee,https://nl.linkedin.com/jobs/view/logistics-employee-at-alliance-healthcare-4417206043,https://uk.linkedin.com/company/alliance-healthcare,4417206043
ALPLA Group,Inpakker productie,Mijdrecht,2026-05-13,packaging medewerker webshop,nee,https://nl.linkedin.com/jobs/view/inpakker-productie-at-alpla-group-4410727467,https://at.linkedin.com/company/alpla,4410727467
Altacel Packaging,Commercieel medewerker Binnendienst,Weesp,2026-09-21,klantcontact,nee,https://nl.linkedin.com/jobs/view/commercieel-medewerker-binnendienst-at-altacel-packaging-4469870078,https://nl.linkedin.com/company/altacel-flexible-packaging,4469870078
Altura,Customer Adoption Manager,Amsterdam,2026-08-11,customer journey specialist,nee,https://nl.linkedin.com/jobs/view/customer-adoption-manager-at-altura-4452460960,https://nl.linkedin.com/company/altura-bidmanagement,4452460960
Amazing Oriental,Magazijnmedewerker Den Haag Ypenburg (40 uur),Den Haag,2026-05-08,magazijnmedewerker webshop,nee,https://nl.linkedin.com/jobs/view/magazijnmedewerker-den-haag-ypenburg-40-uur-%E2%80%AF-at-amazing-oriental-4411379387,https://www.linkedin.com/company/amazing-oriental,4411379387
Amazing Oriental,Magazijnmedewerker Hoofddorp (40 uur),Hoofddorp,2026-05-08,magazijnmedewerker webshop,nee,https://nl.linkedin.com/jobs/view/magazijnmedewerker-hoofddorp-40-uur-%E2%80%AF-at-amazing-oriental-4411382250,https://www.linkedin.com/company/amazing-oriental,4411382250
Amega,Online verkoper,Dordrecht,2026-09-21,online sales medewerker,nee,https://nl.linkedin.com/jobs/view/online-verkoper-at-amega-4468719522,https://nl.linkedin.com/company/amega-holding-b-v-,4468719522
Amoria Bond,Business Analyst,"Utrecht, Nederland",2026-09-17,customer journey specialist,nee,https://nl.linkedin.com/jobs/view/business-analyst-at-amoria-bond-4468657124,https://uk.linkedin.com/company/amoria-bond,4468657124
Ampco Flashlight Rental,Magazijnmedewerker Sales,Utrecht,2026-05-05,magazijnmedewerker webshop,nee,https://nl.linkedin.com/jobs/view/magazijnmedewerker-sales-at-ampco-flashlight-rental-b-v-4409305483,https://nl.linkedin.com/company/ampco-flashlight-rental-b-v-,4409305483
Amstel Hotel,Marketing Manager,Amsterdam,2026-09-16,brand manager webshop,nee,https://nl.linkedin.com/jobs/view/marketing-manager-at-amstel-hotel-4466874962,https://nl.linkedin.com/company/intercontinental-amstel-amsterdam,4466874962
Applied Medical,Magazijnmedewerker (Dagdienst),Amersfoort,2026-09-03,magazijnmedewerker webshop,nee,https://nl.linkedin.com/jobs/view/magazijnmedewerker-dagdienst-at-applied-medical-4431960445,https://www.linkedin.com/company/appliedmedical,4431960445
Applied Medical,Magazijnmedewerker (2 ploegen),Amersfoort,2026-09-04,e-fulfilment medewerker,nee,https://nl.linkedin.com/jobs/view/magazijnmedewerker-2-ploegen-at-applied-medical-4461156450,https://www.linkedin.com/company/appliedmedical,4461156450
Applied Medical,Business Analyst - CRM,Amersfoort,2026-09-11,customer journey specialist,nee,https://nl.linkedin.com/jobs/view/business-analyst-crm-at-applied-medical-4435909066,https://www.linkedin.com/company/appliedmedical,4435909066
Arval BNP Paribas Group,Medewerker Debiteurenbeheer,Houten,2026-09-21,retourverwerking,nee,https://nl.linkedin.com/jobs/view/medewerker-debiteurenbeheer-at-arval-bnp-paribas-group-4467398787,https://fr.linkedin.com/company/bnp-paribas-arval,4467398787
AS Watson Benelux,Teamleider ICT Helpdesk,Renswoude,2026-09-16,webcare,nee,https://nl.linkedin.com/jobs/view/teamleider-ict-helpdesk-at-as-watson-benelux-4466852742,https://nl.linkedin.com/company/aswatson-benelux,4466852742
AS Watson Benelux,Teamleider Logistiek 3-ploegen,Heteren,2026-09-16,voorraadbeheer webshop,nee,https://nl.linkedin.com/jobs/view/teamleider-logistiek-3-ploegen-at-as-watson-benelux-4466840933,https://nl.linkedin.com/company/aswatson-benelux,4466840933
AS Watson Benelux,Senior Data Analist Kruidvat,Renswoude,2026-09-16,voorraadbeheer webshop,nee,https://nl.linkedin.com/jobs/view/senior-data-analist-kruidvat-at-as-watson-benelux-4466846805,https://nl.linkedin.com/company/aswatson-benelux,4466846805
AS Watson Benelux,Teamleider Logistiek 2-ploegen,Heteren,2026-09-16,voorraadbeheer webshop,nee,https://nl.linkedin.com/jobs/view/teamleider-logistiek-2-ploegen-at-as-watson-benelux-4466847812,https://nl.linkedin.com/company/aswatson-benelux,4466847812
AS Watson Benelux,UX Designer,Renswoude,2026-09-16,voorraadbeheer webshop,nee,https://nl.linkedin.com/jobs/view/ux-designer-at-as-watson-benelux-4466850752,https://nl.linkedin.com/company/aswatson-benelux,4466850752
AS Watson Benelux,Logistiek Medewerker,Oosterhout,2026-09-16,voorraadbeheer webshop,nee,https://nl.linkedin.com/jobs/view/logistiek-medewerker-at-as-watson-benelux-4466846810,https://nl.linkedin.com/company/aswatson-benelux,4466846810
ASN Bank,Online Marketeer,Randstad,2026-09-18,customer journey specialist,nee,https://nl.linkedin.com/jobs/view/online-marketeer-at-asn-bank-4467848421,https://nl.linkedin.com/company/asn-bank,4467848421
Assist Verzuim,Junior Casemanager,Venlo,2026-09-15,retourverwerking,nee,https://nl.linkedin.com/jobs/view/junior-casemanager-at-assist-verzuim-bv-4467700647,https://nl.linkedin.com/company/assist-verzuim-bv,4467700647
Attendi,Customer &amp; Sales Support Coordinator,Amsterdam,2026-09-17,online sales medewerker,nee,https://nl.linkedin.com/jobs/view/customer-sales-support-coordinator-at-attendi-4467197045,https://nl.linkedin.com/company/attendi,4467197045
Autokan,Sales Medewerker remote,Groningen,2025-11-20,klantcontact,nee,https://nl.linkedin.com/jobs/view/sales-medewerker-remote-at-autokan-4341860860,https://nl.linkedin.com/company/autokan,4341860860
Autotelex,Commercieel medewerker binnendienst,Arnhem,2026-09-15,online sales medewerker,nee,https://nl.linkedin.com/jobs/view/commercieel-medewerker-binnendienst-at-autotelex-bv-4467705442,https://nl.linkedin.com/company/autotelex-bv,4467705442
Avanade,Dynamics 365 CE - Functional Consultant,Amsterdam,2026-09-11,customer journey specialist,nee,https://nl.linkedin.com/jobs/view/dynamics-365-ce-functional-consultant-at-avanade-4336904068,https://www.linkedin.com/company/avanade,4336904068
AVH Outdoor Tuinmeubelen,Magazijnmedewerker,Numansdorp,2026-02-24,voorraadbeheer webshop,nee,https://nl.linkedin.com/jobs/view/magazijnmedewerker-at-avh-outdoor-tuinmeubelen-4377152490,https://nl.linkedin.com/company/avh-outdoor-tuinmeubelen,4377152490
Aviko,Verpakkingsoperator Dagdienst,Oostrum,2026-09-15,packaging medewerker webshop,nee,https://nl.linkedin.com/jobs/view/verpakkingsoperator-dagdienst-at-aviko-4455889851,https://nl.linkedin.com/company/aviko,4455889851
AVR,Industrieel reiniger,Rozenburg,2026-07-16,retourverwerking,nee,https://nl.linkedin.com/jobs/view/industrieel-reiniger-at-avr-4451511004,https://nl.linkedin.com/company/avr,4451511004
AVR,Procesoperator 5-ploegen,Rozenburg,2026-07-16,retourverwerking,nee,https://nl.linkedin.com/jobs/view/procesoperator-5-ploegen-at-avr-4451512000,https://nl.linkedin.com/company/avr,4451512000
Ayvens,Medewerker Collection,Amsterdam,2026-05-14,retourverwerking,nee,https://nl.linkedin.com/jobs/view/medewerker-collection-at-ayvens-4411529193,https://www.linkedin.com/company/ayvens,4411529193
Ayvens,CRM Expert - Salesforce,Amsterdam,2026-09-21,customer journey specialist,nee,https://nl.linkedin.com/jobs/view/crm-expert-salesforce-at-ayvens-4467385755,https://www.linkedin.com/company/ayvens,4467385755
BANVO,Sales Medewerker Binnendienst,Ermelo,2026-07-16,online sales medewerker,nee,https://nl.linkedin.com/jobs/view/sales-medewerker-binnendienst-at-banvo-4440777476,https://nl.linkedin.com/company/banvo,4440777476
Barefoot &amp; More,Warehouse Manager,Arnhem,2026-08-28,voorraadbeheer webshop,nee,https://nl.linkedin.com/jobs/view/warehouse-manager-at-barefoot-more-4459676693,https://nl.linkedin.com/company/barefootandmore,4459676693
Barter,Business Development Manager,Amsterdam,2026-08-10,online sales medewerker,nee,https://nl.linkedin.com/jobs/view/business-development-manager-at-barter-4451180849,https://nl.linkedin.com/company/getbarter-app,4451180849
BaseNet,RevOps Specialist,Amsterdam,2026-09-21,customer journey specialist,nee,https://nl.linkedin.com/jobs/view/revops-specialist-at-basenet-4432552398,https://nl.linkedin.com/company/basenet-nederland,4432552398
Bax Music,"Online Marketeer (E-mail, Retentie &amp; Automation)",Goes,2026-02-20,customer journey specialist,nee,https://nl.linkedin.com/jobs/view/online-marketeer-e-mail-retentie-automation-at-bax-music-4373413115,https://nl.linkedin.com/company/baxmusic,4373413115
Beautinow,Community and Retention Lead (for niche perfume lover),Capelle aan den IJssel,2026-08-21,customer journey specialist,nee,https://nl.linkedin.com/jobs/view/community-and-retention-lead-for-niche-perfume-lover-at-beautinow-4457304865,https://nl.linkedin.com/company/beautinow-niche-perfume-beauty,4457304865
Bechtle B.V.,Digital Marketeer,Eindhoven,2026-09-15,customer journey specialist,nee,https://nl.linkedin.com/jobs/view/digital-marketeer-at-bechtle-b-v-4466188836,https://nl.linkedin.com/company/bechtle-direct-nederland,4466188836
Bechtle B.V.,Supportmedewerker,Eindhoven,2026-09-15,online sales medewerker,nee,https://nl.linkedin.com/jobs/view/supportmedewerker-at-bechtle-b-v-4466189782,https://nl.linkedin.com/company/bechtle-direct-nederland,4466189782
Beex,(Senior) Creative Marketeer,Eindhoven,2026-08-28,brand manager webshop,nee,https://nl.linkedin.com/jobs/view/senior-creative-marketeer-at-beex-4460323959,https://nl.linkedin.com/company/beexbranding,4460323959
Berner Produkten b.v.,Inside Sales Medewerker,Kerkrade,2026-09-21,online sales medewerker,nee,https://nl.linkedin.com/jobs/view/inside-sales-medewerker-at-berner-produkten-4469888767,https://nl.linkedin.com/company/berner-produkten,4469888767
Beter Horen,"Brand, Media &amp; Advertising Manager",Utrecht,2026-09-18,brand manager webshop,nee,https://nl.linkedin.com/jobs/view/brand-media-advertising-manager-at-beter-horen-4469153812,https://nl.linkedin.com/company/beter-horen,4469153812
BetuweZorg,Coördinator Digitale Bedrijfsvoering,Culemborg,2026-09-22,webcare,nee,https://nl.linkedin.com/jobs/view/co%C3%B6rdinator-digitale-bedrijfsvoering-at-betuwezorg-4466060379,https://nl.linkedin.com/company/betuwezorg,4466060379
Bever,Klantdata &amp; Segmentatie Specialist,Pijnacker,2026-09-15,customer journey specialist,nee,https://nl.linkedin.com/jobs/view/klantdata-segmentatie-specialist-at-bever-4466195517,https://nl.linkedin.com/company/bever,4466195517
BEWI IsoBouw,Marketing Manager,Someren,2026-08-14,brand manager webshop,nee,https://nl.linkedin.com/jobs/view/marketing-manager-at-bewi-isobouw-4454521779,https://nl.linkedin.com/company/bewi-isobouw,4454521779
BEWI RAW,Operator Polymerisatie,Etten-Leur,2026-09-14,retourverwerking,nee,https://nl.linkedin.com/jobs/view/operator-polymerisatie-at-bewi-raw-4467213030,https://nl.linkedin.com/company/bewi-raw,4467213030
BFG Trading B.V.,ALLROUND LOGISTICS EMPLOYEE,Dordrecht,2026-05-15,e-fulfilment medewerker,nee,https://nl.linkedin.com/jobs/view/allround-logistics-employee-at-bfg-trading-4411579239,https://nl.linkedin.com/company/bfg-trading-b-v,4411579239
Big Bazar,Verkoopmedewerker in Waddinxveen,Waddinxveen,2023-04-02,medewerker webshop,nee,https://nl.linkedin.com/jobs/view/verkoopmedewerker-in-waddinxveen-at-big-bazar-3589707913,https://nl.linkedin.com/company/bigbazarwinkels,3589707913
Blauwe Monsters (part of Conclusion),E-mailmarketeer,Haarlem,2026-08-04,customer journey specialist,nee,https://nl.linkedin.com/jobs/view/e-mailmarketeer-at-blauwe-monsters-part-of-conclusion-4449032262,https://nl.linkedin.com/company/blauwe-monsters,4449032262
Bloom &amp; Wild,Supply Chain Lead,Amsterdam,2026-04-14,voorraadbeheer webshop,nee,https://nl.linkedin.com/jobs/view/supply-chain-lead-at-bloom-wild-4401788087,https://uk.linkedin.com/company/bloom-&amp;-wild,4401788087
Bloom &amp; Wild,Production Supervisor,Amstelveen,2026-09-05,voorraadbeheer webshop,nee,https://nl.linkedin.com/jobs/view/production-supervisor-at-bloom-wild-4463696861,https://uk.linkedin.com/company/bloom-&amp;-wild,4463696861
BlueGem,Business Consultant CRM,Groningen,2026-09-08,customer journey specialist,nee,https://nl.linkedin.com/jobs/view/business-consultant-crm-at-bluegem-4462520159,https://nl.linkedin.com/company/bluegemnl,4462520159
BMN Nederland,Commercieel Medewerker Binnendienst,Amsterdam,2026-09-13,online sales medewerker,nee,https://nl.linkedin.com/jobs/view/commercieel-medewerker-binnendienst-at-bmn-nederland-4465700208,https://nl.linkedin.com/company/bmn-nederland,4465700208
BMN Nederland,Digital Growth Marketeer,Nieuwegein,2026-09-20,customer journey specialist,nee,https://nl.linkedin.com/jobs/view/digital-growth-marketeer-at-bmn-nederland-4468486360,https://nl.linkedin.com/company/bmn-nederland,4468486360
Boerschappen,Allround Logistiek Medewerker,Breda,2025-11-28,e-fulfilment medewerker,ja,https://nl.linkedin.com/jobs/view/allround-logistiek-medewerker-at-boerschappen-4348010186,https://nl.linkedin.com/company/boerschappen-b-v-,4348010186
bol,Marketing Automation &amp; Channel Optimization Specialist,Utrecht,2026-09-19,customer journey specialist,nee,https://nl.linkedin.com/jobs/view/marketing-automation-channel-optimization-specialist-at-bol-4448776873,https://nl.linkedin.com/company/bol-com,4448776873
bol,Marketing Intelligence Analyst,Utrecht,2026-09-22,customer journey specialist,nee,https://nl.linkedin.com/jobs/view/marketing-intelligence-analyst-at-bol-4461200114,https://nl.linkedin.com/company/bol-com,4461200114
Bolton,Brand Manager,Utrecht,2026-09-18,brand manager webshop,nee,https://nl.linkedin.com/jobs/view/brand-manager-at-bolton-4467869214,https://it.linkedin.com/company/bolton,4467869214
Bommel Wonen,Magazijnmedewerker,Dordrecht,2026-09-08,magazijnmedewerker webshop,nee,https://nl.linkedin.com/jobs/view/magazijnmedewerker-at-bommel-wonen-4464477149,https://nl.linkedin.com/company/bommelwonen,4464477149
BONANA,RevOps Specialist,Utrecht,2026-07-09,customer journey specialist,nee,https://nl.linkedin.com/jobs/view/revops-specialist-at-bonana-4435684195,https://nl.linkedin.com/company/bonana-agency,4435684195
BOOG werkt,Manager Zeevracht,Rotterdam,2026-09-18,voorraadbeheer webshop,nee,https://nl.linkedin.com/jobs/view/manager-zeevracht-at-boog-werkt-4469184421,https://nl.linkedin.com/company/boogwerkt,4469184421
Booking Boosters,Onboarding Specialist – Deutschsprachiger Markt,Enschede,2026-07-29,customer journey specialist,nee,https://nl.linkedin.com/jobs/view/onboarding-specialist-%E2%80%93-deutschsprachiger-markt-at-booking-boosters-4446869695,https://nl.linkedin.com/company/bookingboosters,4446869695
Booking Boosters,Marketing Automation Specialist,Enschede,2026-08-20,customer journey specialist,nee,https://nl.linkedin.com/jobs/view/marketing-automation-specialist-at-booking-boosters-4456705641,https://nl.linkedin.com/company/bookingboosters,4456705641
Booking Experts,Onboarding Specialist – Deutschsprachiger Markt,Enschede,2026-07-29,customer journey specialist,nee,https://nl.linkedin.com/jobs/view/onboarding-specialist-%E2%80%93-deutschsprachiger-markt-at-booking-experts-b-v-4444150891,https://nl.linkedin.com/company/bookingexperts,4444150891
Booking Experts,Onboarding Specialist – DACH markt,Enschede,2026-07-29,customer journey specialist,nee,https://nl.linkedin.com/jobs/view/onboarding-specialist-%E2%80%93-dach-markt-at-booking-experts-b-v-4444157686,https://nl.linkedin.com/company/bookingexperts,4444157686
Booking Experts,Marketing Automation Specialist,Enschede,2026-08-20,customer journey specialist,nee,https://nl.linkedin.com/jobs/view/marketing-automation-specialist-at-booking-experts-b-v-4455694619,https://nl.linkedin.com/company/bookingexperts,4455694619
Booking.com,"Director of Product, Merchandising &amp; Trip Planning",Amsterdam,2026-09-03,brand manager webshop,nee,https://nl.linkedin.com/jobs/view/director-of-product-merchandising-trip-planning-at-booking-com-4443334718,https://nl.linkedin.com/company/booking.com,4443334718
Boon Food Group B.V.,Warehouse System Coördinator,Dordrecht,2026-07-11,voorraadbeheer webshop,nee,https://nl.linkedin.com/jobs/view/warehouse-system-co%C3%B6rdinator-at-boon-food-group-b-v-4439553695,https://nl.linkedin.com/company/boonfoodgroup,4439553695
Booston.io,Orderpicker,Vianen,2026-09-21,orderpicker webshop,nee,https://nl.linkedin.com/jobs/view/orderpicker-at-booston-io-4468722646,https://nl.linkedin.com/company/booston,4468722646
Boottotaal,Teamleider Magazijn,Zwartsluis,2026-09-04,voorraadbeheer webshop,nee,https://nl.linkedin.com/jobs/view/teamleider-magazijn-at-boottotaal-4463319231,https://nl.linkedin.com/company/boottotaal,4463319231
Bouwmaat,Commercieel Medewerker Binnendienst,Nieuwegein,2026-05-19,online sales medewerker,nee,https://nl.linkedin.com/jobs/view/commercieel-medewerker-binnendienst-at-bouwmaat-4415799458,https://nl.linkedin.com/company/bouwmaat,4415799458
Bouwmaat,Commercieel Medewerker Binnendienst,Hoofddorp,2026-05-19,online sales medewerker,nee,https://nl.linkedin.com/jobs/view/commercieel-medewerker-binnendienst-at-bouwmaat-4415901397,https://nl.linkedin.com/company/bouwmaat,4415901397
Bouwmaat,Commercieel Medewerker Binnendienst,Helmond,2026-05-19,online sales medewerker,nee,https://nl.linkedin.com/jobs/view/commercieel-medewerker-binnendienst-at-bouwmaat-4415902410,https://nl.linkedin.com/company/bouwmaat,4415902410
Bouwmaat,Commercieel Medewerker Binnendienst,Utrecht Area,2026-05-19,online sales medewerker,nee,https://nl.linkedin.com/jobs/view/commercieel-medewerker-binnendienst-at-bouwmaat-4415790623,https://nl.linkedin.com/company/bouwmaat,4415790623
Bouwmaat,Commercieel Medewerker Binnendienst,Alphen aan den Rijn,2026-05-19,online sales medewerker,nee,https://nl.linkedin.com/jobs/view/commercieel-medewerker-binnendienst-at-bouwmaat-4415792554,https://nl.linkedin.com/company/bouwmaat,4415792554
Bouwmaat,Commercieel Medewerker Binnendienst,Purmerend,2026-07-03,online sales medewerker,nee,https://nl.linkedin.com/jobs/view/commercieel-medewerker-binnendienst-at-bouwmaat-4435451250,https://nl.linkedin.com/company/bouwmaat,4435451250
Bouwmaat,Commercieel Medewerker Binnendienst,Eindhoven Area,2026-08-25,online sales medewerker,nee,https://nl.linkedin.com/jobs/view/commercieel-medewerker-binnendienst-at-bouwmaat-4457480345,https://nl.linkedin.com/company/bouwmaat,4457480345
Bouwmaat,Medewerker Goederenontvangst,Amsterdam Area,2026-08-26,magazijnmedewerker webshop,nee,https://nl.linkedin.com/jobs/view/medewerker-goederenontvangst-at-bouwmaat-4457929207,https://nl.linkedin.com/company/bouwmaat,4457929207
Bouwmaat,Commercieel Medewerker Binnendienst,Alkmaar,2026-09-21,online sales medewerker,nee,https://nl.linkedin.com/jobs/view/commercieel-medewerker-binnendienst-at-bouwmaat-4468136612,https://nl.linkedin.com/company/bouwmaat,4468136612
BproCare,Field Service Engineer,Apeldoorn,2026-09-04,webcare,nee,https://nl.linkedin.com/jobs/view/field-service-engineer-at-bprocare-4463322069,https://nl.linkedin.com/company/bprocare,4463322069
BproCare,Projectleider,Apeldoorn,2026-09-07,webcare,nee,https://nl.linkedin.com/jobs/view/projectleider-at-bprocare-4430387098,https://nl.linkedin.com/company/bprocare,4430387098
BRAND VAN EGMOND,Marketing Communications Manager,Naarden,2026-07-29,brand manager webshop,nee,https://nl.linkedin.com/jobs/view/marketing-communications-manager-at-brand-van-egmond-4443687519,https://nl.linkedin.com/company/brand-van-egmond,4443687519
Brandness,New Business Development,Rijen,2026-09-21,online sales medewerker,nee,https://nl.linkedin.com/jobs/view/new-business-development-at-brandness-4469898695,https://nl.linkedin.com/company/brandness,4469898695
BrandPit,"vacature hubspot consultant. smartworkers, ede.",Noordwijk-Binnen,2026-06-10,customer journey specialist,nee,https://nl.linkedin.com/jobs/view/vacature-hubspot-consultant-smartworkers-ede-at-brandpit-4426577898,https://nl.linkedin.com/company/brandpit,4426577898
Bravx,Dynamics 365 CE Consultant (CRM),Eindhoven,2026-09-02,customer journey specialist,nee,https://nl.linkedin.com/jobs/view/dynamics-365-ce-consultant-crm-at-bravx-4460945418,https://www.linkedin.com/company/bravx-company,4460945418
BREITLING,Lead e-Commerce Europe &amp; Managing Director BEU [temporary] (f/m/x),Amsterdam Area,2026-09-04,brand manager webshop,nee,https://nl.linkedin.com/jobs/view/lead-e-commerce-europe-managing-director-beu-temporary-f-m-x-at-breitling-4463348230,https://ch.linkedin.com/company/breitling,4463348230
BriteOrange,Junior CRM Consultant,Etten-Leur,2026-08-04,customer journey specialist,nee,https://nl.linkedin.com/jobs/view/junior-crm-consultant-at-briteorange-4448275683,https://nl.linkedin.com/company/briteorange,4448275683
BriteOrange,CRM Consultant,Etten-Leur,2026-08-04,customer journey specialist,nee,https://nl.linkedin.com/jobs/view/crm-consultant-at-briteorange-4448277595,https://nl.linkedin.com/company/briteorange,4448277595
Broekhuis,Online Verkoopadviseur,Harderwijk,2026-08-04,online sales medewerker,nee,https://nl.linkedin.com/jobs/view/online-verkoopadviseur-at-broekhuis-groep-4448049670,https://nl.linkedin.com/company/broekhuisnl,4448049670
Brooks Running,"Key Account Manager, Direct Business EMEA",Amsterdam,2026-09-02,brand manager webshop,nee,https://nl.linkedin.com/jobs/view/key-account-manager-direct-business-emea-at-brooks-running-4453129232,https://www.linkedin.com/company/brooks-running-company,4453129232
Brouwer Technology B.V.,Magazijnmedewerker,Nijkerk,2026-09-02,magazijnmedewerker webshop,nee,https://nl.linkedin.com/jobs/view/magazijnmedewerker-at-brouwer-technology-b-v-4460408237,https://nl.linkedin.com/company/brouwertech,4460408237
BSH Nederland,Klantenservice medewerker,Hoofddorp,2026-09-09,online sales medewerker,nee,https://nl.linkedin.com/jobs/view/klantenservice-medewerker-at-bsh-nederland-4453163201,https://nl.linkedin.com/company/bsh-nederland,4453163201
Budget Thuis,Medewerker Sales Support,Amsterdam,2026-09-17,online sales medewerker,nee,https://nl.linkedin.com/jobs/view/medewerker-sales-support-at-budget-thuis-4449749675,https://nl.linkedin.com/company/budgetthuis-b-v-,4449749675
BUMA handel BV,Teamleider logistiek,De Friese Meren,2026-09-21,voorraadbeheer webshop,nee,https://nl.linkedin.com/jobs/view/teamleider-logistiek-at-buma-handel-bv-4469917052,https://nl.linkedin.com/company/buma-handel-bv,4469917052
Buvanha,Brand &amp; Creative Lead,Utrecht,2026-09-11,brand manager webshop,nee,https://nl.linkedin.com/jobs/view/brand-creative-lead-at-buvanha-4466075620,https://nl.linkedin.com/company/buvanha,4466075620
BYBORRE,Brand &amp; Marketing Specialist,Amsterdam,2026-09-16,brand manager webshop,nee,https://nl.linkedin.com/jobs/view/brand-marketing-specialist-at-byborre-4465939403,https://nl.linkedin.com/company/byborre,4465939403
"CAI Software, LLC",Senior Professional Services Consultant,Nederland,2026-09-03,webcare,nee,https://nl.linkedin.com/jobs/view/senior-professional-services-consultant-at-cai-software-llc-4460453330,https://www.linkedin.com/company/caisoftware,4460453330
CAK,Business Analist Klantdienstverlening,Den Haag,2026-09-12,klantcontact,nee,https://nl.linkedin.com/jobs/view/business-analist-klantdienstverlening-at-cak-4457571759,https://nl.linkedin.com/company/het-cak,4457571759
CAK,Inkoopadviseur,Den Haag,2026-09-19,klantcontact,nee,https://nl.linkedin.com/jobs/view/inkoopadviseur-at-cak-4423300838,https://nl.linkedin.com/company/het-cak,4423300838
CAK,Allround Medewerker Debiteurenbeheer Wmo,Den Haag,2026-09-22,klantcontact,nee,https://nl.linkedin.com/jobs/view/allround-medewerker-debiteurenbeheer-wmo-at-cak-4470230948,https://nl.linkedin.com/company/het-cak,4470230948
CakeSupplies,Magazijn Medewerker/Reachtruckchauffeur 32-40 uur,Amsterdam,2026-09-21,magazijnmedewerker webshop,nee,https://nl.linkedin.com/jobs/view/magazijn-medewerker-reachtruckchauffeur-32-40-uur-at-cakesupplies-4468728339,https://nl.linkedin.com/company/cakesupplies,4468728339
Calder Holding B.V.,"Digital Marketeer (Campagne, E-mail &amp; Growth)","Utrecht, Nederland",2026-09-15,customer journey specialist,nee,https://nl.linkedin.com/jobs/view/digital-marketeer-campagne-e-mail-growth-at-calder-holding-b-v-4456305349,https://nl.linkedin.com/company/calder-holding-b-v-,4456305349
Callisto Web Solutions B.V.,Senior Mendix Developer,Amsterdam,2026-09-11,webcare,nee,https://nl.linkedin.com/jobs/view/senior-mendix-developer-at-callisto-web-solutions-b-v-4466312324,https://nl.linkedin.com/company/callistoweb-solutions,4466312324
Callit_Marketing,Afspraakplanner,"Groningen, Nederland",2026-09-09,klantcontact,nee,https://nl.linkedin.com/jobs/view/afspraakplanner-at-callit-marketing-4465055270,https://www.linkedin.com/company/callit-marketing,4465055270
CANAL+ Group,Permanent - Digital Customer Experience Specialist (Self-service &amp; Journeys),Hilversum,2026-09-10,klantcontact,nee,https://nl.linkedin.com/jobs/view/permanent-digital-customer-experience-specialist-self-service-journeys-at-canal%2B-group-4465808532,https://fr.linkedin.com/company/canal-,4465808532
Candidata,Service Coordinator,"Utrecht, Nederland",2026-09-08,klantcontact,nee,https://nl.linkedin.com/jobs/view/service-coordinator-at-candidata-4452443478,https://nl.linkedin.com/company/candidatabv,4452443478
Cannock,Junior Creditmanagement Medewerker,Rotterdam,2026-09-17,klantcontact,nee,https://nl.linkedin.com/jobs/view/junior-creditmanagement-medewerker-at-cannock-4468629407,https://nl.linkedin.com/company/cannock,4468629407
Canva,AI Quality Evaluator - Dutch (12-Month Contract),Amsterdam,2026-09-21,retourverwerking,nee,https://nl.linkedin.com/jobs/view/ai-quality-evaluator-dutch-12-month-contract-at-canva-4459764736,https://au.linkedin.com/company/canva,4459764736
Capestone,Verkoopondersteuning,Leiden,2026-09-17,klantcontact,nee,https://nl.linkedin.com/jobs/view/verkoopondersteuning-at-capestone-989989,https://nl.linkedin.com/company/capestone,989989
Capgemini,Senior Consultant Platforms &amp; Prototypes (frog) - NL,Utrecht,2025-12-18,customer journey specialist,nee,https://nl.linkedin.com/jobs/view/senior-consultant-platforms-prototypes-frog-nl-at-capgemini-4345365616,https://fr.linkedin.com/company/capgemini,4345365616
Capgemini,"Salesforce Consultant I Public, Energy &amp; Consumer Goods - NL",Utrecht,2026-01-11,customer journey specialist,nee,https://nl.linkedin.com/jobs/view/salesforce-consultant-i-public-energy-consumer-goods-nl-at-capgemini-4345373927,https://fr.linkedin.com/company/capgemini,4345373927
Capgemini,"Salesforce Consultant I Public, Energy &amp; Consumer Goods",Utrecht,2026-01-14,customer journey specialist,nee,https://nl.linkedin.com/jobs/view/salesforce-consultant-i-public-energy-consumer-goods-at-capgemini-4360760045,https://fr.linkedin.com/company/capgemini,4360760045
Capgemini,Salesforce CRM Functional Consultant - NL,Utrecht,2026-04-07,customer journey specialist,nee,https://nl.linkedin.com/jobs/view/salesforce-crm-functional-consultant-nl-at-capgemini-4387167385,https://fr.linkedin.com/company/capgemini,4387167385
Capgemini,Consultant Dynamics 365,Utrecht,2026-05-12,customer journey specialist,nee,https://nl.linkedin.com/jobs/view/consultant-dynamics-365-at-capgemini-4408766490,https://fr.linkedin.com/company/capgemini,4408766490
Capgemini,Consultant Dynamics 365 - NL,Utrecht,2026-05-12,customer journey specialist,nee,https://nl.linkedin.com/jobs/view/consultant-dynamics-365-nl-at-capgemini-4407940525,https://fr.linkedin.com/company/capgemini,4407940525
Capgemini,Salesforce Financial Services Cloud Consultant,"Utrecht, Nederland",2026-09-08,customer journey specialist,nee,https://nl.linkedin.com/jobs/view/salesforce-financial-services-cloud-consultant-at-capgemini-4451115590,https://fr.linkedin.com/company/capgemini,4451115590
Capgemini,Junior Consultant Customer Transformation (frog) - NL,Utrecht,2026-09-10,customer journey specialist,nee,https://nl.linkedin.com/jobs/view/junior-consultant-customer-transformation-frog-nl-at-capgemini-4464578247,https://fr.linkedin.com/company/capgemini,4464578247
Capilex,Medewerker Relatie- &amp; Debiteurenbeheer (20–40 uur),'s-Hertogenbosch,2026-09-16,klantcontact,nee,https://nl.linkedin.com/jobs/view/medewerker-relatie-debiteurenbeheer-20%E2%80%9340-uur-at-capilex-4467995132,https://nl.linkedin.com/company/capilex,4467995132
Captive Finance,Accountmanager (Overijssel en Gelderland),Nijmegen,2026-07-29,klantcontact,nee,https://nl.linkedin.com/jobs/view/accountmanager-overijssel-en-gelderland-at-captive-finance-4446575274,https://nl.linkedin.com/company/captive-finance,4446575274
CareerValue,Teamleider ICT-servicedesk,Nuenen,2026-09-14,webcare,nee,https://nl.linkedin.com/jobs/view/teamleider-ict-servicedesk-at-careervalue-4465209444,https://nl.linkedin.com/company/careervalue-b-v-,4465209444
Carel Lurvink B.V.,Customer Solution Specialist - Healthcare,Enschede,2026-09-10,klantcontact,nee,https://nl.linkedin.com/jobs/view/customer-solution-specialist-healthcare-at-carel-lurvink-b-v-4465806625,https://nl.linkedin.com/company/carel-lurvink-b.v.,4465806625
Careyn,Adviseur Veilig en Gezond Werken,Utrecht,2026-09-10,klantcontact,nee,https://nl.linkedin.com/jobs/view/adviseur-veilig-en-gezond-werken-at-careyn-4463490270,https://nl.linkedin.com/company/careyn,4463490270
Carrier,Inside Sales Medewerker - Rental Services,Nieuwegein,2026-06-23,klantcontact,nee,https://nl.linkedin.com/jobs/view/inside-sales-medewerker-rental-services-at-carrier-4429673978,https://www.linkedin.com/company/carrier,4429673978
Carrier,Service Planner regio Noordoost Nederland,Utrecht,2026-08-03,klantcontact,nee,https://nl.linkedin.com/jobs/view/service-planner-regio-noordoost-nederland-at-carrier-4446449015,https://www.linkedin.com/company/carrier,4446449015
Carrier,Accountmanager Residential - West Nederland,Capelle aan den IJssel,2026-08-06,klantcontact,nee,https://nl.linkedin.com/jobs/view/accountmanager-residential-west-nederland-at-carrier-4448580585,https://www.linkedin.com/company/carrier,4448580585
Carrier,Commercieel Medewerker Contract Management,"Utrecht, Nederland",2026-08-28,klantcontact,nee,https://nl.linkedin.com/jobs/view/commercieel-medewerker-contract-management-at-carrier-4422684705,https://www.linkedin.com/company/carrier,4422684705
Carrier,Commercieel Medewerker Contract Management - Service Overeenkomsten,Utrecht,2026-09-13,klantcontact,nee,https://nl.linkedin.com/jobs/view/commercieel-medewerker-contract-management-service-overeenkomsten-at-carrier-4462382086,https://www.linkedin.com/company/carrier,4462382086
Carrier,Account Manager Residential NL,Capelle aan den IJssel,2026-09-13,klantcontact,nee,https://nl.linkedin.com/jobs/view/account-manager-residential-nl-at-carrier-4462688921,https://www.linkedin.com/company/carrier,4462688921
Catawiki,Campaigns &amp; Activations Specialist - Category Marketing,Randstad,2026-09-11,customer journey specialist,nee,https://nl.linkedin.com/jobs/view/campaigns-activations-specialist-category-marketing-at-catawiki-4464224604,https://nl.linkedin.com/company/catawiki,4464224604
CB,Klantenservice Medewerker Healthcare,Culemborg,2026-09-10,klantcontact,nee,https://nl.linkedin.com/jobs/view/klantenservice-medewerker-healthcare-at-cb-4446805160,https://nl.linkedin.com/company/cb-brengt-samen,4446805160
Cbt • Resultaat uit opleiden,Key-accountmanager,Velp,2026-08-19,klantcontact,nee,https://nl.linkedin.com/jobs/view/key-accountmanager-at-cbt-%E2%80%A2-resultaat-uit-opleiden-4455416679,https://nl.linkedin.com/school/cbt-trainingen/,4455416679
Cbt • Resultaat uit opleiden,Key - Accountmanager,Arnhem,2026-08-19,klantcontact,nee,https://nl.linkedin.com/jobs/view/key-accountmanager-at-cbt-%E2%80%A2-resultaat-uit-opleiden-4456313525,https://nl.linkedin.com/school/cbt-trainingen/,4456313525
CCR Commercial Refrigeration,Service Account Manager NL,Nieuwegein,2025-06-12,klantcontact,nee,https://nl.linkedin.com/jobs/view/service-account-manager-nl-at-ccr-commercial-refrigeration-4248504451,https://nl.linkedin.com/company/ccr-commercial-refrigeration,4248504451
Cedit,Service Delivery en account manager,Gouda,2026-08-26,klantcontact,nee,https://nl.linkedin.com/jobs/view/service-delivery-en-account-manager-at-conandoyle-4459189069,https://nl.linkedin.com/company/ceditbv,4459189069
Cepro International B.V.,Allround Logistiek en Technische Medewerker,Rijen,2026-09-08,e-fulfilment medewerker,nee,https://nl.linkedin.com/jobs/view/allround-logistiek-en-technische-medewerker-at-cepro-international-b-v-4225302611,https://nl.linkedin.com/company/cepro-international-bv,4225302611
Ceres | Recruitment | Interim | Executive | Food &amp; Agri,Teamleider Logistiek,Kesteren,2026-09-11,retourverwerking,nee,https://nl.linkedin.com/jobs/view/teamleider-logistiek-at-ceres-recruitment-interim-executive-food-agri-4464832797,https://nl.linkedin.com/company/ceresrecruitment,4464832797
Certin,Medewerker Klantenservice Collections,Haarlem,2026-09-19,klantcontact,nee,https://nl.linkedin.com/jobs/view/medewerker-klantenservice-collections-at-certin-4466968441,https://nl.linkedin.com/company/certin-klantcontact,4466968441
Chane,Customer Service Medewerker Nieuwe Maas,Rotterdam,2026-09-17,klantcontact,nee,https://nl.linkedin.com/jobs/view/customer-service-medewerker-nieuwe-maas-at-chane-4466263623,https://www.linkedin.com/company/chaneterminals,4466263623
Change,Klantenservice medewerker E-commerce Pools/NL - Change,Rotterdam,2026-08-13,klantcontact,nee,https://nl.linkedin.com/jobs/view/klantenservice-medewerker-e-commerce-pools-nl-change-at-change-4462968087,https://nl.linkedin.com/company/change-cx,4462968087
Change,Klantadviseur Eneco | September,Rotterdam,2026-09-10,klantcontact,nee,https://nl.linkedin.com/jobs/view/klantadviseur-eneco-september-at-change-4462959105,https://nl.linkedin.com/company/change-cx,4462959105
Change,Klantenservice medewerker Eneco eMobility – (Nederlandstalig) Oktober,Rotterdam,2026-09-11,klantcontact,nee,https://nl.linkedin.com/jobs/view/klantenservice-medewerker-eneco-emobility-%E2%80%93-nederlandstalig-oktober-at-change-4462959102,https://nl.linkedin.com/company/change-cx,4462959102
Channable,IT Support Team Lead,Utrecht,2026-09-14,webcare,nee,https://nl.linkedin.com/jobs/view/it-support-team-lead-at-channable-4456888748,https://nl.linkedin.com/company/channable,4456888748
Channable,Customer Success Manager Benelux - Dutch speaking,Utrecht,2026-09-19,klantcontact,nee,https://nl.linkedin.com/jobs/view/customer-success-manager-benelux-dutch-speaking-at-channable-4466965870,https://nl.linkedin.com/company/channable,4466965870
ChargeCars,Accountmanager binnendienst,Nijkerk,2026-09-16,klantcontact,nee,https://nl.linkedin.com/jobs/view/accountmanager-binnendienst-at-chargecars-4468221450,https://nl.linkedin.com/company/chargecars,4468221450
CHEP,Business Development Manager,Nederland,2026-09-08,klantcontact,nee,https://nl.linkedin.com/jobs/view/business-development-manager-at-chep-4462519264,https://uk.linkedin.com/company/chep,4462519264
CHEP,Business Development Manager Benelux,Nederland,2026-09-21,klantcontact,nee,https://nl.linkedin.com/jobs/view/business-development-manager-benelux-at-chep-4468132619,https://uk.linkedin.com/company/chep,4468132619
ChipSoft Nederland,Software Consultant Beeldmanagement,Amsterdam,2026-04-20,webcare,nee,https://nl.linkedin.com/jobs/view/software-consultant-beeldmanagement-at-chipsoft-nederland-4404501148,https://nl.linkedin.com/company/chipsoft,4404501148
ChipSoft Nederland,Specialist Gegevensuitwisseling,Amsterdam,2026-05-09,webcare,nee,https://nl.linkedin.com/jobs/view/specialist-gegevensuitwisseling-at-chipsoft-nederland-4404389893,https://nl.linkedin.com/company/chipsoft,4404389893
ChipSoft Nederland,Software Consultant EPD,Amsterdam,2026-05-09,webcare,nee,https://nl.linkedin.com/jobs/view/software-consultant-epd-at-chipsoft-nederland-4404394412,https://nl.linkedin.com/company/chipsoft,4404394412
ChipSoft Nederland,Software Consultant Anesthesie / High Care,Amsterdam,2026-05-09,webcare,nee,https://nl.linkedin.com/jobs/view/software-consultant-anesthesie-high-care-at-chipsoft-nederland-4404395286,https://nl.linkedin.com/company/chipsoft,4404395286
ChipSoft Nederland,Software Consultant Polikliniek,Amsterdam,2026-05-09,webcare,nee,https://nl.linkedin.com/jobs/view/software-consultant-polikliniek-at-chipsoft-nederland-4404380687,https://nl.linkedin.com/company/chipsoft,4404380687
ChipSoft Nederland,Software Consultant Apotheek,Amsterdam,2026-05-09,webcare,nee,https://nl.linkedin.com/jobs/view/software-consultant-apotheek-at-chipsoft-nederland-4404384593,https://nl.linkedin.com/company/chipsoft,4404384593
ChipSoft Nederland,Key Accountmanager,Amsterdam,2026-05-11,klantcontact,nee,https://nl.linkedin.com/jobs/view/key-accountmanager-at-chipsoft-nederland-4404506162,https://nl.linkedin.com/company/chipsoft,4404506162
ChipSoft Nederland,Software Consultant Verpleegkunde,Amsterdam,2026-05-11,webcare,nee,https://nl.linkedin.com/jobs/view/software-consultant-verpleegkunde-at-chipsoft-nederland-4404385726,https://nl.linkedin.com/company/chipsoft,4404385726
ChipSoft Nederland,Productspecialist Capaciteitsmanagement,Amsterdam,2026-05-11,webcare,nee,https://nl.linkedin.com/jobs/view/productspecialist-capaciteitsmanagement-at-chipsoft-nederland-4404507603,https://nl.linkedin.com/company/chipsoft,4404507603
ChipSoft Nederland,E-learningontwikkelaar,Amsterdam,2026-05-11,webcare,nee,https://nl.linkedin.com/jobs/view/e-learningontwikkelaar-at-chipsoft-nederland-4404507579,https://nl.linkedin.com/company/chipsoft,4404507579
ChipSoft Nederland,Software Consultant Autorisaties,Amsterdam,2026-05-11,webcare,nee,https://nl.linkedin.com/jobs/view/software-consultant-autorisaties-at-chipsoft-nederland-4404397601,https://nl.linkedin.com/company/chipsoft,4404397601
ChipSoft Nederland,HiX Expert,Amsterdam,2026-05-11,webcare,nee,https://nl.linkedin.com/jobs/view/hix-expert-at-chipsoft-nederland-4404505065,https://nl.linkedin.com/company/chipsoft,4404505065
ChipSoft Nederland,Technisch Consultant Zorgportaal,Amsterdam,2026-05-11,webcare,nee,https://nl.linkedin.com/jobs/view/technisch-consultant-zorgportaal-at-chipsoft-nederland-4404385932,https://nl.linkedin.com/company/chipsoft,4404385932
ChipSoft Nederland,Projectconsultant Gegevensuitwisseling,Amsterdam,2026-08-03,webcare,nee,https://nl.linkedin.com/jobs/view/projectconsultant-gegevensuitwisseling-at-chipsoft-nederland-4412919207,https://nl.linkedin.com/company/chipsoft,4412919207
ChipSoft Nederland,Consultant eHealth,Amsterdam,2026-08-04,webcare,nee,https://nl.linkedin.com/jobs/view/consultant-ehealth-at-chipsoft-nederland-4412919208,https://nl.linkedin.com/company/chipsoft,4412919208
ChipSoft Nederland,Vertaler Nederlands-Duits,Amsterdam,2026-08-07,webcare,nee,https://nl.linkedin.com/jobs/view/vertaler-nederlands-duits-at-chipsoft-nederland-4416642223,https://nl.linkedin.com/company/chipsoft,4416642223
ChipSoft Nederland,.NET Developer Zorg-ICT,Amsterdam,2026-09-03,webcare,nee,https://nl.linkedin.com/jobs/view/net-developer-zorg-ict-at-chipsoft-nederland-4197066234,https://nl.linkedin.com/company/chipsoft,4197066234
ChipSoft Nederland,Productspecialist,Amsterdam,2026-09-15,webcare,nee,https://nl.linkedin.com/jobs/view/productspecialist-at-chipsoft-nederland-4465574765,https://nl.linkedin.com/company/chipsoft,4465574765
ChipSoft Nederland,Themaspecialist gegevensuitwisseling,Amsterdam,2026-09-15,webcare,nee,https://nl.linkedin.com/jobs/view/themaspecialist-gegevensuitwisseling-at-chipsoft-nederland-4379900121,https://nl.linkedin.com/company/chipsoft,4379900121
ChipSoft Nederland,Technisch Project Consultant Zorgportaal,Amsterdam,2026-09-16,webcare,nee,https://nl.linkedin.com/jobs/view/technisch-project-consultant-zorgportaal-at-chipsoft-nederland-4197065397,https://nl.linkedin.com/company/chipsoft,4197065397
ChipSoft Nederland,.NET Developer Zorg-ICT,Hoogeveen,2026-09-17,webcare,nee,https://nl.linkedin.com/jobs/view/net-developer-zorg-ict-at-chipsoft-nederland-4197059913,https://nl.linkedin.com/company/chipsoft,4197059913
ChipSoft Nederland,.NET Developer Zorg-ICT,Heerenveen,2026-09-18,webcare,nee,https://nl.linkedin.com/jobs/view/net-developer-zorg-ict-at-chipsoft-nederland-4412901911,https://nl.linkedin.com/company/chipsoft,4412901911
ChipSoft Nederland,Front-end ontwikkelaar,Amsterdam,2026-09-21,webcare,nee,https://nl.linkedin.com/jobs/view/front-end-ontwikkelaar-at-chipsoft-nederland-4467626521,https://nl.linkedin.com/company/chipsoft,4467626521
ChipSoft Nederland,Consultant voor de Zorg,Amsterdam,2026-09-22,webcare,nee,https://nl.linkedin.com/jobs/view/consultant-voor-de-zorg-at-chipsoft-nederland-4197061897,https://nl.linkedin.com/company/chipsoft,4197061897
ChipSoft Nederland,Cloud Software Developer,Amsterdam,2026-09-22,webcare,nee,https://nl.linkedin.com/jobs/view/cloud-software-developer-at-chipsoft-nederland-4197067048,https://nl.linkedin.com/company/chipsoft,4197067048
Cicero Zorggroep,"Flexpool: Helpende (plus), Verzorgende IG of Verpleegkundige",Maastricht,2024-03-25,webcare,nee,https://nl.linkedin.com/jobs/view/flexpool-helpende-plus-verzorgende-ig-of-verpleegkundige-at-cicero-zorggroep-3869245827,https://nl.linkedin.com/company/cicero-zorggroep,3869245827
Cicero Zorggroep,"Regionale Flexpool: Helpende (Plus), Verzorgende IG of Verpleegkundige",Maastricht,2026-01-28,webcare,nee,https://nl.linkedin.com/jobs/view/regionale-flexpool-helpende-plus-verzorgende-ig-of-verpleegkundige-at-cicero-zorggroep-4366405992,https://nl.linkedin.com/company/cicero-zorggroep,4366405992
Cicero Zorggroep,Informatiemanager,Brunssum,2026-09-17,webcare,nee,https://nl.linkedin.com/jobs/view/informatiemanager-at-cicero-zorggroep-4468375901,https://nl.linkedin.com/company/cicero-zorggroep,4468375901
Clarksons,Post-Fixture Shipping Operator,Rotterdam,2026-09-04,klantcontact,nee,https://nl.linkedin.com/jobs/view/post-fixture-shipping-operator-at-clarksons-4461182076,https://uk.linkedin.com/company/clarksons,4461182076
CleanJack,Customer Succes Manager CleanJack.AI,Zoetermeer,2026-07-29,klantcontact,nee,https://nl.linkedin.com/jobs/view/customer-succes-manager-cleanjack-ai-at-cleanjack-4446808695,https://nl.linkedin.com/company/cleanjack,4446808695
Cleverbase,Integratie &amp; Support Engineer,Den Haag,2026-07-23,webcare,nee,https://nl.linkedin.com/jobs/view/integratie-support-engineer-at-cleverbase-4444440541,https://nl.linkedin.com/company/cleverbase,4444440541
ClickHouse,Security Specialist - EMEA (location flexible),Nederland,2026-09-10,webcare,nee,https://nl.linkedin.com/jobs/view/security-specialist-emea-location-flexible-at-clickhouse-4465660358,https://www.linkedin.com/company/clickhouseinc,4465660358
ClickHouse,Technical Customer Support Engineer - EMEA,Nederland,2026-09-14,webcare,nee,https://nl.linkedin.com/jobs/view/technical-customer-support-engineer-emea-at-clickhouse-4467217642,https://www.linkedin.com/company/clickhouseinc,4467217642
Client,L2 Desktop Support / IT Support Engineer (Dutch),Rotterdam,2026-09-11,webcare,nee,,,4464868488
ClockWise,Tech Lead | SaaS | PHP/Svelte | Amsterdam | tot 90K,Amsterdam-Noord,2026-09-07,webcare,nee,https://nl.linkedin.com/jobs/view/tech-lead-saas-php-svelte-amsterdam-tot-90k-at-clockwise-4462936672,https://nl.linkedin.com/company/clockwise,4462936672
Cloudmuscle,Senior Salesforce Marketing Cloud Consultant,Amsterdam,2026-07-13,customer journey specialist,nee,https://nl.linkedin.com/jobs/view/senior-salesforce-marketing-cloud-consultant-at-cloudmuscle-4440014394,https://nl.linkedin.com/company/cloudmuscle,4440014394
ClubCollect,Junior Sales Representative,Utrecht,2025-10-26,klantcontact,nee,https://nl.linkedin.com/jobs/view/junior-sales-representative-at-clubcollect-4317631282,https://nl.linkedin.com/company/clubcollect,4317631282
Clubgeist,Projectmanager / Accountmanager,Rotterdam,2026-09-18,klantcontact,nee,https://nl.linkedin.com/jobs/view/projectmanager-accountmanager-at-clubgeist-3792992647,https://nl.linkedin.com/company/clubgeist,3792992647
Cobalt Mounting Systems,Commercieel medewerker binnendienst,Zeewolde,2026-09-22,online sales medewerker,nee,https://nl.linkedin.com/jobs/view/commercieel-medewerker-binnendienst-at-cobalt-mounting-systems-4439051753,https://nl.linkedin.com/company/cobalt-mounting-systems,4439051753
Codefield,Senior Frontend Angular Developer,Utrecht,2026-09-21,webcare,nee,https://nl.linkedin.com/jobs/view/senior-frontend-angular-developer-at-codefield-4469881180,https://nl.linkedin.com/company/codefield,4469881180
Codefield,Senior Frontend React Developer,Utrecht,2026-09-21,webcare,nee,https://nl.linkedin.com/jobs/view/senior-frontend-react-developer-at-codefield-4469878468,https://nl.linkedin.com/company/codefield,4469878468
Codeforward | Odoo Partner,Software Ontwikkelaar,Heerlen,2026-07-27,voorraadbeheer webshop,nee,https://nl.linkedin.com/jobs/view/software-ontwikkelaar-at-codeforward-odoo-partner-4444897713,https://nl.linkedin.com/company/codeforward-bv,4444897713
Codekeeper,Client Success Specialist (LegalTech),Nederland,2026-09-21,klantcontact,nee,https://nl.linkedin.com/jobs/view/client-success-specialist-legaltech-at-codekeeper-4467368896,https://www.linkedin.com/company/codekeeper,4467368896
Codekeeper,Account Manager,Nederland,2026-09-21,klantcontact,nee,https://nl.linkedin.com/jobs/view/account-manager-at-codekeeper-4467364947,https://www.linkedin.com/company/codekeeper,4467364947
Coface,Inside Sales Officer,Breda,2026-09-21,klantcontact,nee,https://nl.linkedin.com/jobs/view/inside-sales-officer-at-coface-4467371490,https://fr.linkedin.com/company/coface,4467371490
Coffee IT - Ontwikkelaar van Mobiele en Web-apps (Part of The Digital Club),Recruiter en Office Manager,Utrecht,2025-10-23,klantcontact,nee,https://nl.linkedin.com/jobs/view/recruiter-en-office-manager-at-coffee-it-ontwikkelaar-van-mobiele-en-web-apps-part-of-the-digital-club-4319038331,https://nl.linkedin.com/company/coffee-it,4319038331
COLD CULTURE,Key Lead - Cold Culture Ámsterdam,Amsterdam,2026-05-21,klantcontact,nee,https://nl.linkedin.com/jobs/view/key-lead-cold-culture-%C3%A1msterdam-at-cold-culture-4416713527,https://es.linkedin.com/company/coldculture,4416713527
Collabite,Medior Support Engineer,Bodegraven,2026-09-22,webcare,nee,https://nl.linkedin.com/jobs/view/medior-support-engineer-at-collabite-4470411376,https://nl.linkedin.com/company/collabite,4470411376
Collins Foods Europe,Digital Channel Manager (Kiosk),Amsterdam Zuidoost,2026-09-14,customer journey specialist,nee,https://nl.linkedin.com/jobs/view/digital-channel-manager-kiosk-at-collins-foods-europe-4467242281,https://nl.linkedin.com/company/collins-foods-europe,4467242281
Collins Foods Europe,Digital Channel Manager (Kiosk,Amsterdam,2026-09-15,customer journey specialist,nee,https://nl.linkedin.com/jobs/view/digital-channel-manager-kiosk-at-collins-foods-europe-4467731090,https://nl.linkedin.com/company/collins-foods-europe,4467731090
Collé Rental &amp; Sales,Accountmanager Noord-Holland,Vianen,2024-08-02,klantcontact,nee,https://nl.linkedin.com/jobs/view/accountmanager-noord-holland-at-coll%C3%A9-rental-sales-3991357661,https://nl.linkedin.com/company/colle-official,3991357661
Collé Rental &amp; Sales,Accountmanager Verhuur – Regio Gelderland,Sittard,2025-06-16,klantcontact,nee,https://nl.linkedin.com/jobs/view/accountmanager-verhuur-%E2%80%93-regio-gelderland-at-coll%C3%A9-rental-sales-4251652396,https://nl.linkedin.com/company/colle-official,4251652396
Collé Rental &amp; Sales,Binnendienst Medewerker Verhuur,Sittard,2026-04-18,klantcontact,nee,https://nl.linkedin.com/jobs/view/binnendienst-medewerker-verhuur-at-coll%C3%A9-rental-sales-4403047919,https://nl.linkedin.com/company/colle-official,4403047919
Collé Rental &amp; Sales,Sales Support Medewerker Benelux,Sittard,2026-08-26,klantcontact,nee,https://nl.linkedin.com/jobs/view/sales-support-medewerker-benelux-at-coll%C3%A9-rental-sales-4457258380,https://nl.linkedin.com/company/colle-official,4457258380
Coloplast,Strategic Account Manager Stomazorg,Amersfoort,2026-09-03,klantcontact,nee,https://nl.linkedin.com/jobs/view/strategic-account-manager-stomazorg-at-coloplast-4461683624,https://dk.linkedin.com/company/coloplast,4461683624
Coloplast,Territory Manager Continence Care (Zuid-West Nederland),Amersfoort,2026-09-04,klantcontact,nee,https://nl.linkedin.com/jobs/view/territory-manager-continence-care-zuid-west-nederland-at-coloplast-4461961506,https://dk.linkedin.com/company/coloplast,4461961506
ColorCrew,Accountcoördinator,Alkmaar,2026-09-03,klantcontact,nee,https://nl.linkedin.com/jobs/view/accountco%C3%B6rdinator-at-colorcrew-4461659502,https://nl.linkedin.com/company/colorcrew,4461659502
ColorCrew,(Junior) Planner,Alkmaar,2026-09-11,klantcontact,nee,https://nl.linkedin.com/jobs/view/junior-planner-at-colorcrew-4465159114,https://nl.linkedin.com/company/colorcrew,4465159114
Colosseum Dental Benelux,Group Head People Experience &amp; Technology,Breda,2026-09-02,webcare,nee,https://nl.linkedin.com/jobs/view/group-head-people-experience-technology-at-colosseum-dental-benelux-4460970879,https://nl.linkedin.com/company/colosseum-dental-benelux,4460970879
Colosseum Dental Benelux,Workday Specialist,Breda,2026-09-02,webcare,nee,https://nl.linkedin.com/jobs/view/workday-specialist-at-colosseum-dental-benelux-4460979569,https://nl.linkedin.com/company/colosseum-dental-benelux,4460979569
Compacon NL,Inside Sales Medewerker,Barendrecht,2026-09-03,online sales medewerker,nee,https://nl.linkedin.com/jobs/view/inside-sales-medewerker-at-compacon-nl-4462851979,https://nl.linkedin.com/company/compacon,4462851979
Company.info Nederland,Sales &amp; Operations Support Medewerker,Amsterdam,2026-09-01,klantcontact,nee,https://nl.linkedin.com/jobs/view/sales-operations-support-medewerker-at-company-info-nederland-4461586115,https://nl.linkedin.com/company/company-info,4461586115
CompuGroup Medical SE &amp; Co. KGaA,Test Automation Engineer (m/w/d),Asten,2026-09-16,webcare,nee,https://nl.linkedin.com/jobs/view/test-automation-engineer-m-w-d-at-compugroup-medical-se-co-kgaa-4448565390,https://de.linkedin.com/company/compugroup-medical,4448565390
Computacenter,Customer Executive,Amstelveen,2026-08-28,klantcontact,nee,https://nl.linkedin.com/jobs/view/customer-executive-at-computacenter-4436481630,https://uk.linkedin.com/company/computacenter,4436481630
Concentrix,"Word Klantenservicemedewerker bij Vattenfall, vanaf 20 uur, Hybride mogelijk",Groningen,2026-09-17,klantcontact,nee,https://nl.linkedin.com/jobs/view/word-klantenservicemedewerker-bij-vattenfall-vanaf-20-uur-hybride-mogelijk-at-concentrix-4446658968,https://www.linkedin.com/company/concentrix,4446658968
ConDoor Door Solutions,Meewerkend Voorman Magazijn,Zeewolde,2026-09-17,voorraadbeheer webshop,nee,https://nl.linkedin.com/jobs/view/meewerkend-voorman-magazijn-at-condoor-door-solutions-4467843431,https://nl.linkedin.com/company/condoor,4467843431
Conduent,Teamleider Klantcontact,Rotterdam,2026-09-08,klantcontact,nee,https://nl.linkedin.com/jobs/view/teamleider-klantcontact-at-conduent-4464402796,https://www.linkedin.com/company/conduent,4464402796
Conduent,Teamleider Klantcontact,Tilburg,2026-09-08,klantcontact,nee,https://nl.linkedin.com/jobs/view/teamleider-klantcontact-at-conduent-4464393860,https://www.linkedin.com/company/conduent,4464393860
Conferentiehotel Kontakt der Kontinenten,Medewerker Reserveringen,Soesterberg,2026-08-28,klantcontact,nee,https://nl.linkedin.com/jobs/view/medewerker-reserveringen-at-conferentiehotel-kontakt-der-kontinenten-4458045181,https://nl.linkedin.com/company/kontakt-der-kontinenten,4458045181
Connect-D,Accountmanager,Rotterdam,2026-09-22,klantcontact,nee,https://nl.linkedin.com/jobs/view/accountmanager-at-connect-d-4468916109,https://nl.linkedin.com/company/connect-d-tech,4468916109
ContactWorx | Make Contact Work,Kwaliteitsmedewerker,Rijswijk,2026-09-17,klantcontact,nee,https://nl.linkedin.com/jobs/view/kwaliteitsmedewerker-at-contactworx-make-contact-work-4468623021,https://nl.linkedin.com/company/contactworx-klantcontact,4468623021
Container &amp; Co,Account manager - export,Rotterdam,2026-08-28,klantcontact,nee,https://nl.linkedin.com/jobs/view/account-manager-export-at-container-co-4460341041,https://nl.linkedin.com/company/container-co-bv,4460341041
Container &amp; Co,Account manager - import,Rotterdam,2026-08-28,klantcontact,nee,https://nl.linkedin.com/jobs/view/account-manager-import-at-container-co-4460339046,https://nl.linkedin.com/company/container-co-bv,4460339046
Container &amp; Co,Sales representative,Rotterdam,2026-08-28,klantcontact,nee,https://nl.linkedin.com/jobs/view/sales-representative-at-container-co-4460337056,https://nl.linkedin.com/company/container-co-bv,4460337056
Content Guru,Account Manager,Den Haag,2026-09-16,klantcontact,nee,https://nl.linkedin.com/jobs/view/account-manager-at-content-guru-4468215322,https://uk.linkedin.com/company/content-guru,4468215322
Continu Professionals,Service Coördinator KLM,Schiphol,2026-09-01,klantcontact,nee,https://nl.linkedin.com/jobs/view/service-co%C3%B6rdinator-klm-at-continu-professionals-4442084156,https://nl.linkedin.com/company/continu,4442084156
Continu Professionals,Servicecoördinator,Elst,2026-09-08,klantcontact,nee,https://nl.linkedin.com/jobs/view/serviceco%C3%B6rdinator-at-continu-professionals-4463510179,https://nl.linkedin.com/company/continu,4463510179
Continu Professionals,Service Coördinator,Den Haag,2026-09-22,klantcontact,nee,https://nl.linkedin.com/jobs/view/service-co%C3%B6rdinator-at-continu-professionals-4469013370,https://nl.linkedin.com/company/continu,4469013370
Continu Professionals,Inside Sales Medewerker,Waalre,2026-09-22,klantcontact,nee,https://nl.linkedin.com/jobs/view/inside-sales-medewerker-at-continu-professionals-4469001498,https://nl.linkedin.com/company/continu,4469001498
Conversion Crew,Vacature: Junior HubSpot Consultant,Rotterdam,2026-08-05,customer journey specialist,nee,https://nl.linkedin.com/jobs/view/vacature-junior-hubspot-consultant-at-conversion-crew-4449684050,https://nl.linkedin.com/company/conversion-crew,4449684050
Cooder,Team Lead MVC &amp; Web Forms (.NET Framework) | ImpactBuying,Alkmaar,2026-09-02,webcare,nee,https://nl.linkedin.com/jobs/view/team-lead-mvc-web-forms-net-framework-impactbuying-at-cooder-4452338841,https://nl.linkedin.com/company/cooderjobs,4452338841
Coolblue,Systeembeheerder,Tilburg,2026-06-04,webcare,nee,https://nl.linkedin.com/jobs/view/systeembeheerder-at-coolblue-4423514162,https://nl.linkedin.com/company/coolblue,4423514162
Coolblue,Commercial Product Manager,Rotterdam,2026-06-04,brand manager webshop,nee,https://nl.linkedin.com/jobs/view/commercial-product-manager-at-coolblue-4423398855,https://nl.linkedin.com/company/coolblue,4423398855
Coolblue,Identity and Access Developer,Rotterdam,2026-06-05,webcare,nee,https://nl.linkedin.com/jobs/view/identity-and-access-developer-at-coolblue-4424173657,https://nl.linkedin.com/company/coolblue,4424173657
Coolblue,Identity and Access Developer,Rotterdam,2026-06-05,webcare,nee,https://nl.linkedin.com/jobs/view/identity-and-access-developer-at-coolblue-4424165728,https://nl.linkedin.com/company/coolblue,4424165728
Coolblue,Junior Commercial Product Manager,Rotterdam,2026-07-01,brand manager webshop,nee,https://nl.linkedin.com/jobs/view/junior-commercial-product-manager-at-coolblue-4435378918,https://nl.linkedin.com/company/coolblue,4435378918
Coolblue,IT Support Medewerker,Rotterdam,2026-07-15,webcare,nee,https://nl.linkedin.com/jobs/view/it-support-medewerker-at-coolblue-4440904195,https://nl.linkedin.com/company/coolblue,4440904195
Coolblue,Specialist mobiele oplossingen,Rotterdam,2026-08-22,klantcontact,nee,https://nl.linkedin.com/jobs/view/specialist-mobiele-oplossingen-at-coolblue-4457553805,https://nl.linkedin.com/company/coolblue,4457553805
Coolblue,Online Marketeer,Rotterdam,2026-08-26,customer journey specialist,nee,https://nl.linkedin.com/jobs/view/online-marketeer-at-coolblue-4459156879,https://nl.linkedin.com/company/coolblue,4459156879
Coolblue,Marketing Data Specialist,Rotterdam,2026-09-11,customer journey specialist,nee,https://nl.linkedin.com/jobs/view/marketing-data-specialist-at-coolblue-4419955165,https://nl.linkedin.com/company/coolblue,4419955165
Coolblue,Customer Journey Specialist,Rotterdam,2026-09-17,customer journey specialist,nee,https://nl.linkedin.com/jobs/view/customer-journey-specialist-at-coolblue-4467155863,https://nl.linkedin.com/company/coolblue,4467155863
Coolblue,Junior Online Marketeer,Rotterdam,2026-09-17,webcare,nee,https://nl.linkedin.com/jobs/view/junior-online-marketeer-at-coolblue-4394656350,https://nl.linkedin.com/company/coolblue,4394656350
Coolblue,Teamleider Klantenservice Duitstalig,Rotterdam,2026-09-18,klantcontact,nee,https://nl.linkedin.com/jobs/view/teamleider-klantenservice-duitstalig-at-coolblue-4469130427,https://nl.linkedin.com/company/coolblue,4469130427
Coolblue,Junior accountmanager binnendienst,Rotterdam,2026-09-19,klantcontact,nee,https://nl.linkedin.com/jobs/view/junior-accountmanager-binnendienst-at-coolblue-4469519126,https://nl.linkedin.com/company/coolblue,4469519126
Coolblue,Senior Front-End React/Next.js Developer,Rotterdam,2026-09-22,webcare,nee,https://nl.linkedin.com/jobs/view/senior-front-end-react-next-js-developer-at-coolblue-4470237633,https://nl.linkedin.com/company/coolblue,4470237633
Cooler Master,Warehouse Operator,Eindhoven,2026-08-27,e-fulfilment medewerker,nee,https://nl.linkedin.com/jobs/view/warehouse-operator-at-cooler-master-4459914339,https://tw.linkedin.com/company/coolermaster,4459914339
Coolmark B.V.,Medewerker projectondersteuning,Barendrecht,2026-09-07,klantcontact,nee,https://nl.linkedin.com/jobs/view/medewerker-projectondersteuning-at-coolmark-b-v-4464311259,https://nl.linkedin.com/company/coolmark-bv,4464311259
CoolSafety,Brand Marketeer,Leusden,2026-09-22,brand manager webshop,nee,https://nl.linkedin.com/jobs/view/brand-marketeer-at-coolsafety-4470280362,https://nl.linkedin.com/company/coolsafety,4470280362
CoperniCare,Manager Software development &amp; technology,Hoofddorp,2026-09-13,webcare,nee,https://nl.linkedin.com/jobs/view/manager-software-development-technology-at-copernicare-4465463938,https://nl.linkedin.com/company/copernicare,4465463938
Cordeel Nederland,Frontoffice Medewerker,Zwijndrecht,2026-09-21,klantcontact,nee,https://nl.linkedin.com/jobs/view/frontoffice-medewerker-at-cordeel-nederland-4469855164,https://nl.linkedin.com/company/cordeel-nederland,4469855164
Core Laboratories,Account Manager,Botlek,2026-06-04,klantcontact,nee,https://nl.linkedin.com/jobs/view/account-manager-at-core-laboratories-4424468029,https://www.linkedin.com/company/core-laboratories,4424468029
COREcruitment Ltd,Front Office Manager,Rotterdam,2026-09-15,klantcontact,nee,https://nl.linkedin.com/jobs/view/front-office-manager-at-corecruitment-ltd-4467725706,https://uk.linkedin.com/company/corecruitment-ltd,4467725706
CoSal Recruitment,Logistiek,Tiel,2026-09-21,e-fulfilment medewerker,nee,https://nl.linkedin.com/jobs/view/logistiek-at-cosal-recruitment-4467372781,https://nl.linkedin.com/company/cosal-recruitment,4467372781
Cotton Club,Verkoopmedewerker,Alkmaar,2026-09-14,klantcontact,nee,https://nl.linkedin.com/jobs/view/verkoopmedewerker-at-cotton-club-4456871427,https://nl.linkedin.com/company/cottonclub,4456871427
Cotton Club,Verkoopmedewerker,Leidschendam,2026-09-14,klantcontact,nee,https://nl.linkedin.com/jobs/view/verkoopmedewerker-at-cotton-club-4320692344,https://nl.linkedin.com/company/cottonclub,4320692344
Cotton Club,Verkoopmedewerker,Harderwijk,2026-09-14,klantcontact,nee,https://nl.linkedin.com/jobs/view/verkoopmedewerker-at-cotton-club-4459792225,https://nl.linkedin.com/company/cottonclub,4459792225
Cotton Club,Verkoopmedewerker,Heerlen,2026-09-14,klantcontact,nee,https://nl.linkedin.com/jobs/view/verkoopmedewerker-at-cotton-club-4450301644,https://nl.linkedin.com/company/cottonclub,4450301644
Cotton Club,Verkoopmedewerker,Amsterdam Area,2026-09-14,klantcontact,nee,https://nl.linkedin.com/jobs/view/verkoopmedewerker-at-cotton-club-4456011538,https://nl.linkedin.com/company/cottonclub,4456011538
Cotton Club,Verkoopmedewerker,Apeldoorn,2026-09-14,klantcontact,nee,https://nl.linkedin.com/jobs/view/verkoopmedewerker-at-cotton-club-4458641987,https://nl.linkedin.com/company/cottonclub,4458641987
Cotton Club,Verkoopmedewerker,Nieuwegein,2026-09-14,klantcontact,nee,https://nl.linkedin.com/jobs/view/verkoopmedewerker-at-cotton-club-4399161298,https://nl.linkedin.com/company/cottonclub,4399161298
Cotton Club,Verkoopmedewerker,Maastricht,2026-09-14,klantcontact,nee,https://nl.linkedin.com/jobs/view/verkoopmedewerker-at-cotton-club-4459782392,https://nl.linkedin.com/company/cottonclub,4459782392
Cotton Club,Verkoopmedewerker,Zutphen,2026-09-14,klantcontact,nee,https://nl.linkedin.com/jobs/view/verkoopmedewerker-at-cotton-club-4462934617,https://nl.linkedin.com/company/cottonclub,4462934617
Cotton Club,Verkoopmedewerker,Venlo,2026-09-14,klantcontact,nee,https://nl.linkedin.com/jobs/view/verkoopmedewerker-at-cotton-club-4458649280,https://nl.linkedin.com/company/cottonclub,4458649280
Cotton Club,Verkoopmedewerker,Sneek,2026-09-18,klantcontact,nee,https://nl.linkedin.com/jobs/view/verkoopmedewerker-at-cotton-club-4467859252,https://nl.linkedin.com/company/cottonclub,4467859252
Cotton Club,Verkoopmedewerker,Hoofddorp,2026-09-18,klantcontact,nee,https://nl.linkedin.com/jobs/view/verkoopmedewerker-at-cotton-club-4467860206,https://nl.linkedin.com/company/cottonclub,4467860206
CoverGo | Insurtech,Health Insurance Subject Matter Expert (Fully Remote),Eindhoven,2026-04-14,webcare,nee,https://nl.linkedin.com/jobs/view/health-insurance-subject-matter-expert-fully-remote-at-covergo-insurtech-4401571834,https://sg.linkedin.com/company/covergo,4401571834
CoverGo | Insurtech,Health Insurance Subject Matter Expert (Fully Remote),Amsterdam,2026-04-14,webcare,nee,https://nl.linkedin.com/jobs/view/health-insurance-subject-matter-expert-fully-remote-at-covergo-insurtech-4401583290,https://sg.linkedin.com/company/covergo,4401583290
CoverGo | Insurtech,Health Insurance Subject Matter Expert (Fully Remote),Utrecht,2026-04-14,webcare,nee,https://nl.linkedin.com/jobs/view/health-insurance-subject-matter-expert-fully-remote-at-covergo-insurtech-4401574758,https://sg.linkedin.com/company/covergo,4401574758
Covetrus,SAP EWM Lead,Cuijk,2026-09-11,retourverwerking,nee,https://nl.linkedin.com/jobs/view/sap-ewm-lead-at-covetrus-4454116634,https://www.linkedin.com/company/covetrus,4454116634
Covetrus,Teamleader Warehouse,Cuijk,2026-09-16,retourverwerking,nee,https://nl.linkedin.com/jobs/view/teamleader-warehouse-at-covetrus-4457247149,https://www.linkedin.com/company/covetrus,4457247149
CowManager,Productmanager App &amp; Web,Harmelen,2026-06-12,webcare,nee,https://nl.linkedin.com/jobs/view/productmanager-app-web-at-cowmanager-4424887178,https://nl.linkedin.com/company/cowmanager-bv,4424887178
CowManager,Senior Frontend Developer,Harmelen,2026-07-28,webcare,nee,https://nl.linkedin.com/jobs/view/senior-frontend-developer-at-cowmanager-4445721094,https://nl.linkedin.com/company/cowmanager-bv,4445721094
CowManager,Productmanager App &amp; Web,"Utrecht, Nederland",2026-09-18,webcare,nee,https://nl.linkedin.com/jobs/view/productmanager-app-web-at-cowmanager-4467839242,https://nl.linkedin.com/company/cowmanager-bv,4467839242
CowManager,Senior Frontend Developer,Harmelen,2026-09-22,webcare,nee,https://nl.linkedin.com/jobs/view/senior-frontend-developer-at-cowmanager-4457927144,https://nl.linkedin.com/company/cowmanager-bv,4457927144
Coöperatie VGZ,Senior Software Developer,Arnhem,2026-09-04,webcare,nee,https://nl.linkedin.com/jobs/view/senior-software-developer-at-co%C3%B6peratie-vgz-4463391038,https://nl.linkedin.com/company/cooperatievgz,4463391038
Coöperatie VGZ,IT Security Officer,Arnhem,2026-09-10,webcare,nee,https://nl.linkedin.com/jobs/view/it-security-officer-at-co%C3%B6peratie-vgz-4465690606,https://nl.linkedin.com/company/cooperatievgz,4465690606
CPE Nederland,Accountmanager,Amsterdam-Noord,2026-09-09,klantcontact,nee,https://nl.linkedin.com/jobs/view/accountmanager-at-cpe-nederland-4465011451,https://nl.linkedin.com/company/cpe-nederland,4465011451
Craftr,Relatiebeheerder,"Gelderland, Nederland",2026-09-15,klantcontact,nee,https://nl.linkedin.com/jobs/view/relatiebeheerder-at-craftr-4467723241,https://nl.linkedin.com/company/craftrbv,4467723241
Craftr,Business Analist,Wageningen,2026-09-15,webcare,nee,https://nl.linkedin.com/jobs/view/business-analist-at-craftr-4467722348,https://nl.linkedin.com/company/craftrbv,4467722348
CROW,Projectmanager RAW-contractsystematiek,Ede,2026-09-14,retourverwerking,nee,https://nl.linkedin.com/jobs/view/projectmanager-raw-contractsystematiek-at-crow-4467219550,https://nl.linkedin.com/company/crow,4467219550
Culligan Nederland,Inside Sales | New Business | Vast salaris + Ongelimiteerde target bonus (40 uur),"Zuid-Holland, Nederland",2026-09-01,online sales medewerker,nee,https://nl.linkedin.com/jobs/view/inside-sales-new-business-vast-salaris-%2B-ongelimiteerde-target-bonus-40-uur-at-culligan-nederland-4436803103,https://nl.linkedin.com/company/culligannederland,4436803103
Culture Kings,Schadebehandelaar Zakelijk,Amsterdam,2026-06-12,klantcontact,nee,https://nl.linkedin.com/jobs/view/schadebehandelaar-zakelijk-at-culture-kings-4427993913,https://au.linkedin.com/company/culture-kings,4427993913
Curran,Commercieel Medewerker Binnendienst,Twello,2026-08-11,klantcontact,nee,https://nl.linkedin.com/jobs/view/commercieel-medewerker-binnendienst-at-curran-4452438756,https://www.linkedin.com/company/curran,4452438756
CWS Cleanrooms,Expeditie medewerker,Eindhoven Area,2026-08-28,e-fulfilment medewerker,nee,https://nl.linkedin.com/jobs/view/expeditie-medewerker-at-cws-cleanrooms-4460311362,https://de.linkedin.com/company/cws-cleanrooms,4460311362
CWS Cleanrooms,Expeditie medewerker,Eindhoven,2026-08-28,e-fulfilment medewerker,nee,https://nl.linkedin.com/jobs/view/expeditie-medewerker-at-cws-cleanrooms-4458085821,https://de.linkedin.com/company/cws-cleanrooms,4458085821
Cyklop Nederland,Accountmanager Binnendienst,Zwolle,2026-05-29,klantcontact,nee,https://nl.linkedin.com/jobs/view/accountmanager-binnendienst-at-cyklop-nederland-4420950385,https://nl.linkedin.com/company/cyklop-nederland,4420950385
Cyklop Nederland,IT/APPLICATIEBEHEERDER,Zwolle,2026-08-15,klantcontact,nee,https://nl.linkedin.com/jobs/view/it-applicatiebeheerder-at-cyklop-nederland-4455128139,https://nl.linkedin.com/company/cyklop-nederland,4455128139
CZ,Platform Engineer,Tilburg,2026-09-04,webcare,nee,https://nl.linkedin.com/jobs/view/platform-engineer-at-cz-4453139976,https://nl.linkedin.com/company/cz,4453139976
D-TEC Products,Logistiek Medewerker,Kesteren,2026-08-17,e-fulfilment medewerker,nee,https://nl.linkedin.com/jobs/view/logistiek-medewerker-at-d-tec-products-4454276234,https://nl.linkedin.com/company/d-tecproducts,4454276234
DartCounter,Junior Software Developer,Zutphen,2026-09-18,webcare,nee,https://nl.linkedin.com/jobs/view/junior-software-developer-at-dartcounter-4469135255,https://nl.linkedin.com/company/dartcounter,4469135255
DB Keukens,Marketing Manager,Nunspeet,2026-09-08,brand manager webshop,nee,https://nl.linkedin.com/jobs/view/marketing-manager-at-db-keukengroep-4463521162,https://nl.linkedin.com/company/db-keukens,4463521162
de Bijenkorf,Medewerker Logistiek,Amstelveen,2026-09-05,e-fulfilment medewerker,nee,https://nl.linkedin.com/jobs/view/medewerker-logistiek-at-de-bijenkorf-4392944770,https://nl.linkedin.com/company/de-bijenkorf,4392944770
de Bijenkorf,Medewerker Logistiek,Utrecht,2026-09-14,e-fulfilment medewerker,nee,https://nl.linkedin.com/jobs/view/medewerker-logistiek-at-de-bijenkorf-4390871654,https://nl.linkedin.com/company/de-bijenkorf,4390871654
de Code,Communicatiespecialist,s-Hertogenbosch Area,2026-08-10,klantcontact,nee,https://nl.linkedin.com/jobs/view/communicatiespecialist-at-reclamebureau-de-code-4451548222,https://nl.linkedin.com/company/de-code-bureau,4451548222
De Jong &amp; Partners Venlo B.V.,Supply Chain Coordinator,Venlo,2026-09-08,voorraadbeheer webshop,nee,https://nl.linkedin.com/jobs/view/supply-chain-coordinator-at-de-jong-partners-venlo-b-v-4464470082,https://nl.linkedin.com/company/dejongenpartners.com,4464470082
De Koffiejongens,Performance Marketing &amp; Data Specialist,Amsterdam Area,2026-06-22,brand manager webshop,nee,https://nl.linkedin.com/jobs/view/performance-marketing-data-specialist-at-de-koffiejongens-4431711553,https://nl.linkedin.com/company/de-koffiejongens,4431711553
De Koning Vlees,Logistiek medewerker,Zwijndrecht,2026-09-14,e-fulfilment medewerker,nee,https://nl.linkedin.com/jobs/view/logistiek-medewerker-at-de-koning-vlees-b-v-4465230261,https://www.linkedin.com/company/de-koning-vlees-b.v.,4465230261
De Monnik Dranken,(Junior) Brand Manager Spirits,Oldenzaal,2026-07-28,brand manager webshop,nee,https://nl.linkedin.com/jobs/view/junior-brand-manager-spirits-at-de-monnik-dranken-4446197209,https://nl.linkedin.com/company/de-monnik-dranken,4446197209
De Variabele,Asbestverwijderaar,Nijmegen,2026-09-04,retourverwerking,nee,https://nl.linkedin.com/jobs/view/asbestverwijderaar-at-de-variabele-4415921427,https://nl.linkedin.com/company/de-variabele,4415921427
De Wereld van Vermaat,Marketing manager,"Utrecht, Nederland",2026-09-15,brand manager webshop,nee,https://nl.linkedin.com/jobs/view/marketing-manager-at-de-wereld-van-vermaat-4467728087,https://nl.linkedin.com/company/wereldvanvermaat,4467728087
Decent,CRM Specialist,Amsterdam,2026-08-26,customer journey specialist,nee,https://nl.linkedin.com/jobs/view/crm-specialist-at-decent-4457914490,https://nl.linkedin.com/company/decentrecruitment,4457914490
Decent,Head of creative (Performance),Vianen,2026-08-31,brand manager webshop,nee,https://nl.linkedin.com/jobs/view/head-of-creative-performance-at-decent-4459782252,https://nl.linkedin.com/company/decentrecruitment,4459782252
Decent,Head of Social,Soesterberg,2026-09-08,brand manager webshop,nee,https://nl.linkedin.com/jobs/view/head-of-social-at-decent-4463272068,https://nl.linkedin.com/company/decentrecruitment,4463272068
DeepHealth,Technical Services Engineer - Italian Speaking,Amsterdam,2026-06-24,webcare,nee,https://nl.linkedin.com/jobs/view/technical-services-engineer-italian-speaking-at-deephealth-4432580714,https://www.linkedin.com/company/deephealthai,4432580714
DeepHealth,Technical Services Engineer - Spanish Speaking,Amsterdam,2026-06-24,webcare,nee,https://nl.linkedin.com/jobs/view/technical-services-engineer-spanish-speaking-at-deephealth-4432576725,https://www.linkedin.com/company/deephealthai,4432576725
DeepHealth,Information Security Specialist,Nederland,2026-07-16,webcare,nee,https://nl.linkedin.com/jobs/view/information-security-specialist-at-deephealth-4451854840,https://www.linkedin.com/company/deephealthai,4451854840
DeepHealth,Director of Data Governance,Nederland,2026-09-14,webcare,nee,https://nl.linkedin.com/jobs/view/director-of-data-governance-at-deephealth-4467076509,https://www.linkedin.com/company/deephealthai,4467076509
DeepHealth,Technical Project Coordinator,Nederland,2026-09-21,webcare,nee,https://nl.linkedin.com/jobs/view/technical-project-coordinator-at-deephealth-4470454357,https://www.linkedin.com/company/deephealthai,4470454357
DEKRA Nederland,Online autoverkoper B2B,Alkmaar,2026-09-08,online sales medewerker,nee,https://nl.linkedin.com/jobs/view/online-autoverkoper-b2b-at-dekra-nederland-4464467071,https://nl.linkedin.com/company/dekra-nederland,4464467071
Deloitte,Consultant Sales and Service Transformation,Amsterdam,2026-09-02,customer journey specialist,nee,https://nl.linkedin.com/jobs/view/consultant-sales-and-service-transformation-at-deloitte-4459964937,https://www.linkedin.com/company/deloitte,4459964937
Dewulf,Material planning lead,Winsum,2026-08-25,voorraadbeheer webshop,nee,https://nl.linkedin.com/jobs/view/material-planning-lead-at-dewulf-4458739683,https://be.linkedin.com/company/dewulf-nv,4458739683
Digital Silk - Growing Brands Online,Digital Strategist,Nederland,2026-08-31,brand manager webshop,nee,https://nl.linkedin.com/jobs/view/digital-strategist-at-digital-silk-growing-brands-online-4455272672,https://www.linkedin.com/company/digitalsilk,4455272672
Digital Survival Company,Medior Modern Workplace Engineer,Nieuwegein,2026-09-10,webcare,nee,https://nl.linkedin.com/jobs/view/medior-modern-workplace-engineer-at-digital-survival-company-4465644348,https://nl.linkedin.com/company/digital-survival-company,4465644348
Digital Survival Company,Support Engineer,Nieuwegein,2026-09-10,webcare,nee,https://nl.linkedin.com/jobs/view/support-engineer-at-digital-survival-company-4465641362,https://nl.linkedin.com/company/digital-survival-company,4465641362
DISC Boulevard,Inbound Marketing &amp; Automation Specialist,Velp,2026-08-26,customer journey specialist,nee,https://nl.linkedin.com/jobs/view/inbound-marketing-automation-specialist-at-disc-boulevard-4459140257,https://nl.linkedin.com/company/discboulevard,4459140257
Distripack Pharma B.V.,"Associate Operator, Warehouse Operations",Alkmaar,2026-08-17,e-fulfilment medewerker,nee,,,4452238548
Doczero,Full Stack Developer,Veghel,2026-09-21,webcare,nee,https://nl.linkedin.com/jobs/view/full-stack-developer-at-doczero-4469865358,https://nl.linkedin.com/company/doczero,4469865358
Dometic,Customer Service - Tents,Oosterhout,2026-09-01,online sales medewerker,nee,https://nl.linkedin.com/jobs/view/customer-service-tents-at-dometic-4429977053,https://se.linkedin.com/company/dometic-group,4429977053
Dorel Juvenile,Meewerkend Voorman,Helmond,2026-09-18,voorraadbeheer webshop,nee,https://nl.linkedin.com/jobs/view/meewerkend-voorman-at-dorel-juvenile-4466699122,https://ca.linkedin.com/company/dorel-juvenile,4466699122
Dortmans International B.V.,Commercieel medewerker binnendienst,Erp,2026-09-14,online sales medewerker,nee,https://nl.linkedin.com/jobs/view/commercieel-medewerker-binnendienst-at-dortmans-international-b-v-4467095148,https://nl.linkedin.com/company/dortmans-international-b-v,4467095148
DotControl,Technical Architect / Senior Fullstack Developer,Rotterdam,2025-10-30,webcare,nee,https://nl.linkedin.com/jobs/view/technical-architect-senior-fullstack-developer-at-dotcontrol-4324776117,https://nl.linkedin.com/company/dotcontrol,4324776117
Drukwerkdeal,Strategisch Marketeer (Product &amp; Customer),Deventer,2026-09-15,brand manager webshop,nee,https://nl.linkedin.com/jobs/view/strategisch-marketeer-product-customer-at-drukwerkdeal-4430953131,https://nl.linkedin.com/company/drukwerkdeal,4430953131
Drunens Ruiterhuis,Allround Klantenservice &amp; Administratie medewerker bij Drunens Ruiterhuis - fulltime,Drunen,2026-09-22,online sales medewerker,nee,https://nl.linkedin.com/jobs/view/allround-klantenservice-administratie-medewerker-bij-drunens-ruiterhuis-fulltime-at-drunens-ruiterhuis-4470418764,https://nl.linkedin.com/company/drunens-ruiterhuis,4470418764
DSW Zorgverzekeraar,Scrummaster,Schiedam,2026-09-14,webcare,nee,https://nl.linkedin.com/jobs/view/scrummaster-at-dsw-zorgverzekeraar-4464781635,https://nl.linkedin.com/company/dsw-zorgverzekeraar,4464781635
DTC Elektro B.V.,Commercieel Medewerker Binnendienst,Breda,2026-09-21,online sales medewerker,nee,https://nl.linkedin.com/jobs/view/commercieel-medewerker-binnendienst-at-dtc-elektro-4469832913,https://nl.linkedin.com/company/dtc-elektro,4469832913
Duijndam Machines,Inside Sales Medewerker – Duitstalig,Nieuwerkerk aan den IJssel,2026-08-26,online sales medewerker,nee,https://nl.linkedin.com/jobs/view/inside-sales-medewerker-%E2%80%93-duitstalig-at-duijndam-machines-4459307053,https://nl.linkedin.com/company/duijndam-machines-bv,4459307053
Dura Vermeer,Uitvoerder Renovatie,Groningen,2026-09-04,retourverwerking,nee,https://nl.linkedin.com/jobs/view/uitvoerder-renovatie-at-dura-vermeer-4352281009,https://nl.linkedin.com/company/dura-vermeer,4352281009
Dura Vermeer,Werkvoorbereider/Calculator Renovatie,Groningen,2026-09-08,retourverwerking,nee,https://nl.linkedin.com/jobs/view/werkvoorbereider-calculator-renovatie-at-dura-vermeer-4452259625,https://nl.linkedin.com/company/dura-vermeer,4452259625
Dura Vermeer,Werkplaatsmedewerker,Aalten,2026-09-11,retourverwerking,nee,https://nl.linkedin.com/jobs/view/werkplaatsmedewerker-at-dura-vermeer-4427367102,https://nl.linkedin.com/company/dura-vermeer,4427367102
Dura Vermeer,Magazijnchef,Aalten,2026-09-14,retourverwerking,nee,https://nl.linkedin.com/jobs/view/magazijnchef-at-dura-vermeer-4465207974,https://nl.linkedin.com/company/dura-vermeer,4465207974
Dusart,Verpakkingsmedewerker,Katwijk,2026-03-10,packaging medewerker webshop,nee,https://nl.linkedin.com/jobs/view/verpakkingsmedewerker-at-dusart-4387615125,https://nl.linkedin.com/company/dusart-b-v,4387615125
Dustin,Inside Sales,Leiden,2026-09-02,online sales medewerker,nee,https://nl.linkedin.com/jobs/view/inside-sales-at-dustin-4452499464,https://se.linkedin.com/company/dustin-ab,4452499464
Dwelly,CRM &amp; Email Marketing Manager,Nederland,2026-08-15,customer journey specialist,nee,https://nl.linkedin.com/jobs/view/crm-email-marketing-manager-at-dwelly-4465316586,https://uk.linkedin.com/company/dwellygroup,4465316586
Dyna Dental Engineering B.V.,Verkoopmedewerker,Halsteren,2026-09-08,online sales medewerker,nee,https://nl.linkedin.com/jobs/view/verkoopmedewerker-at-dyna-dental-engineering-b-v-543251917,https://nl.linkedin.com/company/dyna-dental-engineering-bv,543251917
Dynamic People B.V. | Amsterdam | The Netherlands,Microsoft Dynamics 365 CE consultant,Amsterdam,2026-09-21,customer journey specialist,nee,https://nl.linkedin.com/jobs/view/microsoft-dynamics-365-ce-consultant-at-dynamic-people-4468497789,https://nl.linkedin.com/company/dynamic-people-b.v.,4468497789
Dyson,"Associate Product Adoption Manager, E-Commerce",Amsterdam,2026-09-17,customer journey specialist,nee,https://nl.linkedin.com/jobs/view/associate-product-adoption-manager-e-commerce-at-dyson-4468646934,https://sg.linkedin.com/company/dyson,4468646934
eCom Profits,Sales Development Representative (SDR) Sales Development Representative (SDR),Nederland,2026-08-25,online sales medewerker,nee,https://nl.linkedin.com/jobs/view/sales-development-representative-sdr-sales-development-representative-sdr-at-ecom-profits-4456586097,https://nl.linkedin.com/company/ecom-profits,4456586097
EDCO Eindhoven BV,Inside Sales Representative,Eindhoven,2026-09-04,online sales medewerker,nee,https://nl.linkedin.com/jobs/view/inside-sales-representative-at-edco-eindhoven-bv-4443147283,https://nl.linkedin.com/company/edco-eindhoven-bv,4443147283
EDCO Eindhoven BV,Brand Manager,Eindhoven,2026-09-18,brand manager webshop,nee,https://nl.linkedin.com/jobs/view/brand-manager-at-edco-eindhoven-bv-4458668410,https://nl.linkedin.com/company/edco-eindhoven-bv,4458668410
Edelman BV,Magazijn Medewerker,Dinxperlo,2026-08-12,magazijnmedewerker webshop,nee,https://nl.linkedin.com/jobs/view/magazijn-medewerker-at-edelman-bv-4443115335,https://nl.linkedin.com/company/edelman-bv,4443115335
EerstelijnsZorg Zoetermeer,Werkplekbeheerder ICT,Zoetermeer,2026-08-21,webcare,nee,https://nl.linkedin.com/jobs/view/werkplekbeheerder-ict-at-eerstelijnszorg-zoetermeer-4454629211,https://nl.linkedin.com/company/eerstelijnszorg-zoetermeer,4454629211
Effecty.nl,UX/CRO Specialist,Horst,2026-06-16,customer journey specialist,nee,https://nl.linkedin.com/jobs/view/ux-cro-specialist-at-effecty-nl-4429239623,https://nl.linkedin.com/company/effecty-nl,4429239623
efficy Group,Onboarding Specialist (Dutch speaker),Utrecht,2026-09-21,customer journey specialist,nee,https://nl.linkedin.com/jobs/view/onboarding-specialist-dutch-speaker-at-efficy-group-4452435522,https://be.linkedin.com/company/efficy-group,4452435522
Ekco,Project Manager,Veenendaal,2026-04-17,webcare,nee,https://nl.linkedin.com/jobs/view/project-manager-at-ekco-4403534336,https://ie.linkedin.com/company/ekco-it,4403534336
Ekco,Field Engineer,Veenendaal,2026-09-17,webcare,nee,https://nl.linkedin.com/jobs/view/field-engineer-at-ekco-4468837465,https://ie.linkedin.com/company/ekco-it,4468837465
Electro World,Verkoopmedewerker,Vught,2026-08-25,medewerker webshop,nee,https://nl.linkedin.com/jobs/view/verkoopmedewerker-at-electro-world-4458764109,https://www.linkedin.com/showcase/electro-worldnl/,4458764109
Elektramat B.V.,Magazijn Medewerker,Almelo,2026-03-14,magazijnmedewerker webshop,nee,https://nl.linkedin.com/jobs/view/magazijn-medewerker-at-elektramat-b-v-4385580632,https://nl.linkedin.com/company/elektramat,4385580632
Elektramat B.V.,Digital Proposition / Customer Journey Specialist,Enschede en omgeving,2026-06-16,customer journey specialist,nee,https://nl.linkedin.com/jobs/view/digital-proposition-customer-journey-specialist-at-elektramat-b-v-4426842069,https://nl.linkedin.com/company/elektramat,4426842069
Elevate Digital,CRM &amp; Marketing Automation Specialist,Utrecht,2026-09-10,customer journey specialist,nee,https://nl.linkedin.com/jobs/view/crm-marketing-automation-specialist-at-elevate-digital-4465633057,https://nl.linkedin.com/company/elevatedigitalnl,4465633057
ELIS,Expeditiemedewerker,Hardenberg,2026-09-17,e-fulfilment medewerker,nee,https://nl.linkedin.com/jobs/view/expeditiemedewerker-at-elis-4467998204,https://fr.linkedin.com/company/elis_2,4467998204
EMEA Recruitment,Plant Director,Eindhoven Area,2026-09-04,retourverwerking,nee,https://nl.linkedin.com/jobs/view/plant-director-at-emea-recruitment-4461119369,https://ch.linkedin.com/company/emea-recruitment-limited,4461119369
Emmi Bettine,Brand Manager,Etten-Leur,2026-09-01,brand manager webshop,nee,https://nl.linkedin.com/jobs/view/brand-manager-at-emmi-bettine-4460222961,https://nl.linkedin.com/company/emmi-bettine-bv,4460222961
Endeavour,HubSpot Consultant,Haarlem,2026-08-07,customer journey specialist,nee,https://nl.linkedin.com/jobs/view/hubspot-consultant-at-endeavour-4450077880,https://nl.linkedin.com/company/endeavour-agency,4450077880
Endeavour,CRM Consultant,Haarlem,2026-08-28,customer journey specialist,nee,https://nl.linkedin.com/jobs/view/crm-consultant-at-endeavour-4419693548,https://nl.linkedin.com/company/endeavour-agency,4419693548
Eneco,Business Analist Propositions &amp; CVM,Rotterdam,2026-09-02,customer journey specialist,nee,https://nl.linkedin.com/jobs/view/business-analist-propositions-cvm-at-eneco-4460959853,https://nl.linkedin.com/company/eneco,4460959853
Energreen Nederland,Inside Sales Account Manager Solar,Nederland,2026-07-10,online sales medewerker,nee,https://nl.linkedin.com/jobs/view/inside-sales-account-manager-solar-at-energreen-nederland-4439097704,https://nl.linkedin.com/company/energreen-nl,4439097704
Erasmus Universiteit Rotterdam,Business Line Marketeer,Rotterdam,2026-09-21,customer journey specialist,nee,https://nl.linkedin.com/jobs/view/business-line-marketeer-at-erasmus-university-rotterdam-4469945384,https://nl.linkedin.com/school/erasmus-university-rotterdam/,4469945384
ErasmusTalent,Consultant Dynamics 365,"Utrecht, Nederland",2026-09-22,customer journey specialist,nee,https://nl.linkedin.com/jobs/view/consultant-dynamics-365-at-erasmustalent-4470283171,https://nl.linkedin.com/company/erasmustalent,4470283171
ERIKS Netherlands,Inside Sales Representative General Sales,Alkmaar,2026-09-21,online sales medewerker,nee,https://nl.linkedin.com/jobs/view/inside-sales-representative-general-sales-at-eriks-netherlands-4469922968,https://nl.linkedin.com/company/eriks-nederland,4469922968
ERM,Consultant Site Investigation and Remediation - Netherlands,Utrecht,2026-05-27,retourverwerking,nee,https://nl.linkedin.com/jobs/view/consultant-site-investigation-and-remediation-netherlands-at-erm-4417212635,https://uk.linkedin.com/company/erm,4417212635
ERM,Junior Consultant Site Investigation and Remediation - Netherlands,Utrecht,2026-07-06,retourverwerking,nee,https://nl.linkedin.com/jobs/view/junior-consultant-site-investigation-and-remediation-netherlands-at-erm-4433954408,https://uk.linkedin.com/company/erm,4433954408
ERM,"Country Manager, Netherlands",Utrecht,2026-07-30,retourverwerking,nee,https://nl.linkedin.com/jobs/view/country-manager-netherlands-at-erm-4445035957,https://uk.linkedin.com/company/erm,4445035957
ERM,"Country Manager, Netherlands",Rotterdam,2026-07-31,retourverwerking,nee,https://nl.linkedin.com/jobs/view/country-manager-netherlands-at-erm-4445059469,https://uk.linkedin.com/company/erm,4445059469
ERP Factory,Odoo Sales Executive,Erp,2026-06-27,online sales medewerker,nee,https://nl.linkedin.com/jobs/view/odoo-sales-executive-at-erp-factory-4433473925,https://lb.linkedin.com/company/erpfactory,4433473925
Essense,Lead Customer Data Consultant,Amsterdam,2025-12-24,customer journey specialist,nee,https://nl.linkedin.com/jobs/view/lead-customer-data-consultant-at-essense-4329250410,https://nl.linkedin.com/company/essense-customer-centric-collaboration,4329250410
Essense,CX / Journey Management consultant,Amsterdam,2025-12-24,customer journey specialist,nee,https://nl.linkedin.com/jobs/view/cx-journey-management-consultant-at-essense-4329182493,https://nl.linkedin.com/company/essense-customer-centric-collaboration,4329182493
Essense,Business Analyst data-driven journey management,Amsterdam,2025-12-24,customer journey specialist,nee,https://nl.linkedin.com/jobs/view/business-analyst-data-driven-journey-management-at-essense-4328992954,https://nl.linkedin.com/company/essense-customer-centric-collaboration,4328992954
Essense,Business Analyst / data-driven journey management,Amsterdam,2026-08-31,customer journey specialist,nee,https://nl.linkedin.com/jobs/view/business-analyst-data-driven-journey-management-at-essense-4460066041,https://nl.linkedin.com/company/essense-customer-centric-collaboration,4460066041
Essent,Customer Interaction &amp; AI Specialist,'s-Hertogenbosch,2026-09-19,customer journey specialist,nee,https://nl.linkedin.com/jobs/view/customer-interaction-ai-specialist-at-essent-4458992488,https://nl.linkedin.com/company/essent,4458992488
Essity,Brand Manager Ortho/Compressie Benelux,Zeist,2026-09-08,brand manager webshop,nee,https://nl.linkedin.com/jobs/view/brand-manager-ortho-compressie-benelux-at-essity-4426417062,https://se.linkedin.com/company/essity,4426417062
Eswelt,BUSINESS ANALIST CRM (Dynamics 365 CE),"Noord-Holland, Nederland",2026-09-21,customer journey specialist,nee,https://nl.linkedin.com/jobs/view/business-analist-crm-dynamics-365-ce-at-eswelt-4468704609,https://nl.linkedin.com/company/eswelt,4468704609
ETC Nederland,Logistiek medewerker,Almelo,2026-09-09,e-fulfilment medewerker,nee,https://nl.linkedin.com/jobs/view/logistiek-medewerker-at-etc-nederland-4465066024,https://nl.linkedin.com/company/etcnederland,4465066024
EuroMouldings,Productiemedewerker 5-ploegen,Nijverdal,2025-04-14,packaging medewerker webshop,nee,https://nl.linkedin.com/jobs/view/productiemedewerker-5-ploegen-at-euromouldings-4209614897,https://nl.linkedin.com/company/euro-mouldings-bv,4209614897
EuroMouldings,Stickerlijn medewerker,Nijverdal,2026-03-20,packaging medewerker webshop,nee,https://nl.linkedin.com/jobs/view/stickerlijn-medewerker-at-euromouldings-4388555171,https://nl.linkedin.com/company/euro-mouldings-bv,4388555171
Eurosafe,Logistiek medewerker,Zwolle,2026-06-04,e-fulfilment medewerker,nee,https://nl.linkedin.com/jobs/view/logistiek-medewerker-at-eurosafe-4424353784,https://nl.linkedin.com/company/eurosafe-nl,4424353784
Everience Benelux,Senior Microsoft Dynamics 365 Customer Insights Consultant (m/w/d),Amsterdam,2026-05-27,customer journey specialist,nee,https://nl.linkedin.com/jobs/view/senior-microsoft-dynamics-365-customer-insights-consultant-m-w-d-at-everience-benelux-4417212739,https://be.linkedin.com/company/everience-benelux,4417212739
Evernex,Warehouse Operations Specialist - Uithoorn,Uithoorn,2026-09-17,retourverwerking,nee,https://nl.linkedin.com/jobs/view/warehouse-operations-specialist-uithoorn-at-evernex-4459342708,https://fr.linkedin.com/company/evernex,4459342708
Exact,Solution Marketeer/Go-to-market specialist,Delft,2026-08-19,customer journey specialist,nee,https://nl.linkedin.com/jobs/view/solution-marketeer-go-to-market-specialist-at-exact-4445923842,https://nl.linkedin.com/company/exact,4445923842
Exact,Inside sales Professional,Delft,2026-09-10,online sales medewerker,nee,https://nl.linkedin.com/jobs/view/inside-sales-professional-at-exact-4464534103,https://nl.linkedin.com/company/exact,4464534103
EyeCare Groep,Medior Microsoft 365 &amp; Azure Engineer,Naarden,2026-06-04,webcare,nee,https://nl.linkedin.com/jobs/view/medior-microsoft-365-azure-engineer-at-eyecare-groep-4417955426,https://nl.linkedin.com/company/eyecaregroep,4417955426
Fastenal Europe,Warehouse support (m/f/d),Almelo,2026-05-05,e-fulfilment medewerker,nee,https://nl.linkedin.com/jobs/view/warehouse-support-m-f-d-at-fastenal-europe-4410555780,https://nl.linkedin.com/company/fastenal-europe,4410555780
Fastenal Europe,Warehouse Support (m/f/d),Dordrecht,2026-08-12,e-fulfilment medewerker,nee,https://nl.linkedin.com/jobs/view/warehouse-support-m-f-d-at-fastenal-europe-4453105178,https://nl.linkedin.com/company/fastenal-europe,4453105178
FC Utrecht,CRM-specialist,"Utrecht, Nederland",2026-09-22,customer journey specialist,nee,https://nl.linkedin.com/jobs/view/crm-specialist-at-fc-utrecht-4440544992,https://nl.linkedin.com/company/fcutrecht,4440544992
FeedValid Polska,Junior Supply Chain Specialist,Zaltbommel,2026-08-27,voorraadbeheer webshop,nee,https://nl.linkedin.com/jobs/view/junior-supply-chain-specialist-at-feedvalid-polska-4458684611,https://pl.linkedin.com/company/feedvalid-polska,4458684611
Finest People,Groei Marketing Manager,Amsterdam,2026-09-01,customer journey specialist,nee,https://nl.linkedin.com/jobs/view/groei-marketing-manager-at-finest-people-4459528383,https://nl.linkedin.com/company/finest-people,4459528383
Fingerspitz,Marketing Automation Consultant,Breda,2026-03-16,customer journey specialist,nee,https://nl.linkedin.com/jobs/view/marketing-automation-consultant-at-fingerspitz-online-marketing-4386363166,https://nl.linkedin.com/company/fingerspitz,4386363166
Firma Reinders B.V.,Allround Magazijnmedewerker Hardenberg | 32-40 uur |,Hardenberg,2026-07-22,retourverwerking,nee,https://nl.linkedin.com/jobs/view/allround-magazijnmedewerker-hardenberg-32-40-uur-at-firma-reinders-b-v-4443405316,https://nl.linkedin.com/company/firmareinders,4443405316
Fixami,Category Manager (Senior),Tilburg,2026-08-05,brand manager webshop,nee,https://nl.linkedin.com/jobs/view/category-manager-senior-at-fixami-4448986017,https://nl.linkedin.com/company/fixami,4448986017
Flexolut,Warehouse employee,Hoofddorp,2026-08-05,e-fulfilment medewerker,nee,https://nl.linkedin.com/jobs/view/warehouse-employee-at-flexolut-4449123017,https://www.linkedin.com/company/flexolut,4449123017
Flextender,Relatiemanager,Eemnes,2026-09-21,klantcontact,nee,https://nl.linkedin.com/jobs/view/relatiemanager-at-flextender-4469892063,https://nl.linkedin.com/company/flextender,4469892063
Flink,Senior Marketing Manager (m/f/d),Amsterdam,2026-09-07,brand manager webshop,nee,https://nl.linkedin.com/jobs/view/senior-marketing-manager-m-f-d-at-flink-4451178381,https://de.linkedin.com/company/goflink,4451178381
Flink,Senior Marketing Manager (m/v/d),Amsterdam,2026-09-08,brand manager webshop,nee,https://nl.linkedin.com/jobs/view/senior-marketing-manager-m-v-d-at-flink-4451174456,https://de.linkedin.com/company/goflink,4451174456
Flink,Marketing Lead (m/f/d),Amsterdam,2026-09-10,brand manager webshop,nee,https://nl.linkedin.com/jobs/view/marketing-lead-m-f-d-at-flink-4455422859,https://de.linkedin.com/company/goflink,4455422859
Flink,(Marketing) Campaign Lead (m/f/d),Amsterdam,2026-09-10,brand manager webshop,nee,https://nl.linkedin.com/jobs/view/marketing-campaign-lead-m-f-d-at-flink-4455444314,https://de.linkedin.com/company/goflink,4455444314
Flink,Marketing Lead (m/v/d),Amsterdam,2026-09-10,brand manager webshop,nee,https://nl.linkedin.com/jobs/view/marketing-lead-m-v-d-at-flink-4455439784,https://de.linkedin.com/company/goflink,4455439784
Flitsmeister,CRM &amp; Lifecycle Marketeer,Veenendaal,2026-09-08,customer journey specialist,nee,https://nl.linkedin.com/jobs/view/crm-lifecycle-marketeer-at-flitsmeister-4463548647,https://nl.linkedin.com/company/flitsmeister,4463548647
Flowserve Corporation,Material handler-2,Etten-Leur,2026-09-11,e-fulfilment medewerker,nee,https://nl.linkedin.com/jobs/view/material-handler-2-at-flowserve-corporation-4466360477,https://www.linkedin.com/company/flowserve,4466360477
Follo - Dare to lead,Marketing Manager,Dongen,2026-09-17,brand manager webshop,nee,https://nl.linkedin.com/jobs/view/marketing-manager-at-follo-dare-to-lead-4467718267,https://nl.linkedin.com/company/folloagency,4467718267
Fortec Benelux B.V. | Nottrot,Inside sales Representative,Tilburg,2026-09-10,online sales medewerker,nee,https://nl.linkedin.com/jobs/view/inside-sales-representative-at-fortec-benelux-b-v-nottrot-4465627741,https://nl.linkedin.com/company/nottrot-bv,4465627741
Foxelli Group,Churn Specialist (subscription box; kniting and crochet) | DTC E-commerce,Amsterdam Area,2026-08-17,customer journey specialist,nee,https://nl.linkedin.com/jobs/view/churn-specialist-subscription-box-kniting-and-crochet-dtc-e-commerce-at-foxelli-group-4455282858,https://nl.linkedin.com/company/foxelli-group,4455282858
Foxelli Group,Assistant Brand Manager (crochet and knit brand) | DTC E-commerce | 100% Remote EU,Amsterdam Area,2026-09-04,brand manager webshop,nee,https://nl.linkedin.com/jobs/view/assistant-brand-manager-crochet-and-knit-brand-dtc-e-commerce-100%25-remote-eu-at-foxelli-group-4463642064,https://nl.linkedin.com/company/foxelli-group,4463642064
FritsJurgens,Product owner CRM and AI,Groningen en omgeving,2026-09-09,customer journey specialist,nee,https://nl.linkedin.com/jobs/view/product-owner-crm-and-ai-at-fritsjurgens-4428810067,https://nl.linkedin.com/company/fritsjurgens,4428810067
Fugro,Senior IT Business Analyst – CRM,Nootdorp,2026-09-12,customer journey specialist,nee,https://nl.linkedin.com/jobs/view/senior-it-business-analyst-%E2%80%93-crm-at-fugro-4456232397,https://nl.linkedin.com/company/fugro,4456232397
Funnelboost,Medior/senior e-mailmarketeer,Utrecht,2026-08-31,customer journey specialist,nee,https://nl.linkedin.com/jobs/view/medior-senior-e-mailmarketeer-at-funnelboost-4460000131,https://nl.linkedin.com/company/funnelboost-know-engage-convert,4460000131
Funnelboost,Campaign Developer,Utrecht,2026-08-31,customer journey specialist,nee,https://nl.linkedin.com/jobs/view/campaign-developer-at-funnelboost-4460000132,https://nl.linkedin.com/company/funnelboost-know-engage-convert,4460000132
Furore Conclusion,Junior EPD consultant,Amsterdam,2026-09-14,webcare,nee,https://nl.linkedin.com/jobs/view/junior-epd-consultant-at-furore-conclusion-4413625363,https://nl.linkedin.com/company/furore,4413625363
Fusion Worldwide,Shipping Specialist,Amsterdam,2026-09-07,e-fulfilment medewerker,nee,https://nl.linkedin.com/jobs/view/shipping-specialist-at-fusion-worldwide-4464318262,https://www.linkedin.com/company/fusion-worldwide,4464318262
Futurewhiz,Lead Marketing,Amsterdam,2026-09-11,brand manager webshop,nee,https://nl.linkedin.com/jobs/view/lead-marketing-at-futurewhiz-4466053531,https://nl.linkedin.com/company/futurewhiz,4466053531
Futurewhiz,Online Marketer,Amsterdam,2026-09-22,customer journey specialist,nee,https://nl.linkedin.com/jobs/view/online-marketer-at-futurewhiz-4470285488,https://nl.linkedin.com/company/futurewhiz,4470285488
G3P,Specjalista ds. sprzedaży produktów subskrypcyjnych,Amstelveen,2026-06-30,online sales medewerker,nee,https://nl.linkedin.com/jobs/view/specjalista-ds-sprzeda%C5%BCy-produkt%C3%B3w-subskrypcyjnych-at-g3p-4431564788,https://pl.linkedin.com/company/g3p-sp-zo-o,4431564788
G3P,Młodszy specjalista ds. procesu sprzedaży,Amstelveen,2026-06-30,online sales medewerker,nee,https://nl.linkedin.com/jobs/view/m%C5%82odszy-specjalista-ds-procesu-sprzeda%C5%BCy-at-g3p-4431575125,https://pl.linkedin.com/company/g3p-sp-zo-o,4431575125
Gabson,Marketing Manager (36-40 uur),Haarlem,2026-09-22,brand manager webshop,nee,https://nl.linkedin.com/jobs/view/marketing-manager-36-40-uur-at-gabson-4468580536,https://nl.linkedin.com/company/gabson-bv,4468580536
Gaston Schul | Customs &amp; Trade Control,Inside Sales Specialist / Commercieel Medewerker Binnendienst – Customs &amp; Logistics,Venlo,2026-08-14,online sales medewerker,nee,https://nl.linkedin.com/jobs/view/inside-sales-specialist-commercieel-medewerker-binnendienst-%E2%80%93-customs-logistics-at-gaston-schul-customs-trade-control-4451283146,https://nl.linkedin.com/company/gastonschul,4451283146
Gemeente Den Haag,Procesmanager Geo-objectbeheer,Den Haag,2026-09-21,retourverwerking,nee,https://nl.linkedin.com/jobs/view/procesmanager-geo-objectbeheer-at-gemeente-den-haag-4459788320,https://nl.linkedin.com/company/gemeente-den-haag,4459788320
Gemeente Den Haag,Medewerker Registratie,Den Haag,2026-09-22,retourverwerking,nee,https://nl.linkedin.com/jobs/view/medewerker-registratie-at-gemeente-den-haag-4468500948,https://nl.linkedin.com/company/gemeente-den-haag,4468500948
Gemeente Reimerswaal,Medewerker Groen,Reimerswaal,2026-08-31,retourverwerking,nee,https://nl.linkedin.com/jobs/view/medewerker-groen-at-gemeente-reimerswaal-4459779860,https://nl.linkedin.com/company/gemeente-reimerswaal,4459779860
Globus Medical,Shipping Clerk,Brunssum,2025-12-15,e-fulfilment medewerker,nee,https://nl.linkedin.com/jobs/view/shipping-clerk-at-globus-medical-4350321981,https://www.linkedin.com/company/globus-medical,4350321981
GO! Express &amp; Logistics,Commercieel Medewerker Binnendienst (32-40 uur),Veenendaal,2026-09-04,online sales medewerker,nee,https://nl.linkedin.com/jobs/view/commercieel-medewerker-binnendienst-32-40-uur-at-go%21-express-logistics-4463317734,https://de.linkedin.com/company/go-express-&amp;-logistics,4463317734
Goldbergh,CRM Marketeer,Hoofddorp,2026-06-23,customer journey specialist,nee,https://nl.linkedin.com/jobs/view/crm-marketeer-at-goldbergh-4431242707,https://nl.linkedin.com/company/goldbergh,4431242707
Goliath,Senior Games Brand Manager,Nederland,2026-07-23,brand manager webshop,nee,https://nl.linkedin.com/jobs/view/senior-games-brand-manager-at-goliath-4444468937,https://nl.linkedin.com/company/goliath-games,4444468937
Gradient,Growth Specialist HubSpot &amp; Automation (€3.500 en €4.500),Amsterdam,2026-09-07,customer journey specialist,nee,https://nl.linkedin.com/jobs/view/growth-specialist-hubspot-automation-%E2%82%AC3-500-en-%E2%82%AC4-500-at-gradient-4463380924,https://nl.linkedin.com/company/gradientb2bmarketing,4463380924
Greetz,Brand &amp; Campaign Marketer (Dutch &amp; English Speaking),Almere,2026-09-07,brand manager webshop,nee,https://nl.linkedin.com/jobs/view/brand-campaign-marketer-dutch-english-speaking-at-greetz-4453466063,https://nl.linkedin.com/company/greetz,4453466063
Groupe SEB,eActivation Manager,Veenendaal,2026-09-21,brand manager webshop,nee,https://nl.linkedin.com/jobs/view/eactivation-manager-at-groupe-seb-4467601413,https://fr.linkedin.com/company/groupe-seb,4467601413
GSM - Green SM,Marketplace Specialist,Amsterdam,2026-08-28,customer journey specialist,nee,https://nl.linkedin.com/jobs/view/marketplace-specialist-at-gsm-green-sm-4458068849,https://vn.linkedin.com/company/greensmartmobility,4458068849
GTE,Klaviyo Email Marketing Specialist (Talent Pool – eCommerce),Nieuwegein,2026-02-23,customer journey specialist,nee,https://nl.linkedin.com/jobs/view/klaviyo-email-marketing-specialist-talent-pool-%E2%80%93-ecommerce-at-gte-4375736730,https://www.linkedin.com/company/gte2018,4375736730
GTE,Creative Brand Manager,Nieuwegein,2026-06-03,brand manager webshop,nee,https://nl.linkedin.com/jobs/view/creative-brand-manager-at-gte-4424252162,https://www.linkedin.com/company/gte2018,4424252162
"GXO Logistics, Inc.",Process Controller I,Hilversum,2026-09-18,voorraadbeheer webshop,nee,https://nl.linkedin.com/jobs/view/process-controller-i-at-gxo-logistics-inc-4469257361,https://www.linkedin.com/company/gxologistics,4469257361
Habasit,Logistiek medewerk(st)er,Nijkerk,2026-09-22,e-fulfilment medewerker,nee,https://nl.linkedin.com/jobs/view/logistiek-medewerk-st-er-at-habasit-4470457036,https://ch.linkedin.com/company/habasit,4470457036
Hallmark CE,CRM &amp; Lifecycle Marketeer (Nederland &amp; België),Capelle aan den IJssel,2026-09-10,klantcontact,nee,https://nl.linkedin.com/jobs/view/crm-lifecycle-marketeer-nederland-belgi%C3%AB-at-hallmark-ce-4455624513,https://nl.linkedin.com/company/hallmark-cards-benelux,4455624513
Handpicked,Open sollicitatie - Handpicked,Breda,2024-11-26,brand manager webshop,nee,https://nl.linkedin.com/jobs/view/open-sollicitatie-handpicked-at-handpicked-4085642447,https://nl.linkedin.com/company/handpickedagencies,4085642447
HANOS Internationale Horeca Groothandel,International Brand Manager,Almelo,2026-09-01,brand manager webshop,nee,https://nl.linkedin.com/jobs/view/international-brand-manager-at-hanos-internationale-horeca-groothandel-4461753235,https://nl.linkedin.com/company/hanos-internationale-horecagroothandel,4461753235
Happy Horizon,Junior Marketing Automation Consultant,Eindhoven,2026-08-21,customer journey specialist,nee,https://nl.linkedin.com/jobs/view/junior-marketing-automation-consultant-at-happy-horizon-4457319778,https://nl.linkedin.com/company/happy-horizon,4457319778
HappyNurse,Functioneel beheer,Den Haag,2026-08-31,webcare,nee,https://nl.linkedin.com/jobs/view/functioneel-beheer-at-happynurse-4461081987,https://nl.linkedin.com/company/happy-nurse,4461081987
Haselhoff Groep,Junior Inside Marketing &amp; Sales medewerker,Utrecht,2026-07-27,online sales medewerker,nee,https://nl.linkedin.com/jobs/view/junior-inside-marketing-sales-medewerker-at-haselhoff-groep-4428632502,https://nl.linkedin.com/company/haselhoff-groep,4428632502
Haselhoff Groep,ICT Manager,Lisse,2026-09-21,voorraadbeheer webshop,nee,https://nl.linkedin.com/jobs/view/ict-manager-at-haselhoff-groep-4459191608,https://nl.linkedin.com/company/haselhoff-groep,4459191608
Haystack People,Fullstack Typescript developer | Health E-Commerce,Amsterdam,2026-09-15,orderpicker webshop,nee,https://nl.linkedin.com/jobs/view/fullstack-typescript-developer-health-e-commerce-at-haystack-people-4455605717,https://nl.linkedin.com/company/haystack-people,4455605717
Haystack People,Frontend developer AI,Amersfoort,2026-09-17,webcare,nee,https://nl.linkedin.com/jobs/view/frontend-developer-ai-at-haystack-people-4467510044,https://nl.linkedin.com/company/haystack-people,4467510044
HBM Machines B.V.,Category Growth Specialist,Waddinxveen,2026-08-05,brand manager webshop,nee,https://nl.linkedin.com/jobs/view/category-growth-specialist-at-hbm-machines-b-v-4426374561,https://nl.linkedin.com/company/hbm-machines,4426374561
HCI - Health Cloud Initiative,Account Executive,Amsterdam Area,2026-09-01,webcare,nee,https://nl.linkedin.com/jobs/view/account-executive-at-health-cloud-initiative-4461729011,https://nl.linkedin.com/company/healthcloudinitiative,4461729011
HCI - Health Cloud Initiative,Content Marketeer e-health,Maastricht,2026-09-09,webcare,nee,https://nl.linkedin.com/jobs/view/content-marketeer-e-health-at-health-cloud-initiative-4463837156,https://nl.linkedin.com/company/healthcloudinitiative,4463837156
HCI - Health Cloud Initiative,Account Executive Healthtech,Amsterdam,2026-09-09,webcare,nee,https://nl.linkedin.com/jobs/view/account-executive-healthtech-at-health-cloud-initiative-4463842070,https://nl.linkedin.com/company/healthcloudinitiative,4463842070
HCI - Health Cloud Initiative,Marketing Specialist,Amsterdam,2026-09-11,webcare,nee,https://nl.linkedin.com/jobs/view/marketing-specialist-at-health-cloud-initiative-4466314337,https://nl.linkedin.com/company/healthcloudinitiative,4466314337
HealthConnected (NL),Implementatiemanager,Alkmaar,2026-09-04,webcare,nee,https://nl.linkedin.com/jobs/view/implementatiemanager-at-healthconnected-nl-4463320587,https://nl.linkedin.com/company/healthconnected-nl,4463320587
Hegron Cosmetics BV,Productiemedewerker Afvulafdeling,Purmerend,2024-11-06,packaging medewerker webshop,nee,https://nl.linkedin.com/jobs/view/productiemedewerker-afvulafdeling-at-hegron-cosmetics-bv-4070575837,https://nl.linkedin.com/company/hegron-cosmetics-bv,4070575837
Heinen &amp; Hopman,(junior) Magazijnmedewerker,Bunschoten-Spakenburg,2026-09-02,magazijnmedewerker webshop,nee,https://nl.linkedin.com/jobs/view/junior-magazijnmedewerker-at-heinen-hopman-4432571247,https://nl.linkedin.com/company/heinen-&amp;-hopman-engineering-bv,4432571247
Heinen Delfts Blauw,Marketing manager,Putten,2026-08-06,brand manager webshop,nee,https://nl.linkedin.com/jobs/view/marketing-manager-at-heinen-delfts-blauw-4450266759,https://nl.linkedin.com/company/heinen-delfts-blauw,4450266759
Hellmann Worldwide Logistics,Warehouse medewerker,Aalsmeer,2026-06-05,e-fulfilment medewerker,nee,https://nl.linkedin.com/jobs/view/warehouse-medewerker-at-hellmann-worldwide-logistics-4424564368,https://de.linkedin.com/company/hellmann-worldwide-logistics,4424564368
HelloFresh,Head of Warehouse Operations (f/m/x),Bleiswijk,2026-09-04,voorraadbeheer webshop,nee,https://nl.linkedin.com/jobs/view/head-of-warehouse-operations-f-m-x-at-hellofresh-4463602288,https://de.linkedin.com/company/hellofresh,4463602288
Henkel,Senior Digital Marketing Manager (M/F/X),Utrecht,2026-09-19,brand manager webshop,nee,https://nl.linkedin.com/jobs/view/senior-digital-marketing-manager-m-f-x-at-henkel-4441617171,https://de.linkedin.com/company/henkel,4441617171
HERDER-Recruitment,Projectcoördinator duurzaamheid,"Utrecht, Nederland",2026-09-15,retourverwerking,nee,https://nl.linkedin.com/jobs/view/projectco%C3%B6rdinator-duurzaamheid-at-herder-recruitment-4467713380,https://nl.linkedin.com/company/herder-recruitment,4467713380
Hertek Care,Tech Lead / Solution Architect (.NET),Weert,2026-09-10,webcare,nee,https://nl.linkedin.com/jobs/view/tech-lead-solution-architect-net-at-hertek-care-4453706188,https://nl.linkedin.com/company/hertek-care,4453706188
het Waterschapshuis,Product Specialist Hydrologie,Amersfoort,2026-09-07,customer journey specialist,nee,https://nl.linkedin.com/jobs/view/product-specialist-hydrologie-at-het-waterschapshuis-4462971383,https://nl.linkedin.com/company/het-waterschapshuis,4462971383
Hoogvliet supermarkt,Projectleider ICT,Bleiswijk,2026-09-07,voorraadbeheer webshop,nee,https://nl.linkedin.com/jobs/view/projectleider-ict-at-hoogvliet-supermarkt-4463313725,https://nl.linkedin.com/company/hoogvliet-supermarkt,4463313725
Hoogvliet supermarkt,Teamcoördinator Masterdata &amp; Artikeldata,Bleiswijk,2026-09-07,voorraadbeheer webshop,nee,https://nl.linkedin.com/jobs/view/teamco%C3%B6rdinator-masterdata-artikeldata-at-hoogvliet-supermarkt-4460268827,https://nl.linkedin.com/company/hoogvliet-supermarkt,4460268827
Hooks Creative,Medior Marketing Manager,Haarlem,2026-09-14,brand manager webshop,nee,https://nl.linkedin.com/jobs/view/medior-marketing-manager-at-hooks-creative-4467027704,https://nl.linkedin.com/company/hooks-creative,4467027704
Hoppenbrouwers,Commercieel medewerker,Leusden-Centrum,2026-08-03,online sales medewerker,nee,https://nl.linkedin.com/jobs/view/commercieel-medewerker-at-hoppenbrouwers-4405407613,https://nl.linkedin.com/company/hoppenbrouwers-techniek,4405407613
Hostnet,Growth Marketeer,Amsterdam,2026-09-15,customer journey specialist,nee,https://nl.linkedin.com/jobs/view/growth-marketeer-at-hostnet-bv-4465594901,https://nl.linkedin.com/company/hostnet-bv,4465594901
Hotelprofessionals,Marketing Manager,Amsterdam,2026-09-16,brand manager webshop,nee,https://nl.linkedin.com/jobs/view/marketing-manager-at-hotelprofessionals-4467115711,https://nl.linkedin.com/company/hotelprofessionals,4467115711
HousApp,Marketing Specialist,Amsterdam,2026-07-20,brand manager webshop,nee,https://nl.linkedin.com/jobs/view/marketing-specialist-at-housapp-4442568949,https://nl.linkedin.com/company/housapp,4442568949
HP Valves,Expeditiemedewerker,Hengelo,2026-09-11,e-fulfilment medewerker,nee,https://nl.linkedin.com/jobs/view/expeditiemedewerker-at-hp-valves-4368253963,https://nl.linkedin.com/company/hp-valves,4368253963
HSO,Junior Functioneel Consultant CRM,Veenendaal,2026-09-03,customer journey specialist,nee,https://nl.linkedin.com/jobs/view/junior-functioneel-consultant-crm-at-hso-4330917061,https://nl.linkedin.com/company/hso,4330917061
HSO,Functioneel CRM Consultant,Veenendaal,2026-09-06,customer journey specialist,nee,https://nl.linkedin.com/jobs/view/functioneel-crm-consultant-at-hso-4417132800,https://nl.linkedin.com/company/hso,4417132800
HumanTotalCare,Arboverpleegkundige HumanCapitalCare Den Bosch-Son,Den Bosch,2026-08-17,webcare,nee,https://nl.linkedin.com/jobs/view/arboverpleegkundige-humancapitalcare-den-bosch-son-at-humantotalcare-4454213154,https://nl.linkedin.com/company/humantotalcare,4454213154
HumanTotalCare,Functioneel beheerder IT&amp;Care,Utrecht,2026-08-24,webcare,nee,https://nl.linkedin.com/jobs/view/functioneel-beheerder-it-care-at-humantotalcare-4456828061,https://nl.linkedin.com/company/humantotalcare,4456828061
HumanTotalCare,Data integratie consultant,Son,2026-09-10,webcare,nee,https://nl.linkedin.com/jobs/view/data-integratie-consultant-at-humantotalcare-4464556953,https://nl.linkedin.com/company/humantotalcare,4464556953
iBOOD.com,Category Buyer,Amsterdam,2026-04-04,orderpicker webshop,nee,https://nl.linkedin.com/jobs/view/category-buyer-at-ibood-com-4397800322,https://nl.linkedin.com/company/ibood.com,4397800322
Icare Verpleging &amp; Verzorging,Verzorgende IG PG Wezep/Oldebroek,Wezep,2025-11-24,webcare,nee,https://nl.linkedin.com/jobs/view/verzorgende-ig-pg-wezep-oldebroek-at-icare-verpleging-verzorging-4338864052,https://nl.linkedin.com/company/icare,4338864052
Icare Verpleging &amp; Verzorging,Verzorgende IG Zwolle Noord,Zwolle,2026-02-23,webcare,nee,https://nl.linkedin.com/jobs/view/verzorgende-ig-zwolle-noord-at-icare-verpleging-verzorging-4376572847,https://nl.linkedin.com/company/icare,4376572847
Icare Verpleging &amp; Verzorging,Verzorgende IG Meppel en of Westerveld,Havelte,2026-03-19,webcare,nee,https://nl.linkedin.com/jobs/view/verzorgende-ig-meppel-en-of-westerveld-at-icare-verpleging-verzorging-4388102468,https://nl.linkedin.com/company/icare,4388102468
Icare Verpleging &amp; Verzorging,Verpleegkundige Wezep,Wezep,2026-06-25,webcare,nee,https://nl.linkedin.com/jobs/view/verpleegkundige-wezep-at-icare-verpleging-verzorging-4433096915,https://nl.linkedin.com/company/icare,4433096915
Icare Verpleging &amp; Verzorging,Wijkverpleegkundige Barneveld,Barneveld,2026-07-29,webcare,nee,https://nl.linkedin.com/jobs/view/wijkverpleegkundige-barneveld-at-icare-verpleging-verzorging-4446573871,https://nl.linkedin.com/company/icare,4446573871
Icare Verpleging &amp; Verzorging,Verzorgende IG Zeewolde,Zeewolde,2026-09-03,webcare,nee,https://nl.linkedin.com/jobs/view/verzorgende-ig-zeewolde-at-icare-verpleging-verzorging-4462899547,https://nl.linkedin.com/company/icare,4462899547
Icare Verpleging &amp; Verzorging,Verzorgende IG Harderwijk,Harderwijk,2026-09-04,webcare,nee,https://nl.linkedin.com/jobs/view/verzorgende-ig-harderwijk-at-icare-verpleging-verzorging-4463360073,https://nl.linkedin.com/company/icare,4463360073
Icare Verpleging &amp; Verzorging,BBL Verzorgende IG Zeewolde,Zeewolde,2026-09-07,webcare,nee,https://nl.linkedin.com/jobs/view/bbl-verzorgende-ig-zeewolde-at-icare-verpleging-verzorging-4464385212,https://nl.linkedin.com/company/icare,4464385212
Icare Verpleging &amp; Verzorging,BBL Verzorgende IG Biddinghuizen,Dronten,2026-09-07,webcare,nee,https://nl.linkedin.com/jobs/view/bbl-verzorgende-ig-biddinghuizen-at-icare-verpleging-verzorging-4464365840,https://nl.linkedin.com/company/icare,4464365840
Icare Verpleging &amp; Verzorging,Woonzorgondersteuner Beilen,Beilen,2026-09-09,webcare,nee,https://nl.linkedin.com/jobs/view/woonzorgondersteuner-beilen-at-icare-verpleging-verzorging-4465320051,https://nl.linkedin.com/company/icare,4465320051
Icare Verpleging &amp; Verzorging,Wijkverpleegkundige Emmen,Emmen,2026-09-09,webcare,nee,https://nl.linkedin.com/jobs/view/wijkverpleegkundige-emmen-at-icare-verpleging-verzorging-4465053478,https://nl.linkedin.com/company/icare,4465053478
Icare Verpleging &amp; Verzorging,"Wijkverpleegkundige Ede, Bennekom, Wageningen, Renkum",Ede,2026-09-18,webcare,nee,https://nl.linkedin.com/jobs/view/wijkverpleegkundige-ede-bennekom-wageningen-renkum-at-icare-verpleging-verzorging-4432574564,https://nl.linkedin.com/company/icare,4432574564
Icare Verpleging &amp; Verzorging,Wijkverpleegkundige Barneveld,Barneveld,2026-09-20,webcare,nee,https://nl.linkedin.com/jobs/view/wijkverpleegkundige-barneveld-at-icare-verpleging-verzorging-4435580628,https://nl.linkedin.com/company/icare,4435580628
Icetubs,Sales Representative,Amsterdam-West,2026-07-15,online sales medewerker,nee,https://nl.linkedin.com/jobs/view/sales-representative-at-icetubs-4440938997,https://nl.linkedin.com/company/icetubs,4440938997
Idean UK,Junior Consultant Platforms &amp; Prototypes,Utrecht,2026-08-06,customer journey specialist,nee,https://nl.linkedin.com/jobs/view/junior-consultant-platforms-prototypes-at-idean-uk-4450649724,https://uk.linkedin.com/company/ideanuk,4450649724
Idean UK,Senior Consultant Platforms &amp; Prototypes,Utrecht,2026-08-06,customer journey specialist,nee,https://nl.linkedin.com/jobs/view/senior-consultant-platforms-prototypes-at-idean-uk-4450643794,https://uk.linkedin.com/company/ideanuk,4450643794
IGO Promo NL,Inside Sales Medewerker Internationaal,Helmond,2026-08-31,online sales medewerker,nee,https://nl.linkedin.com/jobs/view/inside-sales-medewerker-internationaal-at-igo-promo-4461075000,https://nl.linkedin.com/company/igo-promo-nl,4461075000
iMA Contact,Telemarketeer B2C - Outbound,Broek op Langedijk,2026-09-01,klantcontact,nee,https://nl.linkedin.com/jobs/view/telemarketeer-b2c-outbound-at-ima-contact-4460245313,https://tr.linkedin.com/company/imacontact,4460245313
iMA Contact,Agenda planner,Broek op Langedijk,2026-09-01,klantcontact,nee,https://nl.linkedin.com/jobs/view/agenda-planner-at-ima-contact-4460249275,https://tr.linkedin.com/company/imacontact,4460249275
Impress BV,Productiemedewerker Nabewerking (Handmatig),Woerden,2026-04-01,packaging medewerker webshop,nee,https://nl.linkedin.com/jobs/view/productiemedewerker-nabewerking-handmatig-at-impress-bv-4394630992,https://nl.linkedin.com/company/impressbv,4394630992
Impress BV,Medewerker orderpicking en verpakking,Woerden,2026-06-10,magazijnmedewerker webshop,nee,https://nl.linkedin.com/jobs/view/medewerker-orderpicking-en-verpakking-at-impress-bv-4427014149,https://nl.linkedin.com/company/impressbv,4427014149
In2CRM,Junior CRM Consultant,Hengelo,2026-06-23,customer journey specialist,nee,https://nl.linkedin.com/jobs/view/junior-crm-consultant-at-crmcompany-4431666253,https://nl.linkedin.com/company/in2crm,4431666253
Incision,Head of Customer Success – EMEA,Amsterdam,2026-09-15,webcare,nee,https://nl.linkedin.com/jobs/view/head-of-customer-success-%E2%80%93-emea-at-incision-4439446032,https://nl.linkedin.com/company/incision-group,4439446032
Indaver,Uitvoerder,Groningen,2026-09-17,retourverwerking,nee,https://nl.linkedin.com/jobs/view/uitvoerder-at-indaver-4468648555,https://be.linkedin.com/company/indaver,4468648555
ING Nederland,Customer Journey Expert bij het Centre of Expertise Payments &amp; Cash Management,Amsterdam,2026-09-19,customer journey specialist,nee,https://nl.linkedin.com/jobs/view/customer-journey-expert-bij-het-centre-of-expertise-payments-cash-management-at-ing-nederland-4458408201,https://nl.linkedin.com/company/ing-nederland,4458408201
Inkassier Gerechtsdeurwaarders &amp; Incasso,Administratief/ incassomedewerker,Arnhem,2026-09-19,retourverwerking,nee,https://nl.linkedin.com/jobs/view/administratief-incassomedewerker-at-inkassier-gerechtsdeurwaarders-incasso-4466966180,https://nl.linkedin.com/company/inkassier,4466966180
InPost,Business Development Manager,Vianen,2026-05-27,orderpicker webshop,nee,https://nl.linkedin.com/jobs/view/business-development-manager-at-inpost-4416882236,https://pl.linkedin.com/company/inpost,4416882236
InPost,Customer Success Manager,Vianen,2026-08-11,orderpicker webshop,nee,https://nl.linkedin.com/jobs/view/customer-success-manager-at-inpost-4449859193,https://pl.linkedin.com/company/inpost,4449859193
Instabee,Implementation Lead,Amsterdam,2026-09-12,orderpicker webshop,nee,https://nl.linkedin.com/jobs/view/implementation-lead-at-instabee-4456264443,https://se.linkedin.com/company/instabee-official,4456264443
Instabee,Quality Control Associate,Amsterdam,2026-09-18,orderpicker webshop,nee,https://nl.linkedin.com/jobs/view/quality-control-associate-at-instabee-4449740018,https://se.linkedin.com/company/instabee-official,4449740018
Instabee,Terminal Coordinator,Vianen,2026-09-22,orderpicker webshop,nee,https://nl.linkedin.com/jobs/view/terminal-coordinator-at-instabee-4467647219,https://se.linkedin.com/company/instabee-official,4467647219
Insulcon N.V.,Magazijnmedewerker,Rotterdam,2026-09-10,e-fulfilment medewerker,nee,https://nl.linkedin.com/jobs/view/magazijnmedewerker-at-insulcon-n-v-4463456243,https://be.linkedin.com/company/insulcon-nv,4463456243
Intergamma,CRM Marketeer,Leusden,2026-08-25,customer journey specialist,nee,https://nl.linkedin.com/jobs/view/crm-marketeer-at-intergamma-4458713611,https://nl.linkedin.com/company/intergamma,4458713611
Intergrafipak B.V.,Logistiek medewerker,Hoofddorp,2026-09-16,e-fulfilment medewerker,nee,https://nl.linkedin.com/jobs/view/logistiek-medewerker-at-intergrafipak-b-v-4468211027,https://nl.linkedin.com/company/intergrafipak-b-v-,4468211027
Intratuin,Magazijn medewerker 38 uur,Emmeloord,2026-09-09,magazijnmedewerker webshop,nee,https://nl.linkedin.com/jobs/view/magazijn-medewerker-38-uur-at-intratuin-4462556555,https://nl.linkedin.com/company/intratuin,4462556555
Inventus,Data &amp; AI Marketeer,Hengelo,2025-08-04,customer journey specialist,nee,https://nl.linkedin.com/jobs/view/data-ai-marketeer-at-inventus-4279680475,https://nl.linkedin.com/company/inventus-online-b.v.,4279680475
iO,Marketing Automation Consultant,Eindhoven,2026-09-02,customer journey specialist,nee,https://nl.linkedin.com/jobs/view/marketing-automation-consultant-at-io-3964558429,https://be.linkedin.com/company/iodigital-com,3964558429
iO,Sitecore Engineer,Rotterdam,2026-09-10,webcare,nee,https://nl.linkedin.com/jobs/view/sitecore-engineer-at-io-4388700010,https://be.linkedin.com/company/iodigital-com,4388700010
iO,Business Automation Consultant,Rotterdam,2026-09-22,customer journey specialist,nee,https://nl.linkedin.com/jobs/view/business-automation-consultant-at-io-4366749804,https://be.linkedin.com/company/iodigital-com,4366749804
iO,HubSpot Implementatie Specialist,Rotterdam,2026-09-22,customer journey specialist,nee,https://nl.linkedin.com/jobs/view/hubspot-implementatie-specialist-at-io-4370551251,https://be.linkedin.com/company/iodigital-com,4370551251
IQVIA,Marketing Services Associate – Healthcare Campaigns,Amsterdam,2026-09-22,customer journey specialist,nee,https://nl.linkedin.com/jobs/view/marketing-services-associate-%E2%80%93-healthcare-campaigns-at-iqvia-4470428953,https://www.linkedin.com/company/iqvia,4470428953
ISISPACE Group,Logistics Employee,Delft,2026-08-27,e-fulfilment medewerker,nee,https://nl.linkedin.com/jobs/view/logistics-employee-at-isispace-group-4459678695,https://nl.linkedin.com/company/isis---innovative-solutions-in-space-bv,4459678695
IT&amp;Care B.V.,Cloud Engineer,Hengelo,2026-09-22,webcare,nee,https://nl.linkedin.com/jobs/view/cloud-engineer-at-it-care-bv-4468796446,https://nl.linkedin.com/company/it&amp;care-bv,4468796446
Jan Zandbergen Group,Logistiek Medewerker,Veenendaal,2026-09-16,e-fulfilment medewerker,nee,https://nl.linkedin.com/jobs/view/logistiek-medewerker-at-jan-zandbergen-group-4440531004,https://nl.linkedin.com/company/janzandbergen,4440531004
Jansen Machining Technology B.V.,Expeditiemedewerker,Valkenswaard,2026-09-16,e-fulfilment medewerker,nee,https://nl.linkedin.com/jobs/view/expeditiemedewerker-at-jansen-machining-technology-b-v-4467982087,https://nl.linkedin.com/company/jansen-machining-technology,4467982087
Jansen Recycling Group BV,Werfmanager,Dordrecht,2026-09-14,retourverwerking,nee,https://nl.linkedin.com/jobs/view/werfmanager-at-jansen-recycling-group-bv-4467201170,https://nl.linkedin.com/company/jansenrecyclinggroup,4467201170
JetBrains,Growth manager (JetBrains AI),Amsterdam,2026-09-12,customer journey specialist,nee,https://nl.linkedin.com/jobs/view/growth-manager-jetbrains-ai-at-jetbrains-4427853436,https://nl.linkedin.com/company/jetbrains,4427853436
JEX,Business Development Manager,Rotterdam,2026-09-01,klantcontact,nee,https://nl.linkedin.com/jobs/view/business-development-manager-at-jex-4461565854,https://nl.linkedin.com/company/jex,4461565854
Jobba Recruitment,Medewerker Customer Relations,Tilburg,2026-09-15,klantcontact,nee,https://nl.linkedin.com/jobs/view/medewerker-customer-relations-at-jobba-recruitment-4465549024,https://nl.linkedin.com/company/jobba-recruitment,4465549024
Jobgether,Marketing &amp; Data Analyst,Nederland,2026-09-18,customer journey specialist,nee,https://nl.linkedin.com/jobs/view/marketing-data-analyst-at-jobgether-4467848872,https://be.linkedin.com/company/jobgether,4467848872
Jobgether,VIP CRM Lead,Nederland,2026-09-21,customer journey specialist,nee,https://nl.linkedin.com/jobs/view/vip-crm-lead-at-jobgether-4468759727,https://be.linkedin.com/company/jobgether,4468759727
Jobgether,Customer Journeys Consultant (AJO),Nederland,2026-09-21,customer journey specialist,nee,https://nl.linkedin.com/jobs/view/customer-journeys-consultant-ajo-at-jobgether-4468493781,https://be.linkedin.com/company/jobgether,4468493781
Jobgether,VIP Excellence Manager,Nederland,2026-09-21,customer journey specialist,nee,https://nl.linkedin.com/jobs/view/vip-excellence-manager-at-jobgether-4468703348,https://be.linkedin.com/company/jobgether,4468703348
Jobgether,Customer Growth Specialist,Nederland,2026-09-22,customer journey specialist,nee,https://nl.linkedin.com/jobs/view/customer-growth-specialist-at-jobgether-4468542715,https://be.linkedin.com/company/jobgether,4468542715
Jobgether,Product Manager - Player Onboarding &amp; Activation,Nederland,2026-09-22,customer journey specialist,nee,https://nl.linkedin.com/jobs/view/product-manager-player-onboarding-activation-at-jobgether-4468781720,https://be.linkedin.com/company/jobgether,4468781720
Jobster,Medewerker Grondsortering - Raalte - Uitzendbureau.nl,Kamperveen,2026-09-21,retourverwerking,nee,https://nl.linkedin.com/jobs/view/medewerker-grondsortering-raalte-uitzendbureau-nl-at-jobster-4468754479,https://nl.linkedin.com/company/jobster-com,4468754479
Jobster,Key Account Manager DHL Express - ASA Talent,Utrecht,2026-09-21,klantcontact,nee,https://nl.linkedin.com/jobs/view/key-account-manager-dhl-express-asa-talent-at-jobster-4468750050,https://nl.linkedin.com/company/jobster-com,4468750050
Jobster,Key Account Manager DHL Express - ASA Talent,Amersfoort,2026-09-21,klantcontact,nee,https://nl.linkedin.com/jobs/view/key-account-manager-dhl-express-asa-talent-at-jobster-4468747629,https://nl.linkedin.com/company/jobster-com,4468747629
Jobster,Key Account Manager DHL Express - ASA Talent,Arnhem,2026-09-21,klantcontact,nee,https://nl.linkedin.com/jobs/view/key-account-manager-dhl-express-asa-talent-at-jobster-4468746186,https://nl.linkedin.com/company/jobster-com,4468746186
Jobster,Specialist Klantenservice Key Accounts - ASA Talent,Hilversum,2026-09-21,klantcontact,nee,https://nl.linkedin.com/jobs/view/specialist-klantenservice-key-accounts-asa-talent-at-jobster-4468744928,https://nl.linkedin.com/company/jobster-com,4468744928
Jobster,Klantcontact medewerker Obvion Heerlen - Uitzendbureau.nl,Heerlen,2026-09-21,klantcontact,nee,https://nl.linkedin.com/jobs/view/klantcontact-medewerker-obvion-heerlen-uitzendbureau-nl-at-jobster-4468749488,https://nl.linkedin.com/company/jobster-com,4468749488
Jobster,Orderpicker - Jobbird.com,Dronten,2026-09-21,orderpicker webshop,nee,https://nl.linkedin.com/jobs/view/orderpicker-jobbird-com-at-jobster-4468743059,https://nl.linkedin.com/company/jobster-com,4468743059
Jobster,Warehouse Employee Fashion - Start People,Roermond,2026-09-21,orderpicker webshop,nee,https://nl.linkedin.com/jobs/view/warehouse-employee-fashion-start-people-at-jobster-4468761514,https://nl.linkedin.com/company/jobster-com,4468761514
Jobster,Pick-pack medewerker - Jobbird.com,Alkmaar,2026-09-21,orderpicker webshop,nee,https://nl.linkedin.com/jobs/view/pick-pack-medewerker-jobbird-com-at-jobster-4468763242,https://nl.linkedin.com/company/jobster-com,4468763242
Jobster,Magazijnmedewerker in Zwolle - Uitzendbureau.nl,Zwolle,2026-09-21,orderpicker webshop,nee,https://nl.linkedin.com/jobs/view/magazijnmedewerker-in-zwolle-uitzendbureau-nl-at-jobster-4468745057,https://nl.linkedin.com/company/jobster-com,4468745057
Jobster,Inpakmedewerker Zwolle - Uitzendbureau.nl,Zwolle,2026-09-21,orderpicker webshop,nee,https://nl.linkedin.com/jobs/view/inpakmedewerker-zwolle-uitzendbureau-nl-at-jobster-4468734592,https://nl.linkedin.com/company/jobster-com,4468734592
Jobster,Magazijnmedewerker / Orderpicker - Jobbird.com,Eindhoven,2026-09-21,orderpicker webshop,nee,https://nl.linkedin.com/jobs/view/magazijnmedewerker-orderpicker-jobbird-com-at-jobster-4468763457,https://nl.linkedin.com/company/jobster-com,4468763457
Jobster,Orderpicker Zwolle - Uitzendbureau.nl,Zwolle,2026-09-21,orderpicker webshop,nee,https://nl.linkedin.com/jobs/view/orderpicker-zwolle-uitzendbureau-nl-at-jobster-4468743335,https://nl.linkedin.com/company/jobster-com,4468743335
Jobster,Magazijnmedewerker - Jobbird.com,Wormerveer,2026-09-21,orderpicker webshop,nee,https://nl.linkedin.com/jobs/view/magazijnmedewerker-jobbird-com-at-jobster-4468752679,https://nl.linkedin.com/company/jobster-com,4468752679
Jobster,Orderpicker - Uitzendbureau.nl,Dronten,2026-09-21,orderpicker webshop,nee,https://nl.linkedin.com/jobs/view/orderpicker-uitzendbureau-nl-at-jobster-4468756174,https://nl.linkedin.com/company/jobster-com,4468756174
Jobster,Orderpicker Logistiek | Koel- en Vriesmagazijn | EPT | Dagdienst - Uitzendbureau.nl,Enschede,2026-09-21,orderpicker webshop,nee,https://nl.linkedin.com/jobs/view/orderpicker-logistiek-koel-en-vriesmagazijn-ept-dagdienst-uitzendbureau-nl-at-jobster-4468723961,https://nl.linkedin.com/company/jobster-com,4468723961
Jobster,Magazijnmedewerker Zwolle - Uitzendbureau.nl,Zwolle,2026-09-21,orderpicker webshop,nee,https://nl.linkedin.com/jobs/view/magazijnmedewerker-zwolle-uitzendbureau-nl-at-jobster-4468746628,https://nl.linkedin.com/company/jobster-com,4468746628
Jobster,Orderpicker Dagdienst | EPT - Jobbird.com,Eindhoven,2026-09-21,orderpicker webshop,nee,https://nl.linkedin.com/jobs/view/orderpicker-dagdienst-ept-jobbird-com-at-jobster-4468746539,https://nl.linkedin.com/company/jobster-com,4468746539
Jobster,Orderpicker Dagdienst - Jobbird.com,Boxtel,2026-09-21,orderpicker webshop,nee,https://nl.linkedin.com/jobs/view/orderpicker-dagdienst-jobbird-com-at-jobster-4468752615,https://nl.linkedin.com/company/jobster-com,4468752615
Jobster,Magazijnmedewerker goederenontvangst - Start People,Apeldoorn,2026-09-21,orderpicker webshop,nee,https://nl.linkedin.com/jobs/view/magazijnmedewerker-goederenontvangst-start-people-at-jobster-4468745290,https://nl.linkedin.com/company/jobster-com,4468745290
Jobster,Orderpicker (weekend) - Jobbird.com,Sassenheim,2026-09-21,orderpicker webshop,nee,https://nl.linkedin.com/jobs/view/orderpicker-weekend-jobbird-com-at-jobster-4468738981,https://nl.linkedin.com/company/jobster-com,4468738981
Jobster,Magazijnmedewerker (Dagdienst) - Uitzendbureau.nl,Zwolle,2026-09-21,orderpicker webshop,nee,https://nl.linkedin.com/jobs/view/magazijnmedewerker-dagdienst-uitzendbureau-nl-at-jobster-4468755508,https://nl.linkedin.com/company/jobster-com,4468755508
Jobster,Meewerkend voorman logistiek - Attract,Ede,2026-09-21,orderpicker webshop,nee,https://nl.linkedin.com/jobs/view/meewerkend-voorman-logistiek-attract-at-jobster-4469927873,https://nl.linkedin.com/company/jobster-com,4469927873
Jobster,Magazijnmedewerker - Jobbird.com,IJmuiden,2026-09-21,magazijnmedewerker webshop,nee,https://nl.linkedin.com/jobs/view/magazijnmedewerker-jobbird-com-at-jobster-4468754496,https://nl.linkedin.com/company/jobster-com,4468754496
Jobster,Magazijnmedewerker - Jobbird.com,Wagenberg,2026-09-21,magazijnmedewerker webshop,nee,https://nl.linkedin.com/jobs/view/magazijnmedewerker-jobbird-com-at-jobster-4469994898,https://nl.linkedin.com/company/jobster-com,4469994898
Jobster,Magazijnmedewerker 3-ploegen - Jobbird.com,Heijen,2026-09-21,magazijnmedewerker webshop,nee,https://nl.linkedin.com/jobs/view/magazijnmedewerker-3-ploegen-jobbird-com-at-jobster-4468755609,https://nl.linkedin.com/company/jobster-com,4468755609
Jobster,Magazijnmedewerker - Attract,Almelo,2026-09-21,magazijnmedewerker webshop,nee,https://nl.linkedin.com/jobs/view/magazijnmedewerker-attract-at-jobster-4468744393,https://nl.linkedin.com/company/jobster-com,4468744393
Jobster,Magazijnmedewerker Koelvries | Dagdienst - van nes + plaisier,Waspik,2026-09-21,magazijnmedewerker webshop,nee,https://nl.linkedin.com/jobs/view/magazijnmedewerker-koelvries-dagdienst-van-nes-%2B-plaisier-at-jobster-4469991867,https://nl.linkedin.com/company/jobster-com,4469991867
Jobster,Magazijnmedewerker - Uitzendbureau.nl,Breda,2026-09-21,magazijnmedewerker webshop,nee,https://nl.linkedin.com/jobs/view/magazijnmedewerker-uitzendbureau-nl-at-jobster-4468756673,https://nl.linkedin.com/company/jobster-com,4468756673
Jobster,Magazijnmedewerker Plus - Uitzendbureau.nl,Genemuiden,2026-09-21,magazijnmedewerker webshop,nee,https://nl.linkedin.com/jobs/view/magazijnmedewerker-plus-uitzendbureau-nl-at-jobster-4468751627,https://nl.linkedin.com/company/jobster-com,4468751627
Jobster,Magazijnmedewerker Dagdienst - Start People,Enschede,2026-09-21,magazijnmedewerker webshop,nee,https://nl.linkedin.com/jobs/view/magazijnmedewerker-dagdienst-start-people-at-jobster-4468754210,https://nl.linkedin.com/company/jobster-com,4468754210
Jobster,Magazijnmedewerker dagdienst - Start People,Lichtenvoorde,2026-09-21,magazijnmedewerker webshop,nee,https://nl.linkedin.com/jobs/view/magazijnmedewerker-dagdienst-start-people-at-jobster-4468766005,https://nl.linkedin.com/company/jobster-com,4468766005
Jobster,Magazijnmedewerker Bloemen - Uitzendbureau.nl,Aalsmeer,2026-09-21,magazijnmedewerker webshop,nee,https://nl.linkedin.com/jobs/view/magazijnmedewerker-bloemen-uitzendbureau-nl-at-jobster-4468762150,https://nl.linkedin.com/company/jobster-com,4468762150
Jobster,Magazijnmedewerker - Unique,Tilburg,2026-09-21,magazijnmedewerker webshop,nee,https://nl.linkedin.com/jobs/view/magazijnmedewerker-unique-at-jobster-4468750296,https://nl.linkedin.com/company/jobster-com,4468750296
Jobster,Magazijnmedewerker - Attract,Veenendaal,2026-09-21,magazijnmedewerker webshop,nee,https://nl.linkedin.com/jobs/view/magazijnmedewerker-attract-at-jobster-4468734687,https://nl.linkedin.com/company/jobster-com,4468734687
Jobster,Allround magazijnmedewerker - Jobbird.com,Aalsmeer,2026-09-21,magazijnmedewerker webshop,nee,https://nl.linkedin.com/jobs/view/allround-magazijnmedewerker-jobbird-com-at-jobster-4468748414,https://nl.linkedin.com/company/jobster-com,4468748414
Jobster,Magazijnmedewerker 3-Ploegen - Start People,Kaatsheuvel,2026-09-21,magazijnmedewerker webshop,nee,https://nl.linkedin.com/jobs/view/magazijnmedewerker-3-ploegen-start-people-at-jobster-4468723799,https://nl.linkedin.com/company/jobster-com,4468723799
Jobster,Magazijnmedewerker Voetbalkleding - Start People,Roermond,2026-09-21,magazijnmedewerker webshop,nee,https://nl.linkedin.com/jobs/view/magazijnmedewerker-voetbalkleding-start-people-at-jobster-4468761238,https://nl.linkedin.com/company/jobster-com,4468761238
Jobster,Magazijnmedewerker Zwolle - Uitzendbureau.nl,Zwolle,2026-09-21,magazijnmedewerker webshop,nee,https://nl.linkedin.com/jobs/view/magazijnmedewerker-zwolle-uitzendbureau-nl-at-jobster-4468754484,https://nl.linkedin.com/company/jobster-com,4468754484
Jobster,Magazijnmedewerker 2-ploegen - Jobbird.com,Cuijk,2026-09-21,magazijnmedewerker webshop,nee,https://nl.linkedin.com/jobs/view/magazijnmedewerker-2-ploegen-jobbird-com-at-jobster-4468740987,https://nl.linkedin.com/company/jobster-com,4468740987
Jobster,Magazijnmedewerker Bol.com bij CEVA Nieuwegein - Uitzendbureau.nl,Utrecht,2026-09-21,magazijnmedewerker webshop,nee,https://nl.linkedin.com/jobs/view/magazijnmedewerker-bol-com-bij-ceva-nieuwegein-uitzendbureau-nl-at-jobster-4468744477,https://nl.linkedin.com/company/jobster-com,4468744477
Jobster,Logistic Employee at Medtronic - Uitzendbureau.nl,Heerlen,2026-09-21,e-fulfilment medewerker,nee,https://nl.linkedin.com/jobs/view/logistic-employee-at-medtronic-uitzendbureau-nl-at-jobster-4468751176,https://nl.linkedin.com/company/jobster-com,4468751176
Jobster,Logistics Associate - CEVA Logistics Nieuwegein - Uitzendbureau.nl,Nieuwegein,2026-09-21,e-fulfilment medewerker,nee,https://nl.linkedin.com/jobs/view/logistics-associate-ceva-logistics-nieuwegein-uitzendbureau-nl-at-jobster-4468749138,https://nl.linkedin.com/company/jobster-com,4468749138
Jobster,Logistiek Medewerker Medische Hulpmiddelen - Uitzendbureau.nl,Lelystad,2026-09-21,e-fulfilment medewerker,nee,https://nl.linkedin.com/jobs/view/logistiek-medewerker-medische-hulpmiddelen-uitzendbureau-nl-at-jobster-4468747036,https://nl.linkedin.com/company/jobster-com,4468747036
Jobster,Logistiek Medewerker Medische Hulpmiddelen - Jobbird.com,Lelystad,2026-09-21,e-fulfilment medewerker,nee,https://nl.linkedin.com/jobs/view/logistiek-medewerker-medische-hulpmiddelen-jobbird-com-at-jobster-4468751465,https://nl.linkedin.com/company/jobster-com,4468751465
Jobster,Commercieel Medewerker Binnendienst - Unique,Maasdijk,2026-09-21,online sales medewerker,nee,https://nl.linkedin.com/jobs/view/commercieel-medewerker-binnendienst-unique-at-jobster-4468760286,https://nl.linkedin.com/company/jobster-com,4468760286
Jobster,Commercieel medewerker binnendienst - Unique,Mijdrecht,2026-09-21,online sales medewerker,nee,https://nl.linkedin.com/jobs/view/commercieel-medewerker-binnendienst-unique-at-jobster-4468751026,https://nl.linkedin.com/company/jobster-com,4468751026
Jobster,Sales Support Medewerker ICT - Uitzendbureau.nl,Sliedrecht,2026-09-21,online sales medewerker,nee,https://nl.linkedin.com/jobs/view/sales-support-medewerker-ict-uitzendbureau-nl-at-jobster-4468730964,https://nl.linkedin.com/company/jobster-com,4468730964
Jobster,Junior Sales Support Medewerker - Unique,Huissen,2026-09-21,online sales medewerker,nee,https://nl.linkedin.com/jobs/view/junior-sales-support-medewerker-unique-at-jobster-4468747286,https://nl.linkedin.com/company/jobster-com,4468747286
Jobster,Commercial Product Manager bij Coolblue - Studentjob.nl,Rotterdam,2026-09-21,brand manager webshop,nee,https://nl.linkedin.com/jobs/view/commercial-product-manager-bij-coolblue-studentjob-nl-at-jobster-4468747099,https://nl.linkedin.com/company/jobster-com,4468747099
Jobster,Inpakmedewerker - Attract,Goor,2026-09-21,packaging medewerker webshop,nee,https://nl.linkedin.com/jobs/view/inpakmedewerker-attract-at-jobster-4468730832,https://nl.linkedin.com/company/jobster-com,4468730832
Jobster,Verpakkingsmedewerker - Jobbird.com,Diemen,2026-09-21,packaging medewerker webshop,nee,https://nl.linkedin.com/jobs/view/verpakkingsmedewerker-jobbird-com-at-jobster-4468748031,https://nl.linkedin.com/company/jobster-com,4468748031
Jobster,Inpak medewerker - Start People,Zevenaar,2026-09-21,packaging medewerker webshop,nee,https://nl.linkedin.com/jobs/view/inpak-medewerker-start-people-at-jobster-4468765193,https://nl.linkedin.com/company/jobster-com,4468765193
Jobster,Inpakmedewerker - Attract,Harderwijk,2026-09-21,packaging medewerker webshop,nee,https://nl.linkedin.com/jobs/view/inpakmedewerker-attract-at-jobster-4468738800,https://nl.linkedin.com/company/jobster-com,4468738800
Jobster,Junior Verpakker - Start People,Borculo,2026-09-21,packaging medewerker webshop,nee,https://nl.linkedin.com/jobs/view/junior-verpakker-start-people-at-jobster-4468757546,https://nl.linkedin.com/company/jobster-com,4468757546
Jobster,Inpakmedewerker - Uitzendbureau.nl,Roosendaal,2026-09-21,packaging medewerker webshop,nee,https://nl.linkedin.com/jobs/view/inpakmedewerker-uitzendbureau-nl-at-jobster-4468755369,https://nl.linkedin.com/company/jobster-com,4468755369
Jobster,Inpakmedewerker FGS - Jobbird.com,De Kwakel,2026-09-21,packaging medewerker webshop,nee,https://nl.linkedin.com/jobs/view/inpakmedewerker-fgs-jobbird-com-at-jobster-4468762510,https://nl.linkedin.com/company/jobster-com,4468762510
Jobster,Packaging Assistant – Day Shift - Start People,Breda,2026-09-21,packaging medewerker webshop,nee,https://nl.linkedin.com/jobs/view/packaging-assistant-%E2%80%93-day-shift-start-people-at-jobster-4468740990,https://nl.linkedin.com/company/jobster-com,4468740990
Jobster,Inpakmedewerker (fulltime) - Jobbird.com,Boekel,2026-09-21,packaging medewerker webshop,nee,https://nl.linkedin.com/jobs/view/inpakmedewerker-fulltime-jobbird-com-at-jobster-4468749305,https://nl.linkedin.com/company/jobster-com,4468749305
Jobster,Inpakmedewerker Dagdienst – Breda - Start People,Breda,2026-09-21,packaging medewerker webshop,nee,https://nl.linkedin.com/jobs/view/inpakmedewerker-dagdienst-%E2%80%93-breda-start-people-at-jobster-4468754629,https://nl.linkedin.com/company/jobster-com,4468754629
Jobster,Inpakmedewerker Productie | 5 Ploegen - Start People,Ede,2026-09-21,packaging medewerker webshop,nee,https://nl.linkedin.com/jobs/view/inpakmedewerker-productie-5-ploegen-start-people-at-jobster-4470202234,https://nl.linkedin.com/company/jobster-com,4470202234
Jobster,Inpakmedewerker - Jobbird.com,Boekel,2026-09-21,packaging medewerker webshop,nee,https://nl.linkedin.com/jobs/view/inpakmedewerker-jobbird-com-at-jobster-4468723916,https://nl.linkedin.com/company/jobster-com,4468723916
Jobster,Inpakmedewerker - Attract,Enter,2026-09-21,packaging medewerker webshop,nee,https://nl.linkedin.com/jobs/view/inpakmedewerker-attract-at-jobster-4468728977,https://nl.linkedin.com/company/jobster-com,4468728977
Jobster,Inpakmedewerk(st)er Vliegtuigbroodjes - Uitzendbureau.nl,Hengelo,2026-09-21,packaging medewerker webshop,nee,https://nl.linkedin.com/jobs/view/inpakmedewerk-st-er-vliegtuigbroodjes-uitzendbureau-nl-at-jobster-4468749099,https://nl.linkedin.com/company/jobster-com,4468749099
Jobster,Packaging operator - Start People,Ede,2026-09-21,packaging medewerker webshop,nee,https://nl.linkedin.com/jobs/view/packaging-operator-start-people-at-jobster-4468746649,https://nl.linkedin.com/company/jobster-com,4468746649
Jobster,Technisch Operator Verpakken - Attract,Ede,2026-09-21,packaging medewerker webshop,nee,https://nl.linkedin.com/jobs/view/technisch-operator-verpakken-attract-at-jobster-4468754395,https://nl.linkedin.com/company/jobster-com,4468754395
Jobster,Operator Inpaklijn - Start People,Ede,2026-09-21,packaging medewerker webshop,nee,https://nl.linkedin.com/jobs/view/operator-inpaklijn-start-people-at-jobster-4468742504,https://nl.linkedin.com/company/jobster-com,4468742504
Jobster,Productiemedewerker - ProcessJobs,Raamsdonksveer,2026-09-21,packaging medewerker webshop,nee,https://nl.linkedin.com/jobs/view/productiemedewerker-processjobs-at-jobster-4468734296,https://nl.linkedin.com/company/jobster-com,4468734296
Jobster,Inpakmedewerker (fulltime) - Uitzendbureau.nl,Boekel,2026-09-21,packaging medewerker webshop,nee,https://nl.linkedin.com/jobs/view/inpakmedewerker-fulltime-uitzendbureau-nl-at-jobster-4468749249,https://nl.linkedin.com/company/jobster-com,4468749249
Jobster,Procesmedewerker - Jobbird.com,Boekel,2026-09-21,packaging medewerker webshop,nee,https://nl.linkedin.com/jobs/view/procesmedewerker-jobbird-com-at-jobster-4468736908,https://nl.linkedin.com/company/jobster-com,4468736908
Jobster,Inpakmedewerker - Uitzendbureau.nl,Heino,2026-09-21,packaging medewerker webshop,nee,https://nl.linkedin.com/jobs/view/inpakmedewerker-uitzendbureau-nl-at-jobster-4468759067,https://nl.linkedin.com/company/jobster-com,4468759067
Jobster,Inpakmedewerker - Uitzendbureau.nl,Waalwijk,2026-09-21,packaging medewerker webshop,nee,https://nl.linkedin.com/jobs/view/inpakmedewerker-uitzendbureau-nl-at-jobster-4468728855,https://nl.linkedin.com/company/jobster-com,4468728855
Jobster,Fulltime Inpakmedewerker(ster) - Uitzendbureau.nl,Goor,2026-09-21,packaging medewerker webshop,nee,https://nl.linkedin.com/jobs/view/fulltime-inpakmedewerker-ster-uitzendbureau-nl-at-jobster-4468722672,https://nl.linkedin.com/company/jobster-com,4468722672
Jobster,Productiemedewerker - Jobbird.com,Zwaag,2026-09-21,packaging medewerker webshop,nee,https://nl.linkedin.com/jobs/view/productiemedewerker-jobbird-com-at-jobster-4468745095,https://nl.linkedin.com/company/jobster-com,4468745095
Jobster,Procesmedewerker (fulltime) - Jobbird.com,Boekel,2026-09-21,packaging medewerker webshop,nee,https://nl.linkedin.com/jobs/view/procesmedewerker-fulltime-jobbird-com-at-jobster-4468730658,https://nl.linkedin.com/company/jobster-com,4468730658
Jobster,Inpakker - Jobbird.com,Middenbeemster,2026-09-21,packaging medewerker webshop,nee,https://nl.linkedin.com/jobs/view/inpakker-jobbird-com-at-jobster-4468764163,https://nl.linkedin.com/company/jobster-com,4468764163
Jobster,Inpakmedewerker Koekjes - Uitzendbureau.nl,Hendrik-Ido-Ambacht,2026-09-21,packaging medewerker webshop,nee,https://nl.linkedin.com/jobs/view/inpakmedewerker-koekjes-uitzendbureau-nl-at-jobster-4468740981,https://nl.linkedin.com/company/jobster-com,4468740981
Jobster,Inpakmedewerker - Uitzendbureau.nl,Etten-Leur,2026-09-21,packaging medewerker webshop,nee,https://nl.linkedin.com/jobs/view/inpakmedewerker-uitzendbureau-nl-at-jobster-4468744373,https://nl.linkedin.com/company/jobster-com,4468744373
Jobster,Inpakmedewerker - Uitzendbureau.nl,Boekel,2026-09-21,packaging medewerker webshop,nee,https://nl.linkedin.com/jobs/view/inpakmedewerker-uitzendbureau-nl-at-jobster-4468732569,https://nl.linkedin.com/company/jobster-com,4468732569
Jobster,Inpakmedewerker Roomkaas - Jobbird.com,Woerden,2026-09-21,packaging medewerker webshop,nee,https://nl.linkedin.com/jobs/view/inpakmedewerker-roomkaas-jobbird-com-at-jobster-4469933516,https://nl.linkedin.com/company/jobster-com,4469933516
Jobster,Productiemedewerker 5-Ploegen - Start People,Ede,2026-09-21,packaging medewerker webshop,nee,https://nl.linkedin.com/jobs/view/productiemedewerker-5-ploegen-start-people-at-jobster-4470208072,https://nl.linkedin.com/company/jobster-com,4470208072
Jobster,Magazijnmedewerker - Picnic,Wagenberg,2026-09-22,magazijnmedewerker webshop,nee,https://nl.linkedin.com/jobs/view/magazijnmedewerker-picnic-at-jobster-4470264027,https://nl.linkedin.com/company/jobster-com,4470264027
Joerns Healthcare bv,Allround Logistiek Medewerker,Wijk bij Duurstede,2026-07-28,e-fulfilment medewerker,nee,https://nl.linkedin.com/jobs/view/allround-logistiek-medewerker-at-joerns-healthcare-bv-4445719494,https://nl.linkedin.com/company/joerns-healthcare-bv,4445719494
Joerns Healthcare bv,Allround Logistiek Medewerker,Naarden,2026-08-24,e-fulfilment medewerker,nee,https://nl.linkedin.com/jobs/view/allround-logistiek-medewerker-at-joerns-healthcare-bv-4458187547,https://nl.linkedin.com/company/joerns-healthcare-bv,4458187547
Jongeneel,Commercieel Medewerker Binnendienst,Utrecht,2026-09-18,online sales medewerker,nee,https://nl.linkedin.com/jobs/view/commercieel-medewerker-binnendienst-at-jongeneel-4460323880,https://nl.linkedin.com/company/jongeneel,4460323880
JouwWeb,Head of People,Eindhoven,2026-09-16,orderpicker webshop,nee,https://nl.linkedin.com/jobs/view/head-of-people-at-jouwweb-4468213316,https://nl.linkedin.com/company/jouwweb,4468213316
JRS Equestrian Brand Expert,Logistiek- &amp; magazijnmedewerker,Breda,2026-09-22,magazijnmedewerker webshop,nee,https://nl.linkedin.com/jobs/view/logistiek-magazijnmedewerker-at-jrs-equestrian-brand-expert-4470293424,https://nl.linkedin.com/company/jrs-equestrian-brand-expert,4470293424
Jumbo Supermarkten,Teamleider Proces &amp; Goederenverwerking,Ede,2026-09-01,orderpicker webshop,nee,https://nl.linkedin.com/jobs/view/teamleider-proces-goederenverwerking-at-jumbo-supermarkten-4324597350,https://nl.linkedin.com/company/jumbo-supermarkten,4324597350
Jumbo Supermarkten,Kassamedewerker,Harderwijk,2026-09-01,packaging medewerker webshop,nee,https://nl.linkedin.com/jobs/view/kassamedewerker-at-jumbo-supermarkten-4320534786,https://nl.linkedin.com/company/jumbo-supermarkten,4320534786
Jumbo Supermarkten,Kassamedewerker,Apeldoorn,2026-09-01,packaging medewerker webshop,nee,https://nl.linkedin.com/jobs/view/kassamedewerker-at-jumbo-supermarkten-4324251714,https://nl.linkedin.com/company/jumbo-supermarkten,4324251714
Jumbo Supermarkten,Kassamedewerker,Alkmaar,2026-09-01,packaging medewerker webshop,nee,https://nl.linkedin.com/jobs/view/kassamedewerker-at-jumbo-supermarkten-3539579057,https://nl.linkedin.com/company/jumbo-supermarkten,3539579057
Jumbo Supermarkten,Kassamedewerker,Zelhem,2026-09-01,packaging medewerker webshop,nee,https://nl.linkedin.com/jobs/view/kassamedewerker-at-jumbo-supermarkten-4415096900,https://nl.linkedin.com/company/jumbo-supermarkten,4415096900
Jumbo Supermarkten,Kassamedewerker,Oosterhout,2026-09-01,packaging medewerker webshop,nee,https://nl.linkedin.com/jobs/view/kassamedewerker-at-jumbo-supermarkten-4451184197,https://nl.linkedin.com/company/jumbo-supermarkten,4451184197
Jumbo Supermarkten,Kassamedewerker,Nootdorp,2026-09-01,packaging medewerker webshop,nee,https://nl.linkedin.com/jobs/view/kassamedewerker-at-jumbo-supermarkten-4460285456,https://nl.linkedin.com/company/jumbo-supermarkten,4460285456
Jumbo Supermarkten,Teamleider Proces &amp; Goederenverwerking,Enschede,2026-09-02,orderpicker webshop,nee,https://nl.linkedin.com/jobs/view/teamleider-proces-goederenverwerking-at-jumbo-supermarkten-4442919348,https://nl.linkedin.com/company/jumbo-supermarkten,4442919348
Jumbo Supermarkten,Versmedewerker,Harderwijk,2026-09-02,medewerker webshop,nee,https://nl.linkedin.com/jobs/view/versmedewerker-at-jumbo-supermarkten-4393492682,https://nl.linkedin.com/company/jumbo-supermarkten,4393492682
Jumbo Supermarkten,Versmedewerker,Ede,2026-09-02,medewerker webshop,nee,https://nl.linkedin.com/jobs/view/versmedewerker-at-jumbo-supermarkten-4425284496,https://nl.linkedin.com/company/jumbo-supermarkten,4425284496
Jumbo Supermarkten,Versmedewerker,Vlijmen,2026-09-02,medewerker webshop,nee,https://nl.linkedin.com/jobs/view/versmedewerker-at-jumbo-supermarkten-4442685065,https://nl.linkedin.com/company/jumbo-supermarkten,4442685065
Jumbo Supermarkten,Versmedewerker,Bergen op Zoom,2026-09-02,medewerker webshop,nee,https://nl.linkedin.com/jobs/view/versmedewerker-at-jumbo-supermarkten-4394273884,https://nl.linkedin.com/company/jumbo-supermarkten,4394273884
Jumbo Supermarkten,Kassamedewerker,Denekamp,2026-09-02,packaging medewerker webshop,nee,https://nl.linkedin.com/jobs/view/kassamedewerker-at-jumbo-supermarkten-3966230944,https://nl.linkedin.com/company/jumbo-supermarkten,3966230944
Jumbo Supermarkten,Kassamedewerker,Heesch,2026-09-02,packaging medewerker webshop,nee,https://nl.linkedin.com/jobs/view/kassamedewerker-at-jumbo-supermarkten-4320683711,https://nl.linkedin.com/company/jumbo-supermarkten,4320683711
Jumbo Supermarkten,Kassamedewerker,Assen,2026-09-02,packaging medewerker webshop,nee,https://nl.linkedin.com/jobs/view/kassamedewerker-at-jumbo-supermarkten-4400437775,https://nl.linkedin.com/company/jumbo-supermarkten,4400437775
Jumbo Supermarkten,Kassamedewerker,Tilburg,2026-09-02,packaging medewerker webshop,nee,https://nl.linkedin.com/jobs/view/kassamedewerker-at-jumbo-supermarkten-4036371044,https://nl.linkedin.com/company/jumbo-supermarkten,4036371044
Jumbo Supermarkten,Kassamedewerker,Prinsenbeek,2026-09-02,packaging medewerker webshop,nee,https://nl.linkedin.com/jobs/view/kassamedewerker-at-jumbo-supermarkten-3686030791,https://nl.linkedin.com/company/jumbo-supermarkten,3686030791
Jumbo Supermarkten,Kassamedewerker,Dronten,2026-09-02,packaging medewerker webshop,nee,https://nl.linkedin.com/jobs/view/kassamedewerker-at-jumbo-supermarkten-3539580031,https://nl.linkedin.com/company/jumbo-supermarkten,3539580031
Jumbo Supermarkten,Kassamedewerker,Eerbeek,2026-09-02,packaging medewerker webshop,nee,https://nl.linkedin.com/jobs/view/kassamedewerker-at-jumbo-supermarkten-4460974322,https://nl.linkedin.com/company/jumbo-supermarkten,4460974322
Jumbo Supermarkten,Kassamedewerker,Amsterdam,2026-09-02,packaging medewerker webshop,nee,https://nl.linkedin.com/jobs/view/kassamedewerker-at-jumbo-supermarkten-4321021338,https://nl.linkedin.com/company/jumbo-supermarkten,4321021338
Jumbo Supermarkten,Kassamedewerker,Zoutelande,2026-09-02,packaging medewerker webshop,nee,https://nl.linkedin.com/jobs/view/kassamedewerker-at-jumbo-supermarkten-3539579169,https://nl.linkedin.com/company/jumbo-supermarkten,3539579169
Jumbo Supermarkten,Kassamedewerker,Naaldwijk,2026-09-02,packaging medewerker webshop,nee,https://nl.linkedin.com/jobs/view/kassamedewerker-at-jumbo-supermarkten-3630268473,https://nl.linkedin.com/company/jumbo-supermarkten,3630268473
Jumbo Supermarkten,Vulploegmedewerker,Ouddorp,2026-09-03,orderpicker webshop,nee,https://nl.linkedin.com/jobs/view/vulploegmedewerker-at-jumbo-supermarkten-4443146134,https://nl.linkedin.com/company/jumbo-supermarkten,4443146134
Jumbo Supermarkten,Vulploegmedewerker,Eindhoven,2026-09-03,orderpicker webshop,nee,https://nl.linkedin.com/jobs/view/vulploegmedewerker-at-jumbo-supermarkten-4452747009,https://nl.linkedin.com/company/jumbo-supermarkten,4452747009
Jumbo Supermarkten,Teamleider Proces &amp; Goederenverwerking,Enschede,2026-09-03,orderpicker webshop,nee,https://nl.linkedin.com/jobs/view/teamleider-proces-goederenverwerking-at-jumbo-supermarkten-4443183485,https://nl.linkedin.com/company/jumbo-supermarkten,4443183485
Jumbo Supermarkten,Verkoopmedewerker Vers,Zwolle,2026-09-03,medewerker webshop,nee,https://nl.linkedin.com/jobs/view/verkoopmedewerker-vers-at-jumbo-supermarkten-4434102646,https://nl.linkedin.com/company/jumbo-supermarkten,4434102646
Jumbo Supermarkten,Kassamedewerker,Den Haag,2026-09-03,packaging medewerker webshop,nee,https://nl.linkedin.com/jobs/view/kassamedewerker-at-jumbo-supermarkten-4442662863,https://nl.linkedin.com/company/jumbo-supermarkten,4442662863
Jumbo Supermarkten,Kassamedewerker,Den Haag,2026-09-03,packaging medewerker webshop,nee,https://nl.linkedin.com/jobs/view/kassamedewerker-at-jumbo-supermarkten-4461675887,https://nl.linkedin.com/company/jumbo-supermarkten,4461675887
Jumbo Supermarkten,Kassamedewerker,Roosendaal,2026-09-03,packaging medewerker webshop,nee,https://nl.linkedin.com/jobs/view/kassamedewerker-at-jumbo-supermarkten-4423128548,https://nl.linkedin.com/company/jumbo-supermarkten,4423128548
Jumbo Supermarkten,Medewerker Service,Son en Breugel,2026-09-03,packaging medewerker webshop,nee,https://nl.linkedin.com/jobs/view/medewerker-service-at-jumbo-supermarkten-4442625594,https://nl.linkedin.com/company/jumbo-supermarkten,4442625594
Jumbo Supermarkten,Kassamedewerker,Deurne,2026-09-03,packaging medewerker webshop,nee,https://nl.linkedin.com/jobs/view/kassamedewerker-at-jumbo-supermarkten-4385250219,https://nl.linkedin.com/company/jumbo-supermarkten,4385250219
Jumbo Supermarkten,Kassamedewerker,Harderwijk,2026-09-03,packaging medewerker webshop,nee,https://nl.linkedin.com/jobs/view/kassamedewerker-at-jumbo-supermarkten-4258351059,https://nl.linkedin.com/company/jumbo-supermarkten,4258351059
Jumbo Supermarkten,Teamleider Proces &amp; Goederenverwerking,Enschede,2026-09-04,orderpicker webshop,nee,https://nl.linkedin.com/jobs/view/teamleider-proces-goederenverwerking-at-jumbo-supermarkten-4443135456,https://nl.linkedin.com/company/jumbo-supermarkten,4443135456
Jumbo Supermarkten,Vulploegmedewerker,Oud Gastel,2026-09-04,medewerker webshop,nee,https://nl.linkedin.com/jobs/view/vulploegmedewerker-at-jumbo-supermarkten-4453211531,https://nl.linkedin.com/company/jumbo-supermarkten,4453211531
Jumbo Supermarkten,Kassamedewerker,Ede,2026-09-04,packaging medewerker webshop,nee,https://nl.linkedin.com/jobs/view/kassamedewerker-at-jumbo-supermarkten-4425280550,https://nl.linkedin.com/company/jumbo-supermarkten,4425280550
Jumbo Supermarkten,Kassamedewerker,Assen,2026-09-04,packaging medewerker webshop,nee,https://nl.linkedin.com/jobs/view/kassamedewerker-at-jumbo-supermarkten-4462319264,https://nl.linkedin.com/company/jumbo-supermarkten,4462319264
Jumbo Supermarkten,Kassamedewerker,Bolsward,2026-09-04,packaging medewerker webshop,nee,https://nl.linkedin.com/jobs/view/kassamedewerker-at-jumbo-supermarkten-4443856887,https://nl.linkedin.com/company/jumbo-supermarkten,4443856887
Jumbo Supermarkten,Kassamedewerker,Helmond,2026-09-04,packaging medewerker webshop,nee,https://nl.linkedin.com/jobs/view/kassamedewerker-at-jumbo-supermarkten-4406250269,https://nl.linkedin.com/company/jumbo-supermarkten,4406250269
Jumbo Supermarkten,Kassamedewerker,Doetinchem,2026-09-04,packaging medewerker webshop,nee,https://nl.linkedin.com/jobs/view/kassamedewerker-at-jumbo-supermarkten-4268570755,https://nl.linkedin.com/company/jumbo-supermarkten,4268570755
Jumbo Supermarkten,Kassamedewerker,Arnhem,2026-09-04,packaging medewerker webshop,nee,https://nl.linkedin.com/jobs/view/kassamedewerker-at-jumbo-supermarkten-4425805859,https://nl.linkedin.com/company/jumbo-supermarkten,4425805859
Jumbo Supermarkten,Kassamedewerker,Doorwerth,2026-09-04,packaging medewerker webshop,nee,https://nl.linkedin.com/jobs/view/kassamedewerker-at-jumbo-supermarkten-4461954689,https://nl.linkedin.com/company/jumbo-supermarkten,4461954689
Jumbo Supermarkten,Kassamedewerker,Budel,2026-09-04,packaging medewerker webshop,nee,https://nl.linkedin.com/jobs/view/kassamedewerker-at-jumbo-supermarkten-4462311292,https://nl.linkedin.com/company/jumbo-supermarkten,4462311292
Jumbo Supermarkten,Kassamedewerker,Enschede,2026-09-04,packaging medewerker webshop,nee,https://nl.linkedin.com/jobs/view/kassamedewerker-at-jumbo-supermarkten-4434302806,https://nl.linkedin.com/company/jumbo-supermarkten,4434302806
Jumbo Supermarkten,Kassamedewerker,Harderwijk,2026-09-04,packaging medewerker webshop,nee,https://nl.linkedin.com/jobs/view/kassamedewerker-at-jumbo-supermarkten-4258345667,https://nl.linkedin.com/company/jumbo-supermarkten,4258345667
Jumbo Supermarkten,Frontend Engineer,Veghel,2026-09-05,orderpicker webshop,nee,https://nl.linkedin.com/jobs/view/frontend-engineer-at-jumbo-supermarkten-4453559377,https://nl.linkedin.com/company/jumbo-supermarkten,4453559377
Jumbo Supermarkten,Vulploegmedewerker,Renesse,2026-09-05,orderpicker webshop,nee,https://nl.linkedin.com/jobs/view/vulploegmedewerker-at-jumbo-supermarkten-4385291005,https://nl.linkedin.com/company/jumbo-supermarkten,4385291005
Jumbo Supermarkten,Full Stack Typescript Engineer,Veghel,2026-09-05,orderpicker webshop,nee,https://nl.linkedin.com/jobs/view/full-stack-typescript-engineer-at-jumbo-supermarkten-4377693715,https://nl.linkedin.com/company/jumbo-supermarkten,4377693715
Jumbo Supermarkten,Teamleider Proces &amp; Goederenverwerking,Enschede,2026-09-05,orderpicker webshop,nee,https://nl.linkedin.com/jobs/view/teamleider-proces-goederenverwerking-at-jumbo-supermarkten-4444344058,https://nl.linkedin.com/company/jumbo-supermarkten,4444344058
Jumbo Supermarkten,Versmedewerker,Ede,2026-09-05,medewerker webshop,nee,https://nl.linkedin.com/jobs/view/versmedewerker-at-jumbo-supermarkten-4453707872,https://nl.linkedin.com/company/jumbo-supermarkten,4453707872
Jumbo Supermarkten,Kassamedewerker,Purmerend,2026-09-05,packaging medewerker webshop,nee,https://nl.linkedin.com/jobs/view/kassamedewerker-at-jumbo-supermarkten-4433271557,https://nl.linkedin.com/company/jumbo-supermarkten,4433271557
Jumbo Supermarkten,Kassamedewerker,Alkmaar,2026-09-05,packaging medewerker webshop,nee,https://nl.linkedin.com/jobs/view/kassamedewerker-at-jumbo-supermarkten-4293809824,https://nl.linkedin.com/company/jumbo-supermarkten,4293809824
Jumbo Supermarkten,Kassamedewerker,Etten-Leur,2026-09-05,packaging medewerker webshop,nee,https://nl.linkedin.com/jobs/view/kassamedewerker-at-jumbo-supermarkten-4423119741,https://nl.linkedin.com/company/jumbo-supermarkten,4423119741
Jumbo Supermarkten,Versmedewerker,Dongen,2026-09-06,medewerker webshop,nee,https://nl.linkedin.com/jobs/view/versmedewerker-at-jumbo-supermarkten-4395429079,https://nl.linkedin.com/company/jumbo-supermarkten,4395429079
Jumbo Supermarkten,Kassamedewerker,Dordrecht,2026-09-06,packaging medewerker webshop,nee,https://nl.linkedin.com/jobs/view/kassamedewerker-at-jumbo-supermarkten-4374940409,https://nl.linkedin.com/company/jumbo-supermarkten,4374940409
Jumbo Supermarkten,Vulploegmedewerker,Aalten,2026-09-07,orderpicker webshop,nee,https://nl.linkedin.com/jobs/view/vulploegmedewerker-at-jumbo-supermarkten-4315738694,https://nl.linkedin.com/company/jumbo-supermarkten,4315738694
Jumbo Supermarkten,Vulploegmedewerker,Urk,2026-09-07,orderpicker webshop,nee,https://nl.linkedin.com/jobs/view/vulploegmedewerker-at-jumbo-supermarkten-4397289963,https://nl.linkedin.com/company/jumbo-supermarkten,4397289963
Jumbo Supermarkten,Versmedewerker,Ede,2026-09-07,medewerker webshop,nee,https://nl.linkedin.com/jobs/view/versmedewerker-at-jumbo-supermarkten-4453969878,https://nl.linkedin.com/company/jumbo-supermarkten,4453969878
Jumbo Supermarkten,Kassamedewerker,Waalwijk,2026-09-07,packaging medewerker webshop,nee,https://nl.linkedin.com/jobs/view/kassamedewerker-at-jumbo-supermarkten-4435432958,https://nl.linkedin.com/company/jumbo-supermarkten,4435432958
Jumbo Supermarkten,Kassamedewerker,Emmeloord,2026-09-07,packaging medewerker webshop,nee,https://nl.linkedin.com/jobs/view/kassamedewerker-at-jumbo-supermarkten-4426943772,https://nl.linkedin.com/company/jumbo-supermarkten,4426943772
Jumbo Supermarkten,Kassamedewerker,Maassluis,2026-09-07,packaging medewerker webshop,nee,https://nl.linkedin.com/jobs/view/kassamedewerker-at-jumbo-supermarkten-4436033549,https://nl.linkedin.com/company/jumbo-supermarkten,4436033549
Jumbo Supermarkten,Kassamedewerker,Den Haag,2026-09-07,packaging medewerker webshop,nee,https://nl.linkedin.com/jobs/view/kassamedewerker-at-jumbo-supermarkten-4398121495,https://nl.linkedin.com/company/jumbo-supermarkten,4398121495
Jumbo Supermarkten,Kassamedewerker,Vianen,2026-09-07,packaging medewerker webshop,nee,https://nl.linkedin.com/jobs/view/kassamedewerker-at-jumbo-supermarkten-4407919462,https://nl.linkedin.com/company/jumbo-supermarkten,4407919462
Jumbo Supermarkten,Kassamedewerker,Berkel en Rodenrijs,2026-09-07,packaging medewerker webshop,nee,https://nl.linkedin.com/jobs/view/kassamedewerker-at-jumbo-supermarkten-4453983777,https://nl.linkedin.com/company/jumbo-supermarkten,4453983777
Jumbo Supermarkten,Teamleider Proces &amp; Goederenverwerking,Enschede,2026-09-08,orderpicker webshop,nee,https://nl.linkedin.com/jobs/view/teamleider-proces-goederenverwerking-at-jumbo-supermarkten-4445162907,https://nl.linkedin.com/company/jumbo-supermarkten,4445162907
Jumbo Supermarkten,Teamleider Proces &amp; Goederenverwerking,Almelo,2026-09-08,orderpicker webshop,nee,https://nl.linkedin.com/jobs/view/teamleider-proces-goederenverwerking-at-jumbo-supermarkten-4445155992,https://nl.linkedin.com/company/jumbo-supermarkten,4445155992
Jumbo Supermarkten,Versmedewerker,Wijchen,2026-09-08,medewerker webshop,nee,https://nl.linkedin.com/jobs/view/versmedewerker-at-jumbo-supermarkten-4463533385,https://nl.linkedin.com/company/jumbo-supermarkten,4463533385
Jumbo Supermarkten,Versmedewerker,Venlo,2026-09-08,medewerker webshop,nee,https://nl.linkedin.com/jobs/view/versmedewerker-at-jumbo-supermarkten-4454250966,https://nl.linkedin.com/company/jumbo-supermarkten,4454250966
Jumbo Supermarkten,Kassamedewerker,Dongen,2026-09-08,packaging medewerker webshop,nee,https://nl.linkedin.com/jobs/view/kassamedewerker-at-jumbo-supermarkten-4454258936,https://nl.linkedin.com/company/jumbo-supermarkten,4454258936
Jumbo Supermarkten,Kassamedewerker,Heeswijk-Dinther,2026-09-08,packaging medewerker webshop,nee,https://nl.linkedin.com/jobs/view/kassamedewerker-at-jumbo-supermarkten-4444861041,https://nl.linkedin.com/company/jumbo-supermarkten,4444861041
Jumbo Supermarkten,Kassamedewerker,Rosmalen,2026-09-08,packaging medewerker webshop,nee,https://nl.linkedin.com/jobs/view/kassamedewerker-at-jumbo-supermarkten-4427752019,https://nl.linkedin.com/company/jumbo-supermarkten,4427752019
Jumbo Supermarkten,Kassamedewerker,Breda,2026-09-08,packaging medewerker webshop,nee,https://nl.linkedin.com/jobs/view/kassamedewerker-at-jumbo-supermarkten-4445174071,https://nl.linkedin.com/company/jumbo-supermarkten,4445174071
Jumbo Supermarkten,Kassamedewerker,Harderwijk,2026-09-08,packaging medewerker webshop,nee,https://nl.linkedin.com/jobs/view/kassamedewerker-at-jumbo-supermarkten-4427703433,https://nl.linkedin.com/company/jumbo-supermarkten,4427703433
Jumbo Supermarkten,Vulploegmedewerker,Venray,2026-09-09,orderpicker webshop,nee,https://nl.linkedin.com/jobs/view/vulploegmedewerker-at-jumbo-supermarkten-4436090736,https://nl.linkedin.com/company/jumbo-supermarkten,4436090736
Jumbo Supermarkten,Teamleider Proces &amp; Goederenverwerking,Eindhoven,2026-09-09,orderpicker webshop,nee,https://nl.linkedin.com/jobs/view/teamleider-proces-goederenverwerking-at-jumbo-supermarkten-4445166845,https://nl.linkedin.com/company/jumbo-supermarkten,4445166845
Jumbo Supermarkten,Versmedewerker,Vught,2026-09-09,medewerker webshop,nee,https://nl.linkedin.com/jobs/view/versmedewerker-at-jumbo-supermarkten-4407905639,https://nl.linkedin.com/company/jumbo-supermarkten,4407905639
Jumbo Supermarkten,Versmedewerker,Haaren,2026-09-09,medewerker webshop,nee,https://nl.linkedin.com/jobs/view/versmedewerker-at-jumbo-supermarkten-4427276888,https://nl.linkedin.com/company/jumbo-supermarkten,4427276888
Jumbo Supermarkten,Kassamedewerker,Voorthuizen,2026-09-09,packaging medewerker webshop,nee,https://nl.linkedin.com/jobs/view/kassamedewerker-at-jumbo-supermarkten-4445756285,https://nl.linkedin.com/company/jumbo-supermarkten,4445756285
Jumbo Supermarkten,Kassamedewerker,Haaren,2026-09-09,packaging medewerker webshop,nee,https://nl.linkedin.com/jobs/view/kassamedewerker-at-jumbo-supermarkten-4427275896,https://nl.linkedin.com/company/jumbo-supermarkten,4427275896
Jumbo Supermarkten,Kassamedewerker,Den Haag,2026-09-09,packaging medewerker webshop,nee,https://nl.linkedin.com/jobs/view/kassamedewerker-at-jumbo-supermarkten-4445139313,https://nl.linkedin.com/company/jumbo-supermarkten,4445139313
Jumbo Supermarkten,Medewerker Service,Aalst,2026-09-09,packaging medewerker webshop,nee,https://nl.linkedin.com/jobs/view/medewerker-service-at-jumbo-supermarkten-4388555367,https://nl.linkedin.com/company/jumbo-supermarkten,4388555367
Jumbo Supermarkten,Kassamedewerker,Driebergen,2026-09-09,packaging medewerker webshop,nee,https://nl.linkedin.com/jobs/view/kassamedewerker-at-jumbo-supermarkten-4454749318,https://nl.linkedin.com/company/jumbo-supermarkten,4454749318
Jumbo Supermarkten,Kassamedewerker,Berkel-Enschot,2026-09-09,packaging medewerker webshop,nee,https://nl.linkedin.com/jobs/view/kassamedewerker-at-jumbo-supermarkten-4445145282,https://nl.linkedin.com/company/jumbo-supermarkten,4445145282
Jumbo Supermarkten,Kassamedewerker,Schijndel,2026-09-09,packaging medewerker webshop,nee,https://nl.linkedin.com/jobs/view/kassamedewerker-at-jumbo-supermarkten-4346145534,https://nl.linkedin.com/company/jumbo-supermarkten,4346145534
Jumbo Supermarkten,Teamleider Proces &amp; Goederenverwerking,Urmond,2026-09-10,orderpicker webshop,nee,https://nl.linkedin.com/jobs/view/teamleider-proces-goederenverwerking-at-jumbo-supermarkten-4427751052,https://nl.linkedin.com/company/jumbo-supermarkten,4427751052
Jumbo Supermarkten,Teamleider Proces &amp; Goederenverwerking,Hasselt,2026-09-10,orderpicker webshop,nee,https://nl.linkedin.com/jobs/view/teamleider-proces-goederenverwerking-at-jumbo-supermarkten-4346144242,https://nl.linkedin.com/company/jumbo-supermarkten,4346144242
Jumbo Supermarkten,Verkoopmedewerker Vers,Venlo,2026-09-10,medewerker webshop,nee,https://nl.linkedin.com/jobs/view/verkoopmedewerker-vers-at-jumbo-supermarkten-4444121266,https://nl.linkedin.com/company/jumbo-supermarkten,4444121266
Jumbo Supermarkten,Kassamedewerker,Meppel,2026-09-10,packaging medewerker webshop,nee,https://nl.linkedin.com/jobs/view/kassamedewerker-at-jumbo-supermarkten-4464506863,https://nl.linkedin.com/company/jumbo-supermarkten,4464506863
Jumbo Supermarkten,Kassamedewerker,Amsterdam,2026-09-10,packaging medewerker webshop,nee,https://nl.linkedin.com/jobs/view/kassamedewerker-at-jumbo-supermarkten-4455407095,https://nl.linkedin.com/company/jumbo-supermarkten,4455407095
Jumbo Supermarkten,Kassamedewerker,Gieten,2026-09-10,packaging medewerker webshop,nee,https://nl.linkedin.com/jobs/view/kassamedewerker-at-jumbo-supermarkten-4455412047,https://nl.linkedin.com/company/jumbo-supermarkten,4455412047
Jumbo Supermarkten,Kassamedewerker,Purmerend,2026-09-11,packaging medewerker webshop,nee,https://nl.linkedin.com/jobs/view/kassamedewerker-at-jumbo-supermarkten-4455694362,https://nl.linkedin.com/company/jumbo-supermarkten,4455694362
Jumbo Supermarkten,Kassamedewerker,Geldrop,2026-09-11,packaging medewerker webshop,nee,https://nl.linkedin.com/jobs/view/kassamedewerker-at-jumbo-supermarkten-4436833554,https://nl.linkedin.com/company/jumbo-supermarkten,4436833554
Jumbo Supermarkten,Kassamedewerker,Ouderkerk aan de Amstel,2026-09-11,packaging medewerker webshop,nee,https://nl.linkedin.com/jobs/view/kassamedewerker-at-jumbo-supermarkten-4465124436,https://nl.linkedin.com/company/jumbo-supermarkten,4465124436
Jumbo Supermarkten,Kassamedewerker,Ouderkerk aan de Amstel,2026-09-11,packaging medewerker webshop,nee,https://nl.linkedin.com/jobs/view/kassamedewerker-at-jumbo-supermarkten-4465128384,https://nl.linkedin.com/company/jumbo-supermarkten,4465128384
Jumbo Supermarkten,Kassamedewerker,'s-Hertogenbosch,2026-09-11,packaging medewerker webshop,nee,https://nl.linkedin.com/jobs/view/kassamedewerker-at-jumbo-supermarkten-4408655869,https://nl.linkedin.com/company/jumbo-supermarkten,4408655869
Jumbo Supermarkten,Kassamedewerker,Cuijk,2026-09-11,packaging medewerker webshop,nee,https://nl.linkedin.com/jobs/view/kassamedewerker-at-jumbo-supermarkten-4359008209,https://nl.linkedin.com/company/jumbo-supermarkten,4359008209
Jumbo Supermarkten,Teamleider Proces &amp; Goederenverwerking,Veldhoven,2026-09-12,orderpicker webshop,nee,https://nl.linkedin.com/jobs/view/teamleider-proces-goederenverwerking-at-jumbo-supermarkten-4325876259,https://nl.linkedin.com/company/jumbo-supermarkten,4325876259
Jumbo Supermarkten,Teamleider Proces &amp; Goederenverwerking,Alkmaar,2026-09-12,orderpicker webshop,nee,https://nl.linkedin.com/jobs/view/teamleider-proces-goederenverwerking-at-jumbo-supermarkten-4321916818,https://nl.linkedin.com/company/jumbo-supermarkten,4321916818
Jumbo Supermarkten,Versmedewerker,Terneuzen,2026-09-12,medewerker webshop,nee,https://nl.linkedin.com/jobs/view/versmedewerker-at-jumbo-supermarkten-4444597056,https://nl.linkedin.com/company/jumbo-supermarkten,4444597056
Jumbo Supermarkten,Verkoopmedewerker Vers,Venlo,2026-09-12,medewerker webshop,nee,https://nl.linkedin.com/jobs/view/verkoopmedewerker-vers-at-jumbo-supermarkten-4437530713,https://nl.linkedin.com/company/jumbo-supermarkten,4437530713
Jumbo Supermarkten,Versmedewerker,Sint-Oedenrode,2026-09-12,medewerker webshop,nee,https://nl.linkedin.com/jobs/view/versmedewerker-at-jumbo-supermarkten-4428701022,https://nl.linkedin.com/company/jumbo-supermarkten,4428701022
Jumbo Supermarkten,Versmedewerker,'s-Hertogenbosch,2026-09-12,medewerker webshop,nee,https://nl.linkedin.com/jobs/view/versmedewerker-at-jumbo-supermarkten-4445000045,https://nl.linkedin.com/company/jumbo-supermarkten,4445000045
Jumbo Supermarkten,Kassamedewerker,Woudenberg,2026-09-12,packaging medewerker webshop,nee,https://nl.linkedin.com/jobs/view/kassamedewerker-at-jumbo-supermarkten-4437598104,https://nl.linkedin.com/company/jumbo-supermarkten,4437598104
Jumbo Supermarkten,Kassamedewerker,Den Haag,2026-09-12,packaging medewerker webshop,nee,https://nl.linkedin.com/jobs/view/kassamedewerker-at-jumbo-supermarkten-4456214734,https://nl.linkedin.com/company/jumbo-supermarkten,4456214734
Jumbo Supermarkten,Kassamedewerker,Hilversum,2026-09-12,packaging medewerker webshop,nee,https://nl.linkedin.com/jobs/view/kassamedewerker-at-jumbo-supermarkten-4444596101,https://nl.linkedin.com/company/jumbo-supermarkten,4444596101
Jumbo Supermarkten,Kassamedewerker,Putten,2026-09-12,packaging medewerker webshop,nee,https://nl.linkedin.com/jobs/view/kassamedewerker-at-jumbo-supermarkten-4428701023,https://nl.linkedin.com/company/jumbo-supermarkten,4428701023
Jumbo Supermarkten,Kassamedewerker,Zoetermeer,2026-09-12,packaging medewerker webshop,nee,https://nl.linkedin.com/jobs/view/kassamedewerker-at-jumbo-supermarkten-4456212740,https://nl.linkedin.com/company/jumbo-supermarkten,4456212740
Jumbo Supermarkten,Kassamedewerker,Nistelrode,2026-09-12,packaging medewerker webshop,nee,https://nl.linkedin.com/jobs/view/kassamedewerker-at-jumbo-supermarkten-4445001035,https://nl.linkedin.com/company/jumbo-supermarkten,4445001035
Jumbo Supermarkten,Vulploegmedewerker,Eindhoven,2026-09-13,orderpicker webshop,nee,https://nl.linkedin.com/jobs/view/vulploegmedewerker-at-jumbo-supermarkten-4429350605,https://nl.linkedin.com/company/jumbo-supermarkten,4429350605
Jumbo Supermarkten,Verkoopmedewerker Vers,Ede,2026-09-13,medewerker webshop,nee,https://nl.linkedin.com/jobs/view/verkoopmedewerker-vers-at-jumbo-supermarkten-4419096375,https://nl.linkedin.com/company/jumbo-supermarkten,4419096375
Jumbo Supermarkten,Versmedewerker,Veldhoven,2026-09-13,medewerker webshop,nee,https://nl.linkedin.com/jobs/view/versmedewerker-at-jumbo-supermarkten-4325776430,https://nl.linkedin.com/company/jumbo-supermarkten,4325776430
Jumbo Supermarkten,Vulploegmedewerker,Oegstgeest,2026-09-13,medewerker webshop,nee,https://nl.linkedin.com/jobs/view/vulploegmedewerker-at-jumbo-supermarkten-4401428615,https://nl.linkedin.com/company/jumbo-supermarkten,4401428615
Jumbo Supermarkten,Kassamedewerker,Ulvenhout,2026-09-13,packaging medewerker webshop,nee,https://nl.linkedin.com/jobs/view/kassamedewerker-at-jumbo-supermarkten-4430070674,https://nl.linkedin.com/company/jumbo-supermarkten,4430070674
Jumbo Supermarkten,Kassamedewerker,Renesse,2026-09-13,packaging medewerker webshop,nee,https://nl.linkedin.com/jobs/view/kassamedewerker-at-jumbo-supermarkten-4370452076,https://nl.linkedin.com/company/jumbo-supermarkten,4370452076
Jumbo Supermarkten,Kassamedewerker,Eersel,2026-09-13,packaging medewerker webshop,nee,https://nl.linkedin.com/jobs/view/kassamedewerker-at-jumbo-supermarkten-4447163912,https://nl.linkedin.com/company/jumbo-supermarkten,4447163912
Jumbo Supermarkten,Kassamedewerker,'s-Hertogenbosch,2026-09-13,packaging medewerker webshop,nee,https://nl.linkedin.com/jobs/view/kassamedewerker-at-jumbo-supermarkten-4379698306,https://nl.linkedin.com/company/jumbo-supermarkten,4379698306
Jumbo Supermarkten,Kassamedewerker,Landgraaf,2026-09-13,packaging medewerker webshop,nee,https://nl.linkedin.com/jobs/view/kassamedewerker-at-jumbo-supermarkten-4308822869,https://nl.linkedin.com/company/jumbo-supermarkten,4308822869
Jumbo Supermarkten,Versmedewerker,'s-Hertogenbosch,2026-09-14,medewerker webshop,nee,https://nl.linkedin.com/jobs/view/versmedewerker-at-jumbo-supermarkten-4379698307,https://nl.linkedin.com/company/jumbo-supermarkten,4379698307
Jumbo Supermarkten,Kassamedewerker,Oldenzaal,2026-09-14,packaging medewerker webshop,nee,https://nl.linkedin.com/jobs/view/kassamedewerker-at-jumbo-supermarkten-4326303935,https://nl.linkedin.com/company/jumbo-supermarkten,4326303935
Jumbo Supermarkten,Kassamedewerker,Heeswijk-Dinther,2026-09-14,packaging medewerker webshop,nee,https://nl.linkedin.com/jobs/view/kassamedewerker-at-jumbo-supermarkten-4422000390,https://nl.linkedin.com/company/jumbo-supermarkten,4422000390
Jumbo Supermarkten,Kassamedewerker,Vught,2026-09-14,packaging medewerker webshop,nee,https://nl.linkedin.com/jobs/view/kassamedewerker-at-jumbo-supermarkten-4422007284,https://nl.linkedin.com/company/jumbo-supermarkten,4422007284
Jumbo Supermarkten,Kassamedewerker,Echt,2026-09-14,packaging medewerker webshop,nee,https://nl.linkedin.com/jobs/view/kassamedewerker-at-jumbo-supermarkten-4465785139,https://nl.linkedin.com/company/jumbo-supermarkten,4465785139
Jumbo Supermarkten,Versmedewerker,Heeswijk-Dinther,2026-09-15,medewerker webshop,nee,https://nl.linkedin.com/jobs/view/versmedewerker-at-jumbo-supermarkten-4421786746,https://nl.linkedin.com/company/jumbo-supermarkten,4421786746
Jumbo Supermarkten,Versmedewerker,Neede,2026-09-15,medewerker webshop,nee,https://nl.linkedin.com/jobs/view/versmedewerker-at-jumbo-supermarkten-4318088398,https://nl.linkedin.com/company/jumbo-supermarkten,4318088398
Jumbo Supermarkten,Kassamedewerker,Hengelo,2026-09-15,packaging medewerker webshop,nee,https://nl.linkedin.com/jobs/view/kassamedewerker-at-jumbo-supermarkten-4421793554,https://nl.linkedin.com/company/jumbo-supermarkten,4421793554
Jumbo Supermarkten,Kassamedewerker,Heerde,2026-09-15,packaging medewerker webshop,nee,https://nl.linkedin.com/jobs/view/kassamedewerker-at-jumbo-supermarkten-4466141466,https://nl.linkedin.com/company/jumbo-supermarkten,4466141466
Jumbo Supermarkten,Kassamedewerker,Hoogerheide,2026-09-15,packaging medewerker webshop,nee,https://nl.linkedin.com/jobs/view/kassamedewerker-at-jumbo-supermarkten-4466195711,https://nl.linkedin.com/company/jumbo-supermarkten,4466195711
Jumbo Supermarkten,Kassamedewerker,Houten,2026-09-15,packaging medewerker webshop,nee,https://nl.linkedin.com/jobs/view/kassamedewerker-at-jumbo-supermarkten-4447965416,https://nl.linkedin.com/company/jumbo-supermarkten,4447965416
Jumbo Supermarkten,Kassamedewerker,Eindhoven,2026-09-15,packaging medewerker webshop,nee,https://nl.linkedin.com/jobs/view/kassamedewerker-at-jumbo-supermarkten-4457142885,https://nl.linkedin.com/company/jumbo-supermarkten,4457142885
Jumbo Supermarkten,Kassamedewerker,Moergestel,2026-09-15,packaging medewerker webshop,nee,https://nl.linkedin.com/jobs/view/kassamedewerker-at-jumbo-supermarkten-4430094345,https://nl.linkedin.com/company/jumbo-supermarkten,4430094345
Jumbo Supermarkten,Kassamedewerker,Tilburg,2026-09-15,packaging medewerker webshop,nee,https://nl.linkedin.com/jobs/view/kassamedewerker-at-jumbo-supermarkten-4439407115,https://nl.linkedin.com/company/jumbo-supermarkten,4439407115
Jumbo Supermarkten,Vulploegmedewerker,Heeswijk-Dinther,2026-09-16,medewerker webshop,nee,https://nl.linkedin.com/jobs/view/vulploegmedewerker-at-jumbo-supermarkten-4381041832,https://nl.linkedin.com/company/jumbo-supermarkten,4381041832
Jumbo Supermarkten,Versmedewerker,Oosterhout,2026-09-16,medewerker webshop,nee,https://nl.linkedin.com/jobs/view/versmedewerker-at-jumbo-supermarkten-4466896266,https://nl.linkedin.com/company/jumbo-supermarkten,4466896266
Jumbo Supermarkten,Kassamedewerker,Tilburg,2026-09-16,packaging medewerker webshop,nee,https://nl.linkedin.com/jobs/view/kassamedewerker-at-jumbo-supermarkten-4390980010,https://nl.linkedin.com/company/jumbo-supermarkten,4390980010
Jumbo Supermarkten,Kassamedewerker,Gorinchem,2026-09-16,packaging medewerker webshop,nee,https://nl.linkedin.com/jobs/view/kassamedewerker-at-jumbo-supermarkten-4466860625,https://nl.linkedin.com/company/jumbo-supermarkten,4466860625
Jumbo Supermarkten,Kassamedewerker,Veenendaal,2026-09-16,packaging medewerker webshop,nee,https://nl.linkedin.com/jobs/view/kassamedewerker-at-jumbo-supermarkten-4457467443,https://nl.linkedin.com/company/jumbo-supermarkten,4457467443
Jumbo Supermarkten,Medewerker Service,Sint-Michielsgestel,2026-09-16,packaging medewerker webshop,nee,https://nl.linkedin.com/jobs/view/medewerker-service-at-jumbo-supermarkten-4457479353,https://nl.linkedin.com/company/jumbo-supermarkten,4457479353
Jumbo Supermarkten,Magazijnmedewerker,Breda,2026-09-17,orderpicker webshop,nee,https://nl.linkedin.com/jobs/view/magazijnmedewerker-at-jumbo-supermarkten-4457937124,https://nl.linkedin.com/company/jumbo-supermarkten,4457937124
Jumbo Supermarkten,Vulploegmedewerker,Oostkapelle,2026-09-17,orderpicker webshop,nee,https://nl.linkedin.com/jobs/view/vulploegmedewerker-at-jumbo-supermarkten-4448546758,https://nl.linkedin.com/company/jumbo-supermarkten,4448546758
Jumbo Supermarkten,Teamleider Proces &amp; Goederenverwerking,Arnhem,2026-09-17,orderpicker webshop,nee,https://nl.linkedin.com/jobs/view/teamleider-proces-goederenverwerking-at-jumbo-supermarkten-4402742246,https://nl.linkedin.com/company/jumbo-supermarkten,4402742246
Jumbo Supermarkten,Versmedewerker,'s-Hertogenbosch,2026-09-17,medewerker webshop,nee,https://nl.linkedin.com/jobs/view/versmedewerker-at-jumbo-supermarkten-4423283897,https://nl.linkedin.com/company/jumbo-supermarkten,4423283897
Jumbo Supermarkten,Kassamedewerker,Hedel,2026-09-17,packaging medewerker webshop,nee,https://nl.linkedin.com/jobs/view/kassamedewerker-at-jumbo-supermarkten-4439862097,https://nl.linkedin.com/company/jumbo-supermarkten,4439862097
Jumbo Supermarkten,Kassamedewerker,Amstelveen,2026-09-17,packaging medewerker webshop,nee,https://nl.linkedin.com/jobs/view/kassamedewerker-at-jumbo-supermarkten-4457938108,https://nl.linkedin.com/company/jumbo-supermarkten,4457938108
Jumbo Supermarkten,Teamleider Proces &amp; Goederenverwerking,Enschede,2026-09-18,orderpicker webshop,nee,https://nl.linkedin.com/jobs/view/teamleider-proces-goederenverwerking-at-jumbo-supermarkten-4440205734,https://nl.linkedin.com/company/jumbo-supermarkten,4440205734
Jumbo Supermarkten,Versmedewerker,Amersfoort,2026-09-18,medewerker webshop,nee,https://nl.linkedin.com/jobs/view/versmedewerker-at-jumbo-supermarkten-4413805537,https://nl.linkedin.com/company/jumbo-supermarkten,4413805537
Jumbo Supermarkten,Versmedewerker,Helmond,2026-09-18,medewerker webshop,nee,https://nl.linkedin.com/jobs/view/versmedewerker-at-jumbo-supermarkten-4381964826,https://nl.linkedin.com/company/jumbo-supermarkten,4381964826
Jumbo Supermarkten,Kassamedewerker,Zoetermeer,2026-09-18,packaging medewerker webshop,nee,https://nl.linkedin.com/jobs/view/kassamedewerker-at-jumbo-supermarkten-4301926325,https://nl.linkedin.com/company/jumbo-supermarkten,4301926325
Jumbo Supermarkten,Kassamedewerker,Bergen op Zoom,2026-09-18,packaging medewerker webshop,nee,https://nl.linkedin.com/jobs/view/kassamedewerker-at-jumbo-supermarkten-4413552675,https://nl.linkedin.com/company/jumbo-supermarkten,4413552675
Jumbo Supermarkten,Kassamedewerker,Heerhugowaard,2026-09-18,packaging medewerker webshop,nee,https://nl.linkedin.com/jobs/view/kassamedewerker-at-jumbo-supermarkten-4467851700,https://nl.linkedin.com/company/jumbo-supermarkten,4467851700
Jumbo Supermarkten,Kassamedewerker,Geldrop,2026-09-18,packaging medewerker webshop,nee,https://nl.linkedin.com/jobs/view/kassamedewerker-at-jumbo-supermarkten-4449749229,https://nl.linkedin.com/company/jumbo-supermarkten,4449749229
Jumbo Supermarkten,Kassamedewerker,Barneveld,2026-09-18,packaging medewerker webshop,nee,https://nl.linkedin.com/jobs/view/kassamedewerker-at-jumbo-supermarkten-4423235993,https://nl.linkedin.com/company/jumbo-supermarkten,4423235993
Jumbo Supermarkten,Kassamedewerker,Zevenbergen,2026-09-18,packaging medewerker webshop,nee,https://nl.linkedin.com/jobs/view/kassamedewerker-at-jumbo-supermarkten-4432236945,https://nl.linkedin.com/company/jumbo-supermarkten,4432236945
Jumbo Supermarkten,Kassamedewerker,Nederweert,2026-09-18,packaging medewerker webshop,nee,https://nl.linkedin.com/jobs/view/kassamedewerker-at-jumbo-supermarkten-4468011306,https://nl.linkedin.com/company/jumbo-supermarkten,4468011306
Jumbo Supermarkten,Tech Lead,Veghel,2026-09-19,orderpicker webshop,nee,https://nl.linkedin.com/jobs/view/tech-lead-at-jumbo-supermarkten-4440786299,https://nl.linkedin.com/company/jumbo-supermarkten,4440786299
Jumbo Supermarkten,Kassamedewerker,Veghel,2026-09-19,medewerker webshop,nee,https://nl.linkedin.com/jobs/view/kassamedewerker-at-jumbo-supermarkten-4372547348,https://nl.linkedin.com/company/jumbo-supermarkten,4372547348
Jumbo Supermarkten,Versmedewerker,Bergen op Zoom,2026-09-19,medewerker webshop,nee,https://nl.linkedin.com/jobs/view/versmedewerker-at-jumbo-supermarkten-4412927756,https://nl.linkedin.com/company/jumbo-supermarkten,4412927756
Jumbo Supermarkten,Kassamedewerker,Helmond,2026-09-19,packaging medewerker webshop,nee,https://nl.linkedin.com/jobs/view/kassamedewerker-at-jumbo-supermarkten-4450019159,https://nl.linkedin.com/company/jumbo-supermarkten,4450019159
Jumbo Supermarkten,Kassamedewerker,Terheijden,2026-09-19,packaging medewerker webshop,nee,https://nl.linkedin.com/jobs/view/kassamedewerker-at-jumbo-supermarkten-4432247841,https://nl.linkedin.com/company/jumbo-supermarkten,4432247841
Jumbo Supermarkten,Kassamedewerker,Heinkenszand,2026-09-19,packaging medewerker webshop,nee,https://nl.linkedin.com/jobs/view/kassamedewerker-at-jumbo-supermarkten-4404208123,https://nl.linkedin.com/company/jumbo-supermarkten,4404208123
Jumbo Supermarkten,Kassamedewerker,Drunen,2026-09-19,packaging medewerker webshop,nee,https://nl.linkedin.com/jobs/view/kassamedewerker-at-jumbo-supermarkten-4424408392,https://nl.linkedin.com/company/jumbo-supermarkten,4424408392
Jumbo Supermarkten,Kassamedewerker,Cuijk,2026-09-19,packaging medewerker webshop,nee,https://nl.linkedin.com/jobs/view/kassamedewerker-at-jumbo-supermarkten-4381881700,https://nl.linkedin.com/company/jumbo-supermarkten,4381881700
Jumbo Supermarkten,Kassamedewerker,Zaltbommel,2026-09-19,packaging medewerker webshop,nee,https://nl.linkedin.com/jobs/view/kassamedewerker-at-jumbo-supermarkten-4412768213,https://nl.linkedin.com/company/jumbo-supermarkten,4412768213
Jumbo Supermarkten,Teamleider Proces &amp; Goederenverwerking,Nederweert,2026-09-20,orderpicker webshop,nee,https://nl.linkedin.com/jobs/view/teamleider-proces-goederenverwerking-at-jumbo-supermarkten-4459701272,https://nl.linkedin.com/company/jumbo-supermarkten,4459701272
Jumbo Supermarkten,Versmedewerker,'s-Hertogenbosch,2026-09-20,medewerker webshop,nee,https://nl.linkedin.com/jobs/view/versmedewerker-at-jumbo-supermarkten-4414151672,https://nl.linkedin.com/company/jumbo-supermarkten,4414151672
Jumbo Supermarkten,Vulploegmedewerker,Hengelo,2026-09-20,medewerker webshop,nee,https://nl.linkedin.com/jobs/view/vulploegmedewerker-at-jumbo-supermarkten-4190537555,https://nl.linkedin.com/company/jumbo-supermarkten,4190537555
Jumbo Supermarkten,Versmedewerker,Tolkamer,2026-09-20,medewerker webshop,nee,https://nl.linkedin.com/jobs/view/versmedewerker-at-jumbo-supermarkten-4312174515,https://nl.linkedin.com/company/jumbo-supermarkten,4312174515
Jumbo Supermarkten,Kassamedewerker,Ede,2026-09-20,packaging medewerker webshop,nee,https://nl.linkedin.com/jobs/view/kassamedewerker-at-jumbo-supermarkten-4441123663,https://nl.linkedin.com/company/jumbo-supermarkten,4441123663
Jumbo Supermarkten,Kassamedewerker,Maartensdijk,2026-09-20,packaging medewerker webshop,nee,https://nl.linkedin.com/jobs/view/kassamedewerker-at-jumbo-supermarkten-4404210119,https://nl.linkedin.com/company/jumbo-supermarkten,4404210119
Jumbo Supermarkten,Kassamedewerker,Alkmaar,2026-09-20,packaging medewerker webshop,nee,https://nl.linkedin.com/jobs/view/kassamedewerker-at-jumbo-supermarkten-4086708547,https://nl.linkedin.com/company/jumbo-supermarkten,4086708547
Jumbo Supermarkten,Kassamedewerker,Breda,2026-09-20,packaging medewerker webshop,nee,https://nl.linkedin.com/jobs/view/kassamedewerker-at-jumbo-supermarkten-4141691026,https://nl.linkedin.com/company/jumbo-supermarkten,4141691026
Jumbo Supermarkten,Kassamedewerker,Tilburg,2026-09-20,packaging medewerker webshop,nee,https://nl.linkedin.com/jobs/view/kassamedewerker-at-jumbo-supermarkten-4246710350,https://nl.linkedin.com/company/jumbo-supermarkten,4246710350
Jumbo Supermarkten,Kassamedewerker,'s-Hertogenbosch,2026-09-20,packaging medewerker webshop,nee,https://nl.linkedin.com/jobs/view/kassamedewerker-at-jumbo-supermarkten-3682279657,https://nl.linkedin.com/company/jumbo-supermarkten,3682279657
Jumbo Supermarkten,Kassamedewerker,Leusden,2026-09-20,packaging medewerker webshop,nee,https://nl.linkedin.com/jobs/view/kassamedewerker-at-jumbo-supermarkten-4029076457,https://nl.linkedin.com/company/jumbo-supermarkten,4029076457
Jumbo Supermarkten,Teamleider Proces &amp; Goederenverwerking,Weert,2026-09-21,orderpicker webshop,nee,https://nl.linkedin.com/jobs/view/teamleider-proces-goederenverwerking-at-jumbo-supermarkten-4450598683,https://nl.linkedin.com/company/jumbo-supermarkten,4450598683
Jumbo Supermarkten,Vulploegmedewerker,Alkmaar,2026-09-21,orderpicker webshop,nee,https://nl.linkedin.com/jobs/view/vulploegmedewerker-at-jumbo-supermarkten-3539577380,https://nl.linkedin.com/company/jumbo-supermarkten,3539577380
Jumbo Supermarkten,Teamleider Proces &amp; Goederenverwerking,Harderwijk,2026-09-21,orderpicker webshop,nee,https://nl.linkedin.com/jobs/view/teamleider-proces-goederenverwerking-at-jumbo-supermarkten-4424551677,https://nl.linkedin.com/company/jumbo-supermarkten,4424551677
Jumbo Supermarkten,Teamleider Proces &amp; Goederenverwerking,Alkmaar,2026-09-21,orderpicker webshop,nee,https://nl.linkedin.com/jobs/view/teamleider-proces-goederenverwerking-at-jumbo-supermarkten-3953556238,https://nl.linkedin.com/company/jumbo-supermarkten,3953556238
Jumbo Supermarkten,Teamleider Proces &amp; Goederenverwerking,Alkmaar,2026-09-21,orderpicker webshop,nee,https://nl.linkedin.com/jobs/view/teamleider-proces-goederenverwerking-at-jumbo-supermarkten-3361800123,https://nl.linkedin.com/company/jumbo-supermarkten,3361800123
Jumbo Supermarkten,Kassamedewerker,Weert,2026-09-21,medewerker webshop,nee,https://nl.linkedin.com/jobs/view/kassamedewerker-at-jumbo-supermarkten-4468760743,https://nl.linkedin.com/company/jumbo-supermarkten,4468760743
Jumbo Supermarkten,Versmedewerker,Wouw,2026-09-21,medewerker webshop,nee,https://nl.linkedin.com/jobs/view/versmedewerker-at-jumbo-supermarkten-4415093923,https://nl.linkedin.com/company/jumbo-supermarkten,4415093923
Jumbo Supermarkten,Kassamedewerker,Woerden,2026-09-21,medewerker webshop,nee,https://nl.linkedin.com/jobs/view/kassamedewerker-at-jumbo-supermarkten-4393465125,https://nl.linkedin.com/company/jumbo-supermarkten,4393465125
Jumbo Supermarkten,Versmedewerker,Stramproy,2026-09-21,medewerker webshop,nee,https://nl.linkedin.com/jobs/view/versmedewerker-at-jumbo-supermarkten-3695743636,https://nl.linkedin.com/company/jumbo-supermarkten,3695743636
Jumbo Supermarkten,Kassamedewerker,IJmuiden,2026-09-21,packaging medewerker webshop,nee,https://nl.linkedin.com/jobs/view/kassamedewerker-at-jumbo-supermarkten-4468471796,https://nl.linkedin.com/company/jumbo-supermarkten,4468471796
Jumbo Supermarkten,Kassamedewerker,Tilburg,2026-09-21,packaging medewerker webshop,nee,https://nl.linkedin.com/jobs/view/kassamedewerker-at-jumbo-supermarkten-4054417007,https://nl.linkedin.com/company/jumbo-supermarkten,4054417007
Jumbo Supermarkten,Kassamedewerker,Amersfoort,2026-09-21,packaging medewerker webshop,nee,https://nl.linkedin.com/jobs/view/kassamedewerker-at-jumbo-supermarkten-4251789037,https://nl.linkedin.com/company/jumbo-supermarkten,4251789037
Jumbo Supermarkten,Kassamedewerker,Wijk bij Duurstede,2026-09-21,packaging medewerker webshop,nee,https://nl.linkedin.com/jobs/view/kassamedewerker-at-jumbo-supermarkten-3539578298,https://nl.linkedin.com/company/jumbo-supermarkten,3539578298
Jumbo Supermarkten,Kassamedewerker,Leiden,2026-09-21,packaging medewerker webshop,nee,https://nl.linkedin.com/jobs/view/kassamedewerker-at-jumbo-supermarkten-4441189554,https://nl.linkedin.com/company/jumbo-supermarkten,4441189554
Jumbo Supermarkten,Kassamedewerker,Oirschot,2026-09-21,packaging medewerker webshop,nee,https://nl.linkedin.com/jobs/view/kassamedewerker-at-jumbo-supermarkten-4312188152,https://nl.linkedin.com/company/jumbo-supermarkten,4312188152
Jumbo Supermarkten,Kassamedewerker,Zelhem,2026-09-21,packaging medewerker webshop,nee,https://nl.linkedin.com/jobs/view/kassamedewerker-at-jumbo-supermarkten-3539578306,https://nl.linkedin.com/company/jumbo-supermarkten,3539578306
Jumbo Supermarkten,Kassamedewerker,'s-Hertogenbosch,2026-09-21,packaging medewerker webshop,nee,https://nl.linkedin.com/jobs/view/kassamedewerker-at-jumbo-supermarkten-3987455055,https://nl.linkedin.com/company/jumbo-supermarkten,3987455055
Jumbo Supermarkten,Teamleider Proces &amp; Goederenverwerking,Ulft,2026-09-22,orderpicker webshop,nee,https://nl.linkedin.com/jobs/view/teamleider-proces-goederenverwerking-at-jumbo-supermarkten-4460050551,https://nl.linkedin.com/company/jumbo-supermarkten,4460050551
Jumbo Supermarkten,Verkoopmedewerker Vers,Wassenaar,2026-09-22,medewerker webshop,nee,https://nl.linkedin.com/jobs/view/verkoopmedewerker-vers-at-jumbo-supermarkten-4382884392,https://nl.linkedin.com/company/jumbo-supermarkten,4382884392
Jumbo Supermarkten,Vulploegmedewerker,Oldenzaal,2026-09-22,medewerker webshop,nee,https://nl.linkedin.com/jobs/view/vulploegmedewerker-at-jumbo-supermarkten-4095528220,https://nl.linkedin.com/company/jumbo-supermarkten,4095528220
Jumbo Supermarkten,Kassamedewerker,Weert,2026-09-22,medewerker webshop,nee,https://nl.linkedin.com/jobs/view/kassamedewerker-at-jumbo-supermarkten-4460022085,https://nl.linkedin.com/company/jumbo-supermarkten,4460022085
Jumbo Supermarkten,Kassamedewerker,Weert,2026-09-22,medewerker webshop,nee,https://nl.linkedin.com/jobs/view/kassamedewerker-at-jumbo-supermarkten-4460028005,https://nl.linkedin.com/company/jumbo-supermarkten,4460028005
Jumbo Supermarkten,Versmedewerker,Amersfoort,2026-09-22,medewerker webshop,nee,https://nl.linkedin.com/jobs/view/versmedewerker-at-jumbo-supermarkten-4147199637,https://nl.linkedin.com/company/jumbo-supermarkten,4147199637
Jumbo Supermarkten,Kassamedewerker,Haaksbergen,2026-09-22,packaging medewerker webshop,nee,https://nl.linkedin.com/jobs/view/kassamedewerker-at-jumbo-supermarkten-4460043666,https://nl.linkedin.com/company/jumbo-supermarkten,4460043666
Jumbo Supermarkten,Kassamedewerker,Leeuwarden,2026-09-22,packaging medewerker webshop,nee,https://nl.linkedin.com/jobs/view/kassamedewerker-at-jumbo-supermarkten-4468797244,https://nl.linkedin.com/company/jumbo-supermarkten,4468797244
Jumbo Supermarkten,Kassamedewerker,Tolkamer,2026-09-22,packaging medewerker webshop,nee,https://nl.linkedin.com/jobs/view/kassamedewerker-at-jumbo-supermarkten-4312171636,https://nl.linkedin.com/company/jumbo-supermarkten,4312171636
Jumbo Supermarkten,Kassamedewerker,Arnhem,2026-09-22,packaging medewerker webshop,nee,https://nl.linkedin.com/jobs/view/kassamedewerker-at-jumbo-supermarkten-4432679474,https://nl.linkedin.com/company/jumbo-supermarkten,4432679474
Jumbo Supermarkten,Kassamedewerker,Geffen,2026-09-22,packaging medewerker webshop,nee,https://nl.linkedin.com/jobs/view/kassamedewerker-at-jumbo-supermarkten-3529369824,https://nl.linkedin.com/company/jumbo-supermarkten,3529369824
Jumbo Supermarkten,Kassamedewerker,Middelbeers,2026-09-22,packaging medewerker webshop,nee,https://nl.linkedin.com/jobs/view/kassamedewerker-at-jumbo-supermarkten-4460052559,https://nl.linkedin.com/company/jumbo-supermarkten,4460052559
Jumbo Supermarkten,Kassamedewerker,Roermond,2026-09-22,packaging medewerker webshop,nee,https://nl.linkedin.com/jobs/view/kassamedewerker-at-jumbo-supermarkten-4460016154,https://nl.linkedin.com/company/jumbo-supermarkten,4460016154
Jumbo Supermarkten,Kassamedewerker,Breda,2026-09-22,packaging medewerker webshop,nee,https://nl.linkedin.com/jobs/view/kassamedewerker-at-jumbo-supermarkten-4141691025,https://nl.linkedin.com/company/jumbo-supermarkten,4141691025
Jumbo Supermarkten,Kassamedewerker,Venray,2026-09-22,packaging medewerker webshop,nee,https://nl.linkedin.com/jobs/view/kassamedewerker-at-jumbo-supermarkten-3539579157,https://nl.linkedin.com/company/jumbo-supermarkten,3539579157
Jumbo Supermarkten,Kassamedewerker,'s-Hertogenbosch,2026-09-22,packaging medewerker webshop,nee,https://nl.linkedin.com/jobs/view/kassamedewerker-at-jumbo-supermarkten-4460235122,https://nl.linkedin.com/company/jumbo-supermarkten,4460235122
Jumbo Supermarkten,Kassamedewerker,Fijnaart,2026-09-22,packaging medewerker webshop,nee,https://nl.linkedin.com/jobs/view/kassamedewerker-at-jumbo-supermarkten-4460048606,https://nl.linkedin.com/company/jumbo-supermarkten,4460048606
Jumbo Supermarkten,Kassamedewerker,Venray,2026-09-22,packaging medewerker webshop,nee,https://nl.linkedin.com/jobs/view/kassamedewerker-at-jumbo-supermarkten-3402552198,https://nl.linkedin.com/company/jumbo-supermarkten,3402552198
Jumbo Supermarkten,Kassamedewerker,Oostburg,2026-09-22,packaging medewerker webshop,nee,https://nl.linkedin.com/jobs/view/kassamedewerker-at-jumbo-supermarkten-4451171778,https://nl.linkedin.com/company/jumbo-supermarkten,4451171778
Jumbo Supermarkten,Kassamedewerker,Stramproy,2026-09-22,packaging medewerker webshop,nee,https://nl.linkedin.com/jobs/view/kassamedewerker-at-jumbo-supermarkten-3695881698,https://nl.linkedin.com/company/jumbo-supermarkten,3695881698
Jumbo Supermarkten,Kassamedewerker,'s-Hertogenbosch,2026-09-22,packaging medewerker webshop,nee,https://nl.linkedin.com/jobs/view/kassamedewerker-at-jumbo-supermarkten-3402554281,https://nl.linkedin.com/company/jumbo-supermarkten,3402554281
Jumbo Supermarkten,Kassamedewerker,Bunde,2026-09-22,packaging medewerker webshop,nee,https://nl.linkedin.com/jobs/view/kassamedewerker-at-jumbo-supermarkten-4256308843,https://nl.linkedin.com/company/jumbo-supermarkten,4256308843
Jumbo Supermarkten,Kassamedewerker,Terschelling,2026-09-22,packaging medewerker webshop,nee,https://nl.linkedin.com/jobs/view/kassamedewerker-at-jumbo-supermarkten-4433619557,https://nl.linkedin.com/company/jumbo-supermarkten,4433619557
Just Brands - Fashion &amp; Retail,Digital Analyst,Lijnden,2026-09-09,customer journey specialist,nee,https://nl.linkedin.com/jobs/view/digital-analyst-at-just-brands-fashion-retail-4311506678,https://nl.linkedin.com/company/just-brands,4311506678
Just Eat Takeaway.com,Account Manager,Eindhoven,2026-08-06,klantcontact,nee,https://nl.linkedin.com/jobs/view/account-manager-at-just-eat-takeaway-com-4417227269,https://nl.linkedin.com/company/just-eat-takeaway-com,4417227269
Just Eat Takeaway.com,Partner CRM Manager,Amsterdam,2026-09-02,klantcontact,nee,https://nl.linkedin.com/jobs/view/partner-crm-manager-at-just-eat-takeaway-com-4459586424,https://nl.linkedin.com/company/just-eat-takeaway-com,4459586424
Just Eat Takeaway.com,CRM Manager,Amsterdam,2026-09-19,klantcontact,nee,https://nl.linkedin.com/jobs/view/crm-manager-at-just-eat-takeaway-com-4466944263,https://nl.linkedin.com/company/just-eat-takeaway-com,4466944263
Just Eat Takeaway.com,Senior Global CRM Manager,Amsterdam,2026-09-19,klantcontact,nee,https://nl.linkedin.com/jobs/view/senior-global-crm-manager-at-just-eat-takeaway-com-4466957069,https://nl.linkedin.com/company/just-eat-takeaway-com,4466957069
JYSK,Logistiek Medewerker Retail,Zoetermeer,2026-09-22,magazijnmedewerker webshop,nee,https://nl.linkedin.com/jobs/view/logistiek-medewerker-retail-at-jysk-4468593805,https://dk.linkedin.com/company/jysk,4468593805
Kaemingk B.V.,Marketing Manager,Aalten,2026-09-08,brand manager webshop,nee,https://nl.linkedin.com/jobs/view/marketing-manager-at-kaemingk-b-v-4451527804,https://nl.linkedin.com/company/kaemingk,4451527804
Kake,Senior Web &amp; Video Player Engineer - Remote,Amsterdam,2026-09-18,webcare,nee,https://nl.linkedin.com/jobs/view/senior-web-video-player-engineer-remote-at-kake-4453882941,https://www.linkedin.com/company/kake,4453882941
Kamera Express,Teamleider Customer Service,Capelle aan den IJssel,2026-09-11,klantcontact,nee,https://nl.linkedin.com/jobs/view/teamleider-customer-service-at-kamera-express-4429044469,https://nl.linkedin.com/company/kamera-express,4429044469
Kamera Express,CRM Marketeer,Capelle aan den IJssel,2026-09-20,klantcontact,nee,https://nl.linkedin.com/jobs/view/crm-marketeer-at-kamera-express-4424361876,https://nl.linkedin.com/company/kamera-express,4424361876
Karsten International,Sr. Sales Assistant,Amsterdam,2026-09-03,online sales medewerker,nee,https://nl.linkedin.com/jobs/view/sr-sales-assistant-at-karsten-international-4436341055,https://nl.linkedin.com/company/karsten-international-bv,4436341055
Karsten International,Senior Marketing Manager,Amsterdam,2026-09-16,brand manager webshop,nee,https://nl.linkedin.com/jobs/view/senior-marketing-manager-at-karsten-international-4421814167,https://nl.linkedin.com/company/karsten-international-bv,4421814167
Karsten International,Brand Manager,Amsterdam,2026-09-21,brand manager webshop,nee,https://nl.linkedin.com/jobs/view/brand-manager-at-karsten-international-4461096182,https://nl.linkedin.com/company/karsten-international-bv,4461096182
Kaseya,Account Manager,Amsterdam,2026-09-15,klantcontact,nee,https://nl.linkedin.com/jobs/view/account-manager-at-kaseya-4466199668,https://www.linkedin.com/company/kaseya,4466199668
Katapult,Junior Account Manager | Marketing 💻,Amsterdam,2026-09-18,klantcontact,nee,https://nl.linkedin.com/jobs/view/junior-account-manager-marketing-%F0%9F%92%BB-at-katapult-4467859418,https://nl.linkedin.com/company/katapult-recruitment,4467859418
Katapult,Account Manager - 80k,Rotterdam and The Hague,2026-09-18,klantcontact,nee,https://nl.linkedin.com/jobs/view/account-manager-80k-at-katapult-4467845684,https://nl.linkedin.com/company/katapult-recruitment,4467845684
Katapult,Customer Solutions Manager,Amsterdam Area,2026-09-18,klantcontact,nee,https://nl.linkedin.com/jobs/view/customer-solutions-manager-at-katapult-4467875628,https://nl.linkedin.com/company/katapult-recruitment,4467875628
Katapult,Account Manager | Fintech 📈,Rotterdam and The Hague,2026-09-18,klantcontact,nee,https://nl.linkedin.com/jobs/view/account-manager-fintech-%F0%9F%93%88-at-katapult-4467844645,https://nl.linkedin.com/company/katapult-recruitment,4467844645
Kavel 10 | hetbestebeeld.nl,Customer Success,Drachten,2026-09-07,klantcontact,nee,https://nl.linkedin.com/jobs/view/customer-success-at-kavel-10-hetbestebeeld-nl-4464388815,https://nl.linkedin.com/company/kavel10-hetbestebeeld,4464388815
KBITE,Commercieel Medewerker (32-40 uur),'s-Gravenzande,2026-07-15,online sales medewerker,nee,https://nl.linkedin.com/jobs/view/commercieel-medewerker-32-40-uur-at-kbite-4438071939,https://nl.linkedin.com/company/kbite-automatisering,4438071939
KellyDeli,Regional Manager,"Utrecht, Nederland",2026-09-09,klantcontact,nee,https://nl.linkedin.com/jobs/view/regional-manager-at-kellydeli-4462598970,https://uk.linkedin.com/company/kellydeli,4462598970
Kenonz,Accountmanager,Zwolle,2026-09-08,klantcontact,nee,https://nl.linkedin.com/jobs/view/accountmanager-at-kenonz-4464449939,https://nl.linkedin.com/company/kenonz,4464449939
Kenter,KAM Adviseur (QHSE),Utrecht,2026-09-03,klantcontact,nee,https://nl.linkedin.com/jobs/view/kam-adviseur-qhse-at-kenter-4434634576,https://nl.linkedin.com/company/kenter-groendus,4434634576
Kenter,CRM manager (Microsoft Dynamics),Utrecht,2026-09-04,klantcontact,nee,https://nl.linkedin.com/jobs/view/crm-manager-microsoft-dynamics-at-kenter-4421979048,https://nl.linkedin.com/company/kenter-groendus,4421979048
Kenter,Technisch Contractmanager (West Nederland),Amsterdam,2026-09-06,klantcontact,nee,https://nl.linkedin.com/jobs/view/technisch-contractmanager-west-nederland-at-kenter-4433701615,https://nl.linkedin.com/company/kenter-groendus,4433701615
Keylane,Customer Success Specialist,Rotterdam,2026-06-19,klantcontact,nee,https://nl.linkedin.com/jobs/view/customer-success-specialist-at-keylane-4440544055,https://nl.linkedin.com/company/keylane,4440544055
KH Chemicals,Customer Service &amp; Logistics Employee,Zwijndrecht,2026-08-05,klantcontact,nee,https://nl.linkedin.com/jobs/view/customer-service-logistics-employee-at-kh-chemicals-4449640229,https://nl.linkedin.com/company/kh-chemicals-bv,4449640229
Kia Nederland,Projectmanager CRM Operations,Breukelen,2026-09-02,customer journey specialist,nee,https://nl.linkedin.com/jobs/view/projectmanager-crm-operations-at-kia-nederland-4462150334,https://nl.linkedin.com/company/kianederland,4462150334
"Kibidango, Inc.",PM（ディレクター）,Alphen,2026-08-05,brand manager webshop,nee,https://nl.linkedin.com/jobs/view/pm%EF%BC%88%E3%83%87%E3%82%A3%E3%83%AC%E3%82%AF%E3%82%BF%E3%83%BC%EF%BC%89-at-kibidango-inc-4447371239,https://jp.linkedin.com/company/kibidango,4447371239
"Kibidango, Inc.",PM（マーケ担当）,Alphen,2026-08-05,brand manager webshop,nee,https://nl.linkedin.com/jobs/view/pm%EF%BC%88%E3%83%9E%E3%83%BC%E3%82%B1%E6%8B%85%E5%BD%93%EF%BC%89-at-kibidango-inc-4447365409,https://jp.linkedin.com/company/kibidango,4447365409
Kidde Global Solutions,Account Manager,Nederland,2026-09-16,klantcontact,nee,https://nl.linkedin.com/jobs/view/account-manager-at-kidde-global-solutions-4458793872,https://www.linkedin.com/company/kidde-global-solutions,4458793872
Kids2,Associate Category &amp; Product Manager,Amsterdam,2026-09-21,brand manager webshop,nee,https://nl.linkedin.com/jobs/view/associate-category-product-manager-at-kids2-4455453328,https://www.linkedin.com/company/kids-ii,4455453328
Kinly,IT Customer Service Coördinator (English &amp; Dutch speaking),Breda,2026-09-18,klantcontact,nee,https://nl.linkedin.com/jobs/view/it-customer-service-co%C3%B6rdinator-english-dutch-speaking-at-kinly-4469140270,https://www.linkedin.com/company/wearekinly,4469140270
Kinly,IT Customer Service Coordinator (Dutch &amp; English speaking),Breda,2026-09-18,klantcontact,nee,https://nl.linkedin.com/jobs/view/it-customer-service-coordinator-dutch-english-speaking-at-kinly-4469137354,https://www.linkedin.com/company/wearekinly,4469137354
Kinwell,Accountmanager,Heerhugowaard,2026-09-08,klantcontact,nee,https://nl.linkedin.com/jobs/view/accountmanager-at-kinwell-4463237813,https://nl.linkedin.com/company/kinwellnl,4463237813
Klarna,Business Development Associate,Amsterdam,2026-08-26,klantcontact,nee,https://nl.linkedin.com/jobs/view/business-development-associate-at-klarna-4459305392,https://se.linkedin.com/company/klarna,4459305392
Klaverblad Verzekeringen,Accountmanager Volmacht,Zoetermeer,2026-09-09,klantcontact,nee,https://nl.linkedin.com/jobs/view/accountmanager-volmacht-at-klaverblad-verzekeringen-4454993548,https://nl.linkedin.com/company/klaverblad-verzekeringen,4454993548
Kleentec,Verzuimcoach Landelijk,Utrecht,2026-09-22,klantcontact,nee,https://nl.linkedin.com/jobs/view/verzuimcoach-landelijk-at-kleentec-4470435742,https://www.linkedin.com/company/kleentec,4470435742
KLG Europe,Inside Sales Specialist,Rotterdam,2026-04-23,klantcontact,nee,https://nl.linkedin.com/jobs/view/inside-sales-specialist-at-klg-europe-4405014330,https://nl.linkedin.com/company/klg-europe-logistics,4405014330
KLG Europe,Inside Sales Specialist,Rhoon,2026-05-01,klantcontact,nee,https://nl.linkedin.com/jobs/view/inside-sales-specialist-at-klg-europe-4409192451,https://nl.linkedin.com/company/klg-europe-logistics,4409192451
KLG Europe,Sales Executive,Rotterdam,2026-05-06,klantcontact,nee,https://nl.linkedin.com/jobs/view/sales-executive-at-klg-europe-4409949593,https://nl.linkedin.com/company/klg-europe-logistics,4409949593
KLG Europe,Shiftleader Quality,Waalwijk,2026-07-10,klantcontact,nee,https://nl.linkedin.com/jobs/view/shiftleader-quality-at-klg-europe-4437974028,https://nl.linkedin.com/company/klg-europe-logistics,4437974028
KLG Europe,Sales Executive,Rhoon,2026-07-22,klantcontact,nee,https://nl.linkedin.com/jobs/view/sales-executive-at-klg-europe-4443913335,https://nl.linkedin.com/company/klg-europe-logistics,4443913335
KLM,Lifecycle Marketing Manager,Amstelveen,2026-09-02,klantcontact,nee,https://nl.linkedin.com/jobs/view/lifecycle-marketing-manager-at-klm-royal-dutch-airlines-4459979827,https://nl.linkedin.com/company/klm,4459979827
Klup,Customer Support Klup &amp; Klup Travel,Amsterdam,2026-09-14,klantcontact,nee,https://nl.linkedin.com/jobs/view/customer-support-klup-klup-travel-at-klup-4467066227,https://nl.linkedin.com/company/klup,4467066227
KMWE,Operator packing,Oirschot,2026-09-04,packaging medewerker webshop,nee,https://nl.linkedin.com/jobs/view/operator-packing-at-kmwe-4461974259,https://nl.linkedin.com/company/kmwe,4461974259
KNAPP Benelux,Service Manager,Culemborg,2026-09-02,klantcontact,nee,https://nl.linkedin.com/jobs/view/service-manager-at-knapp-benelux-4462180035,https://nl.linkedin.com/company/knapp-benelux,4462180035
Kohler Co.,Channel Marketing Manager,Barneveld,2026-09-15,brand manager webshop,nee,https://nl.linkedin.com/jobs/view/channel-marketing-manager-at-kohler-co-4402935429,https://www.linkedin.com/company/kohler,4402935429
KONE,Service Planner,Rotterdam,2026-09-18,klantcontact,nee,https://nl.linkedin.com/jobs/view/service-planner-at-kone-4469160728,https://fi.linkedin.com/company/kone,4469160728
KONE,Service Planner,Den Haag,2026-09-21,klantcontact,nee,https://nl.linkedin.com/jobs/view/service-planner-at-kone-4424724055,https://fi.linkedin.com/company/kone,4424724055
Konecranes,Agreement Sales Representative - Nederland,Hoogvliet,2026-09-08,klantcontact,nee,https://nl.linkedin.com/jobs/view/agreement-sales-representative-nederland-at-konecranes-4452260932,https://fi.linkedin.com/company/konecranes,4452260932
Koningskring - netwerk KW1C,Projectco&amp;#xF6;rdinator,'s-Hertogenbosch,2026-09-18,klantcontact,nee,https://nl.linkedin.com/jobs/view/projectco-%23xf6-rdinator-at-koningskring-netwerk-kw1c-4469259943,https://nl.linkedin.com/company/koningskring-kw1c,4469259943
Koninklijke Geostick B.V.,Key Account Manager,Uithoorn,2026-09-11,klantcontact,nee,https://nl.linkedin.com/jobs/view/key-account-manager-at-koninklijke-geostick-b-v-4463955845,https://nl.linkedin.com/company/geostick-b-v-,4463955845
Koninklijke Kentalis,PERSOONLIJK BEGELEIDER COMPLEXE GROEPEN,Sint-Michielsgestel,2026-09-10,klantcontact,nee,https://nl.linkedin.com/jobs/view/persoonlijk-begeleider-complexe-groepen-at-koninklijke-kentalis-4465852190,https://nl.linkedin.com/company/koninklijke-kentalis,4465852190
Koninklijke Kentalis,PERSOONLIJK BEGELEIDER (JONG)VOLWASSENEN DOVEN,Amsterdam,2026-09-14,klantcontact,nee,https://nl.linkedin.com/jobs/view/persoonlijk-begeleider-jong-volwassenen-doven-at-koninklijke-kentalis-4447889869,https://nl.linkedin.com/company/koninklijke-kentalis,4447889869
Koninklijke LV Logistics - NL,Customer Service Employee Warehousing,Rotterdam,2026-09-08,klantcontact,nee,https://nl.linkedin.com/jobs/view/customer-service-employee-warehousing-at-koninklijke-lv-logistics-nl-4464498353,https://nl.linkedin.com/company/koninklijke-lv-logistics-nederland,4464498353
Koninklijke Ruig,Productie Werkvoorbereider Assistent,Oostzaan,2024-08-20,retourverwerking,nee,https://nl.linkedin.com/jobs/view/productie-werkvoorbereider-assistent-at-koninklijke-ruig-4005851388,https://nl.linkedin.com/company/m.-ruig-en-zonen-bv,4005851388
Koninklijke Vezet B.V.,BI specialist,Warmenhuizen,2026-07-14,voorraadbeheer webshop,nee,https://nl.linkedin.com/jobs/view/bi-specialist-at-vezet-bv-4437696006,https://nl.linkedin.com/company/koninklijke-vezet,4437696006
Koninklijke Vezet B.V.,Functioneel supportmedewerker MES,Warmenhuizen,2026-08-12,voorraadbeheer webshop,nee,https://nl.linkedin.com/jobs/view/functioneel-supportmedewerker-mes-at-vezet-bv-4450130634,https://nl.linkedin.com/company/koninklijke-vezet,4450130634
Konneqt werving • selectie • interim,Customer Relationship Management Consultant,Almelo,2026-09-22,customer journey specialist,nee,https://nl.linkedin.com/jobs/view/customer-relationship-management-consultant-at-konneqt-werving-selectie-interim-4470287750,https://nl.linkedin.com/company/konneqt-werving-selectie-interim,4470287750
Kooi Camerabewaking,Accountmanager,Rotterdam,2026-09-10,klantcontact,nee,https://nl.linkedin.com/jobs/view/accountmanager-at-kooi-camerabewaking-4444109171,https://nl.linkedin.com/company/kooi-camerabewaking,4444109171
Koopman International B.V.,Magazijnmedewerker (BBL),Emmeloord,2023-11-21,magazijnmedewerker webshop,nee,https://nl.linkedin.com/jobs/view/magazijnmedewerker-bbl-at-koopman-international-b-v-3765773767,https://nl.linkedin.com/company/koopman-international-b-v-,3765773767
Koopman International B.V.,Medewerker Ompak,Emmeloord,2025-07-31,packaging medewerker webshop,nee,https://nl.linkedin.com/jobs/view/medewerker-ompak-at-koopman-international-b-v-4278532885,https://nl.linkedin.com/company/koopman-international-b-v-,4278532885
Koopman International B.V.,Meewerkend voorman (m/v),Emmeloord,2026-03-31,voorraadbeheer webshop,nee,https://nl.linkedin.com/jobs/view/meewerkend-voorman-m-v-at-koopman-international-b-v-4393238395,https://nl.linkedin.com/company/koopman-international-b-v-,4393238395
Koopman International B.V.,ERP Functioneel Applicatiebeheerder (Thinkwise),Amsterdam,2026-07-22,voorraadbeheer webshop,nee,https://nl.linkedin.com/jobs/view/erp-functioneel-applicatiebeheerder-thinkwise-at-koopman-international-b-v-4443719369,https://nl.linkedin.com/company/koopman-international-b-v-,4443719369
Koopman International B.V.,Meewerkend Voorman,Emmeloord,2026-08-25,voorraadbeheer webshop,nee,https://nl.linkedin.com/jobs/view/meewerkend-voorman-at-koopman-international-b-v-4396486254,https://nl.linkedin.com/company/koopman-international-b-v-,4396486254
Koskamp B.V.,Commercieel medewerker binnendienst,Den Ham,2026-02-27,klantcontact,nee,https://nl.linkedin.com/jobs/view/commercieel-medewerker-binnendienst-at-koskamp-b-v-4375931921,https://nl.linkedin.com/company/koskamp-automaterialen,4375931921
Koskamp B.V.,Accountmanager (Regio midden-Nederland),Lelystad,2026-07-09,klantcontact,nee,https://nl.linkedin.com/jobs/view/accountmanager-regio-midden-nederland-at-koskamp-b-v-4435934022,https://nl.linkedin.com/company/koskamp-automaterialen,4435934022
KPMG Nederland,Dynamics 365 Customer Engagement Specialist,Amstelveen,2026-09-20,customer journey specialist,nee,https://nl.linkedin.com/jobs/view/dynamics-365-customer-engagement-specialist-at-kpmg-nederland-4366007743,https://nl.linkedin.com/company/kpmg-nederland,4366007743
KPN,Teamleider KPN winkel Assen,Assen,2026-09-06,klantcontact,nee,https://nl.linkedin.com/jobs/view/teamleider-kpn-winkel-assen-at-kpn-4444987972,https://nl.linkedin.com/company/kpn,4444987972
KPN,Journey/Ketenmanager SME,Rotterdam,2026-09-08,klantcontact,nee,https://nl.linkedin.com/jobs/view/journey-ketenmanager-sme-at-kpn-4464656137,https://nl.linkedin.com/company/kpn,4464656137
KPN,Supervisor Retail | KPN Winkel Apeldoorn,Apeldoorn,2026-09-12,klantcontact,nee,https://nl.linkedin.com/jobs/view/supervisor-retail-kpn-winkel-apeldoorn-at-kpn-4439057057,https://nl.linkedin.com/company/kpn,4439057057
KPN,Supervisor KPN winkel Amersfoort,Amersfoort,2026-09-14,klantcontact,nee,https://nl.linkedin.com/jobs/view/supervisor-kpn-winkel-amersfoort-at-kpn-4467211826,https://nl.linkedin.com/company/kpn,4467211826
KPN,Digital Service Analist,Rotterdam,2026-09-15,klantcontact,nee,https://nl.linkedin.com/jobs/view/digital-service-analist-at-kpn-4448318574,https://nl.linkedin.com/company/kpn,4448318574
KPN,Special Sales Security,Rotterdam,2026-09-18,klantcontact,nee,https://nl.linkedin.com/jobs/view/special-sales-security-at-kpn-4450287752,https://nl.linkedin.com/company/kpn,4450287752
KPN,Sales Specialist Identity Services,Rotterdam,2026-09-19,klantcontact,nee,https://nl.linkedin.com/jobs/view/sales-specialist-identity-services-at-kpn-4382905235,https://nl.linkedin.com/company/kpn,4382905235
KPN,Special Sales Security,Rotterdam,2026-09-19,klantcontact,nee,https://nl.linkedin.com/jobs/view/special-sales-security-at-kpn-4383308798,https://nl.linkedin.com/company/kpn,4383308798
KPN,Commercieel Klantadviseur,Groningen,2026-09-22,klantcontact,nee,https://nl.linkedin.com/jobs/view/commercieel-klantadviseur-at-kpn-4452444377,https://nl.linkedin.com/company/kpn,4452444377
"Krayden, Inc.",Magazijnmedewerker,Assendelft,2026-09-22,e-fulfilment medewerker,nee,https://nl.linkedin.com/jobs/view/magazijnmedewerker-at-krayden-inc-4458213371,https://www.linkedin.com/company/kraydenadhesives,4458213371
"Krayden, Inc.",Warehouse Operative,Assendelft,2026-09-22,e-fulfilment medewerker,nee,https://nl.linkedin.com/jobs/view/warehouse-operative-at-krayden-inc-4458224176,https://www.linkedin.com/company/kraydenadhesives,4458224176
Kriton - Prestatieverbetering voor accountants,Adviseur Learning,Driebergen,2026-08-17,klantcontact,nee,https://nl.linkedin.com/jobs/view/adviseur-learning-at-kriton-prestatieverbetering-voor-accountants-4452279401,https://nl.linkedin.com/company/kriton,4452279401
Kropman,Servicecoördinator Techniek,Utrecht,2026-09-01,klantcontact,nee,https://nl.linkedin.com/jobs/view/serviceco%C3%B6rdinator-techniek-at-kropman-4461539837,https://nl.linkedin.com/company/kropman-nl,4461539837
Krunon Kunststof Producten B.V.,Productiemedewerker / Inpakker,Volendam,2026-07-27,packaging medewerker webshop,nee,https://nl.linkedin.com/jobs/view/productiemedewerker-inpakker-at-krunon-kunststof-producten-b-v-4444856499,https://nl.linkedin.com/company/krunon-kunststof-producten-b-v,4444856499
Kuehne+Nagel,Customer service Medewerker,Tiel,2026-09-01,klantcontact,nee,https://nl.linkedin.com/jobs/view/customer-service-medewerker-at-kuehne%2Bnagel-4452485614,https://ch.linkedin.com/company/kuehne-nagel,4452485614
Kuehne+Nagel,National Key Account Manager Freight Forwarding,Rotterdam,2026-09-04,klantcontact,nee,https://nl.linkedin.com/jobs/view/national-key-account-manager-freight-forwarding-at-kuehne%2Bnagel-4454507765,https://ch.linkedin.com/company/kuehne-nagel,4454507765
Kuehne+Nagel,Customer Implementatie Specialist,Doesburg,2026-09-08,klantcontact,nee,https://nl.linkedin.com/jobs/view/customer-implementatie-specialist-at-kuehne%2Bnagel-4455377899,https://ch.linkedin.com/company/kuehne-nagel,4455377899
Kuehne+Nagel,Air Logistics Healthcare Operational Care Specialist,Schiphol-Rijk,2026-09-09,klantcontact,nee,https://nl.linkedin.com/jobs/view/air-logistics-healthcare-operational-care-specialist-at-kuehne%2Bnagel-4463810063,https://ch.linkedin.com/company/kuehne-nagel,4463810063
Kuehne+Nagel,Customer Service Medewerker Road Logistics,Moerdijk,2026-09-12,klantcontact,nee,https://nl.linkedin.com/jobs/view/customer-service-medewerker-road-logistics-at-kuehne%2Bnagel-4457512932,https://ch.linkedin.com/company/kuehne-nagel,4457512932
Kuehne+Nagel,Expo &amp; Events Commerciële Medewerker,Doesburg,2026-09-12,klantcontact,nee,https://nl.linkedin.com/jobs/view/expo-events-commerci%C3%ABle-medewerker-at-kuehne%2Bnagel-4457363590,https://ch.linkedin.com/company/kuehne-nagel,4457363590
Kuehne+Nagel,Field Sales Representative Sea Logistics (m/f/d) Nederland,Rotterdam,2026-09-15,klantcontact,nee,https://nl.linkedin.com/jobs/view/field-sales-representative-sea-logistics-m-f-d-nederland-at-kuehne%2Bnagel-4440061630,https://ch.linkedin.com/company/kuehne-nagel,4440061630
Kvadrat Shade,Meewerkend Voorman Logistiek,Eibergen,2026-09-21,voorraadbeheer webshop,nee,https://nl.linkedin.com/jobs/view/meewerkend-voorman-logistiek-at-kvadrat-shade-4469854845,https://nl.linkedin.com/company/kvadratshade,4469854845
Kwantum,Klantenservice medewerker Diensten,Tilburg,2026-08-25,klantcontact,nee,https://nl.linkedin.com/jobs/view/klantenservice-medewerker-diensten-at-kwantum-4445962351,https://nl.linkedin.com/company/kwantum,4445962351
Kärcher,Account Manager Sales Professional regio Oost-Brabant,Drimmelen,2026-07-24,klantcontact,nee,https://nl.linkedin.com/jobs/view/account-manager-sales-professional-regio-oost-brabant-at-k%C3%A4rcher-4441834215,https://de.linkedin.com/company/alfred-kaercher-se-&amp;-co-kg,4441834215
Kärcher,Account Manager Sales Professional regio Oost-Nederland,Drimmelen,2026-07-24,klantcontact,nee,https://nl.linkedin.com/jobs/view/account-manager-sales-professional-regio-oost-nederland-at-k%C3%A4rcher-4441836096,https://de.linkedin.com/company/alfred-kaercher-se-&amp;-co-kg,4441836096
Körber,Head of SW Product Management,Eindhoven,2026-09-10,voorraadbeheer webshop,nee,https://nl.linkedin.com/jobs/view/head-of-sw-product-management-at-k%C3%B6rber-4456345689,https://de.linkedin.com/company/k%C3%B6rber,4456345689
La Souris,Marketing &amp; E-Commerce Director,Doetinchem,2026-09-22,brand manager webshop,nee,https://nl.linkedin.com/jobs/view/marketing-e-commerce-director-at-la-souris-4470461203,https://nl.linkedin.com/company/la-souris-scooter,4470461203
Lab Associates B.V.,Commercieel Medewerker Binnendienst / Customer Service Representative,Oudenbosch,2026-09-22,online sales medewerker,nee,https://nl.linkedin.com/jobs/view/commercieel-medewerker-binnendienst-customer-service-representative-at-lab-associates-b-v-4460276697,https://nl.linkedin.com/company/lab-associates-b.v.,4460276697
Laboratorium Ofichem B.V.,Magazijnmedewerker,Ter Apel,2026-07-13,e-fulfilment medewerker,nee,https://nl.linkedin.com/jobs/view/magazijnmedewerker-at-laboratorium-ofichem-b-v-4440016582,https://www.linkedin.com/company/laboratorium-ofichem-b.v.,4440016582
Lamb Weston EMEA,Packaging Operator,Kruiningen,2025-12-15,packaging medewerker webshop,nee,https://nl.linkedin.com/jobs/view/packaging-operator-at-lamb-weston-emea-4178659861,https://nl.linkedin.com/company/lambwestonemea,4178659861
Lamb Weston EMEA,Packaging Operator,Oosterbierum,2026-07-06,packaging medewerker webshop,nee,https://nl.linkedin.com/jobs/view/packaging-operator-at-lamb-weston-emea-4394636303,https://nl.linkedin.com/company/lambwestonemea,4394636303
Lamb Weston EMEA,Packaging Operator I,Kruiningen,2026-09-16,packaging medewerker webshop,nee,https://nl.linkedin.com/jobs/view/packaging-operator-i-at-lamb-weston-emea-4435110625,https://nl.linkedin.com/company/lambwestonemea,4435110625
Lamb Weston EMEA,Packaging Operator,Bergen op Zoom,2026-09-22,packaging medewerker webshop,nee,https://nl.linkedin.com/jobs/view/packaging-operator-at-lamb-weston-emea-4457352000,https://nl.linkedin.com/company/lambwestonemea,4457352000
Landal,Conversational Specialist AI,Goes,2026-05-14,customer journey specialist,nee,https://nl.linkedin.com/jobs/view/conversational-specialist-ai-at-landal-4414654536,https://nl.linkedin.com/company/landal,4414654536
Landal,Conversational Specialist AI,Amsterdam,2026-06-08,customer journey specialist,nee,https://nl.linkedin.com/jobs/view/conversational-specialist-ai-at-landal-4425635993,https://nl.linkedin.com/company/landal,4425635993
Lasaulec BV,Commercieel Medewerker Binnendienst,Almere,2026-08-31,online sales medewerker,nee,https://nl.linkedin.com/jobs/view/commercieel-medewerker-binnendienst-at-lasaulec-bv-4460058994,https://nl.linkedin.com/company/lasaulec-bv,4460058994
Lasaulec BV,Commercieel Medewerker Binnendienst,Heerenveen,2026-08-31,online sales medewerker,nee,https://nl.linkedin.com/jobs/view/commercieel-medewerker-binnendienst-at-lasaulec-bv-4460082262,https://nl.linkedin.com/company/lasaulec-bv,4460082262
Lavastica International B.V.,Vertegenwoordiger binnendienst,Rotterdam,2026-08-11,online sales medewerker,nee,https://nl.linkedin.com/jobs/view/vertegenwoordiger-binnendienst-at-lavastica-international-b-v-4430922775,https://nl.linkedin.com/company/lavastica,4430922775
Leaseweb,Team Manager Datacenter Operations - Remote Hands Team,Haarlem,2026-09-05,voorraadbeheer webshop,nee,https://nl.linkedin.com/jobs/view/team-manager-datacenter-operations-remote-hands-team-at-leaseweb-4427574027,https://nl.linkedin.com/company/leaseweb,4427574027
Leaseweb,Agile Team Manager - VMware Cloud,Amsterdam,2026-09-11,webcare,nee,https://nl.linkedin.com/jobs/view/agile-team-manager-vmware-cloud-at-leaseweb-4378818076,https://nl.linkedin.com/company/leaseweb,4378818076
Libéma,Manager Marketing &amp; E-commerce,Rosmalen,2026-08-26,brand manager webshop,nee,https://nl.linkedin.com/jobs/view/manager-marketing-e-commerce-at-lib%C3%A9ma-4459153956,https://nl.linkedin.com/company/libema,4459153956
Lidl Nederland,Commercieel data-analist Lidl Plus-app Huizen (32-40 uur).,Huizen,2026-09-08,customer journey specialist,nee,https://nl.linkedin.com/jobs/view/commercieel-data-analist-lidl-plus-app-huizen-32-40-uur-at-lidl-nederland-4462869540,https://nl.linkedin.com/company/lidl-nederland,4462869540
Lidl Nederland,Medewerker retourenverwerking en schoonmaak distributiecentrum Waddinxveen (24-40 uur).,Waddinxveen,2026-09-14,packaging medewerker webshop,nee,https://nl.linkedin.com/jobs/view/medewerker-retourenverwerking-en-schoonmaak-distributiecentrum-waddinxveen-24-40-uur-at-lidl-nederland-4466782827,https://nl.linkedin.com/company/lidl-nederland,4466782827
Liffery,Sales,Lelystad,2026-08-04,online sales medewerker,nee,https://nl.linkedin.com/jobs/view/sales-at-liffery-4449067702,https://uk.linkedin.com/company/liffery,4449067702
Linkedtalent,Vakantiewerk!,Zwartewaterland,2026-07-19,retourverwerking,nee,https://nl.linkedin.com/jobs/view/vakantiewerk%21-at-linkedtalent-4450820339,https://nl.linkedin.com/company/linkedtalent,4450820339
Linkedtalent,Coördinator Commerciële Binnendienst,Zwartewaterland,2026-07-19,online sales medewerker,nee,https://nl.linkedin.com/jobs/view/co%C3%B6rdinator-commerci%C3%ABle-binnendienst-at-linkedtalent-4450800680,https://nl.linkedin.com/company/linkedtalent,4450800680
Linkedtalent,Logistiek Medewerker Allround,Ermelo,2026-07-31,retourverwerking,nee,https://nl.linkedin.com/jobs/view/logistiek-medewerker-allround-at-linkedtalent-4456924961,https://nl.linkedin.com/company/linkedtalent,4456924961
Linkedtalent,Inkoper / Kwaliteitsmedewerker,Zwartewaterland,2026-07-31,retourverwerking,nee,https://nl.linkedin.com/jobs/view/inkoper-kwaliteitsmedewerker-at-linkedtalent-4456941834,https://nl.linkedin.com/company/linkedtalent,4456941834
Linkedtalent,Medewerker Sales Support,Zwolle,2026-07-31,retourverwerking,nee,https://nl.linkedin.com/jobs/view/medewerker-sales-support-at-linkedtalent-4456944637,https://nl.linkedin.com/company/linkedtalent,4456944637
Linkedtalent,Supply Chain Productieplanner,Zwartewaterland,2026-07-31,retourverwerking,nee,https://nl.linkedin.com/jobs/view/supply-chain-productieplanner-at-linkedtalent-4456924962,https://nl.linkedin.com/company/linkedtalent,4456924962
Linkedtalent,Productieplanner,Zwartewaterland,2026-07-31,retourverwerking,nee,https://nl.linkedin.com/jobs/view/productieplanner-at-linkedtalent-4456940792,https://nl.linkedin.com/company/linkedtalent,4456940792
Linkedtalent,Administratief medewerker Planning,Zwartewaterland,2026-07-31,retourverwerking,nee,https://nl.linkedin.com/jobs/view/administratief-medewerker-planning-at-linkedtalent-4456928880,https://nl.linkedin.com/company/linkedtalent,4456928880
Linkedtalent,Management Trainee,Rotterdam,2026-08-14,retourverwerking,nee,https://nl.linkedin.com/jobs/view/management-trainee-at-linkedtalent-4456926914,https://nl.linkedin.com/company/linkedtalent,4456926914
Linkedtalent,Operationeel Inkoper,Lansingerland,2026-08-14,retourverwerking,nee,https://nl.linkedin.com/jobs/view/operationeel-inkoper-at-linkedtalent-4456931916,https://nl.linkedin.com/company/linkedtalent,4456931916
Linkedtalent,Forwarder,Rotterdam,2026-08-14,retourverwerking,nee,https://nl.linkedin.com/jobs/view/forwarder-at-linkedtalent-4456941837,https://nl.linkedin.com/company/linkedtalent,4456941837
Linkedtalent,Logistiek Coördinator,Rotterdam,2026-08-14,retourverwerking,nee,https://nl.linkedin.com/jobs/view/logistiek-co%C3%B6rdinator-at-linkedtalent-4463196281,https://nl.linkedin.com/company/linkedtalent,4463196281
Linkedtalent,Junior Supply Chain Planner,Prinsenbeek,2026-08-14,retourverwerking,nee,https://nl.linkedin.com/jobs/view/junior-supply-chain-planner-at-linkedtalent-4456935844,https://nl.linkedin.com/company/linkedtalent,4456935844
Linkedtalent,Productieplanner,Berkel-Enschot,2026-08-14,retourverwerking,nee,https://nl.linkedin.com/jobs/view/productieplanner-at-linkedtalent-4456934918,https://nl.linkedin.com/company/linkedtalent,4456934918
Linkedtalent,Meewerkend voorman,Kampen,2026-08-15,retourverwerking,nee,https://nl.linkedin.com/jobs/view/meewerkend-voorman-at-linkedtalent-4464136321,https://nl.linkedin.com/company/linkedtalent,4464136321
Linkedtalent,Productiemedewerker Tapijt,Zwolle,2026-08-15,retourverwerking,nee,https://nl.linkedin.com/jobs/view/productiemedewerker-tapijt-at-linkedtalent-4464151164,https://nl.linkedin.com/company/linkedtalent,4464151164
Linkedtalent,Logistiek Administratief Medewerker,Rotterdam,2026-08-20,retourverwerking,nee,https://nl.linkedin.com/jobs/view/logistiek-administratief-medewerker-at-linkedtalent-4457714390,https://nl.linkedin.com/company/linkedtalent,4457714390
Linkedtalent,Projectleider W,Leeuwarden,2026-08-27,retourverwerking,nee,https://nl.linkedin.com/jobs/view/projectleider-w-at-linkedtalent-4458007691,https://nl.linkedin.com/company/linkedtalent,4458007691
Linkedtalent,Projectleider W,Nijmegen,2026-08-27,retourverwerking,nee,https://nl.linkedin.com/jobs/view/projectleider-w-at-linkedtalent-4458000705,https://nl.linkedin.com/company/linkedtalent,4458000705
Linkedtalent,Projectleider W,Bergen op Zoom,2026-08-27,retourverwerking,nee,https://nl.linkedin.com/jobs/view/projectleider-w-at-linkedtalent-4457791769,https://nl.linkedin.com/company/linkedtalent,4457791769
Linkedtalent,Projectleider W,Harlingen,2026-08-27,retourverwerking,nee,https://nl.linkedin.com/jobs/view/projectleider-w-at-linkedtalent-4457791770,https://nl.linkedin.com/company/linkedtalent,4457791770
Linkedtalent,Projectleider E,Veendam,2026-08-27,retourverwerking,nee,https://nl.linkedin.com/jobs/view/projectleider-e-at-linkedtalent-4457767156,https://nl.linkedin.com/company/linkedtalent,4457767156
Linkedtalent,Projectleider E,Sittard,2026-08-27,retourverwerking,nee,https://nl.linkedin.com/jobs/view/projectleider-e-at-linkedtalent-4457766196,https://nl.linkedin.com/company/linkedtalent,4457766196
Linkedtalent,Teamleider Productie,Weurt,2026-08-31,retourverwerking,nee,https://nl.linkedin.com/jobs/view/teamleider-productie-at-linkedtalent-4459227076,https://nl.linkedin.com/company/linkedtalent,4459227076
Linkedtalent,Productiemanager,Huissen,2026-08-31,retourverwerking,nee,https://nl.linkedin.com/jobs/view/productiemanager-at-linkedtalent-4459222891,https://nl.linkedin.com/company/linkedtalent,4459222891
Linkedtalent,Operator Betoncentrale,Koudekerk aan de Rijn,2026-08-31,retourverwerking,nee,https://nl.linkedin.com/jobs/view/operator-betoncentrale-at-linkedtalent-4459235007,https://nl.linkedin.com/company/linkedtalent,4459235007
Linkedtalent,Productiemedewerker/ Medewerker Tasveld,Koudekerk aan de Rijn,2026-08-31,retourverwerking,nee,https://nl.linkedin.com/jobs/view/productiemedewerker-medewerker-tasveld-at-linkedtalent-4459216981,https://nl.linkedin.com/company/linkedtalent,4459216981
Linkedtalent,Operator,Koudekerk aan de Rijn,2026-08-31,retourverwerking,nee,https://nl.linkedin.com/jobs/view/operator-at-linkedtalent-4459211988,https://nl.linkedin.com/company/linkedtalent,4459211988
Linkedtalent,Teamleider Productie,Koudekerk aan de Rijn,2026-08-31,retourverwerking,nee,https://nl.linkedin.com/jobs/view/teamleider-productie-at-linkedtalent-4459230064,https://nl.linkedin.com/company/linkedtalent,4459230064
Linkedtalent,Supervisor Productie,Huissen,2026-08-31,retourverwerking,nee,https://nl.linkedin.com/jobs/view/supervisor-productie-at-linkedtalent-4459224584,https://nl.linkedin.com/company/linkedtalent,4459224584
Linkedtalent,Informatiebeheerder Life Science,Den Bosch,2026-08-31,retourverwerking,nee,https://nl.linkedin.com/jobs/view/informatiebeheerder-life-science-at-linkedtalent-4459222892,https://nl.linkedin.com/company/linkedtalent,4459222892
Linkedtalent,Administratief Medewerker,Tilburg,2026-08-31,retourverwerking,nee,https://nl.linkedin.com/jobs/view/administratief-medewerker-at-linkedtalent-4459236018,https://nl.linkedin.com/company/linkedtalent,4459236018
Linkedtalent,Kwaliteitscontroleur,Koudekerk aan de Rijn,2026-08-31,retourverwerking,nee,https://nl.linkedin.com/jobs/view/kwaliteitscontroleur-at-linkedtalent-4459227088,https://nl.linkedin.com/company/linkedtalent,4459227088
Linkedtalent,Productieplanner,Dordrecht,2026-09-01,retourverwerking,nee,https://nl.linkedin.com/jobs/view/productieplanner-at-linkedtalent-4459509166,https://nl.linkedin.com/company/linkedtalent,4459509166
Linkedtalent,Declarant,Pernis,2026-09-05,retourverwerking,nee,https://nl.linkedin.com/jobs/view/declarant-at-linkedtalent-4461451867,https://nl.linkedin.com/company/linkedtalent,4461451867
Linkedtalent,Medewerker ondersteuning procesoperator Zuiveringen,Zeeland,2026-09-12,retourverwerking,nee,https://nl.linkedin.com/jobs/view/medewerker-ondersteuning-procesoperator-zuiveringen-at-linkedtalent-4464289109,https://nl.linkedin.com/company/linkedtalent,4464289109
Linkedtalent,Operations Manager,Hoogezand,2026-09-16,retourverwerking,nee,https://nl.linkedin.com/jobs/view/operations-manager-at-linkedtalent-4465971996,https://nl.linkedin.com/company/linkedtalent,4465971996
Linkedtalent,Print Operator,Zwartewaterland,2026-09-21,retourverwerking,nee,https://nl.linkedin.com/jobs/view/print-operator-at-linkedtalent-4469981729,https://nl.linkedin.com/company/linkedtalent,4469981729
Linkedtalent,Teamleider Warehouse,Rotterdam,2026-09-22,retourverwerking,nee,https://nl.linkedin.com/jobs/view/teamleider-warehouse-at-linkedtalent-4470416032,https://nl.linkedin.com/company/linkedtalent,4470416032
Linkedtalent,Import &amp; Compliance Medewerker,Rotterdam,2026-09-22,retourverwerking,nee,https://nl.linkedin.com/jobs/view/import-compliance-medewerker-at-linkedtalent-4470416031,https://nl.linkedin.com/company/linkedtalent,4470416031
Linkedtalent,Declarant,Rotterdam,2026-09-22,retourverwerking,nee,https://nl.linkedin.com/jobs/view/declarant-at-linkedtalent-4470406370,https://nl.linkedin.com/company/linkedtalent,4470406370
Livit Ottobock Care,IT Operations Coördinator 32-40 uur,Dordrecht,2026-09-07,webcare,nee,https://nl.linkedin.com/jobs/view/it-operations-co%C3%B6rdinator-32-40-uur-at-livit-ottobock-care-4464344805,https://al.linkedin.com/company/livit-orthopedie,4464344805
LKQ Netherlands,Teamleider Customer Support,Hoensbroek,2026-09-09,klantcontact,nee,https://nl.linkedin.com/jobs/view/teamleider-customer-support-at-lkq-netherlands-4455787696,https://nl.linkedin.com/company/lkqnetherlands,4455787696
LKQ Netherlands,Supportmedewerker,Heerlen,2026-09-11,klantcontact,nee,https://nl.linkedin.com/jobs/view/supportmedewerker-at-lkq-netherlands-4466348327,https://nl.linkedin.com/company/lkqnetherlands,4466348327
"Logeion, de Nederlandse beroepsorganisatie voor communicatieprofessionals","Lead Data, AI &amp; Digitalisering",Den Haag,2026-09-08,customer journey specialist,nee,https://nl.linkedin.com/jobs/view/lead-data-ai-digitalisering-at-logeion-de-nederlandse-beroepsorganisatie-voor-communicatieprofessionals-4464416933,https://nl.linkedin.com/company/logeion-vereniging-voor-communicatie,4464416933
Logitech,EU eTail TikTok Shop Focus - Channel Manager,Utrecht,2026-09-10,brand manager webshop,nee,https://nl.linkedin.com/jobs/view/eu-etail-tiktok-shop-focus-channel-manager-at-logitech-4456460455,https://www.linkedin.com/company/logitech,4456460455
Lonza,Logistics Associate – Warehouse,Geleen,2026-09-11,e-fulfilment medewerker,nee,https://nl.linkedin.com/jobs/view/logistics-associate-%E2%80%93-warehouse-at-lonza-4447144770,https://ch.linkedin.com/company/lonza,4447144770
Loop Earplugs,VP Brand &amp; Marketing,Amsterdam,2026-09-04,brand manager webshop,nee,https://nl.linkedin.com/jobs/view/vp-brand-marketing-at-loop-earplugs-4461157740,https://be.linkedin.com/company/loopearplugs,4461157740
Loopper.com,Sales Binnendienst / Junior Accountmanager,Amsterdam,2026-09-16,orderpicker webshop,nee,https://nl.linkedin.com/jobs/view/sales-binnendienst-junior-accountmanager-at-loopper-com-4468204148,https://nl.linkedin.com/company/loopper,4468204148
LouwersHanique,Magazijn Medewerker,Hapert,2026-08-28,magazijnmedewerker webshop,nee,https://nl.linkedin.com/jobs/view/magazijn-medewerker-at-louwershanique-4458420714,https://nl.linkedin.com/company/louwershanique,4458420714
Louwman Group,Online lead &amp; Sales specialist Den haag,Den Haag,2026-08-03,online sales medewerker,nee,https://nl.linkedin.com/jobs/view/online-lead-sales-specialist-den-haag-at-louwman-group-4445896812,https://nl.linkedin.com/company/louwman-group,4445896812
Luke Recruitment,Accountmanager Buitendienst,Wijchen,2026-09-03,klantcontact,nee,https://nl.linkedin.com/jobs/view/accountmanager-buitendienst-at-luke-recruitment-4460464779,https://nl.linkedin.com/company/luke-recruitment,4460464779
Luke Recruitment,Accountmanager,Gorredijk,2026-09-10,klantcontact,nee,https://nl.linkedin.com/jobs/view/accountmanager-at-luke-recruitment-4465694200,https://nl.linkedin.com/company/luke-recruitment,4465694200
Lumiforte,Specialist digitale marketing,Baarle-Nassau,2026-09-22,customer journey specialist,nee,https://nl.linkedin.com/jobs/view/specialist-digitale-marketing-at-lumiforte-4470279677,https://nl.linkedin.com/company/lumiforte,4470279677
Lupo Recruitment,Teamleider Logistiek,Culemborg,2026-09-01,orderpicker webshop,nee,https://nl.linkedin.com/jobs/view/teamleider-logistiek-at-lupo-recruitment-4461755200,https://nl.linkedin.com/company/lupo-recruitment,4461755200
MAG45,Senior Warehouse Employee,Eindhoven,2026-09-11,e-fulfilment medewerker,nee,https://nl.linkedin.com/jobs/view/senior-warehouse-employee-at-mag45-4464869794,https://nl.linkedin.com/company/mag45,4464869794
Manutan,Medewerker klantcontact,Den Dolder,2026-08-20,online sales medewerker,nee,https://nl.linkedin.com/jobs/view/medewerker-klantcontact-at-manutan-4456493465,https://fr.linkedin.com/company/manutan,4456493465
Marketingrecruiters,Brandmanager,"Noord-Brabant, Nederland",2026-09-04,brand manager webshop,nee,https://nl.linkedin.com/jobs/view/brandmanager-at-marketingrecruiters-4463331051,https://nl.linkedin.com/company/marketingrecruiters,4463331051
Marsh,Teamlead Operations (m/v/x),Rotterdam,2026-09-17,retourverwerking,nee,https://nl.linkedin.com/jobs/view/teamlead-operations-m-v-x-at-marsh-4459177368,https://www.linkedin.com/company/marshglobal,4459177368
Mastermate,Magazijnmedewerker (Ploegendienst),Bleiswijk,2026-07-10,magazijnmedewerker webshop,nee,https://nl.linkedin.com/jobs/view/magazijnmedewerker-ploegendienst-at-mastermate-4439088090,https://nl.linkedin.com/company/mastermate,4439088090
MatchWornShirt,Senior CRM Specialist,Amsterdam,2026-09-21,customer journey specialist,nee,https://nl.linkedin.com/jobs/view/senior-crm-specialist-at-matchwornshirt-4469896849,https://nl.linkedin.com/company/match-worn-shirt,4469896849
Matt Sleeps,Head of Brand &amp; Marketing,Amsterdam,2026-05-29,brand manager webshop,ja,https://nl.linkedin.com/jobs/view/head-of-brand-marketing-at-matt-sleeps-4420921132,https://nl.linkedin.com/company/matt-sleeps,4420921132
Matt Sleeps,Creative Content Manager,Amsterdam,2026-05-29,brand manager webshop,ja,https://nl.linkedin.com/jobs/view/creative-content-manager-at-matt-sleeps-4420919180,https://nl.linkedin.com/company/matt-sleeps,4420919180
Maxodeals,Warehouse Employee,Roosendaal,2026-09-01,magazijnmedewerker webshop,nee,https://nl.linkedin.com/jobs/view/warehouse-employee-at-maxodeals-4459298348,https://nl.linkedin.com/company/socialmaxodeals,4459298348
McFly &amp; Brown,Inside Sales,Amsterdam,2026-09-11,online sales medewerker,nee,https://nl.linkedin.com/jobs/view/inside-sales-at-mcfly-brown-4463946858,https://nl.linkedin.com/company/mcfly-&amp;-brown,4463946858
Mediahuis Nederland,Marketeer Retentie &amp; Engagement,Maastricht,2026-09-02,customer journey specialist,nee,https://nl.linkedin.com/jobs/view/marketeer-retentie-engagement-at-mediahuis-nederland-4448404360,https://nl.linkedin.com/company/mediahuisnederland,4448404360
MediaMarkt Nederland,Winkelmedewerker Kassa &amp; Service Alphen aan den Rijn,Alphen aan den Rijn,2026-09-01,packaging medewerker webshop,nee,https://nl.linkedin.com/jobs/view/winkelmedewerker-kassa-service-alphen-aan-den-rijn-at-mediamarkt-nederland-4449565247,https://nl.linkedin.com/company/media-markt-saturn-nederland,4449565247
MediaMarkt Nederland,Winkelmedewerker Kassa &amp; Service Ekkersrijt,Eindhoven,2026-09-09,packaging medewerker webshop,nee,https://nl.linkedin.com/jobs/view/winkelmedewerker-kassa-service-ekkersrijt-at-mediamarkt-nederland-4452830385,https://nl.linkedin.com/company/media-markt-saturn-nederland,4452830385
MediaMarkt Nederland,Winkelmedewerker Kassa &amp; Service Den Bosch,'s-Hertogenbosch,2026-09-10,packaging medewerker webshop,nee,https://nl.linkedin.com/jobs/view/winkelmedewerker-kassa-service-den-bosch-at-mediamarkt-nederland-4434521924,https://nl.linkedin.com/company/media-markt-saturn-nederland,4434521924
Medipoint,Magazijnmedewerker Goederenontvangst,Amsterdam,2026-06-12,magazijnmedewerker webshop,nee,https://nl.linkedin.com/jobs/view/magazijnmedewerker-goederenontvangst-at-medipoint-4427932594,https://nl.linkedin.com/company/medipoint,4427932594
Medipoint,Logistiek medewerker,Helmond,2026-07-27,magazijnmedewerker webshop,nee,https://nl.linkedin.com/jobs/view/logistiek-medewerker-at-medipoint-4445932877,https://nl.linkedin.com/company/medipoint,4445932877
Medtronic,Marketing Specialist,Eindhoven,2026-07-17,customer journey specialist,nee,https://nl.linkedin.com/jobs/view/marketing-specialist-at-medtronic-4441495323,https://www.linkedin.com/company/medtronic,4441495323
Midwich Benelux,Brand Marketeer,Ridderkerk,2026-08-21,brand manager webshop,nee,https://nl.linkedin.com/jobs/view/brand-marketeer-at-midwich-benelux-4457348134,https://nl.linkedin.com/company/midwich-benelux,4457348134
MIREC B.V.,Logistiek Medewerker Goederenontvangst,Eindhoven,2026-05-20,retourverwerking,nee,https://nl.linkedin.com/jobs/view/logistiek-medewerker-goederenontvangst-at-mirec-b-v-4417308086,https://nl.linkedin.com/company/mirec-b-v,4417308086
Mobile Water,Customer Innovation Specialist – Marketing &amp; Technology,Breda,2026-09-14,customer journey specialist,nee,https://nl.linkedin.com/jobs/view/customer-innovation-specialist-%E2%80%93-marketing-technology-at-mobile-water-4467056885,https://nl.linkedin.com/company/mobile-water,4467056885
MoldBrothers,Senior Marketeer / Head of Marketing,Wijchen,2026-08-20,brand manager webshop,nee,https://nl.linkedin.com/jobs/view/senior-marketeer-head-of-marketing-at-moldbrothers-4456702497,https://nl.linkedin.com/company/moldbrothers,4456702497
Moma Beauty,MARKETING MANAGER – HAIBU,Groenlo,2026-08-26,brand manager webshop,nee,https://nl.linkedin.com/jobs/view/marketing-manager-%E2%80%93-haibu-at-moma-beauty-4457287679,https://nl.linkedin.com/company/moma-beauty,4457287679
Monday Merch,"Print Production Help | Stickers, Heat Pressing Logo's | Rotterdam Warehouse (2)",Rotterdam,2026-04-09,packaging medewerker webshop,nee,https://nl.linkedin.com/jobs/view/print-production-help-stickers-heat-pressing-logo-s-rotterdam-warehouse-2-at-monday-merch-4399894619,https://nl.linkedin.com/company/mondaymerch,4399894619
Monday Merch,"Print Production Help | Stickers, Heat Pressing Logo's | Rotterdam Warehouse",Rotterdam,2026-07-29,packaging medewerker webshop,nee,https://nl.linkedin.com/jobs/view/print-production-help-stickers-heat-pressing-logo-s-rotterdam-warehouse-at-monday-merch-4446567218,https://nl.linkedin.com/company/mondaymerch,4446567218
Mondial Relay,Senior Marketing Manager,Vianen,2026-09-07,brand manager webshop,nee,https://nl.linkedin.com/jobs/view/senior-marketing-manager-at-mondial-relay-4461864926,https://fr.linkedin.com/company/mondial-relay,4461864926
Morrison Express,Warehouse Operator (Loading),Eindhoven,2026-08-31,e-fulfilment medewerker,nee,https://nl.linkedin.com/jobs/view/warehouse-operator-loading-at-morrison-express-4451197240,https://tw.linkedin.com/company/morrison-express,4451197240
Movares,Projectleider Bodem,Raalte,2026-09-04,retourverwerking,nee,https://nl.linkedin.com/jobs/view/projectleider-bodem-at-movares-4443877708,https://nl.linkedin.com/company/movares,4443877708
MR MARVIS,CRM Specialist,Amsterdam Area,2026-09-22,customer journey specialist,nee,https://nl.linkedin.com/jobs/view/crm-specialist-at-mr-marvis-4470299333,https://nl.linkedin.com/company/mrmarvis,4470299333
MSD Animal Health Nederland,CRM &amp; Customer Engagement Specialist,Boxmeer,2026-09-04,customer journey specialist,nee,https://nl.linkedin.com/jobs/view/crm-customer-engagement-specialist-at-msd-animal-health-nederland-4463322073,https://nl.linkedin.com/company/msd-animal-health-nederland,4463322073
MSD Animal Health Nederland,Logistiek Operator (2-Ploegen),Boxmeer,2026-09-10,e-fulfilment medewerker,nee,https://nl.linkedin.com/jobs/view/logistiek-operator-2-ploegen-at-msd-animal-health-nederland-4465646075,https://nl.linkedin.com/company/msd-animal-health-nederland,4465646075
MSD Nederland,Logistiek Operator (2-Ploegen),Boxmeer,2026-09-09,e-fulfilment medewerker,nee,https://nl.linkedin.com/jobs/view/logistiek-operator-2-ploegen-at-msd-netherlands-4465349090,https://nl.linkedin.com/company/msd-netherlands,4465349090
MSD Nederland,CRM &amp; Customer Engagement Specialist,Boxmeer,2026-09-21,customer journey specialist,nee,https://nl.linkedin.com/jobs/view/crm-customer-engagement-specialist-at-msd-netherlands-4429223148,https://nl.linkedin.com/company/msd-netherlands,4429223148
MV Kantoor,Sales support,Zeist,2026-08-18,online sales medewerker,nee,https://nl.linkedin.com/jobs/view/sales-support-at-mv-kantoor-4455584392,https://nl.linkedin.com/company/mv-kantoor,4455584392
My Jewellery,Voorraadbeheerder,'s-Hertogenbosch,2026-09-20,voorraadbeheer webshop,nee,https://nl.linkedin.com/jobs/view/voorraadbeheerder-at-my-jewellery-4468459447,https://nl.linkedin.com/company/my-jewellery,4468459447
MyParcel,Customer Solutions Manager,Hoofddorp,2026-09-15,orderpicker webshop,nee,https://nl.linkedin.com/jobs/view/customer-solutions-manager-at-myparcel-4467493526,https://nl.linkedin.com/company/myparcel,4467493526
MyParcel,Accountmanager,Hoofddorp,2026-09-15,orderpicker webshop,nee,https://nl.linkedin.com/jobs/view/accountmanager-at-myparcel-4467496600,https://nl.linkedin.com/company/myparcel,4467496600
myTomorrows,IT Security Analyst,Amsterdam,2026-09-09,webcare,nee,https://nl.linkedin.com/jobs/view/it-security-analyst-at-mytomorrows-4461996426,https://nl.linkedin.com/company/mytomorrows,4461996426
Nedap,HubSpot &amp; RevOps Specialist .,Groenlo,2026-09-17,customer journey specialist,nee,https://nl.linkedin.com/jobs/view/hubspot-revops-specialist-at-nedap-4468633511,https://nl.linkedin.com/company/nedap,4468633511
Nedap,HubSpot &amp; RevOps Specialist,Groenlo,2026-09-21,customer journey specialist,nee,https://nl.linkedin.com/jobs/view/hubspot-revops-specialist-at-nedap-4467505300,https://nl.linkedin.com/company/nedap,4467505300
Nedap Beveiligingstechniek B.V.,Junior/Medior Full-Stack Ruby Developer,Groenlo,2026-08-11,webcare,nee,https://nl.linkedin.com/jobs/view/junior-medior-full-stack-ruby-developer-at-nedap-beveiligingstechniek-b-v-4451648978,https://www.linkedin.com/company/nedap-beveiligingstechniek-b.v.,4451648978
Nedap Beveiligingstechniek B.V.,HubSpot &amp; RevOps Specialist,Groenlo,2026-09-17,customer journey specialist,nee,https://nl.linkedin.com/jobs/view/hubspot-revops-specialist-at-nedap-beveiligingstechniek-b-v-4466612965,https://www.linkedin.com/company/nedap-beveiligingstechniek-b.v.,4466612965
Nederlands Krediet Collectief,Kredietspecialist,Den Haag,2026-09-10,klantcontact,nee,https://nl.linkedin.com/jobs/view/kredietspecialist-at-nederlands-krediet-collectief-4465622911,https://nl.linkedin.com/company/nederlandskredietcollectief,4465622911
Nefab,Medewerker Goederenontvangst,Nijkerk,2026-09-14,e-fulfilment medewerker,nee,https://nl.linkedin.com/jobs/view/medewerker-goederenontvangst-at-nefab-4467216100,https://se.linkedin.com/company/nefab,4467216100
Nefab,Productie Medewerker,Son,2026-09-17,packaging medewerker webshop,nee,https://nl.linkedin.com/jobs/view/productie-medewerker-at-nefab-4468670058,https://se.linkedin.com/company/nefab,4468670058
Neonsfeer,Email Marketeer / Klaviyo Specialist,'s-Hertogenbosch,2026-08-24,customer journey specialist,nee,https://nl.linkedin.com/jobs/view/email-marketeer-klaviyo-specialist-at-neonsfeer-4455758899,https://www.linkedin.com/company/neonsfeer,4455758899
Netcompany,Medior Software Engineer / Consultant (Nederlands sprekend),Den Haag,2026-09-22,webcare,nee,https://nl.linkedin.com/jobs/view/medior-software-engineer-consultant-nederlands-sprekend-at-netcompany-4459526290,https://dk.linkedin.com/company/netcompany-a-s,4459526290
Netvlies (part of Conclusion),Front-endontwikkelaar,"Utrecht, Nederland",2026-09-22,webcare,nee,https://nl.linkedin.com/jobs/view/front-endontwikkelaar-at-netvlies-part-of-conclusion-4468556236,https://nl.linkedin.com/company/netvlies,4468556236
New Black,React Developer,Almere,2026-08-27,medewerker webshop,nee,https://nl.linkedin.com/jobs/view/react-developer-at-new-black-4459880452,https://nl.linkedin.com/company/newblackio,4459880452
Next Force,IT Support - Microsoft,"Utrecht, Nederland",2026-09-15,webcare,nee,https://nl.linkedin.com/jobs/view/it-support-microsoft-at-next-force-recruitment-4466549368,https://nl.linkedin.com/company/next-force-recruitment,4466549368
NextEnergy,Lead Incasso,Utrecht,2026-06-17,retourverwerking,nee,https://nl.linkedin.com/jobs/view/lead-incasso-at-nextenergy-4429787993,https://nl.linkedin.com/company/nextenergynl,4429787993
NIBHV,Medewerker Verkoop &amp; Advies,Rotterdam,2026-07-25,online sales medewerker,nee,https://nl.linkedin.com/jobs/view/medewerker-verkoop-advies-at-nibhv-4440532018,https://nl.linkedin.com/company/nibhv,4440532018
Nmbrs,Product Marketer,Rotterdam,2026-09-17,customer journey specialist,nee,https://nl.linkedin.com/jobs/view/product-marketer-at-nmbrs-4467192369,https://nl.linkedin.com/company/nmbrs-software,4467192369
NOBEARS,Growth Marketeer,Heusden,2026-09-21,brand manager webshop,nee,https://nl.linkedin.com/jobs/view/growth-marketeer-at-nobears-4459153150,https://nl.linkedin.com/company/nobears,4459153150
Nobel Biocare,Warehouse Employee,Venlo,2026-09-14,e-fulfilment medewerker,nee,https://nl.linkedin.com/jobs/view/warehouse-employee-at-nobel-biocare-4465232057,https://ch.linkedin.com/company/nobel-biocare,4465232057
NOV,Supervisor Warehouse &amp; Shipping (m/f/d),Etten-Leur,2026-09-08,retourverwerking,nee,https://nl.linkedin.com/jobs/view/supervisor-warehouse-shipping-m-f-d-at-nov-4443613378,https://www.linkedin.com/company/novglobal,4443613378
NOV,Allround Warehousemedewerker,Etten-Leur,2026-09-21,retourverwerking,nee,https://nl.linkedin.com/jobs/view/allround-warehousemedewerker-at-nov-4469930307,https://www.linkedin.com/company/novglobal,4469930307
Novaware,Senior .NET developer,Zwolle,2026-01-07,webcare,nee,https://nl.linkedin.com/jobs/view/senior-net-developer-at-novaware-4351643699,https://nl.linkedin.com/company/novaware,4351643699
Novaware,Medior .NET Developer,Zwolle,2026-05-24,webcare,nee,https://nl.linkedin.com/jobs/view/medior-net-developer-at-novaware-4414869793,https://nl.linkedin.com/company/novaware,4414869793
NS,Senior CRM Specialist (Merk &amp; Klantenbinding),Utrecht,2026-08-20,customer journey specialist,nee,https://nl.linkedin.com/jobs/view/senior-crm-specialist-merk-klantenbinding-at-nederlandse-spoorwegen-4456011081,https://nl.linkedin.com/company/nederlandsespoorwegen,4456011081
nVent,Logistics Material Handler,Drachten,2026-09-08,retourverwerking,nee,https://nl.linkedin.com/jobs/view/logistics-material-handler-at-nvent-4455324291,https://www.linkedin.com/company/nvent,4455324291
NVM,CX Marketeer - NVM,Utrecht,2026-09-21,customer journey specialist,nee,https://nl.linkedin.com/jobs/view/cx-marketeer-nvm-at-nvm-4469931139,https://nl.linkedin.com/company/nvm,4469931139
Oakwell Hampton Group,Product Owner,Delft,2026-09-02,webcare,nee,https://nl.linkedin.com/jobs/view/product-owner-at-oakwell-hampton-group-4462180054,https://uk.linkedin.com/company/oakwell-hampton,4462180054
"Odd.Bot - ""Robotics for a Sustainable Future""",Commercieel medewerker,Rotterdam,2026-08-05,online sales medewerker,nee,https://nl.linkedin.com/jobs/view/commercieel-medewerker-at-odd-bot-robotics-for-a-sustainable-future-4449486300,https://nl.linkedin.com/company/odddotbot,4449486300
Oerlemans Plastics,Productie medewerker Wikkel,Genderen,2026-09-16,packaging medewerker webshop,nee,https://nl.linkedin.com/jobs/view/productie-medewerker-wikkel-at-oerlemans-plastics-4466228596,https://nl.linkedin.com/company/oerlemans-plastics-packaging,4466228596
Olenex,Verpakkingsoperator,Zaandam,2026-09-07,packaging medewerker webshop,nee,https://nl.linkedin.com/jobs/view/verpakkingsoperator-at-olenex-4454634460,https://ch.linkedin.com/company/olenex,4454634460
Omoda &amp; Jaecoo Nederland,CRM Specialist - Netherlands Region,Amsterdam,2026-08-31,customer journey specialist,nee,https://nl.linkedin.com/jobs/view/crm-specialist-netherlands-region-at-omoda-jaecoo-nederland-4460030668,https://nl.linkedin.com/company/omodajaecoo-nederland,4460030668
Oneway Bike,Inside Sales Coordinator,Rotterdam,2026-09-07,online sales medewerker,nee,https://nl.linkedin.com/jobs/view/inside-sales-coordinator-at-oneway-bike-4462942025,https://nl.linkedin.com/company/oneway-bike,4462942025
Online Makelaar,Sales Specialist,Utrecht Area,2026-07-27,online sales medewerker,nee,https://nl.linkedin.com/jobs/view/sales-specialist-at-online-makelaar-4445964165,https://nl.linkedin.com/company/online-makelaar,4445964165
OPACKGROUP,322-Logistiek medewerker,Giessen,2026-09-15,packaging medewerker webshop,nee,https://nl.linkedin.com/jobs/view/322-logistiek-medewerker-at-opackgroup-4465577312,https://nl.linkedin.com/company/opackgroup,4465577312
OPACKGROUP,359-Productie medewerker Wikkel,Genderen,2026-09-16,packaging medewerker webshop,nee,https://nl.linkedin.com/jobs/view/359-productie-medewerker-wikkel-at-opackgroup-4468244041,https://nl.linkedin.com/company/opackgroup,4468244041
OPACKGROUP,355-Logistiek medewerker,Giessen,2026-09-16,packaging medewerker webshop,nee,https://nl.linkedin.com/jobs/view/355-logistiek-medewerker-at-opackgroup-4468239151,https://nl.linkedin.com/company/opackgroup,4468239151
OPACKGROUP,367-Confectie operator,Edam,2026-09-16,packaging medewerker webshop,nee,https://nl.linkedin.com/jobs/view/367-confectie-operator-at-opackgroup-4468240380,https://nl.linkedin.com/company/opackgroup,4468240380
Oppo Merchandise Group,Stagiair(e) E-Commerce,Roelofarendsveen,2025-11-03,orderpicker webshop,nee,https://nl.linkedin.com/jobs/view/stagiair-e-e-commerce-at-oppo-merchandise-group-4320366810,https://nl.linkedin.com/company/oppomerchandisegroup,4320366810
Oppo Merchandise Group,Social Media &amp; PR Manager,Roelofarendsveen,2026-09-05,brand manager webshop,nee,https://nl.linkedin.com/jobs/view/social-media-pr-manager-at-oppo-merchandise-group-4462657272,https://nl.linkedin.com/company/oppomerchandisegroup,4462657272
Opus Recruitment Solutions,Customer Success Consultant,Amsterdam Area,2026-09-07,customer journey specialist,nee,https://nl.linkedin.com/jobs/view/customer-success-consultant-at-opus-recruitment-solutions-4462964465,https://uk.linkedin.com/company/opus-recruitment-solutions,4462964465
Orange Gaming,CRM Strategist,Randstad,2026-06-11,customer journey specialist,nee,https://nl.linkedin.com/jobs/view/crm-strategist-at-orange-gaming-4427505912,https://www.linkedin.com/company/orangegaming,4427505912
OTC health &amp; beauty,Brandmanager,Arnhem,2026-09-10,brand manager webshop,nee,https://nl.linkedin.com/jobs/view/brandmanager-at-otc-health-beauty-4463475168,https://nl.linkedin.com/company/otc-health-beauty,4463475168
Panda International,Logistics Associate (Warehouse),Sittard-Geleen,2026-08-27,e-fulfilment medewerker,nee,https://nl.linkedin.com/jobs/view/logistics-associate-warehouse-at-panda-international-4459677395,https://nl.linkedin.com/company/panda-international,4459677395
Pantyr (Atlas &amp; Meld een Vermoeden),Customer Success Manager,Den Haag,2026-07-10,webcare,nee,https://nl.linkedin.com/jobs/view/customer-success-manager-at-pantyr-atlas-meld-een-vermoeden-4439046956,https://nl.linkedin.com/company/pantyr,4439046956
PaperClip Cards,Accountmanager,Rotterdam,2026-09-18,klantcontact,nee,https://nl.linkedin.com/jobs/view/accountmanager-at-paperclip-cards-4468201363,https://nl.linkedin.com/company/paperclipcards,4468201363
Paradox EN,🇫🇷 Growth Manager - EdTech (French fluent),Amsterdam,2026-07-21,customer journey specialist,nee,https://nl.linkedin.com/jobs/view/%F0%9F%87%AB%F0%9F%87%B7-growth-manager-edtech-french-fluent-at-paradox-en-4443553676,https://fr.linkedin.com/company/weareparadox-eng,4443553676
Parenco B.V.,Proces­­operator Pulp &amp; Energie afd. Pulp,Renkum,2026-08-07,retourverwerking,nee,https://nl.linkedin.com/jobs/view/proces%C2%AD%C2%ADoperator-pulp-energie-afd-pulp-at-smurfit-westrock-parenco-4450069205,https://nl.linkedin.com/company/parenco-b-v-,4450069205
Partner in Recruitment,Medewerker Customer Service,Zeewolde,2026-09-15,klantcontact,nee,https://nl.linkedin.com/jobs/view/medewerker-customer-service-at-partner-in-recruitment-4467713610,https://nl.linkedin.com/company/partnerinrecruitment,4467713610
Patagonia,Marketplace (Market &amp; Consumers) Insights Analyst (f/m/d),Amsterdam,2026-09-03,customer journey specialist,nee,https://nl.linkedin.com/jobs/view/marketplace-market-consumers-insights-analyst-f-m-d-at-patagonia-4442643389,https://www.linkedin.com/company/patagonia_2,4442643389
Patagonia,Ecommerce and CRM Marketing Manager (f/m/d),Amsterdam,2026-09-15,brand manager webshop,nee,https://nl.linkedin.com/jobs/view/ecommerce-and-crm-marketing-manager-f-m-d-at-patagonia-4447983547,https://www.linkedin.com/company/patagonia_2,4447983547
PCS Wireless,Warehouse Operator,Burgemeester Beinsdorp,2026-09-14,e-fulfilment medewerker,nee,https://nl.linkedin.com/jobs/view/warehouse-operator-at-pcs-wireless-4465788706,https://www.linkedin.com/company/pcswireless,4465788706
Peka Kroef B.V.,Verpakkingsoperator 2-ploegen Odiliapeel,Odiliapeel,2026-01-28,packaging medewerker webshop,nee,https://nl.linkedin.com/jobs/view/verpakkingsoperator-2-ploegen-odiliapeel-at-peka-kroef-b-v-4356591268,https://nl.linkedin.com/company/peka-kroef,4356591268
Peka Kroef B.V.,Verpakkingsoperator 5-ploegen,Asten,2026-06-13,packaging medewerker webshop,nee,https://nl.linkedin.com/jobs/view/verpakkingsoperator-5-ploegen-at-peka-kroef-b-v-4434887580,https://nl.linkedin.com/company/peka-kroef,4434887580
Perrigo Company plc,Brand Manager-Local Brands/Jewels Benelux,Rotterdam,2026-09-02,brand manager webshop,nee,https://nl.linkedin.com/jobs/view/brand-manager-local-brands-jewels-benelux-at-perrigo-company-plc-4440180768,https://ie.linkedin.com/company/perrigo,4440180768
Perrigo Company plc,Brand Manager Davitamon- Benelux,Rotterdam,2026-09-02,brand manager webshop,nee,https://nl.linkedin.com/jobs/view/brand-manager-davitamon-benelux-at-perrigo-company-plc-4440188466,https://ie.linkedin.com/company/perrigo,4440188466
PeterPrint,Tech Lead (lead developer),Groningen,2026-09-15,orderpicker webshop,nee,https://nl.linkedin.com/jobs/view/tech-lead-lead-developer-at-peterprint-4465258198,https://nl.linkedin.com/company/peterprint,4465258198
PGGM,Functioneel Consultant MS Dynamics,Zeist,2026-09-17,customer journey specialist,nee,https://nl.linkedin.com/jobs/view/functioneel-consultant-ms-dynamics-at-pggm-4468613105,https://nl.linkedin.com/company/pggm,4468613105
Philips,Logistiek Medewerker &amp; Warehouse Coördinator 7T MR,Best,2026-09-02,e-fulfilment medewerker,nee,https://nl.linkedin.com/jobs/view/logistiek-medewerker-warehouse-co%C3%B6rdinator-7t-mr-at-philips-4460983149,https://nl.linkedin.com/company/philips,4460983149
Phone Assistant AI - Bubo,Sales Executive,Haaksbergen,2026-09-05,online sales medewerker,nee,https://nl.linkedin.com/jobs/view/sales-executive-at-phone-assistant-ai-bubo-4463769721,https://nl.linkedin.com/company/phone-assistant-ai,4463769721
Piaggio Vespa B.V.,Marketingmanager,Breda,2026-08-28,brand manager webshop,nee,https://nl.linkedin.com/jobs/view/marketingmanager-at-piaggio-vespa-b-v-4460190990,https://www.linkedin.com/company/piaggio-vespa-b.v.,4460190990
Picnic Technologies,Working Student Content Creator,Amsterdam,2026-09-07,orderpicker webshop,nee,https://nl.linkedin.com/jobs/view/working-student-content-creator-at-picnic-technologies-4298285229,https://nl.linkedin.com/company/picnictechnologies,4298285229
Picnic Technologies,Strategy - Future Leaders Graduate Program,Amsterdam,2026-09-07,customer journey specialist,nee,https://nl.linkedin.com/jobs/view/strategy-future-leaders-graduate-program-at-picnic-technologies-4400238377,https://nl.linkedin.com/company/picnictechnologies,4400238377
Picnic Technologies,Junior Product Photographer,Amsterdam,2026-09-17,orderpicker webshop,nee,https://nl.linkedin.com/jobs/view/junior-product-photographer-at-picnic-technologies-4448852783,https://nl.linkedin.com/company/picnictechnologies,4448852783
Picnic Technologies,Hub Manager Program,Goes,2026-09-17,orderpicker webshop,nee,https://nl.linkedin.com/jobs/view/hub-manager-program-at-picnic-technologies-4440959639,https://nl.linkedin.com/company/picnictechnologies,4440959639
Picnic Technologies,Campaign Manager,Amsterdam,2026-09-22,customer journey specialist,nee,https://nl.linkedin.com/jobs/view/campaign-manager-at-picnic-technologies-4384847658,https://nl.linkedin.com/company/picnictechnologies,4384847658
PLAN ZZP,Front-end-developer,Tilburg,2026-09-01,webcare,nee,https://nl.linkedin.com/jobs/view/front-end-developer-at-plan-zzp-4461743870,https://nl.linkedin.com/company/plan-zzp,4461743870
PlaytoWork,Technician,Oss,2026-08-30,webcare,nee,https://nl.linkedin.com/jobs/view/technician-at-playtowork-4458837609,https://www.linkedin.com/company/playtowork,4458837609
Postcode Loterij,Senior Retentie Marketeer Postcode Loterij,Amsterdam,2026-09-09,customer journey specialist,nee,https://nl.linkedin.com/jobs/view/senior-retentie-marketeer-postcode-loterij-at-postcode-loterij-4455752375,https://nl.linkedin.com/company/postcodeloterij,4455752375
PowerKraut,Product Owner,Doetinchem,2026-09-08,customer journey specialist,nee,https://nl.linkedin.com/jobs/view/product-owner-at-powerkraut-4464488897,https://nl.linkedin.com/company/powerkrautnl,4464488897
Prado Family,inside sales associate Amsterdam,Amsterdam,2026-07-29,online sales medewerker,nee,https://nl.linkedin.com/jobs/view/inside-sales-associate-amsterdam-at-prado-family-4446555325,https://www.linkedin.com/company/prado-family,4446555325
Premier Tech,Magazijnmedewerker,Hapert,2026-04-21,magazijnmedewerker webshop,nee,https://nl.linkedin.com/jobs/view/magazijnmedewerker-at-premier-tech-4404934093,https://ca.linkedin.com/company/premier-tech,4404934093
Premier Tech,Magazijnmedewerker,Eersel,2026-04-21,magazijnmedewerker webshop,nee,https://nl.linkedin.com/jobs/view/magazijnmedewerker-at-premier-tech-4404922308,https://ca.linkedin.com/company/premier-tech,4404922308
Pricewise,CRM &amp; Customer Data Specialist,Amsterdam Area,2026-09-11,customer journey specialist,nee,https://nl.linkedin.com/jobs/view/crm-customer-data-specialist-at-pricewise-4464887401,https://nl.linkedin.com/company/pricewisenl,4464887401
Prijsvrij Vakanties,CRO Specialist,'s-Hertogenbosch,2026-09-02,customer journey specialist,nee,https://nl.linkedin.com/jobs/view/cro-specialist-at-prijsvrij-vakanties-4462171539,https://nl.linkedin.com/company/prijsvrij,4462171539
Print.com,Customer Retention Specialist,Deventer,2026-03-30,customer journey specialist,nee,https://nl.linkedin.com/jobs/view/customer-retention-specialist-at-print-com-4392901510,https://nl.linkedin.com/company/printdotcom,4392901510
Probo.nl,Operator Verzending,Dokkum,2026-08-05,packaging medewerker webshop,nee,https://nl.linkedin.com/jobs/view/operator-verzending-at-probo-nl-4449670717,https://nl.linkedin.com/company/probo,4449670717
Probo.nl,Productiemedewerker,Dokkum,2026-08-20,packaging medewerker webshop,nee,https://nl.linkedin.com/jobs/view/productiemedewerker-at-probo-nl-4456771854,https://nl.linkedin.com/company/probo,4456771854
Prodrive Technologies,Commercial Excellence Specialist,Eindhoven,2026-09-05,customer journey specialist,nee,https://nl.linkedin.com/jobs/view/commercial-excellence-specialist-at-prodrive-technologies-4444941044,https://nl.linkedin.com/company/prodrivetechnologies,4444941044
Profit4SF an Eviden business,Salesforce Marketing Cloud Consultant,Utrecht,2026-07-09,customer journey specialist,nee,https://nl.linkedin.com/jobs/view/salesforce-marketing-cloud-consultant-at-profit4sf-4437908657,https://www.linkedin.com/company/profit4sf,4437908657
Progressive,Operational Excellence,Leiden,2026-08-26,retourverwerking,nee,https://nl.linkedin.com/jobs/view/operational-excellence-at-progressive-4459305282,https://uk.linkedin.com/company/progressive-recruitment,4459305282
Progressive,Business Analist - CRM,Zoetermeer,2026-09-14,customer journey specialist,nee,https://nl.linkedin.com/jobs/view/business-analist-crm-at-progressive-4467038659,https://uk.linkedin.com/company/progressive-recruitment,4467038659
Projectcolor BV,Orderbegeleider,Hoofddorp,2025-05-08,klantcontact,nee,https://nl.linkedin.com/jobs/view/orderbegeleider-at-projectcolor-bv-4226162604,https://nl.linkedin.com/company/projectcolor,4226162604
Prominent,Marketing Automation Specialist,Nunspeet,2026-09-05,customer journey specialist,nee,https://nl.linkedin.com/jobs/view/marketing-automation-specialist-at-prominent-comfortproducten-bv-4441480549,https://nl.linkedin.com/company/prominent-comfortproducten-bv,4441480549
Q-Park Nederland,Digital Product Manager #1086,Maastricht,2026-08-17,customer journey specialist,nee,https://nl.linkedin.com/jobs/view/digital-product-manager-%231086-at-q-park-nederland-4455256750,https://nl.linkedin.com/company/q-parknederland,4455256750
QTC Recruitment,Account Manager Medical Software,Randstad,2026-09-16,webcare,nee,https://nl.linkedin.com/jobs/view/account-manager-medical-software-at-qtc-recruitment-4465990066,https://nl.linkedin.com/company/qtc-recruitment,4465990066
Quality,Network Security Engineer,Capelle aan den IJssel,2026-09-21,webcare,nee,https://nl.linkedin.com/jobs/view/network-security-engineer-at-quality-4417664230,https://nl.linkedin.com/company/qualitybv,4417664230
Quatt,Sales Support,Amsterdam,2026-07-17,online sales medewerker,nee,https://nl.linkedin.com/jobs/view/sales-support-at-quatt-4449126242,https://nl.linkedin.com/company/quatt-heat,4449126242
Quooker,Applicatiebeheerder,Ridderkerk,2026-08-31,voorraadbeheer webshop,nee,https://nl.linkedin.com/jobs/view/applicatiebeheerder-at-quooker-4461077307,https://nl.linkedin.com/company/quooker,4461077307
Quooker,Applicatiemanager ERP,Ridderkerk,2026-09-21,voorraadbeheer webshop,nee,https://nl.linkedin.com/jobs/view/applicatiemanager-erp-at-quooker-4469838981,https://nl.linkedin.com/company/quooker,4469838981
QWIC,Head of IT,Amsterdam,2026-09-18,webcare,ja,https://nl.linkedin.com/jobs/view/head-of-it-at-qwic-4469154053,https://nl.linkedin.com/company/qwic,4469154053
Raben Netherlands,Inside Sales - Commercieel medewerker,Hazerswoude Dorp,2026-09-15,online sales medewerker,nee,https://nl.linkedin.com/jobs/view/inside-sales-commercieel-medewerker-at-raben-netherlands-4465572598,https://nl.linkedin.com/company/raben-netherlands,4465572598
Raycruiting,Magazijn Orderpicker,Emmen,2026-08-04,retourverwerking,nee,https://nl.linkedin.com/jobs/view/magazijn-orderpicker-at-raycruiting-4448556239,https://nl.linkedin.com/company/raycruiting,4448556239
Raycruiting,Productiemedewerker / Operator Houtproductie,Veendam,2026-08-04,retourverwerking,nee,https://nl.linkedin.com/jobs/view/productiemedewerker-operator-houtproductie-at-raycruiting-4448559157,https://nl.linkedin.com/company/raycruiting,4448559157
Raycruiting,Logistiek Medewerker,Emmen,2026-08-11,retourverwerking,nee,https://nl.linkedin.com/jobs/view/logistiek-medewerker-at-raycruiting-4451925813,https://nl.linkedin.com/company/raycruiting,4451925813
Raycruiting,Productiemedewerker Houten Verpakkingen,Stadskanaal,2026-08-26,packaging medewerker webshop,nee,https://nl.linkedin.com/jobs/view/productiemedewerker-houten-verpakkingen-at-raycruiting-4457974699,https://nl.linkedin.com/company/raycruiting,4457974699
RaySearch Laboratories,Application Specialist,Amsterdam,2026-09-22,webcare,nee,https://nl.linkedin.com/jobs/view/application-specialist-at-raysearch-laboratories-4470434852,https://se.linkedin.com/company/raysearch-laboratories,4470434852
Razer,Category Manager – Lifestyle and Content Creation,Amsterdam,2026-07-06,brand manager webshop,nee,https://nl.linkedin.com/jobs/view/category-manager-%E2%80%93-lifestyle-and-content-creation-at-razer-4423515568,https://www.linkedin.com/company/razer,4423515568
Reckitt,Global Business Process Owner - Manufacturing Data Platform,Schiphol,2026-09-13,retourverwerking,nee,https://nl.linkedin.com/jobs/view/global-business-process-owner-manufacturing-data-platform-at-reckitt-4430961968,https://uk.linkedin.com/company/reckitt,4430961968
RECO,Logistiek Medewerker,Koudekerk aan de Rijn,2026-08-17,retourverwerking,nee,https://nl.linkedin.com/jobs/view/logistiek-medewerker-at-reco-4455291017,https://nl.linkedin.com/company/reco-b-v-,4455291017
RECO,Planner,Koudekerk aan de Rijn,2026-08-17,retourverwerking,nee,https://nl.linkedin.com/jobs/view/planner-at-reco-4455281651,https://nl.linkedin.com/company/reco-b-v-,4455281651
Recruitee Middleware RSC Test Company,Account manager Buitendienst,Utrecht,2026-07-31,klantcontact,nee,https://nl.linkedin.com/jobs/view/account-manager-buitendienst-at-recruitee-middleware-rsc-test-company-4458743547,https://www.linkedin.com/company/recruitee-middleware-rsc-test-company,4458743547
Red River - Van Eck B.V.,Productie Operator,Etten-Leur,2026-07-27,retourverwerking,nee,https://nl.linkedin.com/jobs/view/productie-operator-at-red-river-van-eck-b-v-4457503814,https://nl.linkedin.com/company/red-river-van-eck-b-v,4457503814
Redcare Pharmacy,Customer Service Quality &amp; Projects Manager,Sevenum,2026-07-07,webcare,nee,https://nl.linkedin.com/jobs/view/customer-service-quality-projects-manager-at-redcare-pharmacy-4419678566,https://nl.linkedin.com/company/redcare-pharmacy-com,4419678566
Redcare Pharmacy,Kundenservice Manager – Partner &amp; Performance (m/w/d),Sevenum,2026-07-07,webcare,nee,https://nl.linkedin.com/jobs/view/kundenservice-manager-%E2%80%93-partner-performance-m-w-d-at-redcare-pharmacy-4419690432,https://nl.linkedin.com/company/redcare-pharmacy-com,4419690432
Redcare Pharmacy,Logistics Control Operator (m/f/d),Sevenum,2026-09-09,webcare,nee,https://nl.linkedin.com/jobs/view/logistics-control-operator-m-f-d-at-redcare-pharmacy-4440425796,https://nl.linkedin.com/company/redcare-pharmacy-com,4440425796
Redcare Pharmacy,Junior Payment Operations Associate (m/f/d),Sevenum,2026-09-10,retourverwerking,nee,https://nl.linkedin.com/jobs/view/junior-payment-operations-associate-m-f-d-at-redcare-pharmacy-4444102238,https://nl.linkedin.com/company/redcare-pharmacy-com,4444102238
Redcare Pharmacy,Lagermitarbeiter Schwerpunkt Wareneingang (m/w/d) Vollzeit,Sevenum,2026-09-17,magazijnmedewerker webshop,nee,https://nl.linkedin.com/jobs/view/lagermitarbeiter-schwerpunkt-wareneingang-m-w-d-vollzeit-at-redcare-pharmacy-4457782034,https://nl.linkedin.com/company/redcare-pharmacy-com,4457782034
Redcare Pharmacy,Customer Service Quality &amp; Projects Manager (m/f/d),Sevenum,2026-09-17,webcare,nee,https://nl.linkedin.com/jobs/view/customer-service-quality-projects-manager-m-f-d-at-redcare-pharmacy-4449219265,https://nl.linkedin.com/company/redcare-pharmacy-com,4449219265
Redcare Pharmacy,ERP Functional Consultant (m/f/d),Sevenum,2026-09-17,webcare,nee,https://nl.linkedin.com/jobs/view/erp-functional-consultant-m-f-d-at-redcare-pharmacy-4466284068,https://nl.linkedin.com/company/redcare-pharmacy-com,4466284068
Redcare Pharmacy,ERP Functional Consultant (m/f/d),Eindhoven,2026-09-17,webcare,nee,https://nl.linkedin.com/jobs/view/erp-functional-consultant-m-f-d-at-redcare-pharmacy-4466282070,https://nl.linkedin.com/company/redcare-pharmacy-com,4466282070
Redcare Pharmacy,Senior Case Manager (m/v/x),Sevenum,2026-09-18,webcare,nee,https://nl.linkedin.com/jobs/view/senior-case-manager-m-v-x-at-redcare-pharmacy-4458059398,https://nl.linkedin.com/company/redcare-pharmacy-com,4458059398
Redcare Pharmacy,Warehouse Management ERP Application Owner (m/f/d),Sevenum,2026-09-21,webcare,nee,https://nl.linkedin.com/jobs/view/warehouse-management-erp-application-owner-m-f-d-at-redcare-pharmacy-4467383875,https://nl.linkedin.com/company/redcare-pharmacy-com,4467383875
Redcare Pharmacy,Senior Modern Workplace Engineer (m/f/d),Sevenum,2026-09-22,webcare,nee,https://nl.linkedin.com/jobs/view/senior-modern-workplace-engineer-m-f-d-at-redcare-pharmacy-4459519381,https://nl.linkedin.com/company/redcare-pharmacy-com,4459519381
RedCarpet®,IBM Content Manager (CM8) Expert,Amstelveen,2026-08-31,webcare,nee,https://nl.linkedin.com/jobs/view/ibm-content-manager-cm8-expert-at-redcarpet%C2%AE-4461067435,https://nl.linkedin.com/company/redcarpet-careers,4461067435
Refresco,Medewerker Industriële Schoonmaak,Sittard,2026-01-06,retourverwerking,nee,https://nl.linkedin.com/jobs/view/medewerker-industri%C3%ABle-schoonmaak-at-refresco-4358382398,https://nl.linkedin.com/company/refresco,4358382398
Refresco,SAP EWM Consultant,Rotterdam,2026-09-02,retourverwerking,nee,https://nl.linkedin.com/jobs/view/sap-ewm-consultant-at-refresco-4440468841,https://nl.linkedin.com/company/refresco,4440468841
Reinigingsdiensten Rd4,Werkervaringsplek sorteercentrum,Heerlen,2026-05-01,retourverwerking,nee,https://nl.linkedin.com/jobs/view/werkervaringsplek-sorteercentrum-at-reinigingsdiensten-rd4-4409497510,https://nl.linkedin.com/company/reinigingsdiensten-rd4,4409497510
ReintenInfra B.V.,Weger/Menger,Hengelo,2026-04-01,retourverwerking,nee,https://nl.linkedin.com/jobs/view/weger-menger-at-reinteninfra-b-v-4394925602,https://nl.linkedin.com/company/reinteninfra,4394925602
ReintenInfra B.V.,Procesmanager D&amp;C,Borne,2026-04-01,retourverwerking,nee,https://nl.linkedin.com/jobs/view/procesmanager-d-c-at-reinteninfra-b-v-4394928302,https://nl.linkedin.com/company/reinteninfra,4394928302
ReintenInfra B.V.,Weger/Menger,Hengelo,2026-04-01,retourverwerking,nee,https://nl.linkedin.com/jobs/view/weger-menger-at-reinteninfra-b-v-4394917797,https://nl.linkedin.com/company/reinteninfra,4394917797
Remeha,Customer Support Specialist,Apeldoorn,2026-09-11,retourverwerking,nee,https://nl.linkedin.com/jobs/view/customer-support-specialist-at-remeha-4466088520,https://nl.linkedin.com/company/remeha,4466088520
Remia C.V.,Proces Operator,Zeist,2026-09-08,retourverwerking,nee,https://nl.linkedin.com/jobs/view/proces-operator-at-remia-c-v-4451526717,https://nl.linkedin.com/company/remia-c-v-,4451526717
REMONDIS Nederland,Depotmedewerker / Rangeerder,Lichtenvoorde,2026-08-31,retourverwerking,nee,https://nl.linkedin.com/jobs/view/depotmedewerker-rangeerder-at-remondis-nederland-4461510175,https://nl.linkedin.com/company/remondis-nederland,4461510175
Rendement Recruiters,WAREHOUSE MANAGER (FRESH PRODUCE &amp; FOOD LOGISTICS),Westland,2026-09-21,retourverwerking,nee,https://nl.linkedin.com/jobs/view/warehouse-manager-fresh-produce-food-logistics-at-rendement-recruiters-4467376373,https://nl.linkedin.com/company/rendementrecruiters,4467376373
Rendement Recruiters,TEAMLEIDER PRODUCTIE (FRESH PRODUCE &amp; PACKAGING),Westland,2026-09-21,retourverwerking,nee,https://nl.linkedin.com/jobs/view/teamleider-productie-fresh-produce-packaging-at-rendement-recruiters-4467375401,https://nl.linkedin.com/company/rendementrecruiters,4467375401
Renewi,Accountmanager,Oss,2026-08-28,retourverwerking,nee,https://nl.linkedin.com/jobs/view/accountmanager-at-renewi-4458943723,https://nl.linkedin.com/company/renewi,4458943723
Renewi,Internal Auditor,Amersfoort,2026-08-31,retourverwerking,nee,https://nl.linkedin.com/jobs/view/internal-auditor-at-renewi-4447922293,https://nl.linkedin.com/company/renewi,4447922293
Renewi,Business Analist Health &amp; Wellbeing,Eindhoven Area,2026-09-21,retourverwerking,nee,https://nl.linkedin.com/jobs/view/business-analist-health-wellbeing-at-renewi-4446037479,https://nl.linkedin.com/company/renewi,4446037479
Renewi NL | BE,Casemanager Verzuim,Amsterdam Area,2026-08-28,retourverwerking,nee,https://nl.linkedin.com/jobs/view/casemanager-verzuim-at-renewi-nl-be-4449126215,https://nl.linkedin.com/company/nl-be,4449126215
Renewi NL | BE,Site Manager,Dordrecht,2026-09-22,retourverwerking,nee,https://nl.linkedin.com/jobs/view/site-manager-at-renewi-nl-be-4470292752,https://nl.linkedin.com/company/nl-be,4470292752
Rensa Family Company,Assemblagemedewerker Prefab,Doetinchem,2026-07-10,retourverwerking,nee,https://nl.linkedin.com/jobs/view/assemblagemedewerker-prefab-at-rensa-family-company-4437986558,https://nl.linkedin.com/company/rensa-family-company,4437986558
Rensa Verwarming + Ventilatie,Logistiekmedewerker (dagdienst) - Weert,Weert,2026-07-08,retourverwerking,nee,https://nl.linkedin.com/jobs/view/logistiekmedewerker-dagdienst-weert-at-rensa-verwarming-%2B-ventilatie-4437001223,https://nl.linkedin.com/company/rensa,4437001223
Renske Natural Petfood B.V.,Inkoop Analist | Starter welkom!,Boxmeer,2026-09-04,retourverwerking,ja,https://nl.linkedin.com/jobs/view/inkoop-analist-starter-welkom%21-at-renske-natural-petfood-b-v-4461139916,https://nl.linkedin.com/company/renske-natural-petfood-b-v,4461139916
Revelane,Revenue Operations Specialist,Amsterdam Area,2026-08-02,customer journey specialist,nee,https://nl.linkedin.com/jobs/view/revenue-operations-specialist-at-revelane-4447872190,https://www.linkedin.com/company/revelane,4447872190
Rex.zone,Remote Data Labeling Jobs in Amsterdam,Amsterdam,2026-09-11,retourverwerking,nee,https://nl.linkedin.com/jobs/view/remote-data-labeling-jobs-in-amsterdam-at-rex-zone-4446717854,https://www.linkedin.com/company/rex-zone,4446717854
Rexel Nederland,Commercieel Medewerker Binnendienst Apeldoorn,Apeldoorn,2026-07-09,online sales medewerker,nee,https://nl.linkedin.com/jobs/view/commercieel-medewerker-binnendienst-apeldoorn-at-rexel-nederland-b-v-4438662402,https://nl.linkedin.com/company/rexel-nederland-b-v-,4438662402
Rexel Nederland,Commercieel Medewerker Binnendienst,Maastricht,2026-09-03,online sales medewerker,nee,https://nl.linkedin.com/jobs/view/commercieel-medewerker-binnendienst-at-rexel-nederland-b-v-4463111674,https://nl.linkedin.com/company/rexel-nederland-b-v-,4463111674
Rexel Nederland,Commercieel Medewerker Binnendienst,Rotterdam,2026-09-11,online sales medewerker,nee,https://nl.linkedin.com/jobs/view/commercieel-medewerker-binnendienst-at-rexel-nederland-b-v-4466315212,https://nl.linkedin.com/company/rexel-nederland-b-v-,4466315212
REYM B.V.,Commercieel medewerker,Sittard,2026-09-18,retourverwerking,nee,https://nl.linkedin.com/jobs/view/commercieel-medewerker-at-reym-bv-4462211245,https://nl.linkedin.com/company/reym-bv,4462211245
REYM B.V.,Planner,Beverwijk,2026-09-18,retourverwerking,nee,https://nl.linkedin.com/jobs/view/planner-at-reym-bv-4466688233,https://nl.linkedin.com/company/reym-bv,4466688233
Rheinmetall,Warehouse Employee / Orderpicker,Ede,2026-06-03,retourverwerking,nee,https://nl.linkedin.com/jobs/view/warehouse-employee-orderpicker-at-rheinmetall-4419695758,https://de.linkedin.com/company/rheinmetall,4419695758
Rheinmetall,Meewerkend Voorman Assemblage,Ede,2026-09-19,retourverwerking,nee,https://nl.linkedin.com/jobs/view/meewerkend-voorman-assemblage-at-rheinmetall-4466951976,https://de.linkedin.com/company/rheinmetall,4466951976
Rijksdienst voor Ondernemend Nederland (RVO),Medewerker Bestuursrechtelijke Handhaving CITES,Den Haag,2026-09-17,retourverwerking,nee,https://nl.linkedin.com/jobs/view/medewerker-bestuursrechtelijke-handhaving-cites-at-netherlands-enterprise-agency-4468665292,https://nl.linkedin.com/company/rijksdienstvoorondernemendnederland,4468665292
Rijksvastgoedbedrijf,Medewerker debiteurenadministratie,Den Haag,2026-09-07,retourverwerking,nee,https://nl.linkedin.com/jobs/view/medewerker-debiteurenadministratie-at-rijksvastgoedbedrijf-4464082984,https://nl.linkedin.com/company/rijksvastgoedbedrijf,4464082984
Rijksvastgoedbedrijf,Beheerder Revisiebescheiden (Specialist Technische Vastgoedinformatie) in regio Oost en Zuid,Arnhem,2026-09-21,retourverwerking,nee,https://nl.linkedin.com/jobs/view/beheerder-revisiebescheiden-specialist-technische-vastgoedinformatie-in-regio-oost-en-zuid-at-rijksvastgoedbedrijf-4469929287,https://nl.linkedin.com/company/rijksvastgoedbedrijf,4469929287
Ringhals AB,Marketing Data Analist,Amsterdam,2026-09-22,customer journey specialist,nee,https://nl.linkedin.com/jobs/view/marketing-data-analist-at-ringhals-ab-4470428053,https://se.linkedin.com/company/ringhals-ab,4470428053
Rituals (B Corp™),Customer Relations and Sales Ambassador Portuguese – CHO EDGE Amsterdam | 32-40h,Amsterdam,2026-09-15,online sales medewerker,nee,https://nl.linkedin.com/jobs/view/customer-relations-and-sales-ambassador-portuguese-%E2%80%93-cho-edge-amsterdam-32-40h-at-rituals-b-corp%E2%84%A2-4458261551,https://nl.linkedin.com/company/rituals,4458261551
Rituals (B Corp™),Customer Relations Ambassador Dutch – CHO EDGE Amsterdam | 32-40h,Amsterdam,2026-09-15,online sales medewerker,nee,https://nl.linkedin.com/jobs/view/customer-relations-ambassador-dutch-%E2%80%93-cho-edge-amsterdam-32-40h-at-rituals-b-corp%E2%84%A2-4458201673,https://nl.linkedin.com/company/rituals,4458201673
Riwald Recycling Netherlands,Operations Manager,Almelo,2026-09-16,retourverwerking,nee,https://nl.linkedin.com/jobs/view/operations-manager-at-riwald-recycling-4465989648,https://nl.linkedin.com/company/riwaldrecyclingnetherlands,4465989648
RIWO,Kwaliteitsmedewerker panelen,Oldenzaal,2026-09-22,retourverwerking,nee,https://nl.linkedin.com/jobs/view/kwaliteitsmedewerker-panelen-at-riwo-4469012378,https://nl.linkedin.com/company/riwo,4469012378
Robert Walters,Credit Collector,Ede,2026-09-14,retourverwerking,nee,https://nl.linkedin.com/jobs/view/credit-collector-at-robert-walters-4465714403,https://uk.linkedin.com/company/robert-walters,4465714403
Roem van Yerseke,Medewerker Koelcel,Nieuwer-ter-Aa,2026-02-13,retourverwerking,nee,https://nl.linkedin.com/jobs/view/medewerker-koelcel-at-roem-van-yerseke-4372239756,https://nl.linkedin.com/company/roem-van-yerseke,4372239756
Roem van Yerseke,Medewerker Verkoop Customer Service,Nieuwer-ter-Aa,2026-07-30,online sales medewerker,nee,https://nl.linkedin.com/jobs/view/medewerker-verkoop-customer-service-at-roem-van-yerseke-4446761448,https://nl.linkedin.com/company/roem-van-yerseke,4446761448
Rols Machineonderdelen B.V.,Expeditiemedewerker,Valkenswaard,2026-04-20,e-fulfilment medewerker,nee,https://nl.linkedin.com/jobs/view/expeditiemedewerker-at-rols-machineonderdelen-b-v-4403388069,https://nl.linkedin.com/company/rols-machine-onderdelen-b.v.,4403388069
ROSEN,Allround Logistiek Medewerker (Packer),Oldenzaal,2026-09-17,retourverwerking,nee,https://nl.linkedin.com/jobs/view/allround-logistiek-medewerker-packer-at-rosen-4467572046,https://ch.linkedin.com/company/rosen,4467572046
RouteVision Nederland,Growth Marketing Specialist (32-40 uur · Rotterdam),Rotterdam,2026-07-27,customer journey specialist,nee,https://nl.linkedin.com/jobs/view/growth-marketing-specialist-32-40-uur-%C2%B7-rotterdam-at-routevision-nederland-4445903527,https://nl.linkedin.com/company/routevision,4445903527
Royal A-ware,Medewerker Credit Management,Lopik,2026-09-07,retourverwerking,nee,https://nl.linkedin.com/jobs/view/medewerker-credit-management-at-royal-a-ware-4451504596,https://nl.linkedin.com/company/a-ware-food-group-b-v-,4451504596
Royal A-ware,Operator Rijping,Woerden,2026-09-07,retourverwerking,nee,https://nl.linkedin.com/jobs/view/operator-rijping-at-royal-a-ware-4406629127,https://nl.linkedin.com/company/a-ware-food-group-b-v-,4406629127
Royal A-ware,Facilitair Medewerker,Lopik,2026-09-07,retourverwerking,nee,https://nl.linkedin.com/jobs/view/facilitair-medewerker-at-royal-a-ware-4431721696,https://nl.linkedin.com/company/a-ware-food-group-b-v-,4431721696
Royal A-ware,Operator Rijping,Culemborg,2026-09-07,retourverwerking,nee,https://nl.linkedin.com/jobs/view/operator-rijping-at-royal-a-ware-4308976592,https://nl.linkedin.com/company/a-ware-food-group-b-v-,4308976592
Royal A-ware,Meewerkend Voorman (2-ploegen),Weert,2026-09-07,retourverwerking,nee,https://nl.linkedin.com/jobs/view/meewerkend-voorman-2-ploegen-at-royal-a-ware-4412120642,https://nl.linkedin.com/company/a-ware-food-group-b-v-,4412120642
Royal A-ware,Teamleider Logistiek,Deventer,2026-09-07,retourverwerking,nee,https://nl.linkedin.com/jobs/view/teamleider-logistiek-at-royal-a-ware-4422405967,https://nl.linkedin.com/company/a-ware-food-group-b-v-,4422405967
Royal A-ware,Magazijnbeheerder,Culemborg,2026-09-07,retourverwerking,nee,https://nl.linkedin.com/jobs/view/magazijnbeheerder-at-royal-a-ware-4419434437,https://nl.linkedin.com/company/a-ware-food-group-b-v-,4419434437
Royal A-ware,Reachtruckchauffeur,Deventer,2026-09-07,retourverwerking,nee,https://nl.linkedin.com/jobs/view/reachtruckchauffeur-at-royal-a-ware-4422406946,https://nl.linkedin.com/company/a-ware-food-group-b-v-,4422406946
Royal A-ware,Storingsmonteur,Coevorden,2026-09-07,retourverwerking,nee,https://nl.linkedin.com/jobs/view/storingsmonteur-at-royal-a-ware-4403454541,https://nl.linkedin.com/company/a-ware-food-group-b-v-,4403454541
Royal A-ware,Teamleider Productie,Ruinerwold,2026-09-07,retourverwerking,nee,https://nl.linkedin.com/jobs/view/teamleider-productie-at-royal-a-ware-4437826064,https://nl.linkedin.com/company/a-ware-food-group-b-v-,4437826064
Royal A-ware,Plantmanager Coevorden,Coevorden,2026-09-07,retourverwerking,nee,https://nl.linkedin.com/jobs/view/plantmanager-coevorden-at-royal-a-ware-4463385427,https://nl.linkedin.com/company/a-ware-food-group-b-v-,4463385427
Royal A-ware,Voorman Logistiek,Deventer,2026-09-07,retourverwerking,nee,https://nl.linkedin.com/jobs/view/voorman-logistiek-at-royal-a-ware-4458712947,https://nl.linkedin.com/company/a-ware-food-group-b-v-,4458712947
Royal A-ware,Operator Verpakking (3-ploegen),Culemborg,2026-09-07,retourverwerking,nee,https://nl.linkedin.com/jobs/view/operator-verpakking-3-ploegen-at-royal-a-ware-4308985002,https://nl.linkedin.com/company/a-ware-food-group-b-v-,4308985002
Royal A-ware,Medewerker Accounts Payable,Lopik,2026-09-08,retourverwerking,nee,https://nl.linkedin.com/jobs/view/medewerker-accounts-payable-at-royal-a-ware-4464484076,https://nl.linkedin.com/company/a-ware-food-group-b-v-,4464484076
Royal A-ware,Supply Chain Verantwoordelijke,Beringe,2026-09-21,voorraadbeheer webshop,nee,https://nl.linkedin.com/jobs/view/supply-chain-verantwoordelijke-at-royal-a-ware-4442110513,https://nl.linkedin.com/company/a-ware-food-group-b-v-,4442110513
Royal Brinkman,Commercieel medewerker binnendienst,'s-Gravenzande,2026-01-26,online sales medewerker,nee,https://nl.linkedin.com/jobs/view/commercieel-medewerker-binnendienst-at-royal-brinkman-4366131478,https://nl.linkedin.com/company/brinkman-agro-b-v-,4366131478
Royal Brinkman,Logistiek medewerker,'s-Gravenzande,2026-03-07,e-fulfilment medewerker,nee,https://nl.linkedin.com/jobs/view/logistiek-medewerker-at-royal-brinkman-4382375835,https://nl.linkedin.com/company/brinkman-agro-b-v-,4382375835
Royal Dutch Jaarbeurs,Campaign &amp; performance marketeer IT Media,Utrecht,2026-08-19,customer journey specialist,nee,https://nl.linkedin.com/jobs/view/campaign-performance-marketeer-it-media-at-royal-dutch-jaarbeurs-4455435422,https://nl.linkedin.com/company/jaarbeurs,4455435422
Royal Joh. Enschedé,Meewerkend Teamleider Magazijn &amp; Expeditie,Haarlem,2026-09-18,retourverwerking,nee,https://nl.linkedin.com/jobs/view/meewerkend-teamleider-magazijn-expeditie-at-royal-joh-ensched%C3%A9-4466696568,https://nl.linkedin.com/company/joh-enschede,4466696568
Royal Meilink,(Hybride) Verpakker | Nederland,Amsterdam,2026-07-21,packaging medewerker webshop,nee,https://nl.linkedin.com/jobs/view/hybride-verpakker-nederland-at-royal-meilink-4443388252,https://nl.linkedin.com/company/meilink,4443388252
Rungis,Orderpicker,Barendrecht,2026-07-02,retourverwerking,nee,https://nl.linkedin.com/jobs/view/orderpicker-at-rungis-4436336604,https://nl.linkedin.com/company/rungis-b.v.,4436336604
RWE,Operations Engineer WTG d/f/m - Offshore Wind,Den Helder,2026-09-04,retourverwerking,nee,https://nl.linkedin.com/jobs/view/operations-engineer-wtg-d-f-m-offshore-wind-at-rwe-4427027176,https://de.linkedin.com/company/rwe-,4427027176
RWE,Maintenance Coördinator EMRA - Energiecentrale Eemshaven,Eemshaven,2026-09-09,retourverwerking,nee,https://nl.linkedin.com/jobs/view/maintenance-co%C3%B6rdinator-emra-energiecentrale-eemshaven-at-rwe-4437196724,https://de.linkedin.com/company/rwe-,4437196724
RWE,(Hoofd) Werktuigkundige / Proces Operator - Energiecentrale Maasbracht,Maasbracht,2026-09-09,retourverwerking,nee,https://nl.linkedin.com/jobs/view/hoofd-werktuigkundige-proces-operator-energiecentrale-maasbracht-at-rwe-4465027174,https://de.linkedin.com/company/rwe-,4465027174
RWE,Maintenance Coördinator EMRA - Energiecentrale Maasbracht,Maasbracht,2026-09-11,retourverwerking,nee,https://nl.linkedin.com/jobs/view/maintenance-co%C3%B6rdinator-emra-energiecentrale-maasbracht-at-rwe-4466303786,https://de.linkedin.com/company/rwe-,4466303786
RWE,Team Lead Maintenance Netherlands,Moerdijk,2026-09-17,retourverwerking,nee,https://nl.linkedin.com/jobs/view/team-lead-maintenance-netherlands-at-rwe-4468645803,https://de.linkedin.com/company/rwe-,4468645803
RWE,Maintenance Coördinator EMRA (Operational Technology - DCS),Maasbracht,2026-09-20,retourverwerking,nee,https://nl.linkedin.com/jobs/view/maintenance-co%C3%B6rdinator-emra-operational-technology-dcs-at-rwe-4433337128,https://de.linkedin.com/company/rwe-,4433337128
RWE,Werktuigkundige / Proces Operator Energiecentrale Eemshaven,Eemshaven,2026-09-22,retourverwerking,nee,https://nl.linkedin.com/jobs/view/werktuigkundige-proces-operator-energiecentrale-eemshaven-at-rwe-4452473562,https://de.linkedin.com/company/rwe-,4452473562
S&amp;you Nederland,Commercieel Medewerker Binnendienst,Alblasserdam,2026-09-03,online sales medewerker,nee,https://nl.linkedin.com/jobs/view/commercieel-medewerker-binnendienst-at-s-you-nederland-4462788064,https://nl.linkedin.com/company/sandyou-nederland,4462788064
S-Recruitment - Fashion &amp; Lifestyle,Inside Sales Officer,Eindhoven,2026-09-04,online sales medewerker,nee,https://nl.linkedin.com/jobs/view/inside-sales-officer-at-s-recruitment-4461161861,https://nl.linkedin.com/company/s-recruitment-fashion-&amp;-lifestyle-recruitment-,4461161861
Saleslift Studio,Go-to-market Engineer (NL),Amsterdam Area,2026-07-31,customer journey specialist,nee,https://nl.linkedin.com/jobs/view/go-to-market-engineer-nl-at-saleslift-studio-4447599371,https://nl.linkedin.com/company/saleslift-studio,4447599371
Sam Friday,Marketingmanager,Amsterdam,2026-08-03,brand manager webshop,nee,https://nl.linkedin.com/jobs/view/marketingmanager-at-sam-friday-2438183638,https://nl.linkedin.com/company/samfriday,2438183638
Saman Groep,Commercieel Medewerker Binnendienst,Zierikzee,2026-08-25,online sales medewerker,nee,https://nl.linkedin.com/jobs/view/commercieel-medewerker-binnendienst-at-saman-groep-4456547214,https://nl.linkedin.com/company/saman-groep,4456547214
Samotics,Revenue Operations Specialist,Leiden,2026-08-28,customer journey specialist,nee,https://nl.linkedin.com/jobs/view/revenue-operations-specialist-at-samotics-4458073416,https://nl.linkedin.com/company/samotics,4458073416
Saniweb,Trainee E-commerce Automation &amp; AI,Waalwijk,2026-09-14,orderpicker webshop,nee,https://nl.linkedin.com/jobs/view/trainee-e-commerce-automation-ai-at-saniweb-4467065782,https://nl.linkedin.com/company/saniweb,4467065782
Sapph Lingerie,Brand Marketeer,Rotterdam,2026-09-10,brand manager webshop,nee,https://nl.linkedin.com/jobs/view/brand-marketeer-at-sapph-lingerie-4463439765,https://www.linkedin.com/company/sapph-lingerie,4463439765
Savior Artigos Texteis Lda,"Calling All German, Dutch, Danish &amp; Norwegian Speakers!",Rotterdam,2026-09-03,online sales medewerker,nee,https://nl.linkedin.com/jobs/view/calling-all-german-dutch-danish-norwegian-speakers%21-at-savior-artigos-texteis-lda-4461903465,https://pt.linkedin.com/company/savior-artigos-texteis-lda,4461903465
ScreenPoint Medical,Information Security Officer,Nijmegen,2026-09-04,webcare,nee,https://nl.linkedin.com/jobs/view/information-security-officer-at-screenpoint-medical-4454107059,https://nl.linkedin.com/company/screenpoint-medical,4454107059
SECRID,CRM Expert,Den Haag,2026-09-15,customer journey specialist,nee,https://nl.linkedin.com/jobs/view/crm-expert-at-secrid-4465545465,https://nl.linkedin.com/company/secrid,4465545465
SECRID,Senior CRM Strategist,Randstad,2026-09-15,customer journey specialist,nee,https://nl.linkedin.com/jobs/view/senior-crm-strategist-at-secrid-4467706683,https://nl.linkedin.com/company/secrid,4467706683
Secure Design Webdevelopment,"Vacature PHP developer (hbo, Leiden, 32-40 uur)",Leiden,2026-07-09,webcare,nee,https://nl.linkedin.com/jobs/view/vacature-php-developer-hbo-leiden-32-40-uur-at-secure-design-webdevelopment-4448395314,https://nl.linkedin.com/company/secure-design-webdevelopment,4448395314
Select Courier International B.V.,ACCOUNT MANAGER (JR),Rotterdam,2026-07-21,klantcontact,nee,https://nl.linkedin.com/jobs/view/account-manager-jr-at-select-courier-international-b-v-4442667563,https://nl.linkedin.com/company/select-courier-international,4442667563
Sendcloud,Growth Marketeer (Customer Base),Eindhoven,2026-09-11,customer journey specialist,nee,https://nl.linkedin.com/jobs/view/growth-marketeer-customer-base-at-sendcloud-4446910311,https://nl.linkedin.com/company/sendcloud,4446910311
Sense Company,CRM Operations Specialist,Tilburg,2026-08-18,customer journey specialist,nee,https://nl.linkedin.com/jobs/view/crm-operations-specialist-at-sense-company-4455282704,https://nl.linkedin.com/company/sense-company,4455282704
Sensorfact,Fulfilment Center Assistant,Utrecht,2026-08-25,e-fulfilment medewerker,nee,https://nl.linkedin.com/jobs/view/fulfilment-center-assistant-at-sensorfact-4458794751,https://nl.linkedin.com/company/sensorfact,4458794751
ShipBob,Inventory Control Specialist (ICQA) - Fulfillment,Waddinxveen,2026-09-10,orderpicker webshop,nee,https://nl.linkedin.com/jobs/view/inventory-control-specialist-icqa-fulfillment-at-shipbob-4428098055,https://www.linkedin.com/company/shipbob,4428098055
Shoppartners B.V.,Orderpicker,Heerhugowaard,2026-07-15,orderpicker webshop,nee,https://nl.linkedin.com/jobs/view/orderpicker-at-shoppartners-b-v-4440278800,https://nl.linkedin.com/company/shoppartners,4440278800
Shopware,Director International Sales (m/f/d),Amsterdam,2026-09-18,orderpicker webshop,nee,https://nl.linkedin.com/jobs/view/director-international-sales-m-f-d-at-shopware-4467841970,https://de.linkedin.com/company/shopware-ag,4467841970
Sia,"Senior Consultant Marketing, Customer Experience and Digital Transformation",Amsterdam,2026-04-24,customer journey specialist,nee,https://nl.linkedin.com/jobs/view/senior-consultant-marketing-customer-experience-and-digital-transformation-at-sia-4403740224,https://fr.linkedin.com/company/sia-partners,4403740224
Sia,Retail &amp; E-commerce Consultant,Rotterdam,2026-06-18,customer journey specialist,nee,https://nl.linkedin.com/jobs/view/retail-e-commerce-consultant-at-sia-4430437104,https://fr.linkedin.com/company/sia-partners,4430437104
Sidekix,BIJBAAN ORDERPICKER E-FULFILMENT,Uden,2026-09-11,orderpicker webshop,nee,https://nl.linkedin.com/jobs/view/bijbaan-orderpicker-e-fulfilment-at-sidekix-4463988948,https://nl.linkedin.com/company/sidekixnl,4463988948
Simac,Digital Marketeer,Veldhoven,2026-01-12,brand manager webshop,nee,https://nl.linkedin.com/jobs/view/digital-marketeer-at-simac-4354770469,https://nl.linkedin.com/company/simac-it-group,4354770469
Smartphonehoesjes.nl,CX &amp; AI Specialist,Leusden,2026-04-20,customer journey specialist,nee,https://nl.linkedin.com/jobs/view/cx-ai-specialist-at-smartphonehoesjes-nl-4404327284,https://nl.linkedin.com/company/smartphonehoesjes-nl,4404327284
Smartphonehoesjes.nl,Key Accountmanager,Leusden,2026-09-22,brand manager webshop,nee,https://nl.linkedin.com/jobs/view/key-accountmanager-at-smartphonehoesjes-nl-4470277482,https://nl.linkedin.com/company/smartphonehoesjes-nl,4470277482
SMS Intermediair,Commercieel medewerker,Almere,2026-09-22,online sales medewerker,nee,https://nl.linkedin.com/jobs/view/commercieel-medewerker-at-sms-intermediair-recruitment-specialist-4464353223,https://nl.linkedin.com/company/sms-intermediair,4464353223
SMTgroup.,Email Marketeer - Klaviyo,IJsselstein,2026-09-18,customer journey specialist,nee,https://nl.linkedin.com/jobs/view/email-marketeer-klaviyo-at-smtgroup-4463331805,https://nl.linkedin.com/company/smtgroupnl,4463331805
Snackpilot,Sales Representative (m/f/d) - Full-time or Part-time Remote,Nederland,2026-08-24,online sales medewerker,nee,https://nl.linkedin.com/jobs/view/sales-representative-m-f-d-full-time-or-part-time-remote-at-snackpilot-4456505809,https://www.linkedin.com/company/snackpilot,4456505809
Snelstart,Marketing Automation Specialist,Amersfoort,2026-08-25,customer journey specialist,nee,https://nl.linkedin.com/jobs/view/marketing-automation-specialist-at-snelstart-4445456991,https://nl.linkedin.com/company/snelstart,4445456991
Snelstart,Accountmanager Binnendienst Amersfoort,Amersfoort,2026-08-25,online sales medewerker,nee,https://nl.linkedin.com/jobs/view/accountmanager-binnendienst-amersfoort-at-snelstart-4447532688,https://nl.linkedin.com/company/snelstart,4447532688
Social Deal,Sales Support Assistent - Deutscher Markt,'s-Hertogenbosch,2026-09-03,online sales medewerker,nee,https://nl.linkedin.com/jobs/view/sales-support-assistent-deutscher-markt-at-social-deal-4462780935,https://nl.linkedin.com/company/social-deal,4462780935
Soleo Groep,Klantcontact medewerker DPG Media Arnhem,Arnhem,2026-08-05,online sales medewerker,nee,https://nl.linkedin.com/jobs/view/klantcontact-medewerker-dpg-media-arnhem-at-soleo-groep-4449645116,https://nl.linkedin.com/company/soleo-contact-centers,4449645116
Solide Intermediair BV,Magazijnmedewerker Warehouse Operator,Lelystad,2025-04-03,magazijnmedewerker webshop,nee,https://nl.linkedin.com/jobs/view/magazijnmedewerker-warehouse-operator-at-solide-intermediair-bv-4198178622,https://nl.linkedin.com/company/solide-intermediair,4198178622
Solide Intermediair BV,Magazijnmedewerker 08:00 17:00 (40 upw),Lelystad,2026-05-19,magazijnmedewerker webshop,nee,https://nl.linkedin.com/jobs/view/magazijnmedewerker-08-00-17-00-40-upw-at-solide-intermediair-bv-4415742613,https://nl.linkedin.com/company/solide-intermediair,4415742613
Solide Intermediair BV,Magazijnmedewerker,Lelystad,2026-05-19,e-fulfilment medewerker,nee,https://nl.linkedin.com/jobs/view/magazijnmedewerker-at-solide-intermediair-bv-4415762030,https://nl.linkedin.com/company/solide-intermediair,4415762030
Solide Intermediair BV,Ompak Medewerker (Productie),Lelystad,2026-08-12,packaging medewerker webshop,nee,https://nl.linkedin.com/jobs/view/ompak-medewerker-productie-at-solide-intermediair-bv-4452335950,https://nl.linkedin.com/company/solide-intermediair,4452335950
Solide Intermediair BV,Productie Medewerker,Lelystad,2026-08-12,packaging medewerker webshop,nee,https://nl.linkedin.com/jobs/view/productie-medewerker-at-solide-intermediair-bv-4452348885,https://nl.linkedin.com/company/solide-intermediair,4452348885
Solide Intermediair BV,Expeditiemedewerker Magazijn,Lelystad,2026-08-15,e-fulfilment medewerker,nee,https://nl.linkedin.com/jobs/view/expeditiemedewerker-magazijn-at-solide-intermediair-bv-4453792470,https://nl.linkedin.com/company/solide-intermediair,4453792470
Solvari,CRO Specialist,"Utrecht, Nederland",2026-09-21,customer journey specialist,nee,https://nl.linkedin.com/jobs/view/cro-specialist-at-solvari-4468726139,https://nl.linkedin.com/company/solvari,4468726139
Somnox,Growth Marketeer,Rotterdam,2026-09-15,brand manager webshop,ja,https://nl.linkedin.com/jobs/view/growth-marketeer-at-somnox-4467727583,https://nl.linkedin.com/company/somnox,4467727583
Sortiva bv,Medewerker installatie / leerling operator,Alkmaar,2026-05-06,retourverwerking,nee,https://nl.linkedin.com/jobs/view/medewerker-installatie-leerling-operator-at-sortiva-bv-4408885213,https://nl.linkedin.com/company/sortiva-bv,4408885213
Sortiva bv,Meewerkend voorman ASI/VSI,Alkmaar,2026-09-14,retourverwerking,nee,https://nl.linkedin.com/jobs/view/meewerkend-voorman-asi-vsi-at-sortiva-bv-4465769362,https://nl.linkedin.com/company/sortiva-bv,4465769362
Sortiva bv,Leerling machinist,Alkmaar,2026-09-15,retourverwerking,nee,https://nl.linkedin.com/jobs/view/leerling-machinist-at-sortiva-bv-4466510696,https://nl.linkedin.com/company/sortiva-bv,4466510696
Sortiva bv,Machinist recycling,Middenmeer,2026-09-17,retourverwerking,nee,https://nl.linkedin.com/jobs/view/machinist-recycling-at-sortiva-bv-4467567925,https://nl.linkedin.com/company/sortiva-bv,4467567925
Sortiva bv,Machinist recycling,Alkmaar,2026-09-17,retourverwerking,nee,https://nl.linkedin.com/jobs/view/machinist-recycling-at-sortiva-bv-4466275892,https://nl.linkedin.com/company/sortiva-bv,4466275892
Spadework,Frontend Developer,Amsterdam,2026-07-21,webcare,nee,https://nl.linkedin.com/jobs/view/frontend-developer-at-spadework-4440411258,https://nl.linkedin.com/company/spadework-ai,4440411258
Spoed Energie,Verkoop,Valkenswaard,2026-09-10,online sales medewerker,nee,https://nl.linkedin.com/jobs/view/verkoop-at-spoed-energie-4465835224,https://nl.linkedin.com/company/spoed-energie,4465835224
Spotzer Digital,Sales Agent (Dutch/Flemish-speaking) – AI Digital Marketing Products and Services,Amsterdam,2026-03-30,online sales medewerker,nee,https://nl.linkedin.com/jobs/view/sales-agent-dutch-flemish-speaking-%E2%80%93-ai-digital-marketing-products-and-services-at-spotzer-digital-4392900510,https://nl.linkedin.com/company/spotzer-digital,4392900510
Sprints &amp; Sneakers | Growth Marketing Agency | Bcorp,Senior / Lead Growth Marketeer (B2C),Amsterdam,2026-07-20,brand manager webshop,nee,https://nl.linkedin.com/jobs/view/senior-lead-growth-marketeer-b2c-at-sprints-sneakers-growth-marketing-agency-bcorp-4442775657,https://nl.linkedin.com/company/sprintsandsneakers,4442775657
Sprints &amp; Sneakers | Growth Marketing Agency | Bcorp,CRM Growth Engineer,Amsterdam,2026-07-21,customer journey specialist,nee,https://nl.linkedin.com/jobs/view/crm-growth-engineer-at-sprints-sneakers-growth-marketing-agency-bcorp-4443325939,https://nl.linkedin.com/company/sprintsandsneakers,4443325939
Sprints &amp; Sneakers | Growth Marketing Agency | Bcorp,Revenue Operations Marketeer (B2B),Amsterdam,2026-09-18,customer journey specialist,nee,https://nl.linkedin.com/jobs/view/revenue-operations-marketeer-b2b-at-sprints-sneakers-growth-marketing-agency-bcorp-4469234076,https://nl.linkedin.com/company/sprintsandsneakers,4469234076
Stassen Hifi,Commercieel medewerker binnendienst (M/V/D),Tegelen,2026-09-18,online sales medewerker,nee,https://nl.linkedin.com/jobs/view/commercieel-medewerker-binnendienst-m-v-d-at-stassen-hifi-4467874198,https://nl.linkedin.com/company/stassen-hifi,4467874198
SThree,Senior Global Marketing Automation Specialist,Amsterdam Area,2026-08-28,customer journey specialist,nee,https://nl.linkedin.com/jobs/view/senior-global-marketing-automation-specialist-at-sthree-4458076710,https://uk.linkedin.com/company/sthree-plc,4458076710
Stichting RIONED,Junior Kenniscoördinator,Ede,2026-09-09,retourverwerking,nee,https://nl.linkedin.com/jobs/view/junior-kennisco%C3%B6rdinator-at-stichting-rioned-4465079041,https://nl.linkedin.com/company/stichting-rioned,4465079041
StockWatch Cyprus,Ζητείται Digital Sales Person,Oss,2026-08-07,online sales medewerker,nee,https://nl.linkedin.com/jobs/view/%CE%B6%CE%B7%CF%84%CE%B5%CE%AF%CF%84%CE%B1%CE%B9-digital-sales-person-at-stockwatch-cyprus-4448736135,https://cy.linkedin.com/company/stockwatch-cyprus,4448736135
Stories,Commercial Membership Advisor,Amsterdam,2026-08-10,online sales medewerker,nee,https://nl.linkedin.com/jobs/view/commercial-membership-advisor-at-stories-4451361088,https://nl.linkedin.com/company/stories-space,4451361088
Studenten.net,inpakmedewerker/keurder vijfploegendienst,Deventer,2026-07-01,packaging medewerker webshop,nee,https://nl.linkedin.com/jobs/view/inpakmedewerker-keurder-vijfploegendienst-at-studenten-net-4436119254,https://nl.linkedin.com/company/studenten-net,4436119254
Studenten.net,Sales en binnendienst medewerker,Groningen,2026-09-02,online sales medewerker,nee,https://nl.linkedin.com/jobs/view/sales-en-binnendienst-medewerker-at-studenten-net-4462483672,https://nl.linkedin.com/company/studenten-net,4462483672
Sunware,Medewerker Assemblage,Tilburg,2026-08-31,packaging medewerker webshop,nee,https://nl.linkedin.com/jobs/view/medewerker-assemblage-at-sunware-4461069994,https://nl.linkedin.com/company/sunware-perfectlyorganised,4461069994
Sunware,Teamleider Assemblage,Tilburg,2026-09-07,orderpicker webshop,nee,https://nl.linkedin.com/jobs/view/teamleider-assemblage-at-sunware-4464318203,https://nl.linkedin.com/company/sunware-perfectlyorganised,4464318203
SV Werkt,Young Professional Verzuim,Rotterdam,2026-09-22,retourverwerking,nee,https://nl.linkedin.com/jobs/view/young-professional-verzuim-at-sv-werkt-4470403478,https://nl.linkedin.com/company/sv-werkt,4470403478
Swap,Director of Product,Amsterdam,2026-09-11,orderpicker webshop,nee,https://nl.linkedin.com/jobs/view/director-of-product-at-swap-4437035911,https://uk.linkedin.com/company/sw-ap,4437035911
Swiss International Leadership Camp &amp; Academy,Digital Marketing &amp; Admissions Manager,Apeldoorn,2026-08-19,customer journey specialist,nee,https://nl.linkedin.com/jobs/view/digital-marketing-admissions-manager-at-swiss-international-leadership-camp-academy-4456331219,https://ch.linkedin.com/company/silcacademy,4456331219
Swiss Sense,Magazijnmedewerker Allround (2 Ploegendienst),Uden,2026-09-10,magazijnmedewerker webshop,nee,https://nl.linkedin.com/jobs/view/magazijnmedewerker-allround-2-ploegendienst-at-swiss-sense-4456463427,https://nl.linkedin.com/company/swisssense,4456463427
Swiss Sense,Magazijnmedewerker Laad- &amp; Losploeg,Uden,2026-09-22,e-fulfilment medewerker,nee,https://nl.linkedin.com/jobs/view/magazijnmedewerker-laad-losploeg-at-swiss-sense-4468150446,https://nl.linkedin.com/company/swisssense,4468150446
Syntegon,Magazijnmedewerker - Expeditie,Weert,2026-09-21,e-fulfilment medewerker,nee,https://nl.linkedin.com/jobs/view/magazijnmedewerker-expeditie-at-syntegon-4459782457,https://de.linkedin.com/company/syntegon,4459782457
Syntegon,Warehouse Operator - Shipping,Weert,2026-09-22,e-fulfilment medewerker,nee,https://nl.linkedin.com/jobs/view/warehouse-operator-shipping-at-syntegon-4460048302,https://de.linkedin.com/company/syntegon,4460048302
TAGGRS,Lifecycle Marketeer (Part-time/Fulltime),Heerenveen,2026-09-15,customer journey specialist,nee,https://nl.linkedin.com/jobs/view/lifecycle-marketeer-part-time-fulltime-at-taggrs-4465539367,https://nl.linkedin.com/company/taggrs,4465539367
TAKKT Group,Inside Sales &amp; Customer Service Manager (m/f/d),Lisse,2026-09-11,klantcontact,nee,https://nl.linkedin.com/jobs/view/inside-sales-customer-service-manager-m-f-d-at-takkt-group-4446893842,https://de.linkedin.com/company/takkt-ag,4446893842
TalentForge Ltd,Warehouse Operations Specialist,Amsterdam,2026-09-21,e-fulfilment medewerker,nee,https://nl.linkedin.com/jobs/view/warehouse-operations-specialist-at-talentforge-ltd-4469850903,https://www.linkedin.com/company/talentforge-ltd,4469850903
Tandem Health,Project Delivery Specialist,Leiden,2026-09-07,webcare,nee,https://nl.linkedin.com/jobs/view/project-delivery-specialist-at-tandem-health-4462443510,https://se.linkedin.com/company/tandem-health,4462443510
Tandem Health,Project Delivery Specialist,Leiden,2026-09-10,webcare,nee,https://nl.linkedin.com/jobs/view/project-delivery-specialist-at-tandem-health-4465689073,https://se.linkedin.com/company/tandem-health,4465689073
Tarkett,Category Manager Carpets EMEA,Waalwijk,2026-07-22,brand manager webshop,nee,https://nl.linkedin.com/jobs/view/category-manager-carpets-emea-at-tarkett-4442728339,https://fr.linkedin.com/company/tarkett,4442728339
TD SYNNEX Netherlands,Commercieel administratief medewerker,Bodegraven,2026-09-21,online sales medewerker,nee,https://nl.linkedin.com/jobs/view/commercieel-administratief-medewerker-at-td-synnex-netherlands%E2%80%8B-4469874546,https://nl.linkedin.com/company/tdsynnexnetherlands,4469874546
Team Rockstars IT,Salesforce Specialist,'s-Hertogenbosch,2026-09-21,customer journey specialist,nee,https://nl.linkedin.com/jobs/view/salesforce-specialist-at-team-rockstars-it-4469848752,https://nl.linkedin.com/company/teamrockstars,4469848752
Technique Plastique BV,Medewerker Assemblage / Productie,Nederweert,2026-08-02,packaging medewerker webshop,nee,https://nl.linkedin.com/jobs/view/medewerker-assemblage-productie-at-technique-plastique-bv-4447655662,https://nl.linkedin.com/company/technique-plastique-b.v.,4447655662
Termeer Groep,Stock medewerker winkel,Maastricht,2026-09-14,magazijnmedewerker webshop,nee,https://nl.linkedin.com/jobs/view/stock-medewerker-winkel-at-termeer-groep-4467210767,https://nl.linkedin.com/company/termeergroep,4467210767
Termeer Groep,Stock medewerker winkel,Den Haag,2026-09-19,magazijnmedewerker webshop,nee,https://nl.linkedin.com/jobs/view/stock-medewerker-winkel-at-termeer-groep-4412930106,https://nl.linkedin.com/company/termeergroep,4412930106
"The Beauty Tech Group (CurrentBody, ZIIP, Tria)",Warehouse Operative,Enschede,2026-09-15,magazijnmedewerker webshop,nee,https://nl.linkedin.com/jobs/view/warehouse-operative-at-the-beauty-tech-group-currentbody-ziip-tria-4466194637,https://uk.linkedin.com/company/thebeautytechgroup,4466194637
The Branding Club,Junior Accountmanager,Utrecht,2026-06-27,klantcontact,nee,https://nl.linkedin.com/jobs/view/junior-accountmanager-at-the-branding-club-4441053301,https://nl.linkedin.com/company/thebrandingclub,4441053301
The Branding Club,Medior Accountmanager,Utrecht,2026-08-09,klantcontact,nee,https://nl.linkedin.com/jobs/view/medior-accountmanager-at-the-branding-club-4450977452,https://nl.linkedin.com/company/thebrandingclub,4450977452
The Builder Studios,Account Manager,Amsterdam Area,2026-07-26,online sales medewerker,nee,https://nl.linkedin.com/jobs/view/account-manager-at-the-builder-studios-4445361542,https://nl.linkedin.com/company/the-builder-studios,4445361542
The DJ Company,Sales and Service agent,Groningen,2026-09-18,online sales medewerker,nee,https://nl.linkedin.com/jobs/view/sales-and-service-agent-at-the-dj-company-4466917367,https://nl.linkedin.com/company/the-dj-company-nl-,4466917367
The Lean Six Sigma Company,Account Manager,Rotterdam,2026-09-10,klantcontact,nee,https://nl.linkedin.com/jobs/view/account-manager-at-the-lean-six-sigma-company-4465634134,https://nl.linkedin.com/school/the-lean-six-sigma-company/,4465634134
The Lemon Consulting,Klantenservicemedewerker,Maastricht,2026-08-19,klantcontact,nee,https://nl.linkedin.com/jobs/view/klantenservicemedewerker-at-the-lemon-consulting-4455413727,https://www.linkedin.com/company/the-lemon-consulting,4455413727
The Neon Company,Inside Sales Medewerker - Commerciële Binnendienst | €2.500–€3.200 + performance bonus.,Vianen,2026-08-20,online sales medewerker,nee,https://nl.linkedin.com/jobs/view/inside-sales-medewerker-commerci%C3%ABle-binnendienst-%E2%82%AC2-500%E2%80%93%E2%82%AC3-200-%2B-performance-bonus-at-the-neon-company-4456719593,https://nl.linkedin.com/company/theneoncompany,4456719593
The New Crew,Junior Applicatiebeheerder,Zeist,2026-09-15,webcare,nee,https://nl.linkedin.com/jobs/view/junior-applicatiebeheerder-at-the-new-crew-4465549317,https://nl.linkedin.com/company/thenewcrew,4465549317
The Rent Company,Medewerker School Services,'s-Hertogenbosch,2026-08-14,klantcontact,nee,https://nl.linkedin.com/jobs/view/medewerker-school-services-at-the-rent-company-4450853050,https://nl.linkedin.com/company/the-rent-company-bv,4450853050
The Rent Company,Team Lead Marketing &amp; Customer Journey,'s-Hertogenbosch,2026-09-15,klantcontact,nee,https://nl.linkedin.com/jobs/view/team-lead-marketing-customer-journey-at-the-rent-company-4465268050,https://nl.linkedin.com/company/the-rent-company-bv,4465268050
The Trainee Company,Junior accountmanager,Bunnik,2026-09-07,klantcontact,nee,https://nl.linkedin.com/jobs/view/junior-accountmanager-at-the-trainee-company-4464096690,https://nl.linkedin.com/company/the-trainee-company,4464096690
theFactor.e (part of Conclusion),Medior .Net Developer,Groningen,2025-04-04,webcare,nee,https://nl.linkedin.com/jobs/view/medior-net-developer-at-thefactor-e-part-of-conclusion-4199606905,https://nl.linkedin.com/company/thefactor-e,4199606905
Thermaflex Nederland,Logistiek Medewerker Expeditie,Waalwijk,2026-09-22,e-fulfilment medewerker,nee,https://nl.linkedin.com/jobs/view/logistiek-medewerker-expeditie-at-thermaflex-nederland-4469009315,https://nl.linkedin.com/company/thermaflexnl,4469009315
Thermo Fisher Scientific,Warehouse Packing specialist TEM packing,Eindhoven,2026-08-15,e-fulfilment medewerker,nee,https://nl.linkedin.com/jobs/view/warehouse-packing-specialist-tem-packing-at-thermo-fisher-scientific-4451707885,https://www.linkedin.com/company/thermo-fisher-scientific,4451707885
Thermo Fisher Scientific,Marketing Automation Specialist,Landsmeer,2026-09-10,customer journey specialist,nee,https://nl.linkedin.com/jobs/view/marketing-automation-specialist-at-thermo-fisher-scientific-4463426027,https://www.linkedin.com/company/thermo-fisher-scientific,4463426027
Things I Like Things I Love,Allround warehouse associate,Amsterdam Area,2026-08-12,e-fulfilment medewerker,nee,https://nl.linkedin.com/jobs/view/allround-warehouse-associate-at-things-i-like-things-i-love-4451642836,https://nl.linkedin.com/company/things-i-like-things-i-love,4451642836
Thingsdata,Sales Backoffice – Amsterdam,Amsterdam,2026-07-18,online sales medewerker,nee,https://nl.linkedin.com/jobs/view/sales-backoffice-%E2%80%93-amsterdam-at-thingsdata-4441715955,https://nl.linkedin.com/company/thingsdata,4441715955
Thuiszorg Mirelle Care,Wijkverpleegkundige,Nederland,2026-09-21,webcare,nee,https://nl.linkedin.com/jobs/view/wijkverpleegkundige-at-thuiszorg-mirelle-care-4469866038,https://www.linkedin.com/company/thuiszorg-mirelle-care,4469866038
Tjoapack,Senior Systems Administrator,Etten-Leur,2026-08-31,webcare,nee,https://nl.linkedin.com/jobs/view/senior-systems-administrator-at-tjoapack-4449565362,https://nl.linkedin.com/company/tjoapack-bv,4449565362
Tjoapack,IT Applications Specialist,Etten-Leur,2026-09-03,webcare,nee,https://nl.linkedin.com/jobs/view/it-applications-specialist-at-tjoapack-4460497753,https://nl.linkedin.com/company/tjoapack-bv,4460497753
Tools4ever B.V.,Junior Software Developer,Baarn,2026-07-13,webcare,nee,https://nl.linkedin.com/jobs/view/junior-software-developer-at-tools4ever-b-v-4439785635,https://nl.linkedin.com/company/tools4ever-nederland,4439785635
Tools4ever B.V.,Inside Sales Medewerker,Baarn,2026-09-01,online sales medewerker,nee,https://nl.linkedin.com/jobs/view/inside-sales-medewerker-at-tools4ever-b-v-4461704353,https://nl.linkedin.com/company/tools4ever-nederland,4461704353
Tools4ever B.V.,Inside Sales medewerker,Baarn,2026-09-10,online sales medewerker,nee,https://nl.linkedin.com/jobs/view/inside-sales-medewerker-at-tools4ever-b-v-4464199622,https://nl.linkedin.com/company/tools4ever-nederland,4464199622
Total Care Groep,ICT Applicatieontwikkelaar &amp; Beheerder | 32-40 uur,Goirle,2026-09-14,webcare,nee,https://nl.linkedin.com/jobs/view/ict-applicatieontwikkelaar-beheerder-32-40-uur-at-total-care-b-v-4467072434,https://nl.linkedin.com/company/total-care-groep,4467072434
Total Packaging bv,Operator | Stans | Vouwplak | Foliedruk | Emmeci,Harderwijk,2025-12-30,packaging medewerker webshop,nee,https://nl.linkedin.com/jobs/view/operator-stans-vouwplak-foliedruk-emmeci-at-total-packaging-bv-4329722274,https://nl.linkedin.com/company/total-packaging-bv,4329722274
Total Packaging bv,Leerling Operator,Harderwijk,2026-01-26,packaging medewerker webshop,nee,https://nl.linkedin.com/jobs/view/leerling-operator-at-total-packaging-bv-4366175605,https://nl.linkedin.com/company/total-packaging-bv,4366175605
Total Packaging bv,Operator Vouwplak,Harderwijk,2026-07-05,packaging medewerker webshop,nee,https://nl.linkedin.com/jobs/view/operator-vouwplak-at-total-packaging-bv-4436983433,https://nl.linkedin.com/company/total-packaging-bv,4436983433
Travelia,Sales medewerker binnendienst,Oldenzaal,2026-09-21,online sales medewerker,nee,https://nl.linkedin.com/jobs/view/sales-medewerker-binnendienst-at-travelia-4464094511,https://nl.linkedin.com/company/travelia-app,4464094511
Treatwell,Business Developer - Inbound Sales - Amsterdam,Amsterdam,2026-09-06,online sales medewerker,nee,https://nl.linkedin.com/jobs/view/business-developer-inbound-sales-amsterdam-at-treatwell-4427579805,https://uk.linkedin.com/company/treatwell-com,4427579805
Treatwell,B2B CRM Marketing Executive,Amsterdam,2026-09-21,customer journey specialist,nee,https://nl.linkedin.com/jobs/view/b2b-crm-marketing-executive-at-treatwell-4468173453,https://uk.linkedin.com/company/treatwell-com,4468173453
Trend People,Commercieel Medewerker Binnendienst,Capelle aan den IJssel,2026-09-02,online sales medewerker,nee,https://nl.linkedin.com/jobs/view/commercieel-medewerker-binnendienst-at-trend-people-4462400895,https://nl.linkedin.com/company/trend-office-people,4462400895
Trengo - Smart Customer Engagement Platform,Graduate AI &amp; Digital Success Specialist - Dutch speaking,Utrecht,2026-08-20,customer journey specialist,nee,https://nl.linkedin.com/jobs/view/graduate-ai-digital-success-specialist-dutch-speaking-at-trengo-4456493779,https://nl.linkedin.com/company/trengo,4456493779
Tribe CRM,Customer Care Officer (Dutch speaker),Utrecht,2026-09-22,klantcontact,nee,https://nl.linkedin.com/jobs/view/customer-care-officer-dutch-speaker-at-tribe-crm-4468905051,https://nl.linkedin.com/company/tribe-cr,4468905051
Triodos Bank,Customer Value Marketer (1-year contract),Driebergen-Rijsenburg,2026-09-14,customer journey specialist,nee,https://nl.linkedin.com/jobs/view/customer-value-marketer-1-year-contract-at-triodos-bank-4467084792,https://nl.linkedin.com/company/triodos-bank,4467084792
TUI,Senior CRM Manager - Loyalty &amp; Personalisation,Rijswijk,2026-09-10,customer journey specialist,nee,https://nl.linkedin.com/jobs/view/senior-crm-manager-loyalty-personalisation-at-tui-4465629697,https://de.linkedin.com/company/tuigroup,4465629697
TUI,Senior CRM Manager - Loyalty &amp; Personalisation,Enschede,2026-09-10,customer journey specialist,nee,https://nl.linkedin.com/jobs/view/senior-crm-manager-loyalty-personalisation-at-tui-4465628697,https://de.linkedin.com/company/tuigroup,4465628697
Turntwo,Marketing Technology &amp; Automation Consultant,Amsterdam,2026-08-04,customer journey specialist,nee,https://nl.linkedin.com/jobs/view/marketing-technology-automation-consultant-at-turntwo-4448580918,https://nl.linkedin.com/company/turntwodigital,4448580918
Turntwo,Marketing Data &amp; Analytics Consultant (Medior/Senior),Amsterdam,2026-08-08,customer journey specialist,nee,https://nl.linkedin.com/jobs/view/marketing-data-analytics-consultant-medior-senior-at-turntwo-4451056592,https://nl.linkedin.com/company/turntwodigital,4451056592
Tyre Team,Magazijnmedewerker,Oirschot,2026-06-12,magazijnmedewerker webshop,nee,https://nl.linkedin.com/jobs/view/magazijnmedewerker-at-tyre-team-4426904509,https://nl.linkedin.com/company/tyre-team,4426904509
Udea BV,Shiftleader Magazijn,Veghel,2026-06-23,voorraadbeheer webshop,nee,https://nl.linkedin.com/jobs/view/shiftleader-magazijn-at-udea-bv-4431249639,https://nl.linkedin.com/company/udea-bv,4431249639
Ugam Solutions Pvt. Ltd.,Application Consultant,Rotterdam and The Hague,2026-08-31,customer journey specialist,nee,https://nl.linkedin.com/jobs/view/application-consultant-at-ugam-solutions-pvt-ltd-4461274344,https://www.linkedin.com/company/ugam-solutions-pvt.-ltd.,4461274344
Ugam Solutions Pvt. Ltd.,CRM Campaign Manager,Rotterdam and The Hague,2026-09-04,customer journey specialist,nee,https://nl.linkedin.com/jobs/view/crm-campaign-manager-at-ugam-solutions-pvt-ltd-4463621733,https://www.linkedin.com/company/ugam-solutions-pvt.-ltd.,4463621733
Under Armour,Key Account Manager,Amsterdam,2026-09-16,brand manager webshop,nee,https://nl.linkedin.com/jobs/view/key-account-manager-at-under-armour-4468249625,https://www.linkedin.com/company/under-armour,4468249625
Unibail-Rodamco-Westfield,Credit Controller,Amstelveen,2026-09-01,retourverwerking,nee,https://nl.linkedin.com/jobs/view/credit-controller-at-unibail-rodamco-westfield-4448973290,https://fr.linkedin.com/company/unibail-rodamco-westfield,4448973290
Unibail-Rodamco-Westfield,Accounts Receivable Specialist,Amstelveen,2026-09-22,retourverwerking,nee,https://nl.linkedin.com/jobs/view/accounts-receivable-specialist-at-unibail-rodamco-westfield-4470470131,https://fr.linkedin.com/company/unibail-rodamco-westfield,4470470131
Unidex,Magazijnmedewerker Diepvries (40 uur per week),Noordwijk-Binnen,2026-09-17,magazijnmedewerker webshop,nee,https://nl.linkedin.com/jobs/view/magazijnmedewerker-diepvries-40-uur-per-week-at-unidex-4468637114,https://nl.linkedin.com/company/unidexholland,4468637114
Unigarant,Business Insight Analist,Hoogeveen,2026-09-21,customer journey specialist,nee,https://nl.linkedin.com/jobs/view/business-insight-analist-at-unigarant-4469851547,https://nl.linkedin.com/company/unigarant,4469851547
Uniphar Group,Medewerker Werkvoorbereiding,Lelystad,2026-09-18,packaging medewerker webshop,nee,https://nl.linkedin.com/jobs/view/medewerker-werkvoorbereiding-at-uniphar-group-4440979361,https://ie.linkedin.com/company/uniphargroup,4440979361
United Retail,Brand &amp; Content Manager,Huizen,2026-05-20,brand manager webshop,nee,https://nl.linkedin.com/jobs/view/brand-content-manager-at-united-retail-4413654382,https://nl.linkedin.com/company/united-retail,4413654382
Univé Stad en Land,Medewerker Klantcontact,Apeldoorn,2026-09-10,online sales medewerker,nee,https://nl.linkedin.com/jobs/view/medewerker-klantcontact-at-univ%C3%A9-stad-en-land-4463428907,https://nl.linkedin.com/company/univ%C3%A9-stad-en-land,4463428907
UWV,Invorderingsconsultent,Amsterdam,2026-09-07,retourverwerking,nee,https://nl.linkedin.com/jobs/view/invorderingsconsultent-at-uwv-4462927371,https://nl.linkedin.com/company/uwv,4462927371
Vadobag Europe BV,Senior Marketeer | Strategie &amp; Branding,Tilburg,2026-08-08,brand manager webshop,nee,https://nl.linkedin.com/jobs/view/senior-marketeer-strategie-branding-at-vadobag-europe-bv-4449635718,https://nl.linkedin.com/company/vadobag-bv,4449635718
valantic NL,Digital Analytics Specialist (Dutch speaking - klantzijde!),Noordwijk,2026-08-26,customer journey specialist,nee,https://nl.linkedin.com/jobs/view/digital-analytics-specialist-dutch-speaking-klantzijde%21-at-valantic-nl-4459304778,https://nl.linkedin.com/company/valanticnl,4459304778
Valicare,Accountmanager,Den Haag,2026-03-24,webcare,nee,https://nl.linkedin.com/jobs/view/accountmanager-at-valicare-4388483417,https://nl.linkedin.com/company/valicare,4388483417
Valicare,Product Owner,Den Haag,2026-08-05,webcare,nee,https://nl.linkedin.com/jobs/view/product-owner-at-valicare-4447322011,https://nl.linkedin.com/company/valicare,4447322011
Valuez Recruitment,Technical Support Specialist,"Noord-Brabant, Nederland",2026-09-22,webcare,nee,https://nl.linkedin.com/jobs/view/technical-support-specialist-at-valuez-recruitment-4466280583,https://nl.linkedin.com/company/valuez-recruitment-bv,4466280583
Van Cranenbroek,CRM Marketeer – Loyalty &amp; Marketing Automation in Budel,Budel,2026-09-21,customer journey specialist,nee,https://nl.linkedin.com/jobs/view/crm-marketeer-%E2%80%93-loyalty-marketing-automation-in-budel-at-van-cranenbroek-4454096066,https://nl.linkedin.com/company/van-cranenbroek,4454096066
Van Dijk Flora,Meewerkend Voorman Logistiek,Aalsmeer,2026-09-07,voorraadbeheer webshop,nee,https://nl.linkedin.com/jobs/view/meewerkend-voorman-logistiek-at-van-dijk-flora-bv-4452708042,https://nl.linkedin.com/company/van-dijk-flora-bv,4452708042
Van Kaathoven,Belader bij Van Kaathoven in Weert,Weert,2026-02-17,retourverwerking,nee,https://nl.linkedin.com/jobs/view/belader-bij-van-kaathoven-in-weert-at-van-kaathoven-4371995679,https://nl.linkedin.com/company/van-kaathoven-groep,4371995679
Van Lanschot Kempen,Database Marketeer,Amsterdam,2026-09-06,customer journey specialist,nee,https://nl.linkedin.com/jobs/view/database-marketeer-at-van-lanschot-kempen-4454970602,https://nl.linkedin.com/company/vanlanschotkempen,4454970602
Van Leersum Dranken,"Logistiek voorman (Fulltime, M/V)",Den Haag,2025-04-03,voorraadbeheer webshop,nee,https://nl.linkedin.com/jobs/view/logistiek-voorman-fulltime-m-v-at-van-leersum-dranken-4200235302,https://nl.linkedin.com/company/van-leersum-dranken,4200235302
Van Leersum Dranken,Magazijnmedewerker in Den Haag,Den Haag,2026-05-26,magazijnmedewerker webshop,nee,https://nl.linkedin.com/jobs/view/magazijnmedewerker-in-den-haag-at-van-leersum-dranken-4419197455,https://nl.linkedin.com/company/van-leersum-dranken,4419197455
Van Meer,Condition Monitoring Specialist,Tholen,2026-09-22,retourverwerking,nee,https://nl.linkedin.com/jobs/view/condition-monitoring-specialist-at-van-meer-4470285229,https://nl.linkedin.com/company/van-meer-industrial-services-b-v-,4470285229
Van Rooijen Logistiek,Teamleider Warehouse,Eindhoven,2026-09-08,voorraadbeheer webshop,nee,https://nl.linkedin.com/jobs/view/teamleider-warehouse-at-van-rooijen-logistiek-4464450921,https://nl.linkedin.com/company/van-rooijen-logistiek,4464450921
Van Schie,MEEWERKEND VOORMAN MILIEU/(R-)DLP’ER,Mijdrecht,2025-04-04,retourverwerking,nee,https://nl.linkedin.com/jobs/view/meewerkend-voorman-milieu-r-dlp%E2%80%99er-at-van-schie-groep-4199493178,https://nl.linkedin.com/company/vanschie,4199493178
Van Tilburg Mode &amp; Sport,Product Owner CRM,Nistelrode,2026-08-31,customer journey specialist,nee,https://nl.linkedin.com/jobs/view/product-owner-crm-at-van-tilburg-mode-sport-4458892667,https://nl.linkedin.com/company/van-tilburg-mode-en-sport,4458892667
Van Vulpen,KAM Medewerker Bodemdesk,Gorinchem,2026-07-14,retourverwerking,nee,https://nl.linkedin.com/jobs/view/kam-medewerker-bodemdesk-at-van-vulpen-4440885062,https://nl.linkedin.com/company/vanvulpen,4440885062
Van Vulpen,Magazijnmedewerker / Terreinmedewerker,Gorinchem,2026-09-14,retourverwerking,nee,https://nl.linkedin.com/jobs/view/magazijnmedewerker-terreinmedewerker-at-van-vulpen-4465785174,https://nl.linkedin.com/company/vanvulpen,4465785174
Van Werven,Operationeel manager Afvalinzameling &amp; Recycling,Oldebroek,2026-07-01,retourverwerking,nee,https://nl.linkedin.com/jobs/view/operationeel-manager-afvalinzameling-recycling-at-van-werven-infra-recycling-4435580480,https://nl.linkedin.com/company/vanwerven,4435580480
Van Werven Plastic Recycling,Monteur technische dienst,Biddinghuizen,2026-09-14,retourverwerking,nee,https://nl.linkedin.com/jobs/view/monteur-technische-dienst-at-van-werven-plastic-recycling-4467094162,https://www.linkedin.com/company/van-werven-plastic-recycling,4467094162
Van Wijk Nederland,Teamleider Magazijn,Lelystad,2026-09-17,voorraadbeheer webshop,nee,https://nl.linkedin.com/jobs/view/teamleider-magazijn-at-van-wijk-nederland-4458607995,https://nl.linkedin.com/company/van-wijk-nederland,4458607995
Van Wijnen,Open Sollicitatie Van Wijnen Utrecht,Utrecht,2026-09-11,retourverwerking,nee,https://nl.linkedin.com/jobs/view/open-sollicitatie-van-wijnen-utrecht-at-van-wijnen-4427787042,https://nl.linkedin.com/company/van-wijnen,4427787042
Vandebron,Customer Experience Manager,Amsterdam,2026-09-14,customer journey specialist,nee,https://nl.linkedin.com/jobs/view/customer-experience-manager-at-vandebron-4447290294,https://nl.linkedin.com/company/vandebron,4447290294
Vandebron,CX Specialist,Amsterdam,2026-09-14,customer journey specialist,nee,https://nl.linkedin.com/jobs/view/cx-specialist-at-vandebron-4467072449,https://nl.linkedin.com/company/vandebron,4467072449
vanHaren Schoenen BV,CRM &amp; Loyalty Specialist,Waalwijk,2026-07-10,customer journey specialist,nee,https://nl.linkedin.com/jobs/view/crm-loyalty-specialist-at-vanharen-schoenen-bv-4439074941,https://nl.linkedin.com/company/vanharenschoenen,4439074941
vanHaren Schoenen BV,Assistent Logistiek Teamleider,Waalwijk,2026-08-03,voorraadbeheer webshop,nee,https://nl.linkedin.com/jobs/view/assistent-logistiek-teamleider-at-vanharen-schoenen-bv-4448198403,https://nl.linkedin.com/company/vanharenschoenen,4448198403
vanHaren Schoenen BV,CRM &amp; Loyality Specialist,Waalwijk,2026-09-09,customer journey specialist,nee,https://nl.linkedin.com/jobs/view/crm-loyality-specialist-at-vanharen-schoenen-bv-4465097892,https://nl.linkedin.com/company/vanharenschoenen,4465097892
Vanquish Yachts,Informatiemanager,Marknesse,2026-06-17,voorraadbeheer webshop,nee,https://nl.linkedin.com/jobs/view/informatiemanager-at-vanquish-yachts-4429979944,https://nl.linkedin.com/company/vq-yachts,4429979944
vanRijsingengreen,Aankomend Allround Operator,Helmond,2026-09-11,retourverwerking,nee,https://nl.linkedin.com/jobs/view/aankomend-allround-operator-at-vanrijsingengreen-4466089007,https://nl.linkedin.com/company/vanrijsingengreen,4466089007
VAROPreem,Terminal Operator,Geertruidenberg,2026-07-14,retourverwerking,nee,https://nl.linkedin.com/jobs/view/terminal-operator-at-varopreem-4440556581,https://www.linkedin.com/company/varopreem,4440556581
VAST.,Warehouse manager,Almelo,2026-08-24,voorraadbeheer webshop,nee,https://nl.linkedin.com/jobs/view/warehouse-manager-at-vast-4458225624,https://nl.linkedin.com/company/vastnu,4458225624
VAST.,Team Lead Warehouse Control,Varsseveld,2026-09-08,voorraadbeheer webshop,nee,https://nl.linkedin.com/jobs/view/team-lead-warehouse-control-at-vast-4464424376,https://nl.linkedin.com/company/vastnu,4464424376
Vattenfall,Marketing Data Analist,Amsterdam,2026-09-22,customer journey specialist,nee,https://nl.linkedin.com/jobs/view/marketing-data-analist-at-vattenfall-4468577235,https://se.linkedin.com/company/vattenfall,4468577235
VCM Medical,ICT/Service technicus Medisch,Leusden,2026-09-13,webcare,nee,,,4466758508
VCSW - Specialist in sociale zekerheid,Inside sales medewerker,Den Haag,2026-09-05,online sales medewerker,nee,https://nl.linkedin.com/jobs/view/inside-sales-medewerker-at-vcsw-4444416331,https://nl.linkedin.com/company/vcsw,4444416331
VDH Company,Financieel administratief medewerker logistiek,Ridderkerk,2026-09-18,voorraadbeheer webshop,nee,https://nl.linkedin.com/jobs/view/financieel-administratief-medewerker-logistiek-at-vdh-company-4467860381,https://nl.linkedin.com/company/vdh-company,4467860381
VDL Agrotech,Magazijn Medewerker,Eindhoven,2026-09-02,e-fulfilment medewerker,nee,https://nl.linkedin.com/jobs/view/magazijn-medewerker-at-vdl-agrotech-4442762094,https://nl.linkedin.com/company/vdlagrotech,4442762094
VDL Fibertech Industries BV,Logistiek medewerker dagdienst,Hapert,2026-09-22,e-fulfilment medewerker,nee,https://nl.linkedin.com/jobs/view/logistiek-medewerker-dagdienst-at-vdl-fibertech-industries-bv-4451577037,https://nl.linkedin.com/company/vdl-fibertech-industries,4451577037
VDL Industrial Products B.V.,Logistiek Medewerker,Eersel,2026-09-02,e-fulfilment medewerker,nee,https://nl.linkedin.com/jobs/view/logistiek-medewerker-at-vdl-industrial-products-b-v-4442744931,https://nl.linkedin.com/company/vdl-industrial-products-b.v.,4442744931
VDL Laktechniek B.V.,Logistiek Medewerker.,Eindhoven,2026-09-16,e-fulfilment medewerker,nee,https://nl.linkedin.com/jobs/view/logistiek-medewerker-at-vdl-laktechniek-b-v-4458792722,https://www.linkedin.com/company/vdl-laktechniek-b.v.,4458792722
VDL Nederland B.V.,Productowner Netwerk Operations,Eindhoven,2026-09-09,voorraadbeheer webshop,nee,https://nl.linkedin.com/jobs/view/productowner-netwerk-operations-at-vdl-nederland-4456186852,https://nl.linkedin.com/company/vdl-nederland,4456186852
Velde,Algemeen directeur,Leeuwarden,2026-09-22,retourverwerking,nee,https://nl.linkedin.com/jobs/view/algemeen-directeur-at-velde-4470402301,https://nl.linkedin.com/company/velde,4470402301
Veloris Benelux. The Battery Partner.,Customer Service Inside Sales/ Verkoopmedewerker Binnendienst,Rotterdam,2026-08-21,online sales medewerker,nee,https://nl.linkedin.com/jobs/view/customer-service-inside-sales-verkoopmedewerker-binnendienst-at-veloris-benelux-the-battery-partner-4457315358,https://www.linkedin.com/company/veloris-batteries-benelux,4457315358
Veolia | Hazardous Waste Europe,Uitvoerder,"Utrecht, Nederland",2026-09-21,retourverwerking,nee,https://nl.linkedin.com/jobs/view/uitvoerder-at-veolia-hazardous-waste-europe-4468712391,https://fr.linkedin.com/company/veolia-hazardous-waste-europe,4468712391
Veolia | Hazardous Waste Europe,Depotbeheerder Grondbank,Utrecht,2026-09-21,retourverwerking,nee,https://nl.linkedin.com/jobs/view/depotbeheerder-grondbank-at-veolia-hazardous-waste-europe-4469898874,https://fr.linkedin.com/company/veolia-hazardous-waste-europe,4469898874
Veolia | Nederland,Werktuigkundig operator,Joure,2026-07-21,retourverwerking,nee,https://nl.linkedin.com/jobs/view/werktuigkundig-operator-at-veolia-netherlands-4440454012,https://nl.linkedin.com/company/veolia-nederland-b.v.,4440454012
Veolia | Nederland,Technisch operator,Schiphol,2026-07-21,retourverwerking,nee,https://nl.linkedin.com/jobs/view/technisch-operator-at-veolia-netherlands-4440427557,https://nl.linkedin.com/company/veolia-nederland-b.v.,4440427557
Verder Liquids,Anvast - Junior Asset Manager (&amp; Sustainability Lead),Vleuten,2026-09-11,retourverwerking,nee,https://nl.linkedin.com/jobs/view/anvast-junior-asset-manager-sustainability-lead-at-verder-liquids-4463994480,https://nl.linkedin.com/company/verder-liquids,4463994480
Vereniging Nederlands Cultuurlandschap,Meewerkend voorman (m/v/x),Arnhem-Nijmegen en omgeving,2026-06-23,retourverwerking,nee,https://nl.linkedin.com/jobs/view/meewerkend-voorman-m-v-x-at-vereniging-nederlands-cultuurlandschap-4425996216,https://nl.linkedin.com/company/vereniging-nederlands-cultuurlandschap,4425996216
Verhoeven International,Teamleider logistiek,Maarheeze,2026-04-28,voorraadbeheer webshop,nee,https://nl.linkedin.com/jobs/view/teamleider-logistiek-at-verhoeven-grondverzetmachines-bv-4408029521,https://nl.linkedin.com/company/verhoeven-international,4408029521
Verhoeven International,Business Analist,Maarheeze,2026-09-22,voorraadbeheer webshop,nee,https://nl.linkedin.com/jobs/view/business-analist-at-verhoeven-grondverzetmachines-bv-4468537827,https://nl.linkedin.com/company/verhoeven-international,4468537827
Vericom,"Yazılım Geliştirme Uzmanı (.NET Core, C#, MVC)",Hardenberg,2026-07-17,webcare,nee,https://nl.linkedin.com/jobs/view/yaz%C4%B1l%C4%B1m-geli%C5%9Ftirme-uzman%C4%B1-net-core-c%23-mvc-at-vericom-4441124945,https://tr.linkedin.com/company/vericomtr,4441124945
Veris Bouwmaterialengroep BV,Directeur inkoop,Gorinchem,2026-09-21,voorraadbeheer webshop,nee,https://nl.linkedin.com/jobs/view/directeur-inkoop-at-veris-bouwmaterialengroep-bv-4469961717,https://nl.linkedin.com/company/veris-bouwmaterialengroep-bv,4469961717
Verkroost Nijmegen,Vacature Planner,Nijmegen,2026-09-11,retourverwerking,nee,https://nl.linkedin.com/jobs/view/vacature-planner-at-verkroost-nijmegen-4466358392,https://nl.linkedin.com/company/verkroost,4466358392
Vermaat,Medewerker Inkoop Support,IJsselstein,2026-08-25,voorraadbeheer webshop,nee,https://nl.linkedin.com/jobs/view/medewerker-inkoop-support-at-vermaat-4466940963,https://nl.linkedin.com/company/vermaat,4466940963
Vermeer International B.V.,Logistiek medewerker,'s-Heer Arendskerke,2026-09-12,retourverwerking,nee,https://nl.linkedin.com/jobs/view/logistiek-medewerker-at-vermeer-international-b-v-4429311797,https://www.linkedin.com/company/vermeer-international-b.v.,4429311797
Vernay,Shift Manager,Oldenzaal,2026-03-26,retourverwerking,nee,https://nl.linkedin.com/jobs/view/shift-manager-at-vernay-4391383581,https://www.linkedin.com/company/vernay,4391383581
Verpact,Regiomanager Retourshops,Den Haag,2026-09-15,retourverwerking,nee,https://nl.linkedin.com/jobs/view/regiomanager-retourshops-at-verpact-4461090682,https://nl.linkedin.com/company/verpact,4461090682
VerpakkingsManagement,Onderzoeker Verpakkingen bij Verpact,Hilversum,2026-01-29,retourverwerking,nee,https://nl.linkedin.com/jobs/view/onderzoeker-verpakkingen-bij-verpact-at-verpakkingsmanagement-4367198412,https://nl.linkedin.com/company/verpakkingsmanagement,4367198412
Versuni,Marketing Manager - Benelux,Amsterdam,2026-09-03,brand manager webshop,nee,https://nl.linkedin.com/jobs/view/marketing-manager-benelux-at-versuni-4462840986,https://nl.linkedin.com/company/versuni,4462840986
Verwater Group B.V.,Inkoper,Rotterdam,2026-09-07,retourverwerking,nee,https://nl.linkedin.com/jobs/view/inkoper-at-verwater-group-b-v-4462212499,https://nl.linkedin.com/company/verwater,4462212499
Verwater Group B.V.,Machine Operator - RDM,Rotterdam,2026-09-07,retourverwerking,nee,https://nl.linkedin.com/jobs/view/machine-operator-rdm-at-verwater-group-b-v-4462221387,https://nl.linkedin.com/company/verwater,4462221387
Vestacy,Junior Brand Manager - Benelux Vestacy,Amsterdam,2026-09-04,brand manager webshop,nee,https://nl.linkedin.com/jobs/view/junior-brand-manager-benelux-vestacy-at-vestacy-4461187051,https://nl.linkedin.com/company/vestacy,4461187051
Vestas,Lean Specialist,IJmuiden,2026-09-11,retourverwerking,nee,https://nl.linkedin.com/jobs/view/lean-specialist-at-vestas-4466344815,https://dk.linkedin.com/company/vestas,4466344815
VHC Jongens BV,Junior Credit Collector / Medewerker Debiteurenbeheer,Oostzaan,2026-07-16,retourverwerking,nee,https://nl.linkedin.com/jobs/view/junior-credit-collector-medewerker-debiteurenbeheer-at-vhc-jongens-bv-4440763217,https://nl.linkedin.com/company/vhc-jongens-bv,4440763217
Viking Europe,CRM Marketeer,Venlo,2026-09-16,customer journey specialist,nee,https://nl.linkedin.com/jobs/view/crm-marketeer-at-viking-europe-4468266036,https://nl.linkedin.com/company/viking-europe,4468266036
Viking Nederland,CRM Marketeer,Venlo,2026-09-16,customer journey specialist,nee,https://nl.linkedin.com/jobs/view/crm-marketeer-at-viking-nederland-4468265502,https://nl.linkedin.com/company/vikingnederland,4468265502
Visiar HealthCare,Medior Healthcare Consultant,Amsterdam,2026-09-21,webcare,nee,https://nl.linkedin.com/jobs/view/medior-healthcare-consultant-at-visiar-healthcare-4439071862,https://nl.linkedin.com/company/visiar-healthcare,4439071862
Visiar HealthCare,Projectleider,Amsterdam,2026-09-21,webcare,nee,https://nl.linkedin.com/jobs/view/projectleider-at-visiar-healthcare-4392569195,https://nl.linkedin.com/company/visiar-healthcare,4392569195
Visser &amp; Visser BV,Inkoper,Breda,2026-09-07,voorraadbeheer webshop,nee,https://nl.linkedin.com/jobs/view/inkoper-at-visser-breda-4462936534,https://nl.linkedin.com/company/visser-breda,4462936534
Visual Workplace B.V.,Visual Project Assistant,Wijchen,2026-09-18,medewerker webshop,nee,https://nl.linkedin.com/jobs/view/visual-project-assistant-at-visual-workplace-b-v-4469106889,https://nl.linkedin.com/company/tnp-visual-workplace,4469106889
ViVortis,Junior Accountmanager,Eindhoven,2026-08-28,online sales medewerker,nee,https://nl.linkedin.com/jobs/view/junior-accountmanager-at-vivortis%C2%AE-4456958079,https://nl.linkedin.com/company/wijzijnvivortis,4456958079
VML,Marketing Technology Consultant,Amsterdam,2026-08-12,customer journey specialist,nee,https://nl.linkedin.com/jobs/view/marketing-technology-consultant-at-vml-4453104936,https://www.linkedin.com/company/vml,4453104936
Vobra Special Petfoods,Operator Verpakkingen,Veghel,2025-06-13,packaging medewerker webshop,nee,https://nl.linkedin.com/jobs/view/operator-verpakkingen-at-vobra-special-petfoods-4250409411,https://nl.linkedin.com/company/vobra-special-petfoods,4250409411
VodafoneZiggo,(Sr) Insights Specialist Customer Service,Utrecht,2026-09-14,customer journey specialist,nee,https://nl.linkedin.com/jobs/view/sr-insights-specialist-customer-service-at-vodafoneziggo-4464791259,https://nl.linkedin.com/company/vodafoneziggo,4464791259
Vogelaar Vredehof,Assistent Teamleider Expeditie,Kruiningen,2026-07-07,voorraadbeheer webshop,nee,https://nl.linkedin.com/jobs/view/assistent-teamleider-expeditie-at-vogelaar-vredehof-4437778966,https://nl.linkedin.com/company/vogelaar-vredehof,4437778966
Vogelaar Vredehof,Administratief medewerker - Expeditie,Geldermalsen,2026-09-16,voorraadbeheer webshop,nee,https://nl.linkedin.com/jobs/view/administratief-medewerker-expeditie-at-vogelaar-vredehof-4467963483,https://nl.linkedin.com/company/vogelaar-vredehof,4467963483
VOIPZeker,Sales &amp; Customer Success Medewerker,Den Haag,2026-09-16,online sales medewerker,nee,https://nl.linkedin.com/jobs/view/sales-customer-success-medewerker-at-voipzeker-4468218269,https://nl.linkedin.com/company/voipzeker,4468218269
Volaris Group,Growth Marketer,Rotterdam,2026-09-18,customer journey specialist,nee,https://nl.linkedin.com/jobs/view/growth-marketer-at-volaris-group-4469160171,https://ca.linkedin.com/company/volaris-group,4469160171
VolkerWessels,Junior projectleider materieel- en onderhoud,Dordrecht,2026-09-12,retourverwerking,nee,https://nl.linkedin.com/jobs/view/junior-projectleider-materieel-en-onderhoud-at-volkerwessels-4436819580,https://nl.linkedin.com/company/volkerwessels,4436819580
Volkswagen Pon Financial Services,Customer Experience Adviseur (medior) (4 of 5 dagen per week),Amersfoort,2026-09-08,customer journey specialist,nee,https://nl.linkedin.com/jobs/view/customer-experience-adviseur-medior-4-of-5-dagen-per-week-at-volkswagen-pon-financial-services-4464481670,https://nl.linkedin.com/company/volkswagen-pon-financial-services,4464481670
Vomar Voordeelmarkt B.V.,Categorie Manager,Alkmaar,2026-08-26,voorraadbeheer webshop,nee,https://nl.linkedin.com/jobs/view/categorie-manager-at-vomar-voordeelmarkt-b-v-4459177545,https://nl.linkedin.com/company/vomar,4459177545
Voordeeluitjes,E-mailmarketing &amp; CRM Specialist,Deventer,2026-06-06,customer journey specialist,nee,https://nl.linkedin.com/jobs/view/e-mailmarketing-crm-specialist-at-voordeeluitjes-nl-4434609363,https://nl.linkedin.com/company/voordeeluitjes,4434609363
Voordeeluitjes,CRO Specialist,Amstelveen,2026-08-06,customer journey specialist,nee,https://nl.linkedin.com/jobs/view/cro-specialist-at-voordeeluitjes-nl-4450326417,https://nl.linkedin.com/company/voordeeluitjes,4450326417
Vooruit Recruitment,Applicatiebeheerder,Weert,2026-09-09,retourverwerking,nee,https://nl.linkedin.com/jobs/view/applicatiebeheerder-at-vooruit-recruitment-4463032151,https://nl.linkedin.com/company/vooruit-recruitment,4463032151
Vos Logistics,Assistent Teamlead,Oss,2026-06-24,voorraadbeheer webshop,nee,https://nl.linkedin.com/jobs/view/assistent-teamlead-at-vos-logistics-4429839770,https://nl.linkedin.com/company/vos-logistics,4429839770
Vostermans Ventilation,Logistiek Medewerker,Venlo,2025-08-26,e-fulfilment medewerker,nee,https://nl.linkedin.com/jobs/view/logistiek-medewerker-at-vostermans-ventilation-4291640286,https://nl.linkedin.com/company/vostermans-ventilation,4291640286
VTS Track Solutions,Commercieel medewerker binnendienst,Maarheeze,2026-08-24,online sales medewerker,nee,https://nl.linkedin.com/jobs/view/commercieel-medewerker-binnendienst-at-vts-track-solutions-4443233675,https://nl.linkedin.com/company/vts-tracksolutions,4443233675
Vulcor Insulation,Commercieel Medewerker Binnendienst | Sales &amp; Customer Service,Heteren,2026-09-15,online sales medewerker,nee,https://nl.linkedin.com/jobs/view/commercieel-medewerker-binnendienst-sales-customer-service-at-vulcor-insulation-4467724111,https://nl.linkedin.com/company/vulcor-insulation,4467724111
VX Company,.NET Developer,Utrecht Area,2026-09-22,webcare,nee,https://nl.linkedin.com/jobs/view/net-developer-at-vx-company-4470266985,https://nl.linkedin.com/company/vx-company,4470266985
VX Company,Security Specialist,Baarn,2026-09-22,webcare,nee,https://nl.linkedin.com/jobs/view/security-specialist-at-vx-company-4470283215,https://nl.linkedin.com/company/vx-company,4470283215
Waardeburgh,ICT-medewerker,Sliedrecht,2026-09-21,webcare,nee,https://nl.linkedin.com/jobs/view/ict-medewerker-at-waardeburgh-4469856293,https://nl.linkedin.com/company/waardeburgh,4469856293
WaarneemApp,Software consultant,Utrecht,2026-06-26,webcare,nee,https://nl.linkedin.com/jobs/view/software-consultant-at-waarneemapp-4434031787,https://nl.linkedin.com/company/waarneemapp,4434031787
WaarneemApp,Senior software-ingenieur,Utrecht,2026-06-26,webcare,nee,https://nl.linkedin.com/jobs/view/senior-software-ingenieur-at-waarneemapp-4434039714,https://nl.linkedin.com/company/waarneemapp,4434039714
WaarneemApp,Senior backend developer,Utrecht,2026-06-26,webcare,nee,https://nl.linkedin.com/jobs/view/senior-backend-developer-at-waarneemapp-4434050048,https://nl.linkedin.com/company/waarneemapp,4434050048
WACKER,MSAT - Process Engineer,Amsterdam,2026-09-18,retourverwerking,nee,https://nl.linkedin.com/jobs/view/msat-process-engineer-at-wacker-4429657196,https://de.linkedin.com/company/wacker,4429657196
Walibi Holland,"Medewerker Inkoop, Logistiek en Magazijn",Biddinghuizen,2026-09-02,voorraadbeheer webshop,nee,https://nl.linkedin.com/jobs/view/medewerker-inkoop-logistiek-en-magazijn-at-walibi-holland-4460947719,https://nl.linkedin.com/company/walibi-holland,4460947719
Wannet Sports Insurance,CRM Sales Specialist,Arnhem,2026-06-29,customer journey specialist,nee,https://nl.linkedin.com/jobs/view/crm-sales-specialist-at-wannet-sports-insurance-4433646828,https://www.linkedin.com/company/wannet-sports-insurance,4433646828
Wasco B.V.,Teamleider Supply &amp; Demand,Apeldoorn,2026-09-02,voorraadbeheer webshop,nee,https://nl.linkedin.com/jobs/view/teamleider-supply-demand-at-wasco-4446812308,https://nl.linkedin.com/company/wasco,4446812308
Wasconnect B.V.,Vestigingsmanager Wasconnect Nijmegen,Nijmegen,2026-09-08,retourverwerking,nee,https://nl.linkedin.com/jobs/view/vestigingsmanager-wasconnect-nijmegen-at-wasconnect-b-v-4464477540,https://nl.linkedin.com/company/wasconnect,4464477540
Waste Vision,Meewerkend bijrijders,Midden-Holland,2026-08-07,retourverwerking,nee,https://nl.linkedin.com/jobs/view/meewerkend-bijrijders-at-waste-vision-4450095940,https://nl.linkedin.com/company/wastevisioncom,4450095940
Watchmen,Security Engineer,Nederland,2026-08-31,webcare,nee,https://nl.linkedin.com/jobs/view/security-engineer-at-watchmen-4461056621,https://nl.linkedin.com/company/watchmen,4461056621
Watchmen,Network Engineer,Nederland,2026-08-31,webcare,nee,https://nl.linkedin.com/jobs/view/network-engineer-at-watchmen-4461045759,https://nl.linkedin.com/company/watchmen,4461045759
WATTSUN,Junior Accountmanager Binnendienst (16-40 uur),Arnhem,2026-02-20,online sales medewerker,nee,https://nl.linkedin.com/jobs/view/junior-accountmanager-binnendienst-16-40-uur-at-wattsun-net-4375883674,https://nl.linkedin.com/company/wattsun-net,4375883674
Wavin,E-business specialist,Hardenberg,2026-09-15,voorraadbeheer webshop,nee,https://nl.linkedin.com/jobs/view/e-business-specialist-at-wavin-4466196989,https://nl.linkedin.com/company/wavin,4466196989
We ARE Renewables,Technical Support Specialist,IJmuiden,2026-09-07,retourverwerking,nee,https://nl.linkedin.com/jobs/view/technical-support-specialist-at-we-are-renewables-4451641740,https://nl.linkedin.com/company/we-are-renewables,4451641740
We ARE Renewables,Procurement Desk Specialist,Eindhoven,2026-09-14,retourverwerking,nee,https://nl.linkedin.com/jobs/view/procurement-desk-specialist-at-we-are-renewables-4464763659,https://nl.linkedin.com/company/we-are-renewables,4464763659
WE Fashion,Assistant Buyer Kidswear,"Utrecht, Nederland",2026-09-14,voorraadbeheer webshop,nee,https://nl.linkedin.com/jobs/view/assistant-buyer-kidswear-at-we-fashion-4467047811,https://nl.linkedin.com/company/wefashion,4467047811
WE Fashion,E-Commerce Merchandsier,"Utrecht, Nederland",2026-09-22,voorraadbeheer webshop,nee,https://nl.linkedin.com/jobs/view/e-commerce-merchandsier-at-we-fashion-4470452485,https://nl.linkedin.com/company/wefashion,4470452485
Webgrade,Projectmanager,Den Haag,2026-07-15,webcare,nee,https://nl.linkedin.com/jobs/view/projectmanager-at-webgrade-4438073596,https://nl.linkedin.com/company/webgradenl,4438073596
Webgrade,Laravel Developer,Den Haag,2026-07-15,webcare,nee,https://nl.linkedin.com/jobs/view/laravel-developer-at-webgrade-4438072567,https://nl.linkedin.com/company/webgradenl,4438072567
Webnode AG,Brand manager,Leidschendam,2026-09-15,brand manager webshop,nee,https://nl.linkedin.com/jobs/view/brand-manager-at-webnode-ag-4467725586,https://cz.linkedin.com/company/webnode-ag,4467725586
Websoft Europe,"Robot Welding Operator – Zwolle, Netherlands | EU Citizens Only | €17.50 NET per hour | FREE Accommodation | Long-term employment | Immediate start possible",Zwolle,2026-09-18,orderpicker webshop,nee,https://nl.linkedin.com/jobs/view/robot-welding-operator-%E2%80%93-zwolle-netherlands-eu-citizens-only-%E2%82%AC17-50-net-per-hour-free-accommodation-long-term-employment-immediate-start-possible-at-websoft-europe-4469212773,https://gi.linkedin.com/company/websoft-europe,4469212773
Weeztix,Marketing Manager Netherlands &amp; Weeztix,Amsterdam,2026-08-27,brand manager webshop,nee,https://nl.linkedin.com/jobs/view/marketing-manager-netherlands-weeztix-at-weeztix-4459696236,https://nl.linkedin.com/company/weeztix,4459696236
Wehkamp Retail Group,Buying Assistant Fashion (zwangerschapsvervanging),Zwolle,2026-09-17,medewerker webshop,nee,https://nl.linkedin.com/jobs/view/buying-assistant-fashion-zwangerschapsvervanging-at-wehkamp-retail-group-4466259105,https://nl.linkedin.com/company/wehkamp-retail-group,4466259105
Wehkamp Retail Group,Warehouse Operations Manager,Zwolle,2026-09-17,voorraadbeheer webshop,nee,https://nl.linkedin.com/jobs/view/warehouse-operations-manager-at-wehkamp-retail-group-4466251613,https://nl.linkedin.com/company/wehkamp-retail-group,4466251613
Weir,Industrieel Spuiter,Venlo,2026-09-06,retourverwerking,nee,https://nl.linkedin.com/jobs/view/industrieel-spuiter-at-weir-4413640293,https://uk.linkedin.com/company/weir-plc,4413640293
Weir,Mining Lab Technician,Venlo,2026-09-16,retourverwerking,nee,https://nl.linkedin.com/jobs/view/mining-lab-technician-at-weir-4456961517,https://uk.linkedin.com/company/weir-plc,4456961517
Weir,Monteur Assemblage,Venlo,2026-09-17,retourverwerking,nee,https://nl.linkedin.com/jobs/view/monteur-assemblage-at-weir-4353994576,https://uk.linkedin.com/company/weir-plc,4353994576
Welcom bij Kivits | Zakelijk,Verkoopmedewerker,Venray,2026-09-22,medewerker webshop,nee,https://nl.linkedin.com/jobs/view/verkoopmedewerker-at-welcom-bij-kivits-zakelijk-4470427573,https://nl.linkedin.com/company/welcom-bij-kivits,4470427573
WELEDA Benelux 🌿 B Corp,Logistics Support,Zoetermeer,2026-09-10,voorraadbeheer webshop,nee,https://nl.linkedin.com/jobs/view/logistics-support-at-weleda-benelux-se-4465806621,https://nl.linkedin.com/company/weleda-benelux,4465806621
Welkoop,Verkoopmedewerker Planten &amp; Tuin,Someren,2026-05-05,medewerker webshop,nee,https://nl.linkedin.com/jobs/view/verkoopmedewerker-planten-tuin-at-welkoop-4410595588,https://nl.linkedin.com/company/welkoop,4410595588
Welkoop,Verkoopmedewerker Tuin,Emmen,2026-06-18,medewerker webshop,nee,https://nl.linkedin.com/jobs/view/verkoopmedewerker-tuin-at-welkoop-4430744095,https://nl.linkedin.com/company/welkoop,4430744095
Welkoop,Verkoopmedewerker Tuin,Nieuw-Amsterdam,2026-06-18,medewerker webshop,nee,https://nl.linkedin.com/jobs/view/verkoopmedewerker-tuin-at-welkoop-4430738217,https://nl.linkedin.com/company/welkoop,4430738217
Welkoop,Verkoopmedewerker Tuin,Roermond,2026-06-19,medewerker webshop,nee,https://nl.linkedin.com/jobs/view/verkoopmedewerker-tuin-at-welkoop-4430957915,https://nl.linkedin.com/company/welkoop,4430957915
Welkoop,Verkoopmedewerker Tuin &amp; Dier,Denekamp,2026-07-06,medewerker webshop,nee,https://nl.linkedin.com/jobs/view/verkoopmedewerker-tuin-dier-at-welkoop-4437115992,https://nl.linkedin.com/company/welkoop,4437115992
Welkoop,Verkoopmedewerker Tuin (Afdelingsverantwoordelijk),Brunssum,2026-08-06,medewerker webshop,nee,https://nl.linkedin.com/jobs/view/verkoopmedewerker-tuin-afdelingsverantwoordelijk-at-welkoop-4450243966,https://nl.linkedin.com/company/welkoop,4450243966
Welkoop,Verkoopmedewerker Tuin,Echt,2026-08-19,medewerker webshop,nee,https://nl.linkedin.com/jobs/view/verkoopmedewerker-tuin-at-welkoop-4456317170,https://nl.linkedin.com/company/welkoop,4456317170
Welkoop,Verkoopmedewerker Tuin,Meppel,2026-08-24,medewerker webshop,nee,https://nl.linkedin.com/jobs/view/verkoopmedewerker-tuin-at-welkoop-4458282409,https://nl.linkedin.com/company/welkoop,4458282409
Welkoop,Verkoopmedewerker Kleding,Zierikzee,2026-09-04,medewerker webshop,nee,https://nl.linkedin.com/jobs/view/verkoopmedewerker-kleding-at-welkoop-4463376238,https://nl.linkedin.com/company/welkoop,4463376238
Welkoop,Verkoopmedewerker Tuin,Zierikzee,2026-09-04,medewerker webshop,nee,https://nl.linkedin.com/jobs/view/verkoopmedewerker-tuin-at-welkoop-4463359885,https://nl.linkedin.com/company/welkoop,4463359885
Welkoop,Bijbaan kassamedewerker,Buren,2026-09-10,medewerker webshop,nee,https://nl.linkedin.com/jobs/view/bijbaan-kassamedewerker-at-welkoop-4465692702,https://nl.linkedin.com/company/welkoop,4465692702
Welkoop,Verkoopmedewerker Tuin (Afdelingsverantwoordelijk),Eemnes,2026-09-14,medewerker webshop,nee,https://nl.linkedin.com/jobs/view/verkoopmedewerker-tuin-afdelingsverantwoordelijk-at-welkoop-4467082717,https://nl.linkedin.com/company/welkoop,4467082717
Wellis Health,Product Manager (Web &amp; App),Rotterdam,2026-08-21,webcare,nee,https://nl.linkedin.com/jobs/view/product-manager-web-app-at-wellis-health-4466527678,https://nl.linkedin.com/company/wellis-health,4466527678
Wellis Health,Product Manager Web &amp; App,Rotterdam,2026-09-15,webcare,nee,https://nl.linkedin.com/jobs/view/product-manager-web-app-at-wellis-health-4466562633,https://nl.linkedin.com/company/wellis-health,4466562633
Welten,Medewerker pensioenuitvoering,Randstad,2026-09-07,retourverwerking,nee,https://nl.linkedin.com/jobs/view/medewerker-pensioenuitvoering-at-welten-4453121224,https://nl.linkedin.com/company/welten,4453121224
Welten,Projectmedewerker Pensioenen AZL,Heerlen,2026-09-14,retourverwerking,nee,https://nl.linkedin.com/jobs/view/projectmedewerker-pensioenen-azl-at-welten-4456186254,https://nl.linkedin.com/company/welten,4456186254
Welten,Junior Medewerker Bijzonder Beheer,Amersfoort,2026-09-14,retourverwerking,nee,https://nl.linkedin.com/jobs/view/junior-medewerker-bijzonder-beheer-at-welten-4467052918,https://nl.linkedin.com/company/welten,4467052918
Werken in Gelderland,Vakspecialist Beheer Openbare Ruimte,Geldermalsen,2026-02-10,retourverwerking,nee,https://nl.linkedin.com/jobs/view/vakspecialist-beheer-openbare-ruimte-at-werken-in-gelderland-4370703586,https://nl.linkedin.com/company/werkeningelderland,4370703586
Werken in Gelderland,Milieu-inspecteur C,Tiel,2026-06-18,retourverwerking,nee,https://nl.linkedin.com/jobs/view/milieu-inspecteur-c-at-werken-in-gelderland-4429311088,https://nl.linkedin.com/company/werkeningelderland,4429311088
Werken in Gelderland,Milieu-inspecteur D,Tiel,2026-06-18,retourverwerking,nee,https://nl.linkedin.com/jobs/view/milieu-inspecteur-d-at-werken-in-gelderland-4429099629,https://nl.linkedin.com/company/werkeningelderland,4429099629
Werken in Gelderland,BBL procestechnicus waterzuivering,Apeldoorn,2026-07-29,retourverwerking,nee,https://nl.linkedin.com/jobs/view/bbl-procestechnicus-waterzuivering-at-werken-in-gelderland-4445761219,https://nl.linkedin.com/company/werkeningelderland,4445761219
Werken in Gelderland,Organisator / Coördinator Uitvoering,Geldermalsen,2026-08-03,retourverwerking,nee,https://nl.linkedin.com/jobs/view/organisator-co%C3%B6rdinator-uitvoering-at-werken-in-gelderland-4447971840,https://nl.linkedin.com/company/werkeningelderland,4447971840
Werken in Gelderland,Vergunningverlener Omgevingswet | Lochem,Lochem,2026-08-10,retourverwerking,nee,https://nl.linkedin.com/jobs/view/vergunningverlener-omgevingswet-lochem-at-werken-in-gelderland-4449791038,https://nl.linkedin.com/company/werkeningelderland,4449791038
Werken in Gelderland,Operator procestechniek waterzuiveringsinstallaties,Harderwijk,2026-09-03,retourverwerking,nee,https://nl.linkedin.com/jobs/view/operator-procestechniek-waterzuiveringsinstallaties-at-werken-in-gelderland-4461681824,https://nl.linkedin.com/company/werkeningelderland,4461681824
Werken in Gelderland,Procesondersteuner (24-28 uur),Zutphen,2026-09-03,retourverwerking,nee,https://nl.linkedin.com/jobs/view/procesondersteuner-24-28-uur-at-werken-in-gelderland-4460999901,https://nl.linkedin.com/company/werkeningelderland,4460999901
Werken in Gelderland,Manager Vergunningen en Bodem,Harderwijk,2026-09-11,retourverwerking,nee,https://nl.linkedin.com/jobs/view/manager-vergunningen-en-bodem-at-werken-in-gelderland-4464865722,https://nl.linkedin.com/company/werkeningelderland,4464865722
Wesco,Operations Associate - Inventory Control,Amsterdam,2026-09-08,voorraadbeheer webshop,nee,https://nl.linkedin.com/jobs/view/operations-associate-inventory-control-at-wesco-4437479500,https://www.linkedin.com/company/wesco,4437479500
Westerman Multimodal Logistics,Applicatiebeheerder,Nieuwleusen,2026-07-10,voorraadbeheer webshop,nee,https://nl.linkedin.com/jobs/view/applicatiebeheerder-at-westerman-multimodal-logistics-4439315635,https://nl.linkedin.com/company/westerman-multimodal-logistics,4439315635
Westfort Vleesproducten,Magazijnmedewerker Technische Dienst,IJsselstein,2026-06-07,voorraadbeheer webshop,nee,https://nl.linkedin.com/jobs/view/magazijnmedewerker-technische-dienst-at-westfort-vleesproducten-4436363289,https://nl.linkedin.com/company/westfort,4436363289
Westfort Vleesproducten,Masterdata Coördinator,Oudewater,2026-09-18,voorraadbeheer webshop,nee,https://nl.linkedin.com/jobs/view/masterdata-co%C3%B6rdinator-at-westfort-vleesproducten-4469141497,https://nl.linkedin.com/company/westfort,4469141497
WeTravel,Senior Product Engineer - Booking Management,Amsterdam,2026-09-08,voorraadbeheer webshop,nee,https://nl.linkedin.com/jobs/view/senior-product-engineer-booking-management-at-wetravel-4464613116,https://www.linkedin.com/company/wetravel,4464613116
Whatsnext Community B.V.,Marketingmanager,Naaldwijk,2026-06-19,brand manager webshop,nee,https://nl.linkedin.com/jobs/view/marketingmanager-at-whatsnext-community-b-v-4430937287,https://nl.linkedin.com/company/whatsnext-investment-community,4430937287
Whisk,Sales &amp; Account Executive | Sports Nutrition,Randstad,2026-09-15,orderpicker webshop,nee,https://nl.linkedin.com/jobs/view/sales-account-executive-sports-nutrition-at-whisk-4467711626,https://nl.linkedin.com/company/whisk-health,4467711626
Whisk,Logistiek Manager | Sports Nutrition,Randstad,2026-09-15,voorraadbeheer webshop,nee,https://nl.linkedin.com/jobs/view/logistiek-manager-sports-nutrition-at-whisk-4467703787,https://nl.linkedin.com/company/whisk-health,4467703787
Wibra,Inkoopassistent,Epe,2026-09-07,voorraadbeheer webshop,nee,https://nl.linkedin.com/jobs/view/inkoopassistent-at-wibra-4464305628,https://nl.linkedin.com/company/wibra,4464305628
wienerberger Nederland,Open sollicitatie Deko,Elst,2026-07-22,retourverwerking,nee,https://nl.linkedin.com/jobs/view/open-sollicitatie-deko-at-wienerberger-nederland-4441033521,https://nl.linkedin.com/company/wienerberger-nederland,4441033521
wienerberger Nederland,Medewerker Kleivoorbereiding | ploegendienst | Pannerden,Pannerden,2026-07-22,retourverwerking,nee,https://nl.linkedin.com/jobs/view/medewerker-kleivoorbereiding-ploegendienst-pannerden-at-wienerberger-nederland-4441026784,https://nl.linkedin.com/company/wienerberger-nederland,4441026784
wienerberger Nederland,Open sollicitatie Pipelife,Enkhuizen,2026-08-27,retourverwerking,nee,https://nl.linkedin.com/jobs/view/open-sollicitatie-pipelife-at-wienerberger-nederland-4457759145,https://nl.linkedin.com/company/wienerberger-nederland,4457759145
wienerberger Nederland,Mechanisch Operator | Enkhuizen | 5-ploegendienst,Enkhuizen,2026-08-27,retourverwerking,nee,https://nl.linkedin.com/jobs/view/mechanisch-operator-enkhuizen-5-ploegendienst-at-wienerberger-nederland-4458002088,https://nl.linkedin.com/company/wienerberger-nederland,4458002088
Wiertz Company,Operator,Bergen op Zoom,2026-09-07,retourverwerking,nee,https://nl.linkedin.com/jobs/view/operator-at-wiertz-company-4451517143,https://nl.linkedin.com/company/wiertz-company,4451517143
Wijkopenautos.nl,Junior Inkoop Specialist - gem. €3000 OTE per maand,Arnhem,2026-08-20,orderpicker webshop,nee,https://nl.linkedin.com/jobs/view/junior-inkoop-specialist-gem-%E2%82%AC3000-ote-per-maand-at-wijkopenautos-nl-4456484663,https://www.linkedin.com/company/wijkopenautos.nl,4456484663
Wijkopenautos.nl,Regiomanager - Noord Nederland,Leeuwarden,2026-08-24,orderpicker webshop,nee,https://nl.linkedin.com/jobs/view/regiomanager-noord-nederland-at-wijkopenautos-nl-4458253271,https://www.linkedin.com/company/wijkopenautos.nl,4458253271
Wijkopenautos.nl,Administratief Medewerker,Amsterdam,2026-08-31,orderpicker webshop,nee,https://nl.linkedin.com/jobs/view/administratief-medewerker-at-wijkopenautos-nl-4461230675,https://www.linkedin.com/company/wijkopenautos.nl,4461230675
Wilchem B.V.,Incidentbestrijder | Calamiteitenbestrijding,Papendrecht,2026-09-16,retourverwerking,nee,https://nl.linkedin.com/jobs/view/incidentbestrijder-calamiteitenbestrijding-at-wilchem-b-v-4466874857,https://nl.linkedin.com/company/wilchem-b-v-,4466874857
Wilchem B.V.,Incidentbestrijder,Papendrecht,2026-09-21,retourverwerking,nee,https://nl.linkedin.com/jobs/view/incidentbestrijder-at-wilchem-b-v-4466876795,https://nl.linkedin.com/company/wilchem-b-v-,4466876795
Wildkamp,Shiftmanager,Coevorden,2026-07-03,voorraadbeheer webshop,nee,https://nl.linkedin.com/jobs/view/shiftmanager-at-wildkamp-b-v-4445767938,https://nl.linkedin.com/company/wildkamp,4445767938
Wildkamp,Commercieel manager binnendienst,Coevorden,2026-09-11,voorraadbeheer webshop,nee,https://nl.linkedin.com/jobs/view/commercieel-manager-binnendienst-at-wildkamp-b-v-4465441143,https://nl.linkedin.com/company/wildkamp,4465441143
WILVO,Medewerker Voorcleaning,Bergeyk,2026-07-08,retourverwerking,nee,https://nl.linkedin.com/jobs/view/medewerker-voorcleaning-at-wilvo-4437171441,https://nl.linkedin.com/company/wilvo-metaalbewerking-b-v-,4437171441
WILVO,Teamleider Logistiek,Nijkerk,2026-09-07,voorraadbeheer webshop,nee,https://nl.linkedin.com/jobs/view/teamleider-logistiek-at-wilvo-4437157902,https://nl.linkedin.com/company/wilvo-metaalbewerking-b-v-,4437157902
Winparts,CRM Specialist,Groningen,2026-09-15,customer journey specialist,nee,https://nl.linkedin.com/jobs/view/crm-specialist-at-winparts-4467718687,https://nl.linkedin.com/company/winpartsautomotive,4467718687
WINSEARCH Netherlands,Hoofd operations,'s-Heerenberg,2026-08-26,retourverwerking,nee,https://nl.linkedin.com/jobs/view/hoofd-operations-at-winsearch-netherlands-4457220686,https://nl.linkedin.com/company/winsearch-netherlands,4457220686
Wolfpack,Tech Lead,Eindhoven,2026-07-19,orderpicker webshop,nee,https://nl.linkedin.com/jobs/view/tech-lead-at-wolfpack-4442539276,https://nl.linkedin.com/company/wolfpack-nl,4442539276
Wolfpack,Team Lead,Eindhoven,2026-09-11,webcare,nee,https://nl.linkedin.com/jobs/view/team-lead-at-wolfpack-4466099685,https://nl.linkedin.com/company/wolfpack-nl,4466099685
WongDoody,Product Designer,Amsterdam,2026-04-01,medewerker webshop,nee,https://nl.linkedin.com/jobs/view/product-designer-at-wongdoody-4396681039,https://www.linkedin.com/company/wongdoody,4396681039
Workspace 365,Open sollicitatie,Nijkerk,2026-02-13,webcare,nee,https://nl.linkedin.com/jobs/view/open-sollicitatie-at-workspace-365-4382082710,https://nl.linkedin.com/company/workspace-365,4382082710
Workwize,Operations intern,Amsterdam,2026-09-21,orderpicker webshop,nee,https://nl.linkedin.com/jobs/view/operations-intern-at-workwize-4469905057,https://nl.linkedin.com/company/work-wize,4469905057
World Wide Technology,Production Associate,Oude Meer,2026-09-07,packaging medewerker webshop,nee,https://nl.linkedin.com/jobs/view/production-associate-at-world-wide-technology-4462991087,https://www.linkedin.com/company/world-wide-technology,4462991087
Worldstream - Solid IT. No Surprises.,TechCare Engineer,Naaldwijk,2026-08-04,webcare,nee,https://nl.linkedin.com/jobs/view/techcare-engineer-at-worldstream-solid-it-no-surprises-4460827507,https://nl.linkedin.com/company/worldstream,4460827507
Woub,Senior Front-end Developer,Wateringen,2026-09-01,webcare,nee,https://nl.linkedin.com/jobs/view/senior-front-end-developer-at-woub-4461750942,https://nl.linkedin.com/company/woub,4461750942
WPP Media,Senior Marketplace Insights Specialist,Sittard,2026-03-19,voorraadbeheer webshop,nee,https://nl.linkedin.com/jobs/view/senior-marketplace-insights-specialist-at-wpp-media-4378174777,https://www.linkedin.com/company/wpp-media,4378174777
WRM (Weverwijk) containers,Terreinmedewerker,Schoonrewoerd,2026-08-04,retourverwerking,nee,https://nl.linkedin.com/jobs/view/terreinmedewerker-at-wrm-weverwijk-containers-4449090633,https://www.linkedin.com/company/van-weverwijk-bv,4449090633
WSP in Nederland,Milieukundig begeleider / Veldwerker,Maastricht,2026-09-14,retourverwerking,nee,https://nl.linkedin.com/jobs/view/milieukundig-begeleider-veldwerker-at-wsp-in-the-netherlands-4381108442,https://nl.linkedin.com/company/wspnederland,4381108442
Wuite Mode Tiel,Winkelmedewerker,Tiel,2026-08-31,medewerker webshop,nee,https://nl.linkedin.com/jobs/view/winkelmedewerker-at-wuite-mode-tiel-4461039905,https://www.linkedin.com/company/wuite-mode-tiel,4461039905
WVS,Operationeel Manager,Bergen op Zoom,2026-09-02,retourverwerking,nee,https://nl.linkedin.com/jobs/view/operationeel-manager-at-wvs-4460979735,https://nl.linkedin.com/company/wvsnl,4460979735
XTRM development,ADOPTIE SPECIALIST MICROSOFT 365,Bunnik,2026-07-14,customer journey specialist,nee,https://nl.linkedin.com/jobs/view/adoptie-specialist-microsoft-365-at-xtrm-development-4439903807,https://nl.linkedin.com/company/xtrm-dev,4439903807
Yellowgrape,Brand Marketing Manager - Dutch Market (all genders) // Medior,Amsterdam,2026-09-01,brand manager webshop,nee,https://nl.linkedin.com/jobs/view/brand-marketing-manager-dutch-market-all-genders-medior-at-yellowgrape-4456732221,https://nl.linkedin.com/company/yellowgrape,4456732221
Yellowtail Conclusion,Front end Developer,Naarden,2026-02-13,webcare,nee,https://nl.linkedin.com/jobs/view/front-end-developer-at-yellowtail-conclusion-4383781196,https://nl.linkedin.com/company/yellowtail,4383781196
Yielder,Inside Sales Specialist,Haaksbergen,2026-01-20,online sales medewerker,nee,https://nl.linkedin.com/jobs/view/inside-sales-specialist-at-yielder-4364378855,https://nl.linkedin.com/company/yieldergroup,4364378855
Ymere,Medewerker Huurincasso,Diemen,2026-09-21,retourverwerking,nee,https://nl.linkedin.com/jobs/view/medewerker-huurincasso-at-ymere-4469868368,https://nl.linkedin.com/company/ymere,4469868368
Youforce,Digital Engagement Specialist,Amersfoort,2026-09-22,customer journey specialist,nee,https://nl.linkedin.com/jobs/view/digital-engagement-specialist-at-youforce-4428087845,https://nl.linkedin.com/company/youforce,4428087845
Young Perfect: Omnichannel Marketing &amp; Experiences,MAGAZIJN MEDEWERKER,Breda,2026-06-16,magazijnmedewerker webshop,nee,https://nl.linkedin.com/jobs/view/magazijn-medewerker-at-young-perfect-omnichannel-marketing-experiences-4429247711,https://nl.linkedin.com/company/young-perfect,4429247711
YourSurprise,Fulltime Gift Operator,Zierikzee,2026-08-11,packaging medewerker webshop,ja,https://nl.linkedin.com/jobs/view/fulltime-gift-operator-at-yoursurprise-4451942094,https://nl.linkedin.com/company/yoursurprise-com,4451942094
YourSurprise,Logistiek medewerker,Zierikzee,2026-08-20,e-fulfilment medewerker,ja,https://nl.linkedin.com/jobs/view/logistiek-medewerker-at-yoursurprise-4455480488,https://nl.linkedin.com/company/yoursurprise-com,4455480488
Z-CERT,Business Consultant,Amersfoort,2026-09-11,webcare,nee,https://nl.linkedin.com/jobs/view/business-consultant-at-z-cert-4466301505,https://nl.linkedin.com/company/z-cert,4466301505
Zebra Technologies,"Warehouse Associate, Support I",Heerenveen,2026-09-21,e-fulfilment medewerker,nee,https://nl.linkedin.com/jobs/view/warehouse-associate-support-i-at-zebra-technologies-4467696990,https://www.linkedin.com/company/zebra-technologies,4467696990
Zenya,Customer Marketeer coördinator,Eindhoven,2026-09-19,customer journey specialist,nee,https://nl.linkedin.com/jobs/view/customer-marketeer-co%C3%B6rdinator-at-zenya-4466947095,https://nl.linkedin.com/company/zenya-software,4466947095
Zitmaxx Wonen,Verkoopmedewerker Relaxfauteuils,Ter Aar,2026-07-09,medewerker webshop,nee,https://nl.linkedin.com/jobs/view/verkoopmedewerker-relaxfauteuils-at-zitmaxx-wonen-4438603450,https://nl.linkedin.com/company/zitmaxx-wonen,4438603450
Zitmaxx Wonen,Verkoopmedewerker Bijbaan,Ter Aar,2026-07-09,medewerker webshop,nee,https://nl.linkedin.com/jobs/view/verkoopmedewerker-bijbaan-at-zitmaxx-wonen-4438598526,https://nl.linkedin.com/company/zitmaxx-wonen,4438598526
Zitmaxx Wonen,Klantenservice Medewerker / Administratief Medewerker,Ter Aar,2026-07-09,medewerker webshop,nee,https://nl.linkedin.com/jobs/view/klantenservice-medewerker-administratief-medewerker-at-zitmaxx-wonen-4438586927,https://nl.linkedin.com/company/zitmaxx-wonen,4438586927
Zitmaxx Wonen,Magazijnmedewerker Fotostudio,Ter Aar,2026-07-27,magazijnmedewerker webshop,nee,https://nl.linkedin.com/jobs/view/magazijnmedewerker-fotostudio-at-zitmaxx-wonen-4446143159,https://nl.linkedin.com/company/zitmaxx-wonen,4446143159
Zitmaxx Wonen,Facilitair Medewerker,Ter Aar,2026-08-10,medewerker webshop,nee,https://nl.linkedin.com/jobs/view/facilitair-medewerker-at-zitmaxx-wonen-4452021011,https://nl.linkedin.com/company/zitmaxx-wonen,4452021011
Zitmaxx Wonen,Baliemedewerker (Receptioniste),Ter Aar,2026-08-12,medewerker webshop,nee,https://nl.linkedin.com/jobs/view/baliemedewerker-receptioniste-at-zitmaxx-wonen-4453359949,https://nl.linkedin.com/company/zitmaxx-wonen,4453359949
Zitmaxx Wonen,Medewerker Technische Dienst / Allround Klusjesman,Ter Aar,2026-08-13,medewerker webshop,nee,https://nl.linkedin.com/jobs/view/medewerker-technische-dienst-allround-klusjesman-at-zitmaxx-wonen-4453693059,https://nl.linkedin.com/company/zitmaxx-wonen,4453693059
Zitmaxx Wonen,Medewerker Interieur Styling / Stylist(e),Ter Aar,2026-09-08,medewerker webshop,nee,https://nl.linkedin.com/jobs/view/medewerker-interieur-styling-stylist-e-at-zitmaxx-wonen-4464695078,https://nl.linkedin.com/company/zitmaxx-wonen,4464695078
Zolemba B.V.,Customer Service Medewerker,Haaksbergen,2026-08-04,online sales medewerker,nee,https://nl.linkedin.com/jobs/view/customer-service-medewerker-at-zolemba-b-v-4448556738,https://nl.linkedin.com/company/zolemba,4448556738
ZorgMatch B.V.,Softwaretester,Tilburg,2026-09-17,webcare,nee,https://nl.linkedin.com/jobs/view/softwaretester-at-zorgmatch-4468370935,https://nl.linkedin.com/company/zorgmatch-b-v-,4468370935
Zuiver Recruitment: vacatures Hypotheken -Verzekeringen- Financiële Dienstverlening,Kredietacceptant duurzaamheid,Hilversum,2026-04-08,retourverwerking,nee,https://nl.linkedin.com/jobs/view/kredietacceptant-duurzaamheid-at-zuiver-recruitment-vacatures-hypotheken-verzekeringen-financi%C3%ABle-dienstverlening-4395920508,https://nl.linkedin.com/company/zuiver-recruitment,4395920508
Zuiver Recruitment: vacatures Hypotheken -Verzekeringen- Financiële Dienstverlening,Frontoffice Medewerker – Duurzame Financiering (Hilversum / Hybride),Wijk bij Duurstede,2026-04-08,retourverwerking,nee,https://nl.linkedin.com/jobs/view/frontoffice-medewerker-%E2%80%93-duurzame-financiering-hilversum-hybride-at-zuiver-recruitment-vacatures-hypotheken-verzekeringen-financi%C3%ABle-dienstverlening-4395939447,https://nl.linkedin.com/company/zuiver-recruitment,4395939447
Zuiver Recruitment: vacatures Hypotheken -Verzekeringen- Financiële Dienstverlening,Junior Subsidiemedewerker DUS-I,Den Haag,2026-04-08,retourverwerking,nee,https://nl.linkedin.com/jobs/view/junior-subsidiemedewerker-dus-i-at-zuiver-recruitment-vacatures-hypotheken-verzekeringen-financi%C3%ABle-dienstverlening-4395928467,https://nl.linkedin.com/company/zuiver-recruitment,4395928467
zvoove Germany,Medewerker Crediteurenadministratie (m/v/d),Ede,2026-07-29,medewerker webshop,nee,https://nl.linkedin.com/jobs/view/medewerker-crediteurenadministratie-m-v-d-at-zvoove-4444134476,https://de.linkedin.com/company/zvoove-germany,4444134476
ZwolleDoet!,Secretarieel medewerker kloosterteam,Zwolle,2025-04-04,medewerker webshop,nee,https://nl.linkedin.com/jobs/view/secretarieel-medewerker-kloosterteam-at-zwolledoet%21-4199312190,https://nl.linkedin.com/company/zwolledoet,4199312190
ZwolleDoet!,Maatje gezocht!,Zwolle,2025-04-04,medewerker webshop,nee,https://nl.linkedin.com/jobs/view/maatje-gezocht%21-at-zwolledoet%21-4199311685,https://nl.linkedin.com/company/zwolledoet,4199311685
ZwolleDoet!,Boodschappenmaatje oudere heer,Zwolle,2026-04-23,medewerker webshop,nee,https://nl.linkedin.com/jobs/view/boodschappenmaatje-oudere-heer-at-zwolledoet%21-4405481553,https://nl.linkedin.com/company/zwolledoet,4405481553
ZwolleDoet!,Social Media hulp,Zwolle,2026-06-15,medewerker webshop,nee,https://nl.linkedin.com/jobs/view/social-media-hulp-at-zwolledoet%21-4428844760,https://nl.linkedin.com/company/zwolledoet,4428844760
"🟩🟧Moedigh - Verzuim-, HR- en Loopbaanprofessionals",Commercieel Medewerker Binnendienst,Deventer,2026-09-01,online sales medewerker,nee,https://nl.linkedin.com/jobs/view/commercieel-medewerker-binnendienst-at-%F0%9F%9F%A9%F0%9F%9F%A7moedigh-verzuim-hr-en-loopbaanprofessionals-4413532933,https://nl.linkedin.com/company/moedigh,4413532933
