bedrijf,domein,domein_bron,functie,datum,plaats,aantal_vacatures,al_in_pool,vacature_url,zoekterm
123inkt.nl,123inkt.nl,geraden en bevestigd,Klantenservice Medewerker,2026-09-16,Veenendaal,5,nee,https://nl.linkedin.com/jobs/view/klantenservice-medewerker-at-123inkt-nl-4459198463,klantenservice medewerker
123schoon.nl,123schoon.nl,geraden en bevestigd,Klantenservice Medewerker,2026-09-10,Nederhorst den Berg,1,nee,https://nl.linkedin.com/jobs/view/klantenservice-medewerker-at-123schoon-nl-4465393012,klantenservice medewerker
3Shape,3shape.com,geraden en bevestigd,Customer Success Manager BeNeLux,2026-09-22,Amsterdam,2,nee,https://nl.linkedin.com/jobs/view/customer-success-manager-benelux-at-3shape-4470298062,customer happiness
4shipping,4shipping.com,geraden en bevestigd,Customer Success Specialist,2026-08-25,Zwijndrecht,1,nee,https://nl.linkedin.com/jobs/view/customer-success-specialist-at-4shipping-4458745711,customer happiness
Abiom,abiom.nl,geraden en bevestigd,Servicedesk Medewerker,2026-09-17,Houten,1,nee,https://nl.linkedin.com/jobs/view/servicedesk-medewerker-at-abiom-4468622719,webcare medewerker
AIMMS,aimms.nl,geraden en bevestigd,sr. Customer Success Manager Supply Chain,2026-07-02,Haarlem,1,nee,https://nl.linkedin.com/jobs/view/sr-customer-success-manager-supply-chain-at-aimms-4435569864,customer happiness
AkzoNobel,akzonobel.com,geraden en bevestigd,Customer Service Representative,2026-09-18,Sassenheim,1,nee,https://nl.linkedin.com/jobs/view/customer-service-representative-at-akzonobel-4469125291,klantenservice medewerker
All About Work,allaboutwork.com,geraden en bevestigd,Communicatiemedewerker,2026-09-11,Stadskanaal,1,nee,https://nl.linkedin.com/jobs/view/communicatiemedewerker-at-all-about-work-4466099513,webcare medewerker
Allegion,allegion.com,geraden en bevestigd,Customer Experience Manager,2026-07-01,Veenendaal,1,nee,https://nl.linkedin.com/jobs/view/customer-experience-manager-at-allegion-4434639725,customer happiness
Alphenix Bouwgroep B.V.,alphenixbouwgroep.nl,geraden en bevestigd,Representante de atendimento ao cliente,2026-09-11,Amsterdam,1,nee,,klantenservice medewerker
Alpina Group,alpina.com,geraden en bevestigd,Klantcontact medewerker,2026-09-01,Arnhem,1,nee,https://nl.linkedin.com/jobs/view/klantcontact-medewerker-at-alpina-group-4460258610,klantenservice medewerker
Amdax,amdax.com,geraden en bevestigd,Customer Success Coordinator,2026-09-09,Amsterdam,1,nee,https://nl.linkedin.com/jobs/view/customer-success-coordinator-at-amdax-4465011695,customer happiness
Amega,amega.nl,geraden en bevestigd,Service &amp; support medewerker Inbound,2026-09-21,Dordrecht,1,nee,https://nl.linkedin.com/jobs/view/service-support-medewerker-inbound-at-amega-4468720965,klantenservice medewerker
American Express,americanexpress.com,geraden en bevestigd,American Express - Centurion Lounge Ambassador,2026-09-08,Amsterdam,1,nee,https://nl.linkedin.com/jobs/view/american-express-centurion-lounge-ambassador-at-american-express-4463531151,customer happiness
Aon,aon.com,geraden en bevestigd,Junior Website Specialist,2026-09-19,Rotterdam,2,nee,https://nl.linkedin.com/jobs/view/junior-website-specialist-at-aon-4458595737,webcare medewerker
ASAPCLOUD,asapcloud.com,geraden en bevestigd,Customer Success Manager,2026-09-21,Houten,1,nee,https://nl.linkedin.com/jobs/view/customer-success-manager-at-asapcloud-4467603330,customer happiness
Ascom,ascom.com,geraden en bevestigd,First Line Support Engineer,2026-08-18,Utrecht,1,nee,https://nl.linkedin.com/jobs/view/first-line-support-engineer-at-ascom-4454455600,webcare medewerker
Asendia,asendiabenelux.com,geraden en bevestigd,Customer Success Manager,2026-08-25,Eindhoven,1,nee,https://nl.linkedin.com/jobs/view/customer-success-manager-at-asendia-4457491307,customer happiness
Atlassian,atlassian.com,geraden en bevestigd,"Principal Customer Success Manager, Strategic DACH",2026-09-22,Amsterdam,2,nee,https://nl.linkedin.com/jobs/view/principal-customer-success-manager-strategic-dach-at-atlassian-4451509548,customer happiness
Atos Medical,atosmedical.nl,geraden en bevestigd,Consumer Care Specialist,2026-09-19,Amersfoort,1,nee,https://nl.linkedin.com/jobs/view/consumer-care-specialist-at-atos-medical-4440770846,customer happiness
Audax Nederland,audax.nl,geraden en bevestigd,Medewerker klantenservice,2026-09-08,Almere,1,nee,https://nl.linkedin.com/jobs/view/medewerker-klantenservice-at-audax-netherlands-4440551063,klantenservice medewerker
Autodistribution Nederland,autodistribution.nl,geraden en bevestigd,Customer Support Medewerker,2026-08-31,'s-Hertogenbosch,1,nee,https://nl.linkedin.com/jobs/view/customer-support-medewerker-at-autodistribution-nederland-4450612001,klantenservice medewerker
Autoflex Automotive Software,autoflex.nl,geraden en bevestigd,Medewerker Klantenservice &amp; Support,2026-09-14,Putten,1,nee,https://nl.linkedin.com/jobs/view/medewerker-klantenservice-support-at-autoflex-4467070838,klantenservice medewerker
Axians NL,axians.nl,geraden en bevestigd,Customer Care Specialist,2026-09-10,Eindhoven,1,nee,https://nl.linkedin.com/jobs/view/customer-care-specialist-at-axians-nl-4456487800,klantenservice medewerker
AxionContinu,axioncontinu.nl,geraden en bevestigd,Medewerker ICT-Servicedesk,2026-08-25,Utrecht,1,nee,https://nl.linkedin.com/jobs/view/medewerker-ict-servicedesk-at-axioncontinu-4466945841,webcare medewerker
Axivate Horeca Group,axivatehoreca.nl,geraden en bevestigd,Medewerker Bediening (Nieuw concept),2026-09-18,Utrecht,1,nee,https://nl.linkedin.com/jobs/view/medewerker-bediening-nieuw-concept-at-axivate-horeca-group-4469115573,webcare medewerker
Bax Music,bax-shop.com,geraden en bevestigd,Telefoonmedewerker Winkel Apeldoorn,2026-08-18,Apeldoorn,3,nee,https://nl.linkedin.com/jobs/view/telefoonmedewerker-winkel-apeldoorn-at-bax-music-4454484385,klantenservice medewerker
Bedrijfsfitness Nederland,bedrijfsfitness.nl,geraden en bevestigd,Customer Support Specialist,2026-09-11,Heerenveen,1,nee,https://nl.linkedin.com/jobs/view/customer-support-specialist-at-bedrijfsfitness-nederland-by-epassi-4457324263,klantenservice medewerker
Bergman Clinics,bergmanclinics.nl,geraden en bevestigd,CSA Medewerker,2026-09-07,Capelle aan den IJssel,1,nee,https://nl.linkedin.com/jobs/view/csa-medewerker-at-bergman-clinics-4464325862,webcare medewerker
Billink,billink.nl,geraden en bevestigd,Customer Success Manager,2026-08-18,Gouda,1,nee,https://nl.linkedin.com/jobs/view/customer-success-manager-at-billink-4455757456,customer happiness
Bizzdesign,bizzdesign.com,geraden en bevestigd,Senior Customer Success Manager,2026-09-09,Utrecht,1,nee,https://nl.linkedin.com/jobs/view/senior-customer-success-manager-at-bizzdesign-4463808925,customer happiness
Bloom & Wild,bloomwild.com,geraden en bevestigd,Customer Delight Talent Pool,2026-09-13,Amsterdam,2,nee,https://nl.linkedin.com/jobs/view/customer-delight-talent-pool-at-bloom-wild-4466735976,klantenservice medewerker
bloomon,bloomon.nl,geraden en bevestigd,Customer Support Senior Associate (Dutch or German Speaking),2026-09-15,Amsterdam Area,1,ja,https://nl.linkedin.com/jobs/view/customer-support-senior-associate-dutch-or-german-speaking-at-bloomon-4467727735,klantenservice medewerker
Booking Boosters,bookingexperts.com,geraden en bevestigd,Customer Support Specialist DACH,2026-09-16,Enschede,1,nee,https://nl.linkedin.com/jobs/view/customer-support-specialist-dach-at-booking-boosters-4468318072,customer happiness
Booking Experts,bookingexperts.com,geraden en bevestigd,Customer Support Specialist DACH,2026-09-17,Enschede,4,nee,https://nl.linkedin.com/jobs/view/customer-support-specialist-dach-at-booking-experts-b-v-4467141096,customer happiness
BridgeFund,bridgefund.nl,geraden en bevestigd,Customer Service Representative,2026-09-09,Amsterdam,1,nee,https://nl.linkedin.com/jobs/view/customer-service-representative-at-bridgefund-4445916609,klantenservice medewerker
Brocacef,brocacef.nl,geraden en bevestigd,Medewerker contact en support,2026-09-14,Maarssen,3,nee,https://nl.linkedin.com/jobs/view/medewerker-contact-en-support-at-brocacef-4376576436,klantenservice medewerker
Bruynzeel Keukens,bruynzeelkeukens.nl,geraden en bevestigd,Klantbegeleider Retail,2026-09-15,Bergen op Zoom,1,nee,https://nl.linkedin.com/jobs/view/klantbegeleider-retail-at-bruynzeel-keukens-4458070511,customer happiness
Bugaboo Group,bugaboo.com,geraden en bevestigd,Growth Content &amp; Product Data Specialist,2026-09-18,Amsterdam,1,nee,https://nl.linkedin.com/jobs/view/growth-content-product-data-specialist-at-bugaboo-group-4466683442,webcare medewerker
Burger Support BV,burgersupport.nl,geraden en bevestigd,Customer Service Medewerker,2026-09-17,Lelystad,1,nee,https://nl.linkedin.com/jobs/view/customer-service-medewerker-at-burger-support-bv-4468602778,klantenservice medewerker
BUX,bux.nl,geraden en bevestigd,Customer Support Representative (deutschsprachig),2026-09-08,Amsterdam,2,nee,https://nl.linkedin.com/jobs/view/customer-support-representative-deutschsprachig-at-bux-4463286894,klantenservice medewerker
Cabau Lifestyle,cabaulifestyle.com,geraden en bevestigd,CRO Specialist,2026-08-21,Arnhem,1,ja,https://nl.linkedin.com/jobs/view/cro-specialist-at-cabau-lifestyle-4457305819,webcare medewerker
Capgemini,capgemini.com,geraden en bevestigd,Frontend Developer - NL,2026-06-03,Utrecht,2,nee,https://nl.linkedin.com/jobs/view/frontend-developer-nl-at-capgemini-4418513610,webcare medewerker
Cardano,cardano.nl,geraden en bevestigd,Digital Marketing Coordinator,2026-09-04,Rotterdam,1,nee,https://nl.linkedin.com/jobs/view/digital-marketing-coordinator-at-cardano-4463379096,webcare medewerker
CDA,cda.nl,geraden en bevestigd,Digital marketeer,2026-09-18,Den Haag,1,nee,https://nl.linkedin.com/jobs/view/digital-marketeer-at-cda-4251674255,webcare medewerker
Cedrah,cedrah.nl,geraden en bevestigd,Senior medewerker ICT,2026-08-04,Barendrecht,1,nee,https://nl.linkedin.com/jobs/view/senior-medewerker-ict-at-cedrah-4447372315,webcare medewerker
Cegeka,cegeka.com,geraden en bevestigd,Onsite Support,2026-09-15,"Utrecht, Nederland",1,nee,https://nl.linkedin.com/jobs/view/onsite-support-at-cegeka-4465913004,webcare medewerker
CGI Nederland,cgi.com,geraden en bevestigd,On Site Support Specialist - Global Technology Operations,2026-09-05,Schaijk,1,nee,https://nl.linkedin.com/jobs/view/on-site-support-specialist-global-technology-operations-at-cgi-nederland-4445232652,webcare medewerker
Chane,shopswellophonic.com,geraden en bevestigd,IT Service Desk Medewerker,2026-09-04,Rotterdam,1,nee,https://nl.linkedin.com/jobs/view/it-service-desk-medewerker-at-chane-4429332633,webcare medewerker
Check Point Software,checkpoint.com,geraden en bevestigd,Customer Success Manager,2026-09-21,Utrecht,1,nee,https://nl.linkedin.com/jobs/view/customer-success-manager-at-check-point-software-4442515867,customer happiness
ChipSoft Nederland,chipsoft.com,geraden en bevestigd,Growth Marketeer,2026-09-15,Amsterdam,1,nee,https://nl.linkedin.com/jobs/view/growth-marketeer-at-chipsoft-nederland-4448895867,webcare medewerker
CIMSOLUTIONS,cimsolutions.nl,geraden en bevestigd,Front-end Developer,2026-09-22,Utrecht Area,1,nee,https://nl.linkedin.com/jobs/view/front-end-developer-at-cimsolutions-4468540428,webcare medewerker
Cleve & Zonen,cleve.nl,geraden en bevestigd,Customer Service Medewerker,2026-08-21,Rotterdam,2,nee,https://nl.linkedin.com/jobs/view/customer-service-medewerker-at-cleve-zonen-4457524926,klantenservice medewerker
Cleverbase,cleverbase.com,geraden en bevestigd,Front Desk Employee,2026-07-23,Den Haag,3,nee,https://nl.linkedin.com/jobs/view/front-desk-employee-at-cleverbase-4444435854,webcare medewerker
Cloudpillo,cloudpillo.com,geraden en bevestigd,Klantenservice Medewerker - Duits / Engels,2026-09-14,'s-Hertogenbosch,1,nee,https://nl.linkedin.com/jobs/view/klantenservice-medewerker-duits-engels-at-cloudpillo-4446056309,klantenservice medewerker
ClubCollect,clubcollect.com,geraden en bevestigd,Customer Support Representative,2025-10-26,Assen,1,nee,https://nl.linkedin.com/jobs/view/customer-support-representative-at-clubcollect-4317637159,klantenservice medewerker
Colosseum Dental Benelux,colosseumdental.nl,geraden en bevestigd,Baliemedewerker,2026-02-24,Den Haag,1,nee,https://nl.linkedin.com/jobs/view/baliemedewerker-at-colosseum-dental-benelux-4376438027,webcare medewerker
Commaxx Group,commaxxgroup.com,geraden en bevestigd,ONLINE MARKETEER (WEBSHOP SPECIALIST) - COMMAXX KERKRADE,2026-08-05,Kerkrade,1,nee,https://nl.linkedin.com/jobs/view/online-marketeer-webshop-specialist-commaxx-kerkrade-at-commaxx-group-4449483048,webcare medewerker
CompuGroup Medical SE & Co. KGaA,cgm.com,geraden en bevestigd,L1 Support Professional,2026-09-02,Echt,1,nee,https://nl.linkedin.com/jobs/view/l1-support-professional-at-compugroup-medical-se-co-kgaa-4415662858,webcare medewerker
Concentrix,concentrix.com,geraden en bevestigd,Klantenservicemedewerker BMW Customer Service - Rijswijk,2026-09-07,Rijswijk,1,nee,https://nl.linkedin.com/jobs/view/klantenservicemedewerker-bmw-customer-service-rijswijk-at-concentrix-4462215965,klantenservice medewerker
CowManager,cowmanager.nl,geraden en bevestigd,Full stack-ontwikkelaar,2026-09-18,Harmelen,1,nee,https://nl.linkedin.com/jobs/view/full-stack-ontwikkelaar-at-cowmanager-4467829869,webcare medewerker
Cqure,cqure.nl,geraden en bevestigd,Junior SOC Analist,2026-09-18,"Flevoland, Nederland",1,nee,https://nl.linkedin.com/jobs/view/junior-soc-analist-at-cqure-4466689593,webcare medewerker
Currentt,currentt.nl,geraden en bevestigd,Technical Support &amp; Customer Success Manager,2026-07-20,Amsterdam,1,nee,https://nl.linkedin.com/jobs/view/technical-support-customer-success-manager-at-currentt-4442781365,customer happiness
CWS Hygiene Nederland,cws.com,geraden en bevestigd,Medewerker customer care | 32-40 uur,2026-08-28,Den Bosch,2,nee,https://nl.linkedin.com/jobs/view/medewerker-customer-care-32-40-uur-at-cws-hygiene-nederland-4460301689,klantenservice medewerker
DataSnipper,datasnipper.com,geraden en bevestigd,Strategic Customer Success Manager,2026-09-16,Amsterdam,2,nee,https://nl.linkedin.com/jobs/view/strategic-customer-success-manager-at-datasnipper-4467963733,customer happiness
de Bijenkorf,de-bijenkorf.nl,geraden en bevestigd,Senior Medewerker Klantenservice,2026-09-21,Amsterdam,3,nee,https://nl.linkedin.com/jobs/view/senior-medewerker-klantenservice-at-de-bijenkorf-4433891476,klantenservice medewerker
De Haan IT,dehaanit.com,geraden en bevestigd,Servicedeskmedewerker / Klantenservice medewerker ICT / Application Service Engineer,2026-09-14,Almere,1,nee,https://nl.linkedin.com/jobs/view/servicedeskmedewerker-klantenservice-medewerker-ict-application-service-engineer-at-de-haan-it-4467062948,webcare medewerker
De Heer Medicom,deheermedicom.nl,geraden en bevestigd,Helpdeskmedewerker,2026-09-10,"Limburg, Nederland",1,nee,https://nl.linkedin.com/jobs/view/helpdeskmedewerker-at-de-heer-medicom-4464505220,webcare medewerker
DeJong Cheese - Alphenaer,dejongcheese.nl,geraden en bevestigd,E-commerce Medewerker (24 uur),2026-07-28,Alphen,1,nee,https://nl.linkedin.com/jobs/view/e-commerce-medewerker-24-uur-at-dejong-cheese-alphenaer-4446156538,webcare medewerker
Deloox,deloox.nl,geraden en bevestigd,Customer Care Medewerker,2026-06-04,Eindhoven,1,nee,https://nl.linkedin.com/jobs/view/customer-care-medewerker-at-deloox-4420161438,klantenservice medewerker
Den Ouden,ww16.denouden.com,geraden en bevestigd,Medewerker Customer Service,2026-09-07,Schijndel,1,nee,https://nl.linkedin.com/jobs/view/medewerker-customer-service-at-den-ouden-groep-4464314677,klantenservice medewerker
Dentalair,dentalair.nl,geraden en bevestigd,MEDEWERKER WEBSHOP &amp; SUPPORT,2026-09-04,Dordrecht,1,nee,https://nl.linkedin.com/jobs/view/medewerker-webshop-support-at-dentalair-4461970298,webcare medewerker
DentalZorg Tandheelkunde,dentalzorg.nl,geraden en bevestigd,Medewerker Online Marketing,2025-12-01,Amsterdam,1,nee,https://nl.linkedin.com/jobs/view/medewerker-online-marketing-at-dentalzorg-tandheelkunde-4324997576,webcare medewerker
Deployteq,deployteq.com,geraden en bevestigd,ICT-servicedeskmedewerker,2026-09-01,Ter Heijde,1,nee,https://nl.linkedin.com/jobs/view/ict-servicedeskmedewerker-at-deployteq-4449849329,webcare medewerker
Deponti,deponti.com,geraden en bevestigd,Customer Service Medewerker – 32-40 uur | Oss,2026-07-03,Oss,1,nee,https://nl.linkedin.com/jobs/view/customer-service-medewerker-%E2%80%93-32-40-uur-oss-at-deponti-4433144047,klantenservice medewerker
DETEC Beveiliging,detec.nl,geraden en bevestigd,Klantenservice medewerker,2025-12-12,Purmerend,1,nee,https://nl.linkedin.com/jobs/view/klantenservice-medewerker-at-detec-beveiliging-4330525254,klantenservice medewerker
DeWarmte,dewarmte.nl,geraden en bevestigd,Customer Experience Manager,2026-09-09,'s-Gravenhage,1,nee,https://nl.linkedin.com/jobs/view/customer-experience-manager-at-dewarmte-4465075329,customer happiness
Digital Newsgroup (DNG),digitalnewsgroup.com,geraden en bevestigd,Linkbuildingspecialist,2026-08-26,Tilburg,1,nee,https://nl.linkedin.com/jobs/view/linkbuildingspecialist-at-digital-newsgroup-bv-4459177785,webcare medewerker
DNA Services B.V.,dnaservices.nl,geraden en bevestigd,ServiceDesk medewerker,2026-08-21,Hendrik-Ido-Ambacht,1,nee,https://nl.linkedin.com/jobs/view/servicedesk-medewerker-at-dna-services-b-v-4456744810,webcare medewerker
DroneShield,droneshield.com,geraden en bevestigd,Customer Success Manager - EMEA,2026-09-14,Amsterdam,1,nee,https://nl.linkedin.com/jobs/view/customer-success-manager-emea-at-droneshield-4465784581,customer happiness
Dynamic People B.V. | Amsterdam | The Netherlands,dynamicpeople.nl,geraden en bevestigd,Customer Success Manager,2026-09-14,Amsterdam Area,1,nee,https://nl.linkedin.com/jobs/view/customer-success-manager-at-dynamic-people-4463877500,customer happiness
e-Quest,equest.com,geraden en bevestigd,Servicedeskmedewerker Breedband Helmond,2026-08-04,Helmond,1,nee,https://nl.linkedin.com/jobs/view/servicedeskmedewerker-breedband-helmond-at-e-quest-4449071697,webcare medewerker
Eddy Grid,eddygrid.com,geraden en bevestigd,Customer Success Manager - Customer Relations,2026-09-22,"Utrecht, Nederland",2,nee,https://nl.linkedin.com/jobs/view/customer-success-manager-customer-relations-at-eddy-grid-4470261983,customer happiness
EerstelijnsZorg Zoetermeer,eerstelijnszorgzoetermeer.nl,geraden en bevestigd,Servicedeskmedewerker ICT &amp; Facilitaire Dienstverlening (fulltime),2026-08-24,Zoetermeer,1,nee,https://nl.linkedin.com/jobs/view/servicedeskmedewerker-ict-facilitaire-dienstverlening-fulltime-at-eerstelijnszorg-zoetermeer-4455842587,webcare medewerker
Effectory,effectory.com,geraden en bevestigd,Customer Success Manager - Public sector,2026-09-15,Amsterdam,2,nee,https://nl.linkedin.com/jobs/view/customer-success-manager-public-sector-at-effectory-4467761203,customer happiness
Elektrobode B.V.,elektrobode.nl,geraden en bevestigd,Medewerker klantenservice,2026-09-08,Assen,1,nee,https://nl.linkedin.com/jobs/view/medewerker-klantenservice-at-elektrobode-b-v-4464322167,klantenservice medewerker
Element Logic®,elementlogic.net,geraden en bevestigd,Global Head of Customer Programs,2026-09-03,Bemmel,1,nee,https://nl.linkedin.com/jobs/view/global-head-of-customer-programs-at-element-logic%C2%AE-4463270811,customer happiness
Elevation Partners,elevationpartners.nl,geraden en bevestigd,Manager klantsuccessen,2026-08-27,Amersfoort,1,nee,https://nl.linkedin.com/jobs/view/manager-klantsuccessen-at-elevation-partners-4459828399,customer happiness
ELIS,nl.elis.com,geraden en bevestigd,Customer Relations Medewerker,2026-09-17,Schiedam,1,nee,https://nl.linkedin.com/jobs/view/customer-relations-medewerker-at-elis-4465088471,klantenservice medewerker
Endeavour,endeavour.nl,geraden en bevestigd,Medior Allround Online Marketeer,2026-07-30,Haarlem,1,nee,https://nl.linkedin.com/jobs/view/medior-allround-online-marketeer-at-endeavour-4446747400,webcare medewerker
Energie VanOns,energie.vanons.org,geraden en bevestigd,Medewerker klantenservice,2026-09-17,"Groningen, Nederland",1,nee,https://nl.linkedin.com/jobs/view/medewerker-klantenservice-at-energie-vanons-4468636614,klantenservice medewerker
Equalture,equalture.com,geraden en bevestigd,Customer Success Manager,2026-09-15,Rotterdam,1,nee,https://nl.linkedin.com/jobs/view/customer-success-manager-at-equalture-4467736231,customer happiness
Equinix,equinix.com,geraden en bevestigd,Regional Customer Success Management - Enterprise,2026-09-21,Amsterdam,1,nee,https://nl.linkedin.com/jobs/view/regional-customer-success-management-enterprise-at-equinix-4467605803,customer happiness
Essity,essity.com,geraden en bevestigd,Customer Facing &amp; Order Management Representative,2026-08-28,Zeist,1,nee,https://nl.linkedin.com/jobs/view/customer-facing-order-management-representative-at-essity-4458075797,klantenservice medewerker
Europe Cycle Company,europecycle.com,geraden en bevestigd,Klantenservice/Aftersales,2025-12-03,Aalsmeer,1,nee,https://nl.linkedin.com/jobs/view/klantenservice-aftersales-at-europe-cycle-company-4341551459,klantenservice medewerker
Evers Kassasystemen bv,evers-kassasystemen.nl,geraden en bevestigd,Junior Support Medewerker,2026-08-27,'s-Hertogenbosch,1,nee,https://nl.linkedin.com/jobs/view/junior-support-medewerker-at-evers-kassasystemen-bv-4457744746,webcare medewerker
Eye Security,eye.security,geraden en bevestigd,Customer Success Manager Netherlands (m/f/x),2026-09-01,Rotterdam and The Hague,2,nee,https://nl.linkedin.com/jobs/view/customer-success-manager-netherlands-m-f-x-at-eye-security-4442097035,customer happiness
Facilicom Groep,facilicom.nl,geraden en bevestigd,Senior Digital Marketeer,2026-09-18,Schiedam,1,nee,https://nl.linkedin.com/jobs/view/senior-digital-marketeer-at-facilicom-groep-4469172168,webcare medewerker
Farm Frites,farmfrites.com,geraden en bevestigd,Customer Service Medewerker,2026-09-19,"Zuid-Holland, Nederland",1,nee,https://nl.linkedin.com/jobs/view/customer-service-medewerker-at-farm-frites-4441375026,klantenservice medewerker
Felix NL,felix.nl,geraden en bevestigd,Customer Service Representative Belgium &amp; Luxemburg,2026-09-20,Helmond,1,nee,https://nl.linkedin.com/jobs/view/customer-service-representative-belgium-luxemburg-at-felix-nl-4468447647,klantenservice medewerker
Findwhere,findwhere.com,geraden en bevestigd,Growth Marketeer,2026-09-14,Noordwijk aan Zee,1,nee,https://nl.linkedin.com/jobs/view/growth-marketeer-at-findwhere-4467089736,webcare medewerker
Flokk Nederland,flokk.com,geraden en bevestigd,Customer service medewerker Benelux,2026-07-27,Rotterdam,1,nee,https://nl.linkedin.com/jobs/view/customer-service-medewerker-benelux-at-flokk-nederland-4445900924,klantenservice medewerker
Forbo Group,forbo.com,geraden en bevestigd,Website Specialist,2026-09-09,Assendelft,1,nee,https://nl.linkedin.com/jobs/view/website-specialist-at-forbo-group-4465066016,webcare medewerker
Fortezza Groep,fortezza.com,geraden en bevestigd,Servicedesk Medewerker,2026-08-26,Zoetermeer,1,nee,https://nl.linkedin.com/jobs/view/servicedesk-medewerker-at-fortezza-4459307317,webcare medewerker
Funda,funda.nl,geraden en bevestigd,Frontend Developer,2026-09-17,Amsterdam Area,1,nee,https://nl.linkedin.com/jobs/view/frontend-developer-at-funda-4458164601,webcare medewerker
Garanti BBVA International,garantibbva.com.tr,geraden en bevestigd,Klantcontactadviseur Sparen,2026-05-18,Amsterdam,1,nee,https://nl.linkedin.com/jobs/view/klantcontactadviseur-sparen-at-garanti-bbva-international-4403973280,klantenservice medewerker
Gemeente Krimpenerwaard,gemeentekrimpenerwaard.nl,geraden en bevestigd,Medewerker Klantcontact,2026-09-17,Bergambacht,1,nee,https://nl.linkedin.com/jobs/view/medewerker-klantcontact-at-gemeente-krimpenerwaard-4468643620,klantenservice medewerker
Genesys,genesys.nl,geraden en bevestigd,Customer Success Director,2026-07-16,Amsterdam Area,1,nee,https://nl.linkedin.com/jobs/view/customer-success-director-at-genesys-4436073958,customer happiness
Geotab,geotab.com,geraden en bevestigd,SMB Senior Customer Success Manager (CSM) Netherlands,2026-09-18,Amsterdam,1,nee,https://nl.linkedin.com/jobs/view/smb-senior-customer-success-manager-csm-netherlands-at-geotab-4467845183,customer happiness
Get-e,gete.nl,geraden en bevestigd,Client Relationship Manager,2026-09-10,Hoofddorp,1,nee,https://nl.linkedin.com/jobs/view/client-relationship-manager-at-get-e-4465648005,customer happiness
Giga Meubel,gigameubel.nl,geraden en bevestigd,Klantenservice medewerker 32-40 uur,2026-09-08,Barneveld,1,nee,https://nl.linkedin.com/jobs/view/klantenservice-medewerker-32-40-uur-at-giga-meubel-4462523800,klantenservice medewerker
Globus Medical,globusmedical.com,geraden en bevestigd,Sr Customer Service Representative,2025-06-10,Brunssum,1,nee,https://nl.linkedin.com/jobs/view/sr-customer-service-representative-at-globus-medical-4245482430,klantenservice medewerker
GO! Express & Logistics,goexpresslogistics.com,geraden en bevestigd,Customer Service Agent (40 uur),2026-09-08,Veenendaal,1,nee,https://nl.linkedin.com/jobs/view/customer-service-agent-40-uur-at-go%21-express-logistics-4462293610,klantenservice medewerker
GoDutch,godutch.com,geraden en bevestigd,Customer Operations Agent,2026-01-13,Amsterdam,1,nee,https://nl.linkedin.com/jobs/view/customer-operations-agent-at-godutch-4354448067,klantenservice medewerker
GoedGepickt Webwinkel Magazijnsoftware,goedgepickt.nl,geraden en bevestigd,Customer Success &amp; Support Specialist,2026-07-02,Etten-Leur,1,nee,https://nl.linkedin.com/jobs/view/customer-success-support-specialist-at-goedgepickt-webwinkel-magazijnsoftware-4435018603,customer happiness
GoodHabitz,goodhabitz.com,geraden en bevestigd,Webflow Developer (Marketing),2026-08-27,Eindhoven,1,nee,https://nl.linkedin.com/jobs/view/webflow-developer-marketing-at-goodhabitz-4457754763,webcare medewerker
Greenchoice,greenchoice.nl,geraden en bevestigd,Medewerker Klantenservice Zakelijk,2026-09-07,Nijmegen,1,nee,https://nl.linkedin.com/jobs/view/medewerker-klantenservice-zakelijk-at-greenchoice-4464371525,klantenservice medewerker
GTE,gte-shop.com,geraden en bevestigd,General VA – Social Media Management,2026-08-24,Nieuwegein,2,nee,https://nl.linkedin.com/jobs/view/general-va-%E2%80%93-social-media-management-at-gte-4457163824,webcare medewerker
Hammer IT Services B.V.,hammerit.nl,geraden en bevestigd,Allround Medewerker IT &amp; Klantenservice,2026-08-26,Zevenaar,1,nee,https://nl.linkedin.com/jobs/view/allround-medewerker-it-klantenservice-at-hammer-it-services-b-v-4459328254,webcare medewerker
Happy Hair Service,happyhairservice.nl,geraden en bevestigd,E-commerce &amp; Content Specialist,2026-09-15,Berkel en Rodenrijs,1,nee,https://nl.linkedin.com/jobs/view/e-commerce-content-specialist-at-happy-hair-service-4467753157,webcare medewerker
Hart Beach,hartbeach.nl,geraden en bevestigd,Website &amp; Webshop Beheerder,2026-09-19,'s-Gravenhage,1,nee,https://nl.linkedin.com/jobs/view/website-webshop-beheerder-at-hart-beach-4469525581,webcare medewerker
Haselhoff Groep,haselhoff.nl,geraden en bevestigd,ICT Supportdesk Medewerker 1e en 2e lijns,2026-07-27,Utrecht,1,nee,https://nl.linkedin.com/jobs/view/ict-supportdesk-medewerker-1e-en-2e-lijns-at-haselhoff-groep-4428635483,webcare medewerker
HAVI,havi.com,geraden en bevestigd,Customer Service medewerker,2026-09-10,Amersfoort,1,nee,https://nl.linkedin.com/jobs/view/customer-service-medewerker-at-havi-4428890417,klantenservice medewerker
Haystack People,haystackpeople.nl,geraden en bevestigd,Customer Succes Manager (SaaS/AI),2026-09-14,Nijmegen,1,nee,https://nl.linkedin.com/jobs/view/customer-succes-manager-saas-ai-at-haystack-people-4465786674,customer happiness
HealthConnected (NL),healthconnected.nl,geraden en bevestigd,Customer Succes Specialist,2026-09-11,Alkmaar,1,nee,https://nl.linkedin.com/jobs/view/customer-succes-specialist-at-healthconnected-nl-4466090452,customer happiness
Hedin Automotive NL,hedinautomotive.nl,geraden en bevestigd,"Medewerker Klantcontact Kia, Fiat, Opel, Jeep en Alfa Romeo",2026-07-29,Wormerveer,1,nee,https://nl.linkedin.com/jobs/view/medewerker-klantcontact-kia-fiat-opel-jeep-en-alfa-romeo-at-hedin-automotive-nl-4446078433,klantenservice medewerker
Hemubo,hemubo.nl,geraden en bevestigd,Support medewerker ICT,2026-09-17,Almere,1,nee,https://nl.linkedin.com/jobs/view/support-medewerker-ict-at-hemubo-4457974171,webcare medewerker
Herbalife,herbalife.com,geraden en bevestigd,Customer Service Representative with English and Dutch - Netherlands and Belgium,2026-09-04,Utrecht,1,nee,https://nl.linkedin.com/jobs/view/customer-service-representative-with-english-and-dutch-netherlands-and-belgium-at-herbalife-4434132710,klantenservice medewerker
Het Notarieel,hetnotarieel.nl,geraden en bevestigd,Frontoffice medewerker,2026-08-31,Zwolle,1,nee,https://nl.linkedin.com/jobs/view/frontoffice-medewerker-at-het-notarieel-4461094787,webcare medewerker
HiBob,hibob.com,geraden en bevestigd,Dutch speaking Enterprise Customer Success Manager,2026-09-22,Amsterdam,1,nee,https://nl.linkedin.com/jobs/view/dutch-speaking-enterprise-customer-success-manager-at-hibob-4470298188,customer happiness
Holmen,holmen.com,geraden en bevestigd,Customer Service employee DACH,2026-09-21,Amsterdam,1,nee,https://nl.linkedin.com/jobs/view/customer-service-employee-dach-at-holmen-4458134943,klantenservice medewerker
Hostnet,hostnet.nl,geraden en bevestigd,Customer Success Representative,2026-09-17,Amsterdam,2,nee,https://nl.linkedin.com/jobs/view/customer-success-representative-at-hostnet-bv-4456027234,customer happiness
Hotelprofessionals,hotelprofessionals.nl,geraden en bevestigd,Medewerker Bediening Fulltime,2026-08-31,Amsterdam,9,nee,https://nl.linkedin.com/jobs/view/medewerker-bediening-fulltime-at-hotelprofessionals-4460007210,webcare medewerker
HousApp,housapp.com,geraden en bevestigd,Customer Success Manager,2026-06-01,Amsterdam,1,nee,https://nl.linkedin.com/jobs/view/customer-success-manager-at-housapp-4421803765,customer happiness
Houthoff,houthoff.com,geraden en bevestigd,Marketing- &amp; Communicatiemedewerker,2026-09-01,Amsterdam,1,nee,https://nl.linkedin.com/jobs/view/marketing-communicatiemedewerker-at-houthoff-4461708868,webcare medewerker
"Hunter Douglas, Inc.",hunterdouglasarchitectural.eu,geraden en bevestigd,Customer Service Representative,2026-09-17,Boxtel,1,nee,https://nl.linkedin.com/jobs/view/customer-service-representative-at-hunter-douglas-inc-4439193599,klantenservice medewerker
Icetubs,icetubs.com,geraden en bevestigd,Webflow &amp; Shopify Developer,2026-07-13,Amsterdam-West,1,nee,https://nl.linkedin.com/jobs/view/webflow-shopify-developer-at-icetubs-4440044522,webcare medewerker
IGO Promo NL,igopromo.nl,geraden en bevestigd,Customer Service Medewerker,2026-06-04,Helmond,1,nee,https://nl.linkedin.com/jobs/view/customer-service-medewerker-at-igo-promo-4393526741,klantenservice medewerker
Incision,incision.nl,geraden en bevestigd,Customer Success Manager – Benelux,2026-09-14,Amsterdam,1,nee,https://nl.linkedin.com/jobs/view/customer-success-manager-%E2%80%93-benelux-at-incision-4438340131,customer happiness
Inktweb.nl,inktweb.nl,geraden en bevestigd,Customer Support,2026-08-07,Alkmaar,3,nee,https://nl.linkedin.com/jobs/view/customer-support-at-inktweb-nl-4450703072,klantenservice medewerker
InShared,inshared.nl,geraden en bevestigd,Web Analytics Specialist,2026-07-27,Leusden,1,nee,https://nl.linkedin.com/jobs/view/web-analytics-specialist-at-inshared-4445943002,webcare medewerker
Insify,insify.nl,geraden en bevestigd,Customer Support Specialist,2026-09-14,Amsterdam,1,nee,https://nl.linkedin.com/jobs/view/customer-support-specialist-at-insify-4371506602,klantenservice medewerker
Intergamma,intergamma.nl,geraden en bevestigd,Frontend ontwikkelaar,2026-08-24,Leusden,1,nee,https://nl.linkedin.com/jobs/view/frontend-ontwikkelaar-at-intergamma-4419813509,webcare medewerker
Intralox,intralox.com,geraden en bevestigd,Customer Service Account Representative - Danish speaking,2026-09-21,Hoofddorp,3,nee,https://nl.linkedin.com/jobs/view/customer-service-account-representative-danish-speaking-at-intralox-4463385139,customer happiness
Invorderingsbedrijf,invorderingsbedrijf.nl,geraden en bevestigd,Klantenservice Medewerker,2026-07-13,Den Haag,1,nee,https://nl.linkedin.com/jobs/view/klantenservice-medewerker-at-invorderingsbedrijf-4440044391,klantenservice medewerker
iSpeedToLead,ispeedtolead.com,geraden en bevestigd,Customer Success Manager,2026-09-01,Amsterdam,1,nee,https://nl.linkedin.com/jobs/view/customer-success-manager-at-ispeedtolead-4462031875,customer happiness
ista Nederland,ista.com,geraden en bevestigd,Klantenservicemedewerker,2026-09-16,Schiedam,1,nee,https://nl.linkedin.com/jobs/view/klantenservicemedewerker-at-ista-nederland-b-v-4468276179,klantenservice medewerker
IT-Wizzard,itwizzard.com,geraden en bevestigd,Eerstelijns support medewerker ICT,2026-09-15,Harlingen,1,nee,https://nl.linkedin.com/jobs/view/eerstelijns-support-medewerker-ict-at-it-wizzard-4467471105,webcare medewerker
JD.COM,global.jd.com,geraden en bevestigd,Customer Service Specialist,2026-09-22,Rotterdam and The Hague,1,nee,https://nl.linkedin.com/jobs/view/customer-service-specialist-at-jd-com-4414673937,klantenservice medewerker
Jobgether,jobgether.com,geraden en bevestigd,Customer Care Poker Specialist,2026-09-22,Nederland,5,nee,https://nl.linkedin.com/jobs/view/customer-care-poker-specialist-at-jobgether-4468543207,customer happiness
Joerns Healthcare bv,joerns.nl,geraden en bevestigd,Klantadviseur Zorghulpmiddelen,2026-09-11,Houten,2,nee,https://nl.linkedin.com/jobs/view/klantadviseur-zorghulpmiddelen-at-joerns-healthcare-bv-4466071775,klantenservice medewerker
Johnson Controls,johnsoncontrols.nl,geraden en bevestigd,Customer Service Employee,2026-09-12,Enschede,1,nee,https://nl.linkedin.com/jobs/view/customer-service-employee-at-johnson-controls-4464268348,klantenservice medewerker
JouwWeb,jouwweb.nl,geraden en bevestigd,Customer Support Employee - Evening Shifts,2026-09-18,Eindhoven,2,nee,https://nl.linkedin.com/jobs/view/customer-support-employee-evening-shifts-at-jouwweb-4469189594,webcare medewerker
JR286,jr286.com,geraden en bevestigd,Customer Service Representative (International Sales),2026-09-08,Hilversum,1,nee,https://nl.linkedin.com/jobs/view/customer-service-representative-international-sales-at-jr286-4458671910,klantenservice medewerker
Justus People,justuspeople.nl,geraden en bevestigd,Customer Care Representative,2026-09-14,Badhoevedorp,1,nee,https://nl.linkedin.com/jobs/view/customer-care-representative-at-justus-people-4466129270,klantenservice medewerker
Kaliber,kaliber.nl,geraden en bevestigd,Conversion &amp; Growth Specialist,2026-09-22,Utrecht,2,nee,https://nl.linkedin.com/jobs/view/conversion-growth-specialist-at-kaliber-4470404906,webcare medewerker
KernGezond,kerngezond.nl,geraden en bevestigd,Vacature: Front Office Medewerk(st)er Lelystad – 16u (waarneming),2026-09-03,Lelystad,1,nee,https://nl.linkedin.com/jobs/view/vacature-front-office-medewerk-st-er-lelystad-%E2%80%93-16u-waarneming-at-kerngezond-4460749394,webcare medewerker
Keter,keter.com,geraden en bevestigd,Specialist eCommerce,2026-08-24,Rijen,1,nee,https://nl.linkedin.com/jobs/view/specialist-ecommerce-at-keter-4456862711,webcare medewerker
Keywords Studios,keywordsstudios.com,geraden en bevestigd,Customer Success Manager - Video Games - Remote,2026-07-31,Nederland,1,nee,https://nl.linkedin.com/jobs/view/customer-success-manager-video-games-remote-at-keywords-studios-4447524776,customer happiness
Knivesandtools,knivesandtools.nl,geraden en bevestigd,Klantenservice medewerker e-commerce Apeldoorn (32-40 uur),2026-07-17,Apeldoorn,1,nee,https://nl.linkedin.com/jobs/view/klantenservice-medewerker-e-commerce-apeldoorn-32-40-uur-at-knivesandtools-4441984192,klantenservice medewerker
KONE,kone.nl,geraden en bevestigd,Customer Service Agent (KDB),2026-09-02,Arnhem,1,nee,https://nl.linkedin.com/jobs/view/customer-service-agent-kdb-at-kone-4434478590,klantenservice medewerker
Kwantum,kwantum.nl,geraden en bevestigd,E commerce Specialist - Merchandising &amp; Content,2026-08-18,Geertruidenberg,1,nee,https://nl.linkedin.com/jobs/view/e-commerce-specialist-merchandising-content-at-kwantum-4454181057,webcare medewerker
La Souris,lasouris.com,geraden en bevestigd,Customer Succes Medewerker,2026-06-01,Doetinchem,1,nee,https://nl.linkedin.com/jobs/view/customer-succes-medewerker-at-la-souris-4421659410,customer happiness
Leen Bakker,leenbakker.nl,geraden en bevestigd,E commerce Specialist - Merchandising &amp; Content,2026-08-18,Geertruidenberg,1,nee,https://nl.linkedin.com/jobs/view/e-commerce-specialist-merchandising-content-at-leen-bakker-4454170846,webcare medewerker
Lekkerland Nederland B.V.,lekkerland.nl,geraden en bevestigd,Webanalist,2026-09-18,Son en Breugel,1,nee,https://nl.linkedin.com/jobs/view/webanalist-at-lekkerland-nederland-b-v-4469128135,webcare medewerker
Lucid Motors,lucidmotors.com:443,geraden en bevestigd,Customer Care Representative – German Speaking,2026-07-13,Amsterdam,1,nee,https://nl.linkedin.com/jobs/view/customer-care-representative-%E2%80%93-german-speaking-at-lucid-motors-4439415412,klantenservice medewerker
Lucid Software,lucid-software.com,geraden en bevestigd,"EMEA Customer Success Manager, Nordic Speaker",2026-09-14,Amsterdam,2,nee,https://nl.linkedin.com/jobs/view/emea-customer-success-manager-nordic-speaker-at-lucid-software-4467251933,customer happiness
Maas-De Koning,maasdekoning.nl,geraden en bevestigd,Medewerker KCC – Telefonie,2026-09-14,Moordrecht,1,nee,https://nl.linkedin.com/jobs/view/medewerker-kcc-%E2%80%93-telefonie-at-maas-de-koning-4467091310,klantenservice medewerker
Magnet.me,magnet.me,geraden en bevestigd,Customer Success Manager,2026-09-08,Rotterdam,1,nee,https://nl.linkedin.com/jobs/view/customer-success-manager-at-magnet-me-4464481159,customer happiness
MANN+HUMMEL,mann-hummel.com,geraden en bevestigd,S&amp;M IAM Customer Service,2026-06-23,Nieuwegein,1,nee,https://nl.linkedin.com/jobs/view/s-m-iam-customer-service-at-mann%2Bhummel-4430433324,klantenservice medewerker
Marente,marente.nl,geraden en bevestigd,Helpende (plus) + verzorgende IG flexpool in Sassenheim,2026-06-26,Sassenheim,1,nee,https://nl.linkedin.com/jobs/view/helpende-plus-%2B-verzorgende-ig-flexpool-in-sassenheim-at-marente-4433894426,webcare medewerker
Marie-Stella-Maris (B Corp),mariestellamaris.nl,geraden en bevestigd,E-commerce Specialist,2026-09-09,Amsterdam,1,nee,https://nl.linkedin.com/jobs/view/e-commerce-specialist-at-marie-stella-maris-b-corp-4465099318,webcare medewerker
Matt Sleeps,mattsleeps.com,geraden en bevestigd,E-commerce &amp; CRO specialist,2026-05-29,Amsterdam,1,ja,https://nl.linkedin.com/jobs/view/e-commerce-cro-specialist-at-matt-sleeps-4420925045,webcare medewerker
MCI,mci.com,geraden en bevestigd,Remote Customer Service Agent,2025-10-31,Middelburg,5,nee,https://nl.linkedin.com/jobs/view/remote-customer-service-agent-at-mci-4331761143,klantenservice medewerker
MediaMarkt Benelux,mediamarkt.nl,geraden en bevestigd,Customer Care Specialist Marketplace,2026-09-17,Rotterdam,2,nee,https://nl.linkedin.com/jobs/view/customer-care-specialist-marketplace-at-mediamarkt-benelux-4448057233,klantenservice medewerker
Medipoint,medipoint.nl,geraden en bevestigd,Productiemedewerker reiniging,2026-06-12,Helmond,1,nee,https://nl.linkedin.com/jobs/view/productiemedewerker-reiniging-at-medipoint-4427942440,webcare medewerker
Medtronic,medtronic.com,geraden en bevestigd,Customer Care Representative – Service &amp; Repair - English Speaker,2026-09-09,Heerlen,4,nee,https://nl.linkedin.com/jobs/view/customer-care-representative-%E2%80%93-service-repair-english-speaker-at-medtronic-4464665528,klantenservice medewerker
Meltwater,meltwater.com,geraden en bevestigd,Customer Success Manager,2026-09-01,Amsterdam Area,1,nee,https://nl.linkedin.com/jobs/view/customer-success-manager-at-meltwater-4460672135,customer happiness
Mendix,mendix.com,geraden en bevestigd,Junior Front-end Developer,2026-09-16,Rotterdam,1,nee,https://nl.linkedin.com/jobs/view/junior-front-end-developer-at-mendix-4456943543,webcare medewerker
Mercell,info.mercell.com,geraden en bevestigd,Join our Customer Service teams!,2026-07-04,Utrecht,1,nee,https://nl.linkedin.com/jobs/view/join-our-customer-service-teams%21-at-mercell-4435706727,klantenservice medewerker
Merz Therapeutics,merztherapeutics.com,geraden en bevestigd,Junior Brand &amp; Digital Manager,2026-09-04,Terheijden,1,nee,https://nl.linkedin.com/jobs/view/junior-brand-digital-manager-at-merz-therapeutics-4440753053,webcare medewerker
Mijndomein,mijndomein.nl,geraden en bevestigd,Customer Success Specialist,2026-08-31,Almere,1,nee,https://nl.linkedin.com/jobs/view/customer-success-specialist-at-mijndomein-4461083661,webcare medewerker
Mila Health,milahealth.com,geraden en bevestigd,Customer success lead,2026-07-21,Amsterdam,1,nee,https://nl.linkedin.com/jobs/view/customer-success-lead-at-mila-health-4441009278,customer happiness
Mollie,mollie.com,geraden en bevestigd,Customer Success Manager - Benelux,2026-09-21,Amsterdam,2,nee,https://nl.linkedin.com/jobs/view/customer-success-manager-benelux-at-mollie-4469895606,customer happiness
Momo Medical,momomedical.nl,geraden en bevestigd,Customer Support Specialist,2026-09-11,Delft,1,nee,https://nl.linkedin.com/jobs/view/customer-support-specialist-at-momo-medical-4464862454,klantenservice medewerker
MoreCareClinics,morecareclinics.nl,geraden en bevestigd,SEO &amp; AI Search Marketeer,2026-09-10,Randstad,1,nee,https://nl.linkedin.com/jobs/view/seo-ai-search-marketeer-at-morecareclinics-4463875820,webcare medewerker
Morgan Stanley,morganstanley.com,geraden en bevestigd,Investment Management - EMEA Client Relationship Management - Vice President,2026-09-09,Amsterdam,1,nee,https://nl.linkedin.com/jobs/view/investment-management-emea-client-relationship-management-vice-president-at-morgan-stanley-4463832383,customer happiness
MostWare | Inspireren met IT,mostware.nl,geraden en bevestigd,IT Servicedesk Medewerker,2026-08-26,Leiden,1,nee,https://nl.linkedin.com/jobs/view/it-servicedesk-medewerker-at-mostware-4459179252,webcare medewerker
MPM International Oil Company B.V.,mpmoil.nl,geraden en bevestigd,Customer Service Representative,2026-08-31,Delft,1,nee,https://nl.linkedin.com/jobs/view/customer-service-representative-at-mpm-international-oil-company-b-v-4461052787,klantenservice medewerker
MultiTankcard,mtc.nl,geraden en bevestigd,Customer Service Specialist,2026-06-18,Schiphol-Rijk,1,nee,https://nl.linkedin.com/jobs/view/customer-service-specialist-at-multitankcard-4439777523,klantenservice medewerker
myTomorrows,mytomorrows.com,geraden en bevestigd,Full Stack Engineer,2026-09-22,Amsterdam,1,nee,https://nl.linkedin.com/jobs/view/full-stack-engineer-at-mytomorrows-4469909379,webcare medewerker
NCR Voyix,ncrvoyix.com,geraden en bevestigd,Customer Success Manager - Amsterdam,2026-09-18,Amsterdam,1,nee,https://nl.linkedin.com/jobs/view/customer-success-manager-amsterdam-at-ncr-voyix-4401623072,customer happiness
Nedap,nedap.com,geraden en bevestigd,Junior/Medior Full-Stack Ruby Developer .,2026-08-17,Groenlo,2,nee,https://nl.linkedin.com/jobs/view/junior-medior-full-stack-ruby-developer-at-nedap-4452413236,webcare medewerker
Netpoint group,netpoint.nl,geraden en bevestigd,(Ervaren) Web Developer - Waalwijk,2026-07-17,Waalwijk,1,nee,https://nl.linkedin.com/jobs/view/ervaren-web-developer-waalwijk-at-netpoint-group-4442179400,webcare medewerker
NieuweStroom,nieuwestroom.nl,geraden en bevestigd,Medewerker Customer Operations,2026-09-17,Maastricht,1,nee,https://nl.linkedin.com/jobs/view/medewerker-customer-operations-at-nieuwestroom-4468605295,klantenservice medewerker
Nilfisk,nilfisk-shop.nl,geraden en bevestigd,Customer Service Employee,2026-09-05,Almere,1,nee,https://nl.linkedin.com/jobs/view/customer-service-employee-at-nilfisk-4463724526,klantenservice medewerker
NORNORM,nornorm.com,geraden en bevestigd,Customer Success Coordinator,2026-08-28,Amsterdam Area,1,nee,https://nl.linkedin.com/jobs/view/customer-success-coordinator-at-nornorm-4460356148,customer happiness
Notuly.,notuly.nl,geraden en bevestigd,Customer succes &amp; support medewerker,2026-08-26,Deventer,1,nee,https://nl.linkedin.com/jobs/view/customer-succes-support-medewerker-at-notuly-4459189122,customer happiness
Nutanix,nutanix.com,geraden en bevestigd,"Senior Staff Customer Experience Manager, Dutch speaker",2026-09-09,Amsterdam,2,nee,https://nl.linkedin.com/jobs/view/senior-staff-customer-experience-manager-dutch-speaker-at-nutanix-4461295968,customer happiness
Octiva,octiva.tech,geraden en bevestigd,Head of Customer Success,2026-05-04,Breda,2,nee,https://nl.linkedin.com/jobs/view/head-of-customer-success-at-octiva-4420942347,customer happiness
OH Solutions,oh-solutions.nl,geraden en bevestigd,Customer Experience Specialist,2026-09-11,Almere,1,nee,https://nl.linkedin.com/jobs/view/customer-experience-specialist-at-oh-solutions-4440950989,customer happiness
Olyslager,olyslager.nl,geraden en bevestigd,Customer Success Manager,2026-09-18,Bunschoten-Spakenburg,1,nee,https://nl.linkedin.com/jobs/view/customer-success-manager-at-olyslager-4430926312,customer happiness
Onlineverf.nl,onlineverf.nl,geraden en bevestigd,Medewerker klantenservice,2026-09-11,Hengelo,1,nee,https://nl.linkedin.com/jobs/view/medewerker-klantenservice-at-onlineverf-nl-4466058358,klantenservice medewerker
OPENRED,openred.nl,geraden en bevestigd,Customer Succes Lead,2026-08-13,Rotterdam,1,nee,https://nl.linkedin.com/jobs/view/customer-succes-lead-at-openred-4453604681,customer happiness
OrbusNeich Medical Company Ltd.,orbusneich.com,geraden en bevestigd,Customer Relations Coordinator,2026-09-22,Hoevelaken,1,nee,https://nl.linkedin.com/jobs/view/customer-relations-coordinator-at-orbusneich-medical-company-ltd-4470286316,customer happiness
Oxford Global Resources,oxfordglobal.com,geraden en bevestigd,"Klantenservice Medewerker - Frans, Nederlands, Engels",2026-08-31,Amsterdam,1,nee,https://nl.linkedin.com/jobs/view/klantenservice-medewerker-frans-nederlands-engels-at-oxford-global-resources-4459792285,klantenservice medewerker
Palo Alto Networks,paloaltonetworks.com,geraden en bevestigd,Staff Customer Success Engineer,2026-09-18,Amsterdam,2,nee,https://nl.linkedin.com/jobs/view/staff-customer-success-engineer-at-palo-alto-networks-4466683134,customer happiness
Pensify,pensify.com,geraden en bevestigd,Customer Success Manager,2026-09-10,Amsterdam,1,nee,https://nl.linkedin.com/jobs/view/customer-success-manager-at-pensify-4465684096,customer happiness
Permobil,permobil.com,geraden en bevestigd,Customer Support Representative,2026-09-06,Oisterwijk,1,nee,https://nl.linkedin.com/jobs/view/customer-support-representative-at-permobil-4400388875,klantenservice medewerker
PGGM,pggm.nl,geraden en bevestigd,Klantcontact medewerker klantcontact BPF Schilders,2026-09-17,Zeist,1,nee,https://nl.linkedin.com/jobs/view/klantcontact-medewerker-klantcontact-bpf-schilders-at-pggm-4468602316,klantenservice medewerker
PharmaPartners,pharmapartners.nl,geraden en bevestigd,Customer Care Specialist,2026-09-19,Oosterhout,1,nee,https://nl.linkedin.com/jobs/view/customer-care-specialist-at-pharmapartners-4455856177,klantenservice medewerker
PinkRoccade Local Government,pinkroccadelocalgovernment.nl,geraden en bevestigd,Manager Customer Care Samenlevingszaken (lid MT),2026-09-21,s-Hertogenbosch Area,1,nee,https://nl.linkedin.com/jobs/view/manager-customer-care-samenlevingszaken-lid-mt-at-pinkroccade-local-government-4468750854,customer happiness
Plieger,plieger.nl,geraden en bevestigd,IT Support Medewerker,2026-06-17,Zaltbommel,1,nee,https://nl.linkedin.com/jobs/view/it-support-medewerker-at-plieger-4426882717,webcare medewerker
Pluripharm Groep,pluripharm.com,geraden en bevestigd,Medewerker Customer Services,2026-09-13,Alkmaar,1,nee,https://nl.linkedin.com/jobs/view/medewerker-customer-services-at-pluripharm-groep-4439035928,klantenservice medewerker
Pluvo,pluvo.com,geraden en bevestigd,Customer Success Manager,2026-09-11,Amsterdam Area,1,nee,https://nl.linkedin.com/jobs/view/customer-success-manager-at-pluvo-4466060567,customer happiness
Prada,prada.com,geraden en bevestigd,"PRADA Client Advisor MRTW (m/f/d), De Bijenkorf",2026-09-18,Amsterdam,2,nee,https://nl.linkedin.com/jobs/view/prada-client-advisor-mrtw-m-f-d-de-bijenkorf-at-prada-4467886289,customer happiness
Print.com,print.com,geraden en bevestigd,After Sales Specialist - Klantrelatie &amp; Complaints,2026-09-10,Deventer,3,nee,https://nl.linkedin.com/jobs/view/after-sales-specialist-klantrelatie-complaints-at-print-com-4465607153,customer happiness
project44,project44.com,geraden en bevestigd,Customer Success Manager,2026-09-15,Amsterdam,1,nee,https://nl.linkedin.com/jobs/view/customer-success-manager-at-project44-4465266062,customer happiness
Property Plan,propertyplan.com,geraden en bevestigd,Front-end Developer,2026-09-10,'s-Hertogenbosch,1,nee,https://nl.linkedin.com/jobs/view/front-end-developer-at-property-plan-4463437958,webcare medewerker
Proprli,proprli.com,geraden en bevestigd,Customer Support Professional at team Proprli (NL),2026-07-17,Heerde,1,nee,https://nl.linkedin.com/jobs/view/customer-support-professional%0Aat-team-proprli-nl-at-proprli-4441325540,customer happiness
Proxsys,proxsys.nl,geraden en bevestigd,Skilled Servicedesk Medewerker,2026-06-18,Rotterdam,1,nee,https://nl.linkedin.com/jobs/view/skilled-servicedesk-medewerker-at-proxsys-4439773635,webcare medewerker
PS Calamiteiten,pscalamiteiten.nl,geraden en bevestigd,Medewerker Calamiteiten,2026-06-03,Almere,1,nee,https://nl.linkedin.com/jobs/view/medewerker-calamiteiten-at-ps-calamiteiten-4422942508,webcare medewerker
PSI CRO,psi-cro.com,geraden en bevestigd,Site Management Associate,2026-09-15,Amsterdam,1,nee,https://nl.linkedin.com/jobs/view/site-management-associate-at-psi-cro-4465542548,webcare medewerker
Quatt,quatt.io,geraden en bevestigd,Customer Success Manager - Installations,2026-09-08,Amsterdam,1,nee,https://nl.linkedin.com/jobs/view/customer-success-manager-installations-at-quatt-4462418926,customer happiness
Quooker,quooker.nl,geraden en bevestigd,Information Technology Support Specialist,2026-09-16,Ridderkerk,1,nee,https://nl.linkedin.com/jobs/view/information-technology-support-specialist-at-quooker-4455729021,webcare medewerker
Redcare Pharmacy,redcarepharmacy.com,geraden en bevestigd,Magazijnmedewerker (m/v/x) Fulltime in Sevenum,2026-09-18,Sevenum,2,nee,https://nl.linkedin.com/jobs/view/magazijnmedewerker-m-v-x-fulltime-in-sevenum-at-redcare-pharmacy-4466672636,webcare medewerker
RedCarpet®,redcarpet.com,geraden en bevestigd,Klantenservicemedewerker met ervaring,2026-09-22,Amsterdam,1,nee,https://nl.linkedin.com/jobs/view/klantenservicemedewerker-met-ervaring-at-redcarpet%C2%AE-4470290922,klantenservice medewerker
Richemont,richemont.com,geraden en bevestigd,E-Boutique Client Advisor French Speaking,2026-09-18,Amsterdam,1,nee,https://nl.linkedin.com/jobs/view/e-boutique-client-advisor-french-speaking-at-richemont-4467886933,customer happiness
Ricoh Nederland,ricoh.nl,geraden en bevestigd,Key Account Customer Service Agent | Den Bosch | Hybrid,2026-07-29,'s-Hertogenbosch,1,nee,https://nl.linkedin.com/jobs/view/key-account-customer-service-agent-den-bosch-hybrid-at-ricoh-nederland-4444962081,klantenservice medewerker
Roadsoft,roadsoft.com,geraden en bevestigd,Customer Success Specialist (Onboarding &amp; Support),2026-09-17,Amsterdam,1,nee,https://nl.linkedin.com/jobs/view/customer-success-specialist-onboarding-support-at-roadsoft-4468663286,customer happiness
ROCKWOOL Group,rockwool.com,geraden en bevestigd,Customer Services Employee,2026-09-14,Roermond,2,nee,https://nl.linkedin.com/jobs/view/customer-services-employee-at-rockwool-group-4467030929,klantenservice medewerker
Royal A-ware,royal-aware.com,geraden en bevestigd,Medewerker Customer Care,2026-09-07,Almere,1,nee,https://nl.linkedin.com/jobs/view/medewerker-customer-care-at-royal-a-ware-4425632190,klantenservice medewerker
RVS Clean,rvs-clean.nl,geraden en bevestigd,Cleanroom medewerker,2026-05-23,Bergeyk,1,nee,https://nl.linkedin.com/jobs/view/cleanroom-medewerker-at-rvs-clean-4429783675,webcare medewerker
Salute,salute.nl,geraden en bevestigd,Data Centre NOC Operator,2026-08-07,Amsterdam,1,nee,https://nl.linkedin.com/jobs/view/data-centre-noc-operator-at-salute-4460250542,webcare medewerker
Saxo Bank,home.saxo,geraden en bevestigd,Client Service Associate (French + Dutch Speaking),2026-09-12,Amsterdam,1,nee,https://nl.linkedin.com/jobs/view/client-service-associate-french-%2B-dutch-speaking-at-saxo-bank-4036618828,customer happiness
Secure Design Webdevelopment,securedesign.nl,geraden en bevestigd,"Vacature front-end developer (mbo / hbo, Leiden, 32-40 uur)",2026-07-09,Leiden,3,nee,https://nl.linkedin.com/jobs/view/vacature-front-end-developer-mbo-hbo-leiden-32-40-uur-at-secure-design-webdevelopment-4448391541,webcare medewerker
Sedgwick,sedgwick.com,geraden en bevestigd,Administratief Medewerker,2026-09-03,Amstelveen,1,nee,https://nl.linkedin.com/jobs/view/administratief-medewerker-at-sedgwick-4256918853,webcare medewerker
Select Courier International B.V.,selectcourier.com,geraden en bevestigd,CUSTOMER SERVICE,2026-07-21,Rotterdam,1,nee,https://nl.linkedin.com/jobs/view/customer-service-at-select-courier-international-b-v-4442661805,klantenservice medewerker
Sendcloud,sendcloud.com,geraden en bevestigd,Customer Support Consultant - Benelux,2026-08-31,Eindhoven,1,nee,https://nl.linkedin.com/jobs/view/customer-support-consultant-benelux-at-sendcloud-4460023105,klantenservice medewerker
Sense Company,sense-company.com,geraden en bevestigd,Customer Care Specialist,2026-09-16,Tilburg,1,nee,https://nl.linkedin.com/jobs/view/customer-care-specialist-at-sense-company-4467079261,customer happiness
Shoppartners B.V.,shoppartners.nl,geraden en bevestigd,Junior Content medewerker - 32 tot 40 uur per week,2026-09-11,Heerhugowaard,2,nee,https://nl.linkedin.com/jobs/view/junior-content-medewerker-32-tot-40-uur-per-week-at-shoppartners-b-v-4465148462,webcare medewerker
Simac,simac.com,geraden en bevestigd,Customer Experience Manager Healthcare (regio Den Haag/Rotterdam),2026-02-27,Utrecht,2,nee,https://nl.linkedin.com/jobs/view/customer-experience-manager-healthcare-regio-den-haag-rotterdam-at-simac-4377933710,customer happiness
Simvia,simvia.com,geraden en bevestigd,Customer Success Manager - Benelux - Growing Impact Scale Up,2026-09-21,Amsterdam,3,nee,https://nl.linkedin.com/jobs/view/customer-success-manager-benelux-growing-impact-scale-up-at-simvia-4469842764,customer happiness
Sligro Food Group,sligrofood.com,geraden en bevestigd,Medewerker Customer Care,2026-09-22,Breda,1,nee,https://nl.linkedin.com/jobs/view/medewerker-customer-care-at-sligro-food-group-4470293178,klantenservice medewerker
Smart Health,smarthealth.live,geraden en bevestigd,Online marketeer,2026-04-07,Rotterdam,1,nee,https://nl.linkedin.com/jobs/view/online-marketeer-at-smart-health-4398376296,webcare medewerker
Smartwares Group,smartwares.eu,geraden en bevestigd,Customer Contact Specialist (E-commerce),2026-09-08,Tilburg,1,nee,https://nl.linkedin.com/jobs/view/customer-contact-specialist-e-commerce-at-smartwares-group-4462505766,customer happiness
Smollan Netherlands,smollan.com,geraden en bevestigd,Customer Success Medewerker,2026-08-21,Amsterdam,1,nee,https://nl.linkedin.com/jobs/view/customer-success-medewerker-at-smollan-netherlands-4447520039,customer happiness
Snelstart,snelstart.nl,geraden en bevestigd,Klantenservice Medewerker Amersfoort,2026-08-25,Amersfoort,1,nee,https://nl.linkedin.com/jobs/view/klantenservice-medewerker-amersfoort-at-snelstart-4447533157,klantenservice medewerker
Solid Partners ICT Groep,solidpartners.nl,geraden en bevestigd,ServiceDesk Medewerker (IT Support Engineer),2026-07-23,Raalte,1,nee,https://nl.linkedin.com/jobs/view/servicedesk-medewerker-it-support-engineer-at-solid-partners-ict-groep-4441553368,webcare medewerker
Sonova Group,sonova.com,geraden en bevestigd,Customer Service employee,2026-09-18,Vianen,1,nee,https://nl.linkedin.com/jobs/view/customer-service-employee-at-sonova-group-4383396850,klantenservice medewerker
Spacewell,spacewell.com,geraden en bevestigd,Customer Success Manager,2026-04-30,Arnhem,1,nee,https://nl.linkedin.com/jobs/view/customer-success-manager-at-spacewell-4408796947,customer happiness
Spectrum Equity,spectrumequity.com,geraden en bevestigd,"EMEA Customer Success Manager, Nordic Speaker",2026-09-15,Amsterdam,1,nee,https://nl.linkedin.com/jobs/view/emea-customer-success-manager-nordic-speaker-at-spectrum-equity-4465563415,customer happiness
SPS Commerce,spscommerce.com,geraden en bevestigd,Customer Success Manager III,2026-09-03,Breukelen,1,nee,https://nl.linkedin.com/jobs/view/customer-success-manager-iii-at-sps-commerce-4461695365,customer happiness
stichd,stichd.com,geraden en bevestigd,Customer Service Representative (Formula 1 &amp; Football),2026-09-17,'s-Hertogenbosch,1,nee,https://nl.linkedin.com/jobs/view/customer-service-representative-formula-1-football-at-stichd-4468608843,klantenservice medewerker
STOX Energy Socks,stoxenergy.com,geraden en bevestigd,Customer Service Specialist,2026-09-04,Amsterdam,1,nee,https://nl.linkedin.com/jobs/view/customer-service-specialist-at-stox-energy-socks-4463382019,klantenservice medewerker
Studenten.net,studentennet.com,geraden en bevestigd,Zwolle productiemedewerker,2026-09-18,Zwolle,4,nee,https://nl.linkedin.com/jobs/view/zwolle-productiemedewerker-at-studenten-net-4469258568,webcare medewerker
Suitsupply,suitsupply.com,geraden en bevestigd,Customer Service Specialist,2026-09-22,Amsterdam,1,nee,https://nl.linkedin.com/jobs/view/customer-service-specialist-at-suitsupply-4326536412,klantenservice medewerker
SumUp,sumup.com,geraden en bevestigd,Customer Support Agent,2026-09-02,Amsterdam,1,nee,https://nl.linkedin.com/jobs/view/customer-support-agent-at-sumup-4421965211,klantenservice medewerker
Sunny Cars,sunnycars.nl,geraden en bevestigd,Customer Service Expert (24-40 uur),2026-09-09,Haarlem,1,nee,https://nl.linkedin.com/jobs/view/customer-service-expert-24-40-uur-at-sunny-cars-4465026977,klantenservice medewerker
Swiss Sense,swisssense.nl,geraden en bevestigd,Web Analist Digital Commerce,2026-09-14,Uden,1,nee,https://nl.linkedin.com/jobs/view/web-analist-digital-commerce-at-swiss-sense-4467094489,webcare medewerker
Tangent,tangent.com,geraden en bevestigd,Entry level Customer Success Manager (€30-€60k salary + commission),2026-09-04,Amsterdam Area,1,nee,https://nl.linkedin.com/jobs/view/entry-level-customer-success-manager-%E2%82%AC30-%E2%82%AC60k-salary-%2B-commission-at-tangent-4463361874,customer happiness
Tarkett,tarkett.nl,geraden en bevestigd,Customer Service Representative,2026-06-26,Waalwijk,1,nee,https://nl.linkedin.com/jobs/view/customer-service-representative-at-tarkett-4431709604,klantenservice medewerker
Tech Rise,techrise.nl,geraden en bevestigd,Head of Customer Success,2026-09-22,Amsterdam,1,nee,https://nl.linkedin.com/jobs/view/head-of-customer-success-at-tech-rise-4456583876,customer happiness
Technische Unie,technischeunie.nl,geraden en bevestigd,Customer Service Medewerker,2026-09-17,Zwolle,6,nee,https://nl.linkedin.com/jobs/view/customer-service-medewerker-at-technische-unie-4466956665,klantenservice medewerker
Tellent,tellent.com,geraden en bevestigd,Digital Customer Success Manager - Benelux,2026-09-21,Amsterdam,2,nee,https://nl.linkedin.com/jobs/view/digital-customer-success-manager-benelux-at-tellent-4467383612,customer happiness
Termeer Groep,mooiedomeinnaam.nl,geraden en bevestigd,Webshopmedewerker (maandag),2026-09-16,Tilburg,1,nee,https://nl.linkedin.com/jobs/view/webshopmedewerker-maandag-at-termeer-groep-4371879320,webcare medewerker
The Dare Company,thedarecompany.com,geraden en bevestigd,Vacature Front end developer,2026-07-10,Rotterdam,3,nee,https://nl.linkedin.com/jobs/view/vacature-front-end-developer-at-the-dare-company-4449069211,webcare medewerker
Tibber,tibber.com:443,geraden en bevestigd,Customer Support Specialist,2026-09-08,Amsterdam,1,nee,https://nl.linkedin.com/jobs/view/customer-support-specialist-at-tibber-4414816920,klantenservice medewerker
TOPdesk,topdesk.com,geraden en bevestigd,Customer Succes Manager (NL),2026-09-14,Delft,1,nee,https://nl.linkedin.com/jobs/view/customer-succes-manager-nl-at-topdesk-4465762335,customer happiness
Treatwell,treatwell.nl,geraden en bevestigd,Customer Success Manager NL,2026-09-18,Amsterdam,2,nee,https://nl.linkedin.com/jobs/view/customer-success-manager-nl-at-treatwell-4469133608,webcare medewerker
Triodos Bank,triodos.nl,geraden en bevestigd,Head of Customer Services TBNL,2026-09-02,Driebergen-Rijsenburg,1,nee,https://nl.linkedin.com/jobs/view/head-of-customer-services-tbnl-at-triodos-bank-4462440160,customer happiness
Troostwijk Auctions,troostwijkauctions.com,geraden en bevestigd,Klantenservice medewerker,2026-09-02,Amsterdam,2,nee,https://nl.linkedin.com/jobs/view/klantenservice-medewerker-at-troostwijk-auctions-4457342326,klantenservice medewerker
Trusted Shops,trustedshops.nl,geraden en bevestigd,Customer Success Manager Benelux (f/m/d),2026-09-07,Amsterdam,1,nee,https://nl.linkedin.com/jobs/view/customer-success-manager-benelux-f-m-d-at-trusted-shops-4461893682,customer happiness
Trustoo.nl,trustoo.nl,geraden en bevestigd,Customer Success Manager,2026-09-03,Amsterdam,2,nee,https://nl.linkedin.com/jobs/view/customer-success-manager-at-trustoo-nl-4460735308,customer happiness
Twentyseven,hoteltwentyseven.com,geraden en bevestigd,Open sollicitatie - Twentyseven,2024-11-26,Eindhoven,1,nee,https://nl.linkedin.com/jobs/view/open-sollicitatie-twentyseven-at-twentyseven-4085642446,webcare medewerker
Ultimesh,ultimesh.nl,geraden en bevestigd,E-commerce Medewerker,2026-09-11,Hellevoetsluis,1,nee,https://nl.linkedin.com/jobs/view/e-commerce-medewerker-at-ultimesh-4466068170,webcare medewerker
UMC Utrecht,umcutrecht.nl,geraden en bevestigd,Medewerker schoonmaak &amp; services,2026-04-14,Utrecht,1,nee,https://nl.linkedin.com/jobs/view/medewerker-schoonmaak-services-at-umc-utrecht-4392436330,webcare medewerker
Valicare,valicare.nl,geraden en bevestigd,PHP Developer,2026-08-01,Den Haag,2,nee,https://nl.linkedin.com/jobs/view/php-developer-at-valicare-4445558465,webcare medewerker
VAMAT,vamat.nl,geraden en bevestigd,Medewerker Customer Service,2026-09-08,"Utrecht, Nederland",1,nee,https://nl.linkedin.com/jobs/view/medewerker-customer-service-at-vamat-4464449514,klantenservice medewerker
Van den Bosch,vandenbosch.nl,geraden en bevestigd,Klantenservicemedewerker,2026-09-03,Erp,1,nee,https://nl.linkedin.com/jobs/view/klantenservicemedewerker-at-van-den-bosch-4462788081,klantenservice medewerker
Van der Hoeven Kliniek,hoevenkliniek.nl,geraden en bevestigd,Medewerker beveiliging en receptie,2026-09-16,Utrecht,1,nee,https://nl.linkedin.com/jobs/view/medewerker-beveiliging-en-receptie-at-van-der-hoeven-kliniek-4459146998,webcare medewerker
Van der Knaap,vanderknaap.nl,geraden en bevestigd,"Medewerker marketing, communicatie en events",2026-09-14,Kwintsheul,1,nee,https://nl.linkedin.com/jobs/view/medewerker-marketing-communicatie-en-events-at-van-der-knaap-4467073432,webcare medewerker
Van Gooi,vangooi.com,geraden en bevestigd,Front-end Developer (Energy Systems),2026-08-18,Utrecht,1,nee,https://nl.linkedin.com/jobs/view/front-end-developer-energy-systems-at-van-gooi-4452846493,webcare medewerker
Van Mossel Automotive Group,vanmossel.nl,geraden en bevestigd,Medewerker Klantenservice,2026-08-11,Tilburg,3,nee,https://nl.linkedin.com/jobs/view/medewerker-klantenservice-at-van-mossel-automotive-group-4455292954,klantenservice medewerker
Van Nieuwpoort Groep,vannieuwpoort.com,geraden en bevestigd,Medewerker marketingcommunicatie,2026-09-04,Gouda,1,nee,https://nl.linkedin.com/jobs/view/medewerker-marketingcommunicatie-at-van-nieuwpoort-groep-4461171249,webcare medewerker
Vandebron,vandebron.nl,geraden en bevestigd,Customer Service Medewerker,2026-05-28,Amsterdam,1,nee,https://nl.linkedin.com/jobs/view/customer-service-medewerker-at-vandebron-4431658020,klantenservice medewerker
VAST.,vast.nl,geraden en bevestigd,E‑commerce Specialist,2026-07-14,'s-Heerenberg,1,nee,https://nl.linkedin.com/jobs/view/e%E2%80%91commerce-specialist-at-vast-4440568385,webcare medewerker
Vecht en IJssel,vechtenijssel.nl,geraden en bevestigd,Open sollicitatie,2025-03-26,IJsselstein,1,nee,https://nl.linkedin.com/jobs/view/open-sollicitatie-at-vecht-en-ijssel-4190977851,webcare medewerker
VELUX,velux.nl,geraden en bevestigd,Customer Service Professional met technische affiniteit,2026-09-09,De Meern,3,nee,https://nl.linkedin.com/jobs/view/customer-service-professional-met-technische-affiniteit-at-velux-4465054190,klantenservice medewerker
Verathon,verathon.com,geraden en bevestigd,Customer Service Specialist,2026-08-31,Amsterdam,1,nee,https://nl.linkedin.com/jobs/view/customer-service-specialist-at-verathon-4460070748,klantenservice medewerker
Verisure,verisure.nl,geraden en bevestigd,Klantenservice medewerker Inbound,2026-09-17,Amsterdam,2,nee,https://nl.linkedin.com/jobs/view/klantenservice-medewerker-inbound-at-verisure-4466254242,klantenservice medewerker
Vermaat,linkedin.com,geraden en bevestigd,Horecamedewerker Antoni van Leeuwenhoek,2026-08-26,Amsterdam,1,nee,https://nl.linkedin.com/jobs/view/horecamedewerker-antoni-van-leeuwenhoek-at-vermaat-4461442279,webcare medewerker
versAlert B.V.,versalert.nl,geraden en bevestigd,Klantsupport medewerker,2026-09-10,Utrecht,1,nee,https://nl.linkedin.com/jobs/view/klantsupport-medewerker-at-versalert-b-v-4463455293,klantenservice medewerker
Verzuimdata,verzuimdata.nl,geraden en bevestigd,Medewerker Service &amp; Support,2026-09-14,Ridderkerk,1,nee,https://nl.linkedin.com/jobs/view/medewerker-service-support-at-verzuimdata-b-v-4440557380,webcare medewerker
Veynex Embedded Software,veynex.com,geraden en bevestigd,ICT Support Medewerker,2026-07-03,Maastricht,3,nee,https://nl.linkedin.com/jobs/view/ict-support-medewerker-at-veynex-embedded-software-4446509258,webcare medewerker
Viamanta,viamanta.com,geraden en bevestigd,Partner Success Specialist (m/f/x),2026-06-02,Amsterdam,1,nee,https://nl.linkedin.com/jobs/view/partner-success-specialist-m-f-x-at-viamanta-4423923357,customer happiness
ViewSonic,viewsonic.com,geraden en bevestigd,Customer Success Coordinator German,2026-09-04,Weesp,1,nee,https://nl.linkedin.com/jobs/view/customer-success-coordinator-german-at-viewsonic-4461974451,customer happiness
Viking Europe,viking-europe.com,geraden en bevestigd,Local Commercial Web Manager NLD,2026-09-16,Venlo,1,nee,https://nl.linkedin.com/jobs/view/local-commercial-web-manager-nld-at-viking-europe-4468262157,webcare medewerker
Viking Nederland,viking.nl,geraden en bevestigd,Local Commercial Web Manager NLD,2026-09-16,Venlo,1,nee,https://nl.linkedin.com/jobs/view/local-commercial-web-manager-nld-at-viking-nederland-4468261625,webcare medewerker
VIKTOR,viktor.com,geraden en bevestigd,Customer Success Manager,2026-09-15,Rotterdam,1,nee,https://nl.linkedin.com/jobs/view/customer-success-manager-at-viktor-4467494832,customer happiness
Vintage.com,vintage.com,geraden en bevestigd,French Customer Experience Agent,2026-09-15,Duiven,3,nee,https://nl.linkedin.com/jobs/view/french-customer-experience-agent-at-vintage-com-4464134036,klantenservice medewerker
VIPS PMS,vipspms.com,geraden en bevestigd,Customer Success &amp; Accountmanager VIPS PMS,2026-08-27,Nieuwegein,1,nee,https://nl.linkedin.com/jobs/view/customer-success-accountmanager-vips-pms-at-vips-pms-4458962293,customer happiness
Virtual Assistant Team,virtualassistantteam.com.au,geraden en bevestigd,Digital Marketer with Click Funnels,2025-04-03,Est,1,nee,https://nl.linkedin.com/jobs/view/digital-marketer-with-click-funnels-at-virtual-assistant-team-4197787540,webcare medewerker
Voetencentrum Wender,voetencentrumnoordwijk.nl,geraden en bevestigd,Medewerker Servicedesk,2026-09-09,Hengelo,1,nee,https://nl.linkedin.com/jobs/view/medewerker-servicedesk-at-voetencentrum-wender-4465058771,webcare medewerker
VolkerWessels Infra Digital,volkerwessels.com,geraden en bevestigd,Servicedeskmedewerker,2026-07-08,Vianen,1,nee,https://nl.linkedin.com/jobs/view/servicedeskmedewerker-at-volkerwessels-infra-digital-4437066756,webcare medewerker
Vondel Hotels,vondelhotels.com,geraden en bevestigd,Medewerker Bediening,2026-06-04,Amsterdam,1,nee,https://nl.linkedin.com/jobs/view/medewerker-bediening-at-vondel-hotels-4423376761,webcare medewerker
Voordeeluitjes,voordeeluitjes.nl,geraden en bevestigd,Klantenservicemedewerker Voordeeluitjes.nl,2026-07-21,Deventer,1,nee,https://nl.linkedin.com/jobs/view/klantenservicemedewerker-voordeeluitjes-nl-at-voordeeluitjes-nl-4442996961,klantenservice medewerker
Vulpes Goods,vulpesgoods.com,geraden en bevestigd,Customer Experience Specialist,2026-08-25,Bunnik,1,ja,https://nl.linkedin.com/jobs/view/customer-experience-specialist-at-vulpes-goods-4458599796,customer happiness
Waldom,waldom.com,geraden en bevestigd,Customer Experience Specialist - German Speaking,2026-09-21,Amsterdam Area,2,nee,https://nl.linkedin.com/jobs/view/customer-experience-specialist-german-speaking-at-waldom-4467556585,customer happiness
Webgrade,webgrade.nl,geraden en bevestigd,WordPress Developer,2026-08-12,Den Haag,1,nee,https://nl.linkedin.com/jobs/view/wordpress-developer-at-webgrade-4450196396,webcare medewerker
Webstijl B.V.,webstijl.nl,geraden en bevestigd,Traineeship/junior medewerker online marketing bij Webstijl,2026-07-03,Alphen aan den Rijn,1,nee,https://nl.linkedin.com/jobs/view/traineeship-junior-medewerker-online-marketing-bij-webstijl-at-webstijl-b-v-4436904592,webcare medewerker
Weeztix,weeztix.com,geraden en bevestigd,Customer Succes Manager Cashless,2026-08-19,Amsterdam,1,nee,https://nl.linkedin.com/jobs/view/customer-succes-manager-cashless-at-weeztix-4456157968,customer happiness
Weight Doctors,weight-doctors.nl,geraden en bevestigd,Patiënten Coördinator / Receptioniste / Medisch Assistent(e),2026-09-18,Waalre,1,nee,https://nl.linkedin.com/jobs/view/pati%C3%ABnten-co%C3%B6rdinator-receptioniste-medisch-assistent-e-at-weight-doctors-4466633992,webcare medewerker
Werken in Gelderland,werkeningelderland.nl,geraden en bevestigd,Web- en contentspecialist,2026-09-17,Zwolle,2,nee,https://nl.linkedin.com/jobs/view/web-en-contentspecialist-at-werken-in-gelderland-4467543315,webcare medewerker
WestCord Hotels,westcordhotels.nl,geraden en bevestigd,Medewerker Bediening Fulltime,2026-09-14,Groningen,6,nee,https://nl.linkedin.com/jobs/view/medewerker-bediening-fulltime-at-westcord-hotels-4464799747,webcare medewerker
Whitevision,whitevision.com,geraden en bevestigd,"Service Medewerker, €3.000 - €3.500 | Rotterdam/Zoetermeer",2026-08-06,Rotterdam,1,nee,https://nl.linkedin.com/jobs/view/service-medewerker-%E2%82%AC3-000-%E2%82%AC3-500-rotterdam-zoetermeer-at-whitevision-4448820634,webcare medewerker
Workiva,workiva.com,geraden en bevestigd,Customer Success Manager - German Speaking,2026-09-14,Amsterdam,1,nee,https://nl.linkedin.com/jobs/view/customer-success-manager-german-speaking-at-workiva-4465763814,customer happiness
WorkplaceBuddy,workplacebuddy.com,geraden en bevestigd,Customer Success Manager (Dutch speaking),2026-09-21,Amsterdam,1,nee,https://nl.linkedin.com/jobs/view/customer-success-manager-dutch-speaking-at-workplacebuddy-4469867784,customer happiness
WP Masters,wpmasters.nl,geraden en bevestigd,SEO Specialist (junior),2026-08-05,Amsterdam,1,nee,https://nl.linkedin.com/jobs/view/seo-specialist-junior-at-wp-masters-4448906732,webcare medewerker
WP SEO AI,wpseoai.com,geraden en bevestigd,Wordpress Developer (German/Dutch Speaking),2026-08-31,Amsterdam,1,nee,https://nl.linkedin.com/jobs/view/wordpress-developer-german-dutch-speaking-at-wp-seo-ai-4461201969,webcare medewerker
You Sure,yousure.nl,geraden en bevestigd,Customer Support Medewerker,2026-09-20,Hoofddorp,2,nee,https://nl.linkedin.com/jobs/view/customer-support-medewerker-at-you-sure-4372512433,klantenservice medewerker
Zelesta,zelesta.nl,geraden en bevestigd,E-commerce Specialist,2026-09-21,Soesterberg,1,nee,https://nl.linkedin.com/jobs/view/e-commerce-specialist-at-zelesta-4469874193,webcare medewerker
Zimmer Biomet,zimmerbiomet.com,geraden en bevestigd,Customer Experience - Local Strategic Partner,2026-09-10,Breda,1,nee,https://nl.linkedin.com/jobs/view/customer-experience-local-strategic-partner-at-zimmer-biomet-4454995782,customer happiness
Zitmaxx Wonen,zitmaxx.nl,geraden en bevestigd,Medewerker Productcontent en Prijsbeheer,2026-08-20,Ter Aar,2,nee,https://nl.linkedin.com/jobs/view/medewerker-productcontent-en-prijsbeheer-at-zitmaxx-wonen-4457013131,webcare medewerker
Zonneplan,zonneplan.nl,geraden en bevestigd,Customer Support Specialist,2026-09-15,Zwolle,2,nee,https://nl.linkedin.com/jobs/view/customer-support-specialist-at-zonneplan-4324809529,klantenservice medewerker
Zorg en Zekerheid,zorgenzekerheid.nl,geraden en bevestigd,Senior (Lead) Front-end Developer,2026-08-31,Leiden,1,nee,https://nl.linkedin.com/jobs/view/senior-lead-front-end-developer-at-zorg-en-zekerheid-4460030095,webcare medewerker
Zorg+Welzijn,zorgwelzijn.nl,geraden en bevestigd,Huiskamer medewerker | PG,2026-07-24,Hilversum,1,nee,https://nl.linkedin.com/jobs/view/huiskamer-medewerker-pg-at-zorg%2Bwelzijn-4444975815,webcare medewerker
ZwolleDoet!,zwolledoet.nl,geraden en bevestigd,Webredacteur voor IVN Zwolle,2026-09-13,Zwolle,1,nee,https://nl.linkedin.com/jobs/view/webredacteur-voor-ivn-zwolle-at-zwolledoet%21-4466765993,webcare medewerker
A.P. Moller - Maersk,,domein niet gevonden,Service Delivery Manager,2026-09-10,Rotterdam,2,nee,https://nl.linkedin.com/jobs/view/service-delivery-manager-at-a-p-moller-maersk-4465629892,customer happiness
Aareon NL,,domein niet gevonden,Klantencoach,2026-08-31,Oosterhout,1,nee,https://nl.linkedin.com/jobs/view/klantencoach-at-aareon-nl-4461233108,customer happiness
Allianz Trade in Nederland,,domein niet gevonden,CUSTOMER LINE OFFICER,2026-09-17,'s-Hertogenbosch,1,nee,https://nl.linkedin.com/jobs/view/customer-line-officer-at-allianz-trade-in-the-netherlands-4468675649,klantenservice medewerker
Amazon,,domein niet gevonden,"Selling Partner Support Associate — Korean Speaker, Selling Partner Support",2026-09-18,Middelburg,1,nee,https://nl.linkedin.com/jobs/view/selling-partner-support-associate-%E2%80%94-korean-speaker-selling-partner-support-at-amazon-4469141601,customer happiness
Aquaculture Stewardship Council (ASC),,domein niet gevonden,Traceability Coordinator,2026-08-27,Nederland,1,nee,https://nl.linkedin.com/jobs/view/traceability-coordinator-at-aquaculture-stewardship-council-asc-4458652020,webcare medewerker
Arlon Graphics,,domein niet gevonden,Customer Support Specialist EMEA,2026-09-03,Den Haag,1,nee,https://nl.linkedin.com/jobs/view/customer-support-specialist-emea-at-arlon-graphics-4461654441,klantenservice medewerker
Ashby,,domein niet gevonden,Mid-Market Customer Success Manager - EMEA,2026-09-18,Amsterdam,1,nee,https://nl.linkedin.com/jobs/view/mid-market-customer-success-manager-emea-at-ashby-4468016415,customer happiness
AVH Outdoor Tuinmeubelen,,domein niet gevonden,Fulltime klantenservice medewerker,2026-02-24,Numansdorp,1,nee,https://nl.linkedin.com/jobs/view/fulltime-klantenservice-medewerker-at-avh-outdoor-tuinmeubelen-4377141843,klantenservice medewerker
Axians NL | Data Analytics,,domein niet gevonden,Customer Care Specialist,2026-08-20,Eindhoven,1,nee,https://nl.linkedin.com/jobs/view/customer-care-specialist-at-axians-data-ai-4453869579,klantenservice medewerker
Barista-Essentials,,domein niet gevonden,Klantenservice manager I Chef blije thuisbarista's,2026-08-07,Utrecht,1,nee,https://nl.linkedin.com/jobs/view/klantenservice-manager-i-chef-blije-thuisbarista-s-at-barista-essentials-4450737905,customer happiness
BCS HR Software,,domein niet gevonden,Customer Success Manager,2026-07-29,'s-Hertogenbosch,1,nee,https://nl.linkedin.com/jobs/view/customer-success-manager-at-bcs-hr-software-4446743358,customer happiness
Boels Rental,,domein niet gevonden,Manager Customer Service,2026-09-08,Sittard,1,nee,https://nl.linkedin.com/jobs/view/manager-customer-service-at-boels-rental-4464469303,customer happiness
Booston.io,,domein niet gevonden,Cleanroom Medewerker 2-ploegen (Bergeijk) | NL or ENG,2026-09-21,Bergeyk,1,nee,https://nl.linkedin.com/jobs/view/cleanroom-medewerker-2-ploegen-bergeijk-nl-or-eng-at-booston-io-4468736436,webcare medewerker
Brink's Solutions Nederland,,domein niet gevonden,Customer Success Agent (32-40 uur),2026-09-08,"Utrecht, Nederland",1,nee,https://nl.linkedin.com/jobs/view/customer-success-agent-32-40-uur-at-brink-s-solutions-nederland-4462295963,customer happiness
Cartier,,domein niet gevonden,Client Advisor - Greek and Italian,2026-09-18,Amsterdam,1,nee,https://nl.linkedin.com/jobs/view/client-advisor-greek-and-italian-at-cartier-4449738381,customer happiness
Catawiki,,domein niet gevonden,Frontend Engineer,2026-09-21,Randstad,1,nee,https://nl.linkedin.com/jobs/view/frontend-engineer-at-catawiki-4467372028,webcare medewerker
Cato Networks,,domein niet gevonden,Customer Success Manager,2026-08-31,Amsterdam,1,nee,https://nl.linkedin.com/jobs/view/customer-success-manager-at-cato-networks-4440136307,customer happiness
Cold Care Group,,domein niet gevonden,Office &amp; Marketing Medewerker,2026-08-13,Apeldoorn,1,nee,https://nl.linkedin.com/jobs/view/office-marketing-medewerker-at-cold-care-group-4454012970,webcare medewerker
Colliers,,domein niet gevonden,Customer Support Specialist,2026-09-08,Nieuwegein,1,nee,https://nl.linkedin.com/jobs/view/customer-support-specialist-at-colliers-4464492902,klantenservice medewerker
Copaco,,domein niet gevonden,Junior Customer Success Medewerker,2026-09-16,Eindhoven,2,nee,https://nl.linkedin.com/jobs/view/junior-customer-success-medewerker-at-copaco-4465979845,customer happiness
Daifuku Airport Netherlands,,domein niet gevonden,Medewerker IT Servicedesk,2026-08-04,Hoofddorp,1,nee,https://nl.linkedin.com/jobs/view/medewerker-it-servicedesk-at-daifuku-airport-netherlands-4449010191,webcare medewerker
Dalux,,domein niet gevonden,Customer Success Manager - Rotterdam,2026-09-08,Rotterdam,1,nee,https://nl.linkedin.com/jobs/view/customer-success-manager-rotterdam-at-dalux-4437181382,customer happiness
Dawn Foods Global,,domein niet gevonden,Customer Service Employee,2026-09-08,Vlaardingen,1,nee,https://nl.linkedin.com/jobs/view/customer-service-employee-at-dawn-foods-global-4462503620,klantenservice medewerker
De Mandemakers Groep,,domein niet gevonden,Technisch web analist,2026-09-11,Waalwijk,1,nee,https://nl.linkedin.com/jobs/view/technisch-web-analist-at-de-mandemakers-groep-4466320062,webcare medewerker
DeepHealth,,domein niet gevonden,Technical Support Engineer,2026-06-01,Nederland,1,nee,https://nl.linkedin.com/jobs/view/technical-support-engineer-at-deephealth-4421858266,webcare medewerker
Dimplex Consumer Products,,domein niet gevonden,Customer Experience Representative,2026-09-14,Heerenveen,1,nee,https://nl.linkedin.com/jobs/view/customer-experience-representative-at-dimplex-consumer-products-4467074522,klantenservice medewerker
Dirk van den Broek,,domein niet gevonden,Medewerker Klantenservice en Servicedesk,2026-09-17,Alphen aan den Rijn,1,nee,https://nl.linkedin.com/jobs/view/medewerker-klantenservice-en-servicedesk-at-dirk-van-den-broek-4467506639,klantenservice medewerker
DotControl,,domein niet gevonden,Medior Front-End Developer,2025-03-17,Rotterdam,1,nee,https://nl.linkedin.com/jobs/view/medior-front-end-developer-at-dotcontrol-4184477436,webcare medewerker
Dripps.ai,,domein niet gevonden,Customer Success Manager,2026-07-21,Utrecht,1,nee,https://nl.linkedin.com/jobs/view/customer-success-manager-at-dripps-ai-4442680636,customer happiness
dsm-firmenich,,domein niet gevonden,"Lead Expert, Regional Customer Experience, ISOL",2026-09-17,Delft,1,nee,https://nl.linkedin.com/jobs/view/lead-expert-regional-customer-experience-isol-at-dsm-firmenich-4466262477,customer happiness
DSV - Global Transport and Logistics,,domein niet gevonden,Customer Service Representative,2026-09-21,Venlo,3,nee,https://nl.linkedin.com/jobs/view/customer-service-representative-at-dsv-global-transport-and-logistics-4459798043,klantenservice medewerker
efficy CRM,,domein niet gevonden,Customer Care Officer (Dutch speaker),2026-09-10,Utrecht,1,nee,https://nl.linkedin.com/jobs/view/customer-care-officer-dutch-speaker-at-efficy-crm-4463431909,klantenservice medewerker
efficy Group,,domein niet gevonden,Customer Care Officer (Dutch speaker),2026-09-07,Utrecht,2,nee,https://nl.linkedin.com/jobs/view/customer-care-officer-dutch-speaker-at-efficy-group-4452436527,klantenservice medewerker
Efulfilment Europe,,domein niet gevonden,Customer Success Medewerker,2026-05-08,Almere,1,nee,https://nl.linkedin.com/jobs/view/customer-success-medewerker-at-efulfilment-europe-4412127084,customer happiness
Ekco,,domein niet gevonden,Support Engineer,2026-07-24,Veenendaal,1,nee,https://nl.linkedin.com/jobs/view/support-engineer-at-ekco-4454901763,webcare medewerker
Everflow - Partner Marketing Platform,,domein niet gevonden,"Customer Success Manager, Support - EU",2026-09-09,Amsterdam,1,nee,https://nl.linkedin.com/jobs/view/customer-success-manager-support-eu-at-everflow-partner-marketing-platform-4465016580,customer happiness
Fleetport.nl,,domein niet gevonden,Klantenservice medewerker (Pooldesk),2026-07-30,Bleiswijk,1,nee,https://nl.linkedin.com/jobs/view/klantenservice-medewerker-pooldesk-at-fleetport-nl-4446464750,klantenservice medewerker
FOOX Bergsma Franeker BV,,domein niet gevonden,Binnendienst Medewerker Webshop Foods &amp; Goods - (fulltime),2026-09-17,Franeker,1,nee,https://nl.linkedin.com/jobs/view/binnendienst-medewerker-webshop-foods-goods-fulltime-at-foox-bergsma-franeker-bv-4468637112,webcare medewerker
Fortifi Food Processing Solutions,,domein niet gevonden,Customer Service Representative,2026-09-18,Huizen,1,nee,https://nl.linkedin.com/jobs/view/customer-service-representative-at-fortifi-food-processing-solutions-4466224666,klantenservice medewerker
GAC Motor Europe,,domein niet gevonden,Digital Marketing &amp; Social Media Specialist,2026-08-20,Amsterdam,1,nee,https://nl.linkedin.com/jobs/view/digital-marketing-social-media-specialist-at-gac-motor-europe-4455474595,webcare medewerker
Gilde-BT,,domein niet gevonden,ONLINE MARKETEER,2026-09-08,Venlo,1,nee,https://nl.linkedin.com/jobs/view/online-marketeer-at-gilde-bt-4464446931,webcare medewerker
"GXO Logistics, Inc.",,domein niet gevonden,Customer Service Representative,2026-09-03,Amsterdam Area,2,nee,https://nl.linkedin.com/jobs/view/customer-service-representative-at-gxo-logistics-inc-4460475892,klantenservice medewerker
Hans Boodt Mannequins,,domein niet gevonden,Customer Support Employee,2026-09-16,Zwijndrecht,1,nee,https://nl.linkedin.com/jobs/view/customer-support-employee-at-hans-boodt-mannequins-4465926563,klantenservice medewerker
Harnham,,domein niet gevonden,Customer success manager - retail experience required,2026-08-27,Randstad,1,nee,https://nl.linkedin.com/jobs/view/customer-success-manager-retail-experience-required-at-harnham-4416264605,customer happiness
HCI - Health Cloud Initiative,,domein niet gevonden,Customer Service Medewerker,2026-09-09,Haarlem,2,nee,https://nl.linkedin.com/jobs/view/customer-service-medewerker-at-health-cloud-initiative-4463836184,klantenservice medewerker
Heras Mobile Fencing & Security,,domein niet gevonden,Content Performance Specialist,2026-09-16,Best,1,nee,https://nl.linkedin.com/jobs/view/content-performance-specialist-at-heras-mobile-fencing-security-4467979817,webcare medewerker
Holland & Barrett Benelux,,domein niet gevonden,Customer Service Advisor,2026-08-05,Amsterdam,1,nee,https://nl.linkedin.com/jobs/view/customer-service-advisor-at-holland-barrett-benelux-4449659814,klantenservice medewerker
Homefashion Group B.V.,,domein niet gevonden,E commerce Specialist - Merchandising &amp; Content,2026-08-18,Geertruidenberg,1,nee,https://nl.linkedin.com/jobs/view/e-commerce-specialist-merchandising-content-at-homefashion-group-b-v-4454176840,webcare medewerker
Hotel-Congrescentrum De Zeeuwse Stromen,,domein niet gevonden,Medewerker bediening,2026-01-16,Zierikzee,1,nee,https://nl.linkedin.com/jobs/view/medewerker-bediening-at-hotel-congrescentrum-de-zeeuwse-stromen-4362985125,webcare medewerker
i-Aspect B.V.,,domein niet gevonden,SEO- en contentspecialist,2026-08-26,Utrecht,1,nee,https://nl.linkedin.com/jobs/view/seo-en-contentspecialist-at-i-aspect-b-v-4457277027,webcare medewerker
ilionx healthcare,,domein niet gevonden,Customer Succes Manager,2026-08-10,'s-Hertogenbosch,1,nee,https://nl.linkedin.com/jobs/view/customer-succes-manager-at-ilionx-healthcare-4451844098,customer happiness
Infra Light Engineering,,domein niet gevonden,Medewerker Klantenservice,2026-07-31,Hoofddorp,1,nee,https://nl.linkedin.com/jobs/view/medewerker-klantenservice-at-infra-light-engineering-4447141253,klantenservice medewerker
Inspired Thinking Group (ITG),,domein niet gevonden,ICT-servicedeskmedewerker,2026-09-02,Utrecht,1,nee,https://nl.linkedin.com/jobs/view/ict-servicedeskmedewerker-at-inspired-thinking-group-itg-4452465029,webcare medewerker
Insulet Corporation,,domein niet gevonden,Associate Marketing Specialist BLX,2026-09-01,"Overijssel, Nederland",1,nee,https://nl.linkedin.com/jobs/view/associate-marketing-specialist-blx-at-insulet-corporation-4460615289,webcare medewerker
Interu - built by iov42,,domein niet gevonden,Customer Success Manager - Dutch Speaker,2026-09-04,Amsterdam Area,1,nee,https://nl.linkedin.com/jobs/view/customer-success-manager-dutch-speaker-at-interu-built-by-iov42-4463348829,customer happiness
iO,,domein niet gevonden,Webredacteur (Rijks)overheid,2026-09-21,Amsterdam,2,nee,https://nl.linkedin.com/jobs/view/webredacteur-rijks-overheid-at-io-4294348340,webcare medewerker
itsme.,,domein niet gevonden,Marketingmedewerker,2026-08-28,Raamsdonksveer,1,nee,https://nl.linkedin.com/jobs/view/marketingmedewerker-at-itsme-4458948299,webcare medewerker
Jaarverslag.org,,domein niet gevonden,Medewerker klantgeluk,2026-09-22,Apeldoorn,2,nee,https://nl.linkedin.com/jobs/view/medewerker-klantgeluk-at-jaarverslag-org-4470282794,webcare medewerker
Jac Hensen,,domein niet gevonden,E-commerce &amp; Online-Marketing Specialist,2026-09-21,Amersfoort,1,nee,https://nl.linkedin.com/jobs/view/e-commerce-online-marketing-specialist-at-jac-hensen-4469885136,webcare medewerker
Jellema Automatiseringsservice B.V.,,domein niet gevonden,Support Medewerker (met doorgroeimogelijkheid),2026-08-01,Nieuwleusen,1,nee,https://nl.linkedin.com/jobs/view/support-medewerker-met-doorgroeimogelijkheid-at-jellema-automatiseringsservice-b-v-4447824701,webcare medewerker
JP Gray,,domein niet gevonden,Customer Service Representative,2026-09-15,Rotterdam,1,nee,https://nl.linkedin.com/jobs/view/customer-service-representative-at-jp-gray-4466501649,klantenservice medewerker
JP.cars,,domein niet gevonden,Customer Success Manager Benelux,2026-09-14,Randstad,2,nee,https://nl.linkedin.com/jobs/view/customer-success-manager-benelux-at-jp-cars-4455180949,customer happiness
Jumbo Supermarkten,,domein niet gevonden,Frontend Developer,2026-09-05,Veghel,1,nee,https://nl.linkedin.com/jobs/view/frontend-developer-at-jumbo-supermarkten-4426952648,webcare medewerker
Kivits Drunen,,domein niet gevonden,Customer Service Medewerker,2026-09-02,Waalwijk,1,nee,https://nl.linkedin.com/jobs/view/customer-service-medewerker-at-kivits-drunen-4443319622,klantenservice medewerker
KnappeKoppen.work,,domein niet gevonden,Customer Success Manager Automotive,2026-09-15,Amsterdam,1,nee,https://nl.linkedin.com/jobs/view/customer-success-manager-automotive-at-knappekoppen-work-4467740959,customer happiness
Laminaat en Parket Almere,,domein niet gevonden,E-commerce Specialist,2026-08-31,Den Haag,1,nee,https://nl.linkedin.com/jobs/view/e-commerce-specialist-at-laminaat-en-parket-almere-4460019168,webcare medewerker
Leonardo Hotels Benelux,,domein niet gevonden,GUEST RELATIONS OFFICER,2026-09-03,Amsterdam,1,nee,https://nl.linkedin.com/jobs/view/guest-relations-officer-at-leonardo-hotels-benelux-4444444477,customer happiness
LessonUp,,domein niet gevonden,Customer Success Manager,2026-09-07,Den Haag,1,nee,https://nl.linkedin.com/jobs/view/customer-success-manager-at-lessonup-4464092647,customer happiness
Lightspeed Commerce,,domein niet gevonden,Key Account Manager (Amsterdam),2026-09-11,Amsterdam,2,nee,https://nl.linkedin.com/jobs/view/key-account-manager-amsterdam-at-lightspeed-commerce-4426882090,customer happiness
LMW,,domein niet gevonden,Medewerker Support,2026-07-10,Breukelen,1,nee,https://nl.linkedin.com/jobs/view/medewerker-support-at-lmw-4439020724,klantenservice medewerker
Louis Vuitton,,domein niet gevonden,CLIENT ADVISOR - AMSTERDAM,2026-09-05,Amsterdam,1,nee,https://nl.linkedin.com/jobs/view/client-advisor-amsterdam-at-louis-vuitton-4454866431,customer happiness
MiniMed,,domein niet gevonden,Patient Services Representative (Dutch and English),2026-09-04,Heerlen,1,nee,https://nl.linkedin.com/jobs/view/patient-services-representative-dutch-and-english-at-minimed-4462800776,klantenservice medewerker
Mistral,,domein niet gevonden,"Customer Success, EMEA",2026-09-21,Amsterdam,1,nee,https://nl.linkedin.com/jobs/view/customer-success-emea-at-mistral-4469896754,customer happiness
N-able,,domein niet gevonden,Customer Success Manager - French Speaking,2026-09-18,Utrecht,1,nee,https://nl.linkedin.com/jobs/view/customer-success-manager-french-speaking-at-n-able-4448073751,customer happiness
New Flag GmbH,,domein niet gevonden,Junior E-Commerce Manager,2026-09-01,Haarlem,1,nee,https://nl.linkedin.com/jobs/view/junior-e-commerce-manager-at-new-flag-gmbh-4460363795,webcare medewerker
NRF (Nederlandse Radiateuren Fabriek),,domein niet gevonden,Customer Service Representative,2026-09-17,Mill,1,nee,https://nl.linkedin.com/jobs/view/customer-service-representative-at-nrf-nederlandse-radiateuren-fabriek-4467190041,klantenservice medewerker
Oakwell Hampton Group,,domein niet gevonden,Client Success Manager,2026-09-10,Amsterdam Area,1,nee,https://nl.linkedin.com/jobs/view/client-success-manager-at-oakwell-hampton-group-4465805104,customer happiness
Open (YC W24),,domein niet gevonden,CSM (Customer Success Manager),2026-06-14,Amsterdam,1,nee,https://nl.linkedin.com/jobs/view/csm-customer-success-manager-at-open-yc-w24-4428634335,customer happiness
Openclaims,,domein niet gevonden,Customer Success &amp; Growth Manager – Dealers &amp; Schadeherstellers,2026-07-29,Amsterdam,1,nee,https://nl.linkedin.com/jobs/view/customer-success-growth-manager-%E2%80%93-dealers-schadeherstellers-at-openclaims-4446814064,customer happiness
Otolift Academy,,domein niet gevonden,Klantenservice medewerker,2026-09-21,Bergambacht,1,nee,https://nl.linkedin.com/jobs/view/klantenservice-medewerker-at-otolift-academy-4469877371,klantenservice medewerker
Pageking® - Full Swing Digital Agency,,domein niet gevonden,Front-End Developer (Junior/Starter),2025-09-02,Breda,1,nee,https://nl.linkedin.com/jobs/view/front-end-developer-junior-starter-at-pageking%C2%AE-full-swing-digital-agency-4306048978,webcare medewerker
Parfumerie Douglas Nederland,,domein niet gevonden,Specialist Online Product Data,2026-08-26,Nijmegen,2,nee,https://nl.linkedin.com/jobs/view/specialist-online-product-data-at-parfumerie-douglas-nederland-4457222323,webcare medewerker
PinDirect by Cyber & Mason,,domein niet gevonden,Medewerker Customer Support,2026-09-14,Amersfoort,1,nee,https://nl.linkedin.com/jobs/view/medewerker-customer-support-at-pindirect-by-cyber-mason-4467070749,klantenservice medewerker
PLUS Retail,,domein niet gevonden,Medewerker Winkel Helpdesk,2026-09-04,Utrecht,1,nee,https://nl.linkedin.com/jobs/view/medewerker-winkel-helpdesk-at-plus-retail-4340155657,klantenservice medewerker
Postex DACH,,domein niet gevonden,Customer Success &amp; Support Consultant (40 uur),2026-07-28,Gouda,1,nee,https://nl.linkedin.com/jobs/view/customer-success-support-consultant-40-uur-at-postex-dach-4446002322,customer happiness
Progressive,,domein niet gevonden,IT Servicedesk Medewerker | Zorg | Woerden,2026-08-24,Woerden,1,nee,https://nl.linkedin.com/jobs/view/it-servicedesk-medewerker-zorg-woerden-at-progressive-4453117246,webcare medewerker
Prénatal,,domein niet gevonden,SEO-specialist,2026-09-22,Amersfoort,1,nee,https://nl.linkedin.com/jobs/view/seo-specialist-at-prenatal-moeder-en-kind-b-v-4468548197,webcare medewerker
Publitas.com,,domein niet gevonden,Senior Customer Success Manager ( SaaS / Remote / Dutch),2026-09-08,Nederland,1,nee,https://nl.linkedin.com/jobs/view/senior-customer-success-manager-saas-remote-dutch-at-publitas-com-4458166743,customer happiness
Rail-Flow,,domein niet gevonden,Senior Customer Success Manager - SaaS (m/f/x),2026-06-12,Rotterdam,1,nee,https://nl.linkedin.com/jobs/view/senior-customer-success-manager-saas-m-f-x-at-rail-flow-4425317073,customer happiness
RIMOWA,,domein niet gevonden,Client Advisor - AMSTERDAM DE BIJENKORF (m/f/d),2026-09-17,Amsterdam,1,nee,https://nl.linkedin.com/jobs/view/client-advisor-amsterdam-de-bijenkorf-m-f-d-at-rimowa-4449018386,customer happiness
Rituals (B Corp™),,domein niet gevonden,Customer Relations and Sales Ambassador German – CHO EDGE Amsterdam | 32-40h,2026-09-15,Amsterdam,2,nee,https://nl.linkedin.com/jobs/view/customer-relations-and-sales-ambassador-german-%E2%80%93-cho-edge-amsterdam-32-40h-at-rituals-b-corp%E2%84%A2-4458257606,customer happiness
Robin Radar Systems,,domein niet gevonden,Customer Success Manager - AVIAN,2026-09-17,Delft,2,nee,https://nl.linkedin.com/jobs/view/customer-success-manager-avian-at-robin-radar-systems-4449473745,customer happiness
Runnr.ai,,domein niet gevonden,Customer Success Manager,2026-09-22,"Utrecht, Nederland",1,nee,https://nl.linkedin.com/jobs/view/customer-success-manager-at-runnr-ai-4470299624,customer happiness
RX Group,,domein niet gevonden,CUSTOMER SUCCESS COORDINATOR GEZOCHT,2026-08-27,Gemert,1,nee,https://nl.linkedin.com/jobs/view/customer-success-coordinator-gezocht-at-rx-group-4459696607,customer happiness
S4D,,domein niet gevonden,Customer Success Manager (Nederlands),2026-06-30,Amsterdam,2,nee,https://nl.linkedin.com/jobs/view/customer-success-manager-nederlands-at-s4d-4434986304,customer happiness
Service Best International B.V.,,domein niet gevonden,Medewerker Customer Relations (32 tot 40 uur),2026-09-07,Eindhoven,1,nee,https://nl.linkedin.com/jobs/view/medewerker-customer-relations-32-tot-40-uur-at-service-best-international-b-v-4464306303,customer happiness
SoftwareOne,,domein niet gevonden,Customer Success Manager,2026-09-21,Amsterdam,4,nee,https://nl.linkedin.com/jobs/view/customer-success-manager-at-softwareone-4468775473,customer happiness
"Solera Holdings, LLC.",,domein niet gevonden,Junior Customer Success Representative,2026-08-02,Den Haag,1,nee,https://nl.linkedin.com/jobs/view/junior-customer-success-representative-at-solera-holdings-llc-4402372368,customer happiness
SomnoMed France,,domein niet gevonden,Customer service Medewerker (Dutch fluent),2026-01-08,Arnhem,1,nee,https://nl.linkedin.com/jobs/view/customer-service-medewerker-dutch-fluent-at-somnomed-france-4330913083,klantenservice medewerker
Tandem Health,,domein niet gevonden,Customer Success Specialist - Netherlands,2026-09-04,Leiden,2,nee,https://nl.linkedin.com/jobs/view/customer-success-specialist-netherlands-at-tandem-health-4461749093,customer happiness
TCC smart IT solutions,,domein niet gevonden,Customer Success Manager,2026-02-26,Tilburg,1,nee,https://nl.linkedin.com/jobs/view/customer-success-manager-at-tcc-smart-it-solutions-4375282443,customer happiness
Telco Accessories Group,,domein niet gevonden,Klantenservicemedewerker,2026-09-21,Houten,2,nee,https://nl.linkedin.com/jobs/view/klantenservicemedewerker-at-telco-accessories-group-4467395413,klantenservice medewerker
The Lemon Consulting,,domein niet gevonden,Klantenservicemedewerker,2026-08-19,Rotterdam,8,nee,https://nl.linkedin.com/jobs/view/klantenservicemedewerker-at-the-lemon-consulting-4455401717,klantenservice medewerker
The Rent Company,,domein niet gevonden,Medewerker Klantenservice,2026-09-03,'s-Hertogenbosch,1,nee,https://nl.linkedin.com/jobs/view/medewerker-klantenservice-at-the-rent-company-4460421208,klantenservice medewerker
Thuiszorg West-Brabant (TWB),,domein niet gevonden,Collega in de Thuiszorg regio Breda,2026-07-07,Breda,1,nee,https://nl.linkedin.com/jobs/view/collega-in-de-thuiszorg-regio-breda-at-twb-thuiszorg-west-brabant-4437741891,webcare medewerker
Trengo - Smart Customer Engagement Platform,,domein niet gevonden,Customer Success Manager - Dutch speaking,2026-08-28,Randstad,3,nee,https://nl.linkedin.com/jobs/view/customer-success-manager-dutch-speaking-at-trengo-4455875519,customer happiness
Trustpilot,,domein niet gevonden,Enterprise Customer Success Manager - Benelux,2026-09-21,Amsterdam,3,nee,https://nl.linkedin.com/jobs/view/enterprise-customer-success-manager-benelux-at-trustpilot-4413949306,customer happiness
Trustpilot Italia,,domein niet gevonden,Enterprise Customer Success Manager - Benelux,2026-08-06,Amsterdam,2,nee,https://nl.linkedin.com/jobs/view/enterprise-customer-success-manager-benelux-at-trustpilot-italia-4450014111,customer happiness
Unica ICT,,domein niet gevonden,Customer Succes Specialist,2026-01-22,Eindhoven,2,nee,https://nl.linkedin.com/jobs/view/customer-succes-specialist-at-unica-ict-4364820615,customer happiness
Vaeshartelt.rc,,domein niet gevonden,Allround Medewerker Bediening,2026-06-18,Maastricht,1,nee,https://nl.linkedin.com/jobs/view/allround-medewerker-bediening-at-vaeshartelt-rc-4427819813,webcare medewerker
Van den Udenhout Groep,,domein niet gevonden,Medewerker Klantenservice | 's-Hertogenbosch,2026-09-08,'s-Hertogenbosch,1,nee,https://nl.linkedin.com/jobs/view/medewerker-klantenservice-s-hertogenbosch-at-van-den-udenhout-groep-4464610992,klantenservice medewerker
Van der Valk Hotel Den Haag - Wassenaar,,domein niet gevonden,Allround medewerker bediening – inclusief betaalde BBL-opleiding!,2026-08-14,Wassenaar,1,nee,https://nl.linkedin.com/jobs/view/allround-medewerker-bediening-%E2%80%93-inclusief-betaalde-bbl-opleiding%21-at-van-der-valk-hotel-den-haag-wassenaar-4454502096,webcare medewerker
Van der Valk Hotel Middelburg,,domein niet gevonden,Medewerker bediening parttime/ fulltime,2026-08-09,Middelburg,2,nee,https://nl.linkedin.com/jobs/view/medewerker-bediening-parttime-fulltime-at-van-der-valk-hotel-middelburg-4462809342,webcare medewerker
Van Vulpen,,domein niet gevonden,Junior Servicedesk Medewerker IT,2026-09-04,Gorinchem,1,nee,https://nl.linkedin.com/jobs/view/junior-servicedesk-medewerker-it-at-van-vulpen-4461985459,webcare medewerker
vb&t Vastgoed en Huisvesting,,domein niet gevonden,Medewerker Klantenservice Vastgoed,2026-09-02,Eindhoven,1,nee,https://nl.linkedin.com/jobs/view/medewerker-klantenservice-vastgoed-at-vb-t-vastgoed-en-huisvesting-4462410073,klantenservice medewerker
VCSW - Specialist in sociale zekerheid,,domein niet gevonden,Customer Excellence medewerker,2026-09-06,Den Haag,1,nee,https://nl.linkedin.com/jobs/view/customer-excellence-medewerker-at-vcsw-4444413436,klantenservice medewerker
VDL GL Precision B.V.,,domein niet gevonden,Allround Medewerker Cleaning Center,2026-09-01,Eindhoven,1,nee,https://nl.linkedin.com/jobs/view/allround-medewerker-cleaning-center-at-vdl-gl-precision-b-v-4442740995,webcare medewerker
Veneta.com,,domein niet gevonden,Tracking &amp; Measurement Specialist,2026-09-09,Zwolle,1,nee,https://nl.linkedin.com/jobs/view/tracking-measurement-specialist-at-veneta-com-4454745710,webcare medewerker
Volkswagen Pon Financial Services,,domein niet gevonden,Klantadviseur Lease,2026-09-04,Amersfoort,1,nee,https://nl.linkedin.com/jobs/view/klantadviseur-lease-at-volkswagen-pon-financial-services-4463307063,customer happiness
Wannet Sports Insurance,,domein niet gevonden,Marketing Specialist,2026-06-29,Arnhem,1,nee,https://nl.linkedin.com/jobs/view/marketing-specialist-at-wannet-sports-insurance-4433647808,webcare medewerker
Wellis Health,,domein niet gevonden,Website &amp; SEO Marketeer,2026-09-04,Rotterdam,1,nee,https://nl.linkedin.com/jobs/view/website-seo-marketeer-at-wellis-health-4463377250,webcare medewerker
Werkenbij,,domein niet gevonden,Medewerker Backoffice,2026-09-16,Amsterdam,1,nee,https://nl.linkedin.com/jobs/view/medewerker-backoffice-at-working%40-4467947164,webcare medewerker
WestCord Strandhotel Seeduyn,,domein niet gevonden,Medewerker Algemene Schoonmaak,2026-05-01,Rotterdam,1,nee,https://nl.linkedin.com/jobs/view/medewerker-algemene-schoonmaak-at-westcord-strandhotel-seeduyn-4415283850,webcare medewerker
Whiskybase,,domein niet gevonden,Content Producer,2026-09-17,Rotterdam,1,nee,https://nl.linkedin.com/jobs/view/content-producer-at-whiskybase-4467206587,webcare medewerker
Wolf Steel Ltd,,domein niet gevonden,Technical Support Associate,2026-06-11,Tiel,1,nee,https://nl.linkedin.com/jobs/view/technical-support-associate-at-wolf-steel-ltd-4424830485,webcare medewerker
Wolters Kluwer,,domein niet gevonden,Customer Success Specialist (Dutch speaking),2026-09-11,Hoevelaken,1,nee,https://nl.linkedin.com/jobs/view/customer-success-specialist-dutch-speaking-at-wolters-kluwer-4426643798,customer happiness
Workspace 365,,domein niet gevonden,Senior Customer Success Manager,2026-08-27,Nijkerk,2,nee,https://nl.linkedin.com/jobs/view/senior-customer-success-manager-at-workspace-365-4459690374,customer happiness
Youvia,,domein niet gevonden,Website &amp; Service Specialist,2026-07-17,Amsterdam,1,nee,https://nl.linkedin.com/jobs/view/website-service-specialist-at-youvia-4451630881,webcare medewerker
Yusen Logistics,,domein niet gevonden,Customer Service Employee,2026-09-18,Moerdijk,1,nee,https://nl.linkedin.com/jobs/view/customer-service-employee-at-yusen-logistics-4412798148,klantenservice medewerker
ZINN (Zorgorganisatie in Noord Nederland),,domein niet gevonden,Medewerker Servicedesk ICT,2026-09-04,Haren,1,nee,https://nl.linkedin.com/jobs/view/medewerker-servicedesk-ict-at-zinn-zorgorganisatie-in-noord-nederland-4461947640,webcare medewerker
