bedrijf,functie,plaats,datum,zoekterm,al_in_pool,vacature_url,bedrijf_linkedin,vacature_id
&amp;MOSS | Luxury Outdoor Furniture,Senior Online Marketeer,Nunspeet,2026-09-21,email marketeer webshop,nee,https://nl.linkedin.com/jobs/view/senior-online-marketeer-at-moss-luxury-outdoor-furniture-4469849630,https://nl.linkedin.com/company/nmoss-outdoor,4469849630
050media,Traineeship E-mailmarketing,"Groningen, Nederland",2026-09-23,email marketeer webshop,nee,https://nl.linkedin.com/jobs/view/traineeship-e-mailmarketing-at-050media-3775182211,https://nl.linkedin.com/company/050media,3775182211
123inkt.nl,Junior Product Marketeer E-commerce,Almere,2026-09-01,inkoper webshop,nee,https://nl.linkedin.com/jobs/view/junior-product-marketeer-e-commerce-at-123inkt-nl-4462035540,https://nl.linkedin.com/company/123inkt-nl,4462035540
123inkt.nl,Product Marketeer E-commerce,Almere,2026-09-01,inkoper webshop,nee,https://nl.linkedin.com/jobs/view/product-marketeer-e-commerce-at-123inkt-nl-4462025724,https://nl.linkedin.com/company/123inkt-nl,4462025724
123inkt.nl,Klantenservice Medewerker,Utrecht,2026-09-02,after sales medewerker,nee,https://nl.linkedin.com/jobs/view/klantenservice-medewerker-at-123inkt-nl-4462410113,https://nl.linkedin.com/company/123inkt-nl,4462410113
123inkt.nl,Commercieel Medewerker,Almere,2026-09-07,inkoper webshop,nee,https://nl.linkedin.com/jobs/view/commercieel-medewerker-at-123inkt-nl-4455283717,https://nl.linkedin.com/company/123inkt-nl,4455283717
123inkt.nl,Klantenservice Medewerker,Nederhorst den Berg,2026-09-09,after sales medewerker,nee,https://nl.linkedin.com/jobs/view/klantenservice-medewerker-at-123inkt-nl-4465067107,https://nl.linkedin.com/company/123inkt-nl,4465067107
123inkt.nl,Accountmanager Binnendienst,Almere,2026-09-09,inkoper webshop,nee,https://nl.linkedin.com/jobs/view/accountmanager-binnendienst-at-123inkt-nl-4465057686,https://nl.linkedin.com/company/123inkt-nl,4465057686
123inkt.nl,Commercieel Medewerker,Veenendaal,2026-09-09,inkoper webshop,nee,https://nl.linkedin.com/jobs/view/commercieel-medewerker-at-123inkt-nl-4465059131,https://nl.linkedin.com/company/123inkt-nl,4465059131
123inkt.nl,Category Manager E-commerce,Nederhorst den Berg,2026-09-15,inkoper webshop,nee,https://nl.linkedin.com/jobs/view/category-manager-e-commerce-at-123inkt-nl-4467772331,https://nl.linkedin.com/company/123inkt-nl,4467772331
123inkt.nl,Klantenservice Medewerker,Veenendaal,2026-09-16,after sales medewerker,nee,https://nl.linkedin.com/jobs/view/klantenservice-medewerker-at-123inkt-nl-4459198463,https://nl.linkedin.com/company/123inkt-nl,4459198463
123inkt.nl,Inkoop Assistent,Nederhorst den Berg,2026-09-16,inkoper webshop,nee,https://nl.linkedin.com/jobs/view/inkoop-assistent-at-123inkt-nl-4459190540,https://nl.linkedin.com/company/123inkt-nl,4459190540
123inkt.nl,Commercieel Medewerker,Nederhorst den Berg,2026-09-16,inkoper webshop,nee,https://nl.linkedin.com/jobs/view/commercieel-medewerker-at-123inkt-nl-4459311299,https://nl.linkedin.com/company/123inkt-nl,4459311299
123inkt.nl,Open sollicitatie,Almere,2026-09-18,inkoper webshop,nee,https://nl.linkedin.com/jobs/view/open-sollicitatie-at-123inkt-nl-4118723234,https://nl.linkedin.com/company/123inkt-nl,4118723234
123inkt.nl,Klantenservice Medewerker,Almere,2026-09-22,after sales medewerker,nee,https://nl.linkedin.com/jobs/view/klantenservice-medewerker-at-123inkt-nl-4470448288,https://nl.linkedin.com/company/123inkt-nl,4470448288
123inkt.nl,Data Entry Medewerker,Nederhorst den Berg,2026-09-22,inkoper webshop,nee,https://nl.linkedin.com/jobs/view/data-entry-medewerker-at-123inkt-nl-4451882106,https://nl.linkedin.com/company/123inkt-nl,4451882106
123inkt.nl,Magazijnmedewerker,Almere,2026-09-22,inkoper webshop,nee,https://nl.linkedin.com/jobs/view/magazijnmedewerker-at-123inkt-nl-4461754284,https://nl.linkedin.com/company/123inkt-nl,4461754284
123inkt.nl,Sourcing Assistant,Nederhorst den Berg,2026-09-22,inkoper webshop,nee,https://nl.linkedin.com/jobs/view/sourcing-assistant-at-123inkt-nl-4470451004,https://nl.linkedin.com/company/123inkt-nl,4470451004
123inkt.nl,Commercieel Medewerker,Utrecht,2026-09-22,medewerker verkoop binnendienst webshop,nee,https://nl.linkedin.com/jobs/view/commercieel-medewerker-at-123inkt-nl-4470447207,https://nl.linkedin.com/company/123inkt-nl,4470447207
1815,Back-end developer,Den Haag,2026-08-05,inkoper webshop,nee,https://nl.linkedin.com/jobs/view/back-end-developer-at-1815-4449453921,https://nl.linkedin.com/company/achttienvijftien,4449453921
365beheer | Sterk in Vastgoedmanagement,Vacature medewerker Technische Support afdeling bij 365Beheer,Utrecht,2026-07-27,after sales medewerker,nee,https://nl.linkedin.com/jobs/view/vacature-medewerker-technische-support-afdeling-bij-365beheer-at-365beheer-sterk-in-vastgoedmanagement-4445928706,https://nl.linkedin.com/company/365beheer,4445928706
3Shape,Customer Success Manager,Amsterdam,2026-03-19,customer succes,nee,https://nl.linkedin.com/jobs/view/customer-success-manager-at-3shape-4387735038,https://dk.linkedin.com/company/3shape,4387735038
3Shape,Customer Success Manager BeNeLux,Amsterdam,2026-09-22,customer succes,nee,https://nl.linkedin.com/jobs/view/customer-success-manager-benelux-at-3shape-4470298062,https://dk.linkedin.com/company/3shape,4470298062
433,Social Media Redacteur - 433WomenFC,Amsterdam,2026-05-08,social media medewerker webshop,nee,https://nl.linkedin.com/jobs/view/social-media-redacteur-433womenfc-at-433-4411338541,https://nl.linkedin.com/company/by433,4411338541
433,Social Media Redacteur 433,Amsterdam,2026-06-05,social media medewerker webshop,nee,https://nl.linkedin.com/jobs/view/social-media-redacteur-433-at-433-4424708102,https://nl.linkedin.com/company/by433,4424708102
4PS,Construction Success Manager (Fieldwire),Rotterdam,2026-09-20,customer succes,nee,https://nl.linkedin.com/jobs/view/construction-success-manager-fieldwire-at-4ps-4422957133,https://nl.linkedin.com/company/4ps_3,4422957133
4shipping,Customer Success Specialist,Zwijndrecht,2026-08-25,conversie specialist,nee,https://nl.linkedin.com/jobs/view/customer-success-specialist-at-4shipping-4458745711,https://nl.linkedin.com/company/4shipping-com,4458745711
A&amp;O Corsaire,Desktop Support Engineer,Hilversum,2026-08-31,servicedesk medewerker webshop,nee,https://nl.linkedin.com/jobs/view/desktop-support-engineer-at-a-o-corsaire-4461055567,https://uk.linkedin.com/company/corsairecyber,4461055567
A&amp;O IT Group,Desktop Support Engineer,Hilversum,2026-08-25,servicedesk medewerker webshop,nee,https://nl.linkedin.com/jobs/view/desktop-support-engineer-at-a-o-it-group-4457623383,https://uk.linkedin.com/company/aoitgroup,4457623383
A.A.S. Schadeherstel,Content marketeer,Breda,2026-09-16,social media medewerker webshop,nee,https://nl.linkedin.com/jobs/view/content-marketeer-at-aas-schadeherstel-4285387132,https://nl.linkedin.com/company/aas-schadeherstel,4285387132
A.P. Moller - Maersk,Onsite IT Support Technician,Rotterdam,2026-09-01,servicedesk medewerker webshop,nee,https://nl.linkedin.com/jobs/view/onsite-it-support-technician-at-a-p-moller-maersk-4461719298,https://dk.linkedin.com/company/maersk-group,4461719298
A.P. Moller - Maersk,E-commerce Service Delivery Specialist,Almere,2026-09-10,customer succes,nee,https://nl.linkedin.com/jobs/view/e-commerce-service-delivery-specialist-at-a-p-moller-maersk-4465626899,https://dk.linkedin.com/company/maersk-group,4465626899
A.P. Moller - Maersk,Service Delivery Manager,Rotterdam,2026-09-10,customer succes,nee,https://nl.linkedin.com/jobs/view/service-delivery-manager-at-a-p-moller-maersk-4465629892,https://dk.linkedin.com/company/maersk-group,4465629892
A.P. Moller - Maersk,Service Delivery Manager,Almere,2026-09-10,customer succes,nee,https://nl.linkedin.com/jobs/view/service-delivery-manager-at-a-p-moller-maersk-4465627826,https://dk.linkedin.com/company/maersk-group,4465627826
a.s.r. verzekeringen,Klantsupport Medewerker,Utrecht,2026-09-16,after sales medewerker,nee,https://nl.linkedin.com/jobs/view/klantsupport-medewerker-at-a-s-r-4468229369,https://nl.linkedin.com/company/asrverzekeringen,4468229369
a.s.r. verzekeringen,Klantenservice Medewerker Pensioenen,Utrecht,2026-09-16,klantsupport,nee,https://nl.linkedin.com/jobs/view/klantenservice-medewerker-pensioenen-at-a-s-r-4468215511,https://nl.linkedin.com/company/asrverzekeringen,4468215511
aalbers|indeko,Magazijnmedewerker,Renswoude,2026-04-16,supply chain medewerker webshop,nee,https://nl.linkedin.com/jobs/view/magazijnmedewerker-at-aalbers-indeko-4402130767,https://nl.linkedin.com/company/indeko-holland-bv,4402130767
Aareon NL,Support specialist | Veel groeiperspectief | Perfecte start van jouw IT-carrière,Emmen,2026-09-22,after sales medewerker,nee,https://nl.linkedin.com/jobs/view/support-specialist-veel-groeiperspectief-perfecte-start-van-jouw-it-carri%C3%A8re-at-aareon-nl-4414765304,https://nl.linkedin.com/company/aareon-nl,4414765304
Aareon NL,Klantencoach,Oosterhout,2026-09-22,customer succes,nee,https://nl.linkedin.com/jobs/view/klantencoach-at-aareon-nl-4461233108,https://nl.linkedin.com/company/aareon-nl,4461233108
Aarnink Vleeswaren,COMMERCIEEL MEDEWERKER BINNENDIENST (LOCHEM),Lochem,2026-08-05,medewerker verkoop binnendienst webshop,nee,https://nl.linkedin.com/jobs/view/commercieel-medewerker-binnendienst-lochem-at-aarnink-vleeswaren-4448900769,https://nl.linkedin.com/company/aarnink-dengerink-vleeswren,4448900769
ABC People,Customer Service Specialist,Amsterdam,2026-09-16,customer service parttime,nee,https://nl.linkedin.com/jobs/view/customer-service-specialist-at-abc-people-4458955507,https://nl.linkedin.com/company/abc-people,4458955507
Abiom,Servicedesk Medewerker,Houten,2026-09-17,servicedesk medewerker webshop,nee,https://nl.linkedin.com/jobs/view/servicedesk-medewerker-at-abiom-4468622719,https://nl.linkedin.com/company/abiom,4468622719
ABN AMRO Bank N.V.,Klantenservice Medewerker Zakelijk | Diemen,Diemen,2026-09-08,customer service parttime,nee,https://nl.linkedin.com/jobs/view/klantenservice-medewerker-zakelijk-diemen-at-abn-amro-bank-n-v-4445657416,https://nl.linkedin.com/company/abn-amro,4445657416
ABN AMRO Bank N.V.,Klantenservice Medewerker Investments &amp; Pensions,Amsterdam,2026-09-10,customer service parttime,nee,https://nl.linkedin.com/jobs/view/klantenservice-medewerker-investments-pensions-at-abn-amro-bank-n-v-4456732963,https://nl.linkedin.com/company/abn-amro,4456732963
ABN AMRO Bank N.V.,Klantenservice Medewerker Hypotheken,Diemen,2026-09-11,customer service parttime,nee,https://nl.linkedin.com/jobs/view/klantenservice-medewerker-hypotheken-at-abn-amro-bank-n-v-4456731975,https://nl.linkedin.com/company/abn-amro,4456731975
ABN AMRO Bank N.V.,Klantenservice Medewerker Zakelijk | Nijmegen,Nijmegen,2026-09-22,customer service parttime,nee,https://nl.linkedin.com/jobs/view/klantenservice-medewerker-zakelijk-nijmegen-at-abn-amro-bank-n-v-4462841530,https://nl.linkedin.com/company/abn-amro,4462841530
Abroad Experience International Recruitment,Customer Service Representative,Amsterdam,2026-09-21,klantsupport,nee,https://nl.linkedin.com/jobs/view/customer-service-representative-at-abroad-experience-international-recruitment-4467399294,https://nl.linkedin.com/company/abroad-experience-bv,4467399294
AccountOne | Visma Expert Center,Vacature: Support-medewerker ERP-software (Rijssen),Rijssen,2025-02-10,servicedesk medewerker webshop,nee,https://nl.linkedin.com/jobs/view/vacature-support-medewerker-erp-software-rijssen-at-accountone-4148271228,https://nl.linkedin.com/company/accountone,4148271228
Acknowledge Benelux B.V.,Support engineer,Eindhoven,2026-08-03,servicedesk medewerker webshop,nee,https://nl.linkedin.com/jobs/view/support-engineer-at-acknowledge-benelux-b-v-4448148739,https://www.linkedin.com/company/acknowledge-benelux-b.v.,4448148739
Acknowledge Benelux B.V.,Support engineer (gedetacheerd),Midden-Holland,2026-08-03,servicedesk medewerker webshop,nee,https://nl.linkedin.com/jobs/view/support-engineer-gedetacheerd-at-acknowledge-benelux-b-v-4448159587,https://www.linkedin.com/company/acknowledge-benelux-b.v.,4448159587
ACR Klimaat,Technisch Support Medewerker,Waalwijk,2026-08-05,after sales medewerker,nee,https://nl.linkedin.com/jobs/view/technisch-support-medewerker-at-acr-klimaat-4449430872,https://nl.linkedin.com/company/acrklimaat,4449430872
ACSI,Performance marketeer (SEA &amp; e-mail automation),Andelst,2026-03-31,email marketeer webshop,nee,https://nl.linkedin.com/jobs/view/performance-marketeer-sea-e-mail-automation-at-acsi-4393576305,https://nl.linkedin.com/company/acsi-publishing,4393576305
Actief Select,Verkoopmedewerker,Veghel,2026-09-07,medewerker verkoop binnendienst webshop,nee,https://nl.linkedin.com/jobs/view/verkoopmedewerker-at-actief-select-4455261553,https://nl.linkedin.com/company/actiefselect,4455261553
Actief Select,Commercieel medewerker binnendienst,Apeldoorn,2026-09-07,medewerker verkoop binnendienst webshop,nee,https://nl.linkedin.com/jobs/view/commercieel-medewerker-binnendienst-at-actief-select-4464315279,https://nl.linkedin.com/company/actiefselect,4464315279
Actief Select,Verkoopmedewerker,Spijk,2026-09-15,medewerker verkoop binnendienst webshop,nee,https://nl.linkedin.com/jobs/view/verkoopmedewerker-at-actief-select-4458744126,https://nl.linkedin.com/company/actiefselect,4458744126
Actief Select,Verkoopmedewerker,Gouda,2026-09-22,medewerker verkoop binnendienst webshop,nee,https://nl.linkedin.com/jobs/view/verkoopmedewerker-at-actief-select-4461566049,https://nl.linkedin.com/company/actiefselect,4461566049
Actief Zorg,Medewerker ICT &amp; Werkplekbeheer,Rosmalen,2026-09-17,servicedesk medewerker webshop,nee,https://nl.linkedin.com/jobs/view/medewerker-ict-werkplekbeheer-at-actief-zorg-4466266970,https://nl.linkedin.com/company/actief-zorg,4466266970
Action,"(Senior) Product Manager - Product, Price &amp; Promotions",Zwaagdijk-Oost,2026-09-10,product owner webshop,nee,https://nl.linkedin.com/jobs/view/senior-product-manager-product-price-promotions-at-action-4465629942,https://nl.linkedin.com/company/action-bv,4465629942
Acture,Counselor | Nijmegen,Nijmegen,2026-09-02,conversie specialist,nee,https://nl.linkedin.com/jobs/view/counselor-nijmegen-at-acture-4431580872,https://nl.linkedin.com/company/acture-bv,4431580872
Acushnet Company,Warehouse Pick &amp; Pack,Helmond,2026-09-10,fulfilment medewerker,nee,https://nl.linkedin.com/jobs/view/warehouse-pick-pack-at-acushnet-company-4429543254,https://www.linkedin.com/company/acushnet-company,4429543254
Adams Multilingual Recruitment,Customer Success/Software Licensing Advisor I German,Amsterdam,2026-08-14,customer succes,nee,https://nl.linkedin.com/jobs/view/customer-success-software-licensing-advisor-i-german-at-adams-multilingual-recruitment-4395277656,https://nl.linkedin.com/company/adams-multilingual-recruitment,4395277656
Adams Multilingual Recruitment,Customer Support Representative | Dutch &amp; English,Amsterdam,2026-09-21,conversie specialist,nee,https://nl.linkedin.com/jobs/view/customer-support-representative-dutch-english-at-adams-multilingual-recruitment-4469916429,https://nl.linkedin.com/company/adams-multilingual-recruitment,4469916429
Adapta,Allround Support Specialist,Amersfoort,2026-05-28,after sales medewerker,nee,https://nl.linkedin.com/jobs/view/allround-support-specialist-at-adapta-4417259635,https://nl.linkedin.com/company/adaptanl,4417259635
Addit BV,Logistics Operator,Venlo,2026-09-11,fulfilment medewerker,nee,https://nl.linkedin.com/jobs/view/logistics-operator-at-addit-bv-4466055358,https://nl.linkedin.com/company/additbv,4466055358
Adecco,Marketing medewerker,Steenwijk,2026-09-02,social media medewerker webshop,nee,https://nl.linkedin.com/jobs/view/marketing-medewerker-at-adecco-4459941109,https://ch.linkedin.com/company/adecco,4459941109
Adecco,Platform Operations Specialist,Hilversum,2026-09-14,product owner webshop,nee,https://nl.linkedin.com/jobs/view/platform-operations-specialist-at-adecco-4465212261,https://ch.linkedin.com/company/adecco,4465212261
Adecco,Logistiek medewerker export,Joure,2026-09-17,supply chain medewerker webshop,nee,https://nl.linkedin.com/jobs/view/logistiek-medewerker-export-at-adecco-4467181865,https://ch.linkedin.com/company/adecco,4467181865
ADI Global Distribution,Customer Success Manager,Amsterdam,2026-09-19,customer succes,nee,https://nl.linkedin.com/jobs/view/customer-success-manager-at-adi-global-distribution-4449230387,https://www.linkedin.com/company/adi-global-distribution,4449230387
Adwise - Your Digital Brain,E-commerce Manager,Oost-Vlieland,2026-08-28,inkoper webshop,nee,https://nl.linkedin.com/jobs/view/e-commerce-manager-at-adwise-your-digital-brain-4470423845,https://nl.linkedin.com/company/adwise-yourdigitalbrain,4470423845
Adwise - Your Digital Brain,E-commerce &amp; CRO Specialist,Almelo,2026-08-28,inkoper webshop,nee,https://nl.linkedin.com/jobs/view/e-commerce-cro-specialist-at-adwise-your-digital-brain-4470437421,https://nl.linkedin.com/company/adwise-yourdigitalbrain,4470437421
Adwise - Your Digital Brain,Lead E-Commerce,Enschede,2026-08-28,inkoper webshop,nee,https://nl.linkedin.com/jobs/view/lead-e-commerce-at-adwise-your-digital-brain-4470429604,https://nl.linkedin.com/company/adwise-yourdigitalbrain,4470429604
Adwise - Your Digital Brain,Marketing Automation Specialist,Hof van Twente,2026-08-28,email marketeer webshop,nee,https://nl.linkedin.com/jobs/view/marketing-automation-specialist-at-adwise-your-digital-brain-4470434417,https://nl.linkedin.com/company/adwise-yourdigitalbrain,4470434417
Adwise - Your Digital Brain,Merchandising &amp; Search Specialist,Enschede,2026-08-28,product owner webshop,nee,https://nl.linkedin.com/jobs/view/merchandising-search-specialist-at-adwise-your-digital-brain-4470443044,https://nl.linkedin.com/company/adwise-yourdigitalbrain,4470443044
AEP International B.V.,Commercieel Medewerker Binnendienst,Alblasserdam,2026-09-10,medewerker verkoop binnendienst webshop,nee,https://nl.linkedin.com/jobs/view/commercieel-medewerker-binnendienst-at-aep-international-b-v-4463481660,https://www.linkedin.com/company/aep-international-b.v.,4463481660
Aeres Agree,Supply Chain medewerker,Leersum,2026-09-01,supply chain medewerker webshop,nee,https://nl.linkedin.com/jobs/view/supply-chain-medewerker-at-aeres-agree-4448402662,https://nl.linkedin.com/company/aeresagree,4448402662
Aesop,"Retail Consultant Aesop - Amsterdam, Utrechsestraat (30 hours)",Nederland,2026-09-07,customer service parttime,nee,https://nl.linkedin.com/jobs/view/retail-consultant-aesop-amsterdam-utrechsestraat-30-hours-at-aesop-4462980493,https://au.linkedin.com/company/aesop,4462980493
Aesop,Retail Consultant | Aesop De Bijenkorf Amsterdam | Part-time (30 hrs),Amsterdam,2026-09-21,customer service parttime,nee,https://nl.linkedin.com/jobs/view/retail-consultant-aesop-de-bijenkorf-amsterdam-part-time-30-hrs-at-aesop-4414613170,https://au.linkedin.com/company/aesop,4414613170
Afdeling Online,Digitale Content Creator,Helmond,2026-09-09,social media medewerker webshop,nee,https://nl.linkedin.com/jobs/view/digitale-content-creator-at-afdeling-online-4463860612,https://nl.linkedin.com/company/afdeling-online,4463860612
Afix,Medior/Senior Social Specialist,Alkmaar,2026-03-11,social media medewerker webshop,nee,https://nl.linkedin.com/jobs/view/medior-senior-social-specialist-at-afix-4382522532,https://nl.linkedin.com/company/afix,4382522532
AIHR | Academy to Innovate HR,Customer Success Manager (with Ed-Tech experience),Rotterdam,2026-09-15,customer succes,nee,https://nl.linkedin.com/jobs/view/customer-success-manager-with-ed-tech-experience-at-aihr-academy-to-innovate-hr-4459312325,https://www.linkedin.com/school/aihr/,4459312325
AIMMS,sr. Customer Success Manager Supply Chain,Haarlem,2026-07-02,customer succes,nee,https://nl.linkedin.com/jobs/view/sr-customer-success-manager-supply-chain-at-aimms-4435569864,https://nl.linkedin.com/company/aimms,4435569864
Airwallex,IT Support Engineer,Amsterdam,2026-09-12,servicedesk medewerker webshop,nee,https://nl.linkedin.com/jobs/view/it-support-engineer-at-airwallex-4444595896,https://hk.linkedin.com/company/airwallex,4444595896
AISLE™,Technical Account Manager — EMEA,Nederland,2026-09-08,customer succes,nee,https://nl.linkedin.com/jobs/view/technical-account-manager-%E2%80%94-emea-at-aisle%E2%84%A2-4464600939,https://cz.linkedin.com/company/aisleinc,4464600939
AIT Worldwide Logistics,Service Desk Technician II,Amsterdam,2026-09-17,servicedesk medewerker webshop,nee,https://nl.linkedin.com/jobs/view/service-desk-technician-ii-at-ait-worldwide-logistics-4458377454,https://www.linkedin.com/company/ait-worldwide-logistics,4458377454
AkzoNobel,Customer Service Representative,Sassenheim,2026-09-18,klantsupport,nee,https://nl.linkedin.com/jobs/view/customer-service-representative-at-akzonobel-4469125291,https://nl.linkedin.com/company/akzonobel,4469125291
Albert Heijn,E-commerce Manager Vers,Zaandam,2026-09-11,product owner webshop,nee,https://nl.linkedin.com/jobs/view/e-commerce-manager-vers-at-albert-heijn-4466300506,https://nl.linkedin.com/company/albert-heijn,4466300506
Albert Heijn,Stage Social media Albert Heijn,Zaandam,2026-09-15,social media medewerker webshop,nee,https://nl.linkedin.com/jobs/view/stage-social-media-albert-heijn-at-albert-heijn-4467764197,https://nl.linkedin.com/company/albert-heijn,4467764197
Albert Heijn,Social Media Specialist eCommerce,Zaandam,2026-09-21,social media medewerker webshop,nee,https://nl.linkedin.com/jobs/view/social-media-specialist-ecommerce-at-albert-heijn-4469904088,https://nl.linkedin.com/company/albert-heijn,4469904088
ALDI Nederland,Specialist CRM,Culemborg,2026-09-04,email marketeer webshop,nee,https://nl.linkedin.com/jobs/view/specialist-crm-at-aldi-nederland-4450692829,https://nl.linkedin.com/company/aldinederland,4450692829
Alex Staff,Senior Product Owner (Integrations &amp; Platform),Rotterdam,2026-08-24,product owner webshop,nee,https://nl.linkedin.com/jobs/view/senior-product-owner-integrations-platform-at-alex-staff-4468899968,https://www.linkedin.com/company/alex-staff,4468899968
alfred,Social Media Manager,Amsterdam,2026-08-25,social media medewerker webshop,nee,https://nl.linkedin.com/jobs/view/social-media-manager-at-alfred-4456539346,https://nl.linkedin.com/company/alfred-amsterdam,4456539346
Alius,Logistiek medewerker,Eersel,2026-08-28,fulfilment medewerker,nee,https://nl.linkedin.com/jobs/view/logistiek-medewerker-at-alius-4458047183,https://nl.linkedin.com/company/aliusenergy-bv,4458047183
All About Work,Communicatiemedewerker,Stadskanaal,2026-09-11,social media medewerker webshop,nee,https://nl.linkedin.com/jobs/view/communicatiemedewerker-at-all-about-work-4466099513,https://nl.linkedin.com/company/allaboutwork,4466099513
All About Work,Medewerker Servicedesk,Tiel,2026-09-17,servicedesk medewerker webshop,nee,https://nl.linkedin.com/jobs/view/medewerker-servicedesk-at-all-about-work-4468803515,https://nl.linkedin.com/company/allaboutwork,4468803515
All IT Rooms,Technical support engineer Service desk datacenters,Rijswijk,2026-05-04,servicedesk medewerker webshop,nee,https://nl.linkedin.com/jobs/view/technical-support-engineer-service-desk-datacenters-at-all-it-rooms-4410017018,https://nl.linkedin.com/company/all-it-rooms,4410017018
All4running | 21RUN,Customer Service Specialist,Alkmaar,2026-09-15,customer service parttime,nee,https://nl.linkedin.com/jobs/view/customer-service-specialist-at-all4running-4467718952,https://nl.linkedin.com/company/all4running21run,4467718952
Alliance Healthcare,Logistics Employee,Veghel,2026-05-27,fulfilment medewerker,nee,https://nl.linkedin.com/jobs/view/logistics-employee-at-alliance-healthcare-4417206043,https://uk.linkedin.com/company/alliance-healthcare,4417206043
Alliance Healthcare,Customer Services medewerker - Pharma,Veghel,2026-08-28,customer service parttime,nee,https://nl.linkedin.com/jobs/view/customer-services-medewerker-pharma-at-alliance-healthcare-4408886838,https://uk.linkedin.com/company/alliance-healthcare,4408886838
Allianz Trade in Nederland,CUSTOMER LINE OFFICER,'s-Hertogenbosch,2026-09-17,klantsupport,nee,https://nl.linkedin.com/jobs/view/customer-line-officer-at-allianz-trade-in-the-netherlands-4468675649,https://nl.linkedin.com/company/allianz-trade-nederland,4468675649
Alphenix Bouwgroep B.V.,Representante de atendimento ao cliente,Amsterdam,2026-09-11,klantsupport,nee,,,4465857175
Alpina Group,Stagiair social media,Leusden,2026-09-13,social media medewerker webshop,nee,https://nl.linkedin.com/jobs/view/stagiair-social-media-at-alpina-group-4437989079,https://nl.linkedin.com/company/alpinagroupbv,4437989079
Alpina Group,Stagiair online marketing,IJsselstein,2026-09-17,social media medewerker webshop,nee,https://nl.linkedin.com/jobs/view/stagiair-online-marketing-at-alpina-group-4381075278,https://nl.linkedin.com/company/alpinagroupbv,4381075278
Altura,Customer Adoption Manager,Amsterdam,2026-08-11,customer succes,nee,https://nl.linkedin.com/jobs/view/customer-adoption-manager-at-altura-4452460960,https://nl.linkedin.com/company/altura-bidmanagement,4452460960
Amacx Sports Nutrition,AI-Driven Email &amp; Marketplace Specialist,Noordwijk-Binnen,2026-08-21,email marketeer webshop,nee,https://nl.linkedin.com/jobs/view/ai-driven-email-marketplace-specialist-at-amacx-sports-nutrition-4457346846,https://nl.linkedin.com/company/amacx-sports-nutrition,4457346846
Amazon,"Product Manager (Fixed Term Contract) , Retail Supply Chain, EU Emerging Stores",Amsterdam,2026-09-09,product owner webshop,nee,https://nl.linkedin.com/jobs/view/product-manager-fixed-term-contract-retail-supply-chain-eu-emerging-stores-at-amazon-4455791688,https://www.linkedin.com/company/amazon,4455791688
Amazon,"Selling Partner Support Associate — Korean Speaker, Selling Partner Support",Middelburg,2026-09-18,klantsupport,nee,https://nl.linkedin.com/jobs/view/selling-partner-support-associate-%E2%80%94-korean-speaker-selling-partner-support-at-amazon-4469141601,https://www.linkedin.com/company/amazon,4469141601
Amdax,Customer Success Coordinator,Amsterdam,2026-09-09,customer succes,nee,https://nl.linkedin.com/jobs/view/customer-success-coordinator-at-amdax-4465011695,https://nl.linkedin.com/company/amdaxgroup,4465011695
Amega,Service &amp; support medewerker Outbound,Dordrecht,2026-09-21,after sales medewerker,nee,https://nl.linkedin.com/jobs/view/service-support-medewerker-outbound-at-amega-4468739075,https://nl.linkedin.com/company/amega-holding-b-v-,4468739075
American Eagle Outfitters Inc.,Customer Service Specialist,Amsterdam,2026-08-25,after sales medewerker,nee,https://nl.linkedin.com/jobs/view/customer-service-specialist-at-american-eagle-outfitters-inc-4456588466,https://www.linkedin.com/company/american-eagle-outfitters,4456588466
Amoria Bond,Customer Order Specialist,"Noord-Holland, Nederland",2026-09-22,supply chain medewerker webshop,nee,https://nl.linkedin.com/jobs/view/customer-order-specialist-at-amoria-bond-4470439619,https://uk.linkedin.com/company/amoria-bond,4470439619
Ampco Flashlight Rental,Magazijnmedewerker Sales,Utrecht,2026-05-05,fulfilment medewerker,nee,https://nl.linkedin.com/jobs/view/magazijnmedewerker-sales-at-ampco-flashlight-rental-b-v-4409305483,https://nl.linkedin.com/company/ampco-flashlight-rental-b-v-,4409305483
Amsterdam Warehouse Company,Customer Operations Specialist – Logistiek &amp; Warehousing,Amsterdam,2026-09-11,supply chain medewerker webshop,nee,https://nl.linkedin.com/jobs/view/customer-operations-specialist-%E2%80%93-logistiek-warehousing-at-amsterdam-warehouse-company-4465688510,https://nl.linkedin.com/company/amsterdam-warehouse-company,4465688510
Angi,"Associate, Paid Social",Amsterdam,2026-09-12,social media medewerker webshop,nee,https://nl.linkedin.com/jobs/view/associate-paid-social-at-angi-4466428947,https://www.linkedin.com/company/angi,4466428947
Anna van Toor,Teamleider,Vianen,2026-04-15,inkoper webshop,nee,https://nl.linkedin.com/jobs/view/teamleider-at-anna-van-toor-4402284348,https://nl.linkedin.com/company/anna-van-toor,4402284348
Another Star,hotel night ambassador,Amsterdam,2026-09-16,customer service parttime,nee,https://nl.linkedin.com/jobs/view/hotel-night-ambassador-at-another-star-4468269276,https://nl.linkedin.com/company/anotherstarbv,4468269276
Antenna,Software Support Medewerker,"Noord-Holland, Nederland",2026-08-28,after sales medewerker,nee,https://nl.linkedin.com/jobs/view/software-support-medewerker-at-antenna-4460328030,https://nl.linkedin.com/company/antennagroep-nl,4460328030
ANVA,Key Account Manager,Amersfoort,2026-08-27,customer succes,nee,https://nl.linkedin.com/jobs/view/key-account-manager-at-anva-4457793180,https://nl.linkedin.com/company/anva,4457793180
ANWB,Senior Product Owner Service Communicatie,Den Haag,2026-09-04,product owner webshop,nee,https://nl.linkedin.com/jobs/view/senior-product-owner-service-communicatie-at-anwb-4463337612,https://nl.linkedin.com/company/anwb,4463337612
Aon,Key Account Handler Customer Service,Rotterdam,2026-09-09,klantsupport,nee,https://nl.linkedin.com/jobs/view/key-account-handler-customer-service-at-aon-4456143590,https://uk.linkedin.com/company/aon,4456143590
APL Logistics,Allround Logistiek Medewerker – Amsterdam,Amsterdam,2026-06-12,supply chain medewerker webshop,nee,https://nl.linkedin.com/jobs/view/allround-logistiek-medewerker-%E2%80%93-amsterdam-at-apl-logistics-4428144141,https://www.linkedin.com/company/apl-logistics,4428144141
App-vise,Marketing- en communicatie meewerkstage,Heerhugowaard,2026-08-05,social media medewerker webshop,nee,https://nl.linkedin.com/jobs/view/marketing-en-communicatie-meewerkstage-at-app-vise-4447310613,https://nl.linkedin.com/company/app-vise,4447310613
Appic,Junior Product Owner,Utrecht,2026-09-15,product owner webshop,nee,https://nl.linkedin.com/jobs/view/junior-product-owner-at-appic-4467710899,https://nl.linkedin.com/company/2xpr,4467710899
Appical,Customer Success Manager,Amsterdam,2026-09-03,customer succes,nee,https://nl.linkedin.com/jobs/view/customer-success-manager-at-appical-4461901210,https://nl.linkedin.com/company/appical,4461901210
Applied Medical,Associate Customer Relations Representative - German speaking,Amersfoort,2026-09-03,klantsupport,nee,https://nl.linkedin.com/jobs/view/associate-customer-relations-representative-german-speaking-at-applied-medical-4460728746,https://www.linkedin.com/company/appliedmedical,4460728746
Applied Medical,Magazijnmedewerker (Dagdienst),Amersfoort,2026-09-03,fulfilment medewerker,nee,https://nl.linkedin.com/jobs/view/magazijnmedewerker-dagdienst-at-applied-medical-4431960445,https://www.linkedin.com/company/appliedmedical,4431960445
Applied Medical,Magazijnmedewerker (2 ploegen),Amersfoort,2026-09-04,fulfilment medewerker,nee,https://nl.linkedin.com/jobs/view/magazijnmedewerker-2-ploegen-at-applied-medical-4461156450,https://www.linkedin.com/company/appliedmedical,4461156450
Aquablu,Digital Product Builder,Amsterdam,2026-09-22,product owner webshop,nee,https://nl.linkedin.com/jobs/view/digital-product-builder-at-aquablu-4468551376,https://nl.linkedin.com/company/aquablu-solutions,4468551376
Arc'teryx Equipment,Product Guide (Sales Associate) - Part Time (m/f/d) | Roermond,Roermond,2026-09-17,customer service parttime,nee,https://nl.linkedin.com/jobs/view/product-guide-sales-associate-part-time-m-f-d-roermond-at-arc-teryx-equipment-4440036607,https://ca.linkedin.com/company/arcteryx-equipment,4440036607
Archetype,Junior PR Consultant,Amsterdam,2026-09-16,conversie specialist,nee,https://nl.linkedin.com/jobs/view/junior-pr-consultant-at-archetype-4467102099,https://www.linkedin.com/company/archetypeagcy,4467102099
ARKET,Sales Advisor 5-12h,Den Haag,2026-09-17,customer service parttime,nee,https://nl.linkedin.com/jobs/view/sales-advisor-5-12h-at-arket-4468643213,https://se.linkedin.com/company/arket,4468643213
Arlon Graphics,Customer Support Specialist EMEA,Den Haag,2026-09-03,klantsupport,nee,https://nl.linkedin.com/jobs/view/customer-support-specialist-emea-at-arlon-graphics-4461654441,https://www.linkedin.com/company/arlongraphics,4461654441
ARP Nederland B.V.,Sales Operations Medewerker,Maastricht,2026-09-03,medewerker verkoop binnendienst webshop,nee,https://nl.linkedin.com/jobs/view/sales-operations-medewerker-at-arp-nederland-b-v-4433801725,https://nl.linkedin.com/company/arp-nederland,4433801725
ARP Nederland B.V.,Sales Support Medewerker,Maastricht,2026-09-22,medewerker verkoop binnendienst webshop,nee,https://nl.linkedin.com/jobs/view/sales-support-medewerker-at-arp-nederland-b-v-4468589525,https://nl.linkedin.com/company/arp-nederland,4468589525
Artiflex,Magazijnmedewerker,Woerden,2026-09-21,fulfilment medewerker,nee,https://nl.linkedin.com/jobs/view/magazijnmedewerker-at-artiflex-4468483632,https://nl.linkedin.com/company/artiflex-recruitmentspecialist,4468483632
Artiflex,Productie medewerker,Waalwijk,2026-09-21,fulfilment medewerker,nee,https://nl.linkedin.com/jobs/view/productie-medewerker-at-artiflex-4468482642,https://nl.linkedin.com/company/artiflex-recruitmentspecialist,4468482642
Arvato,Customer Support Officer,Lelystad,2026-09-10,supply chain medewerker webshop,nee,https://nl.linkedin.com/jobs/view/customer-support-officer-at-arvato-4463476849,https://de.linkedin.com/company/arvato,4463476849
AS Watson Benelux,Click &amp; Collect Performance Lead,Renswoude,2026-09-15,inkoper webshop,nee,https://nl.linkedin.com/jobs/view/click-collect-performance-lead-at-as-watson-benelux-4466538783,https://nl.linkedin.com/company/aswatson-benelux,4466538783
AS Watson Benelux,Logistiek Medewerker,Ede,2026-09-16,supply chain medewerker webshop,nee,https://nl.linkedin.com/jobs/view/logistiek-medewerker-at-as-watson-benelux-4466860594,https://nl.linkedin.com/company/aswatson-benelux,4466860594
ASA Talent,Klantenservice medewerker Bol,Utrecht,2026-09-22,customer service parttime,nee,https://nl.linkedin.com/jobs/view/klantenservice-medewerker-bol-at-asa-talent-4468916038,https://nl.linkedin.com/company/asa-talent,4468916038
ASA Talent,Klantenservice medewerker e-commerce,Nieuwegein,2026-09-22,customer service parttime,nee,https://nl.linkedin.com/jobs/view/klantenservice-medewerker-e-commerce-at-asa-talent-4468599455,https://nl.linkedin.com/company/asa-talent,4468599455
ASA Talent,Customer service medewerker Bol,Amersfoort,2026-09-22,customer service parttime,nee,https://nl.linkedin.com/jobs/view/customer-service-medewerker-bol-at-asa-talent-4468596544,https://nl.linkedin.com/company/asa-talent,4468596544
ASA Talent,Klantenservice medewerker Bol,Utrecht,2026-09-22,customer service parttime,nee,https://nl.linkedin.com/jobs/view/klantenservice-medewerker-bol-at-asa-talent-4468596542,https://nl.linkedin.com/company/asa-talent,4468596542
ASAPCLOUD,Customer Delivery Manager,Houten,2026-09-16,customer succes,nee,https://nl.linkedin.com/jobs/view/customer-delivery-manager-at-asapcloud-4467960999,https://nl.linkedin.com/company/asapcloudbv,4467960999
ASAPCLOUD,Customer Success Manager,Houten,2026-09-21,customer succes,nee,https://nl.linkedin.com/jobs/view/customer-success-manager-at-asapcloud-4467603330,https://nl.linkedin.com/company/asapcloudbv,4467603330
ASB Security,Medewerker Technische Klantenservice,Eindhoven,2025-09-17,customer service parttime,nee,https://nl.linkedin.com/jobs/view/medewerker-technische-klantenservice-at-asb-security-4302003987,https://nl.linkedin.com/company/asb-security-bv,4302003987
Ascom,First Line Support Engineer,Utrecht,2026-08-18,after sales medewerker,nee,https://nl.linkedin.com/jobs/view/first-line-support-engineer-at-ascom-4454455600,https://ch.linkedin.com/company/ascom,4454455600
Ascom UMS,First Line Support Engineer,Utrecht,2026-08-17,after sales medewerker,nee,https://nl.linkedin.com/jobs/view/first-line-support-engineer-at-ascom-ums-4452506261,https://it.linkedin.com/company/ums---united-medical-software,4452506261
Asendia,Customer Success Manager,Eindhoven,2026-08-25,customer succes,nee,https://nl.linkedin.com/jobs/view/customer-success-manager-at-asendia-4457491307,https://ch.linkedin.com/company/asendia,4457491307
Asgro,Logistiek medewerker,Vianen,2026-09-22,supply chain medewerker webshop,nee,https://nl.linkedin.com/jobs/view/logistiek-medewerker-at-asgro-4470419985,https://nl.linkedin.com/company/asgrocom,4470419985
Ashby,Product Support Specialist - EMEA,Amsterdam,2026-09-17,after sales medewerker,nee,https://nl.linkedin.com/jobs/view/product-support-specialist-emea-at-ashby-4403341536,https://www.linkedin.com/company/ashbyhq,4403341536
Ashby,Mid-Market Customer Success Manager - EMEA,Amsterdam,2026-09-18,customer succes,nee,https://nl.linkedin.com/jobs/view/mid-market-customer-success-manager-emea-at-ashby-4468016415,https://www.linkedin.com/company/ashbyhq,4468016415
ASPESI,Sales Assistant,Amsterdam,2026-09-22,medewerker verkoop binnendienst webshop,nee,https://nl.linkedin.com/jobs/view/sales-assistant-at-aspesi-4470423882,https://it.linkedin.com/company/alberto-aspesi-&amp;-c-s-p-a-,4470423882
ASSA ABLOY Group,Klantenservice medewerker,Ede,2026-09-16,after sales medewerker,nee,https://nl.linkedin.com/jobs/view/klantenservice-medewerker-at-assa-abloy-group-4466202608,https://se.linkedin.com/company/assaabloy,4466202608
Assessio,Sales Development Representative (Amsterdam),Amsterdam,2026-09-15,conversie specialist,nee,https://nl.linkedin.com/jobs/view/sales-development-representative-amsterdam-at-assessio-4432260227,https://se.linkedin.com/company/assessiogroup,4432260227
Assurant,Claims Specialist Klantenservice (Dutch Speaker),Amsterdam,2026-08-11,conversie specialist,nee,https://nl.linkedin.com/jobs/view/claims-specialist-klantenservice-dutch-speaker-at-assurant-4449585102,https://www.linkedin.com/company/assurant,4449585102
ATLAS Safety Shoes,COMMERCIEEL MEDEWERKER BINNENDIENST (M/V/D),Houten,2026-07-17,medewerker verkoop binnendienst webshop,nee,https://nl.linkedin.com/jobs/view/commercieel-medewerker-binnendienst-m-v-d-at-atlas-safety-shoes-4439203890,https://de.linkedin.com/company/atlas-safety-shoes,4439203890
Atlassian,"Principal Customer Success Manager, Strategic DACH",Amsterdam,2026-09-22,customer succes,nee,https://nl.linkedin.com/jobs/view/principal-customer-success-manager-strategic-dach-at-atlassian-4451509548,https://au.linkedin.com/company/atlassian,4451509548
Atlassian,"Principal Customer Success Manager, Strategic DACH",Nederland,2026-09-22,customer succes,nee,https://nl.linkedin.com/jobs/view/principal-customer-success-manager-strategic-dach-at-atlassian-4451399926,https://au.linkedin.com/company/atlassian,4451399926
Atos,PRODUCT OWNER,Amstelveen,2026-06-24,product owner webshop,nee,https://nl.linkedin.com/jobs/view/product-owner-at-atos-4349518995,https://fr.linkedin.com/company/atos,4349518995
Atos Medical,Consumer Care Specialist,Amersfoort,2026-09-19,after sales medewerker,nee,https://nl.linkedin.com/jobs/view/consumer-care-specialist-at-atos-medical-4440770846,https://se.linkedin.com/company/atosmedicalcom,4440770846
Attendi,Customer &amp; Sales Support Coordinator,Amsterdam,2026-09-17,medewerker verkoop binnendienst webshop,nee,https://nl.linkedin.com/jobs/view/customer-sales-support-coordinator-at-attendi-4467197045,https://nl.linkedin.com/company/attendi,4467197045
Augias Schoonmakers,klant en binnendienst support,Zeist,2026-02-23,servicedesk medewerker webshop,nee,https://nl.linkedin.com/jobs/view/klant-en-binnendienst-support-at-augias-schoonmakers-4375362217,https://www.linkedin.com/company/augias-schoonmakers,4375362217
Aurora Live,Customer Success Manager - Dutch market,Amsterdam,2026-09-21,customer succes,nee,https://nl.linkedin.com/jobs/view/customer-success-manager-dutch-market-at-aurora-live-4404865496,https://fi.linkedin.com/company/auroralive,4404865496
Autoflex Automotive Software,Medewerker Klantenservice &amp; Support,Putten,2026-09-14,after sales medewerker,nee,https://nl.linkedin.com/jobs/view/medewerker-klantenservice-support-at-autoflex-4467070838,https://nl.linkedin.com/company/autoflex,4467070838
Autotelex,Commercieel medewerker binnendienst,Arnhem,2026-09-15,medewerker verkoop binnendienst webshop,nee,https://nl.linkedin.com/jobs/view/commercieel-medewerker-binnendienst-at-autotelex-bv-4467705442,https://nl.linkedin.com/company/autotelex-bv,4467705442
Avanade,Analyst – Organizational Change Management,Amsterdam,2026-09-10,conversie specialist,nee,https://nl.linkedin.com/jobs/view/analyst-%E2%80%93-organizational-change-management-at-avanade-4465658508,https://www.linkedin.com/company/avanade,4465658508
Avantor,Costumer Service,Amsterdam,2026-09-08,after sales medewerker,nee,https://nl.linkedin.com/jobs/view/costumer-service-at-avantor-4436910322,https://www.linkedin.com/company/avantorinc,4436910322
Avantor,Magazijnmedewerker / Warehouse technician,Hillegom,2026-09-18,fulfilment medewerker,nee,https://nl.linkedin.com/jobs/view/magazijnmedewerker-warehouse-technician-at-avantor-4456356759,https://www.linkedin.com/company/avantorinc,4456356759
AVASO Technology Solutions,Information Technology Support Engineer,Amsterdam,2026-09-08,servicedesk medewerker webshop,nee,https://nl.linkedin.com/jobs/view/information-technology-support-engineer-at-avaso-technology-solutions-4462537030,https://dk.linkedin.com/company/avaso-technology-solutions,4462537030
AVASO Technology Solutions,Information Technology Support Engineer,Amsterdam,2026-09-11,servicedesk medewerker webshop,nee,https://nl.linkedin.com/jobs/view/information-technology-support-engineer-at-avaso-technology-solutions-4463990853,https://dk.linkedin.com/company/avaso-technology-solutions,4463990853
AVH Outdoor Tuinmeubelen,Fulltime klantenservice medewerker,Numansdorp,2026-02-24,after sales medewerker,nee,https://nl.linkedin.com/jobs/view/fulltime-klantenservice-medewerker-at-avh-outdoor-tuinmeubelen-4377141843,https://nl.linkedin.com/company/avh-outdoor-tuinmeubelen,4377141843
AVH Outdoor Tuinmeubelen,Klantenservice medewerker parttime/fulltime,Numansdorp,2026-02-24,customer service parttime,nee,https://nl.linkedin.com/jobs/view/klantenservice-medewerker-parttime-fulltime-at-avh-outdoor-tuinmeubelen-4377145760,https://nl.linkedin.com/company/avh-outdoor-tuinmeubelen,4377145760
AVH Outdoor Tuinmeubelen,Klantenservice medewerker (zaterdag),Numansdorp,2026-02-24,customer service parttime,nee,https://nl.linkedin.com/jobs/view/klantenservice-medewerker-zaterdag-at-avh-outdoor-tuinmeubelen-4377143873,https://nl.linkedin.com/company/avh-outdoor-tuinmeubelen,4377143873
AVH Outdoor Tuinmeubelen,Verkoopmedewerk(st)er,Numansdorp,2026-03-20,medewerker verkoop binnendienst webshop,nee,https://nl.linkedin.com/jobs/view/verkoopmedewerk-st-er-at-avh-outdoor-tuinmeubelen-4388596338,https://nl.linkedin.com/company/avh-outdoor-tuinmeubelen,4388596338
Avis Nederland,Callcenter Agent,Den Haag,2026-09-21,conversie specialist,nee,https://nl.linkedin.com/jobs/view/callcenter-agent-at-avis-nederland-4467651049,https://nl.linkedin.com/company/avis-nederland,4467651049
Awareways,Growth Marketeer B2B | Bouw mee aan de groei van Awareways,Utrecht,2026-09-17,email marketeer webshop,nee,https://nl.linkedin.com/jobs/view/growth-marketeer-b2b-bouw-mee-aan-de-groei-van-awareways-at-awareways-4468653139,https://nl.linkedin.com/company/awareways,4468653139
Axelera AI,Developer Relations and Community Manager,Eindhoven,2026-09-21,conversie specialist,nee,https://nl.linkedin.com/jobs/view/developer-relations-and-community-manager-at-axelera-ai-4468145534,https://nl.linkedin.com/company/axelera-ai,4468145534
Axelera AI,Developer Relations and Community Manager,Amsterdam,2026-09-21,conversie specialist,nee,https://nl.linkedin.com/jobs/view/developer-relations-and-community-manager-at-axelera-ai-4468136820,https://nl.linkedin.com/company/axelera-ai,4468136820
Axians NL,Customer Care Specialist,Eindhoven,2026-09-10,after sales medewerker,nee,https://nl.linkedin.com/jobs/view/customer-care-specialist-at-axians-nl-4456487800,https://nl.linkedin.com/company/axiansnl,4456487800
Axians NL,Senior Customer Care Specialist,Eindhoven,2026-09-10,after sales medewerker,nee,https://nl.linkedin.com/jobs/view/senior-customer-care-specialist-at-axians-nl-4456496800,https://nl.linkedin.com/company/axiansnl,4456496800
Axians NL | Data Analytics,Customer Care Specialist,Eindhoven,2026-08-20,after sales medewerker,nee,https://nl.linkedin.com/jobs/view/customer-care-specialist-at-axians-data-ai-4453869579,https://nl.linkedin.com/company/axians-data-ai,4453869579
Axians NL | Data Analytics,Senior Customer Care Specialist,Eindhoven,2026-08-20,after sales medewerker,nee,https://nl.linkedin.com/jobs/view/senior-customer-care-specialist-at-axians-data-ai-4453872523,https://nl.linkedin.com/company/axians-data-ai,4453872523
AxionContinu,Medewerker ICT-Servicedesk,Utrecht,2026-08-25,servicedesk medewerker webshop,nee,https://nl.linkedin.com/jobs/view/medewerker-ict-servicedesk-at-axioncontinu-4466945841,https://nl.linkedin.com/company/axioncontinu,4466945841
ayb.nl,Product Owner,Amsterdam,2026-09-17,product owner webshop,nee,https://nl.linkedin.com/jobs/view/product-owner-at-activate-your-business-b-v-4467501022,https://nl.linkedin.com/company/activateyoubusiness,4467501022
Azerty,Logistiek medewerker allround,Raalte,2026-07-24,fulfilment medewerker,nee,https://nl.linkedin.com/jobs/view/logistiek-medewerker-allround-at-azerty-4444960361,https://nl.linkedin.com/company/azerty_2,4444960361
B&amp;P Professionals,Medewerker Supportdesk (ICT),Waardenburg,2026-09-21,servicedesk medewerker webshop,nee,https://nl.linkedin.com/jobs/view/medewerker-supportdesk-ict-at-b-p-professionals-4463260313,https://nl.linkedin.com/company/bpprofessionals,4463260313
B&amp;S Media Internetmarketing,» Vacature Webdesigner,Kampen,2025-02-25,inkoper webshop,nee,https://nl.linkedin.com/jobs/view/%C2%BB-vacature-webdesigner-at-b-s-media-internetmarketing-4167413347,https://nl.linkedin.com/company/b&amp;s-media-internetmarketing,4167413347
Babylon Nijmegen,Customer experience specialist – German,Nijmegen,2026-08-11,customer service parttime,nee,https://nl.linkedin.com/jobs/view/customer-experience-specialist-%E2%80%93-german-at-babylon-nijmegen-4452675959,https://nl.linkedin.com/company/babylonnijmegen,4452675959
BAIYILED EUROPE B.V.,Technisch Commercieel Medewerker Binnendienst &amp; Operations.,Almere,2026-08-21,medewerker verkoop binnendienst webshop,nee,https://nl.linkedin.com/jobs/view/technisch-commercieel-medewerker-binnendienst-operations-at-baiyiled-europe-b-v-4457078701,https://nl.linkedin.com/company/baiyiled-europe-b-v,4457078701
Baktotaal,Online marketeer Duits,Goor,2026-09-11,email marketeer webshop,nee,https://nl.linkedin.com/jobs/view/online-marketeer-duits-at-baktotaal-4466072603,https://nl.linkedin.com/company/baktotaal-bouwhuis-b.v.,4466072603
BANVO,Sales Medewerker Binnendienst,Ermelo,2026-07-16,medewerker verkoop binnendienst webshop,nee,https://nl.linkedin.com/jobs/view/sales-medewerker-binnendienst-at-banvo-4440777476,https://nl.linkedin.com/company/banvo,4440777476
BarTrack,Product manager (32-40 uur),Amstelveen,2026-07-28,product owner webshop,nee,https://nl.linkedin.com/jobs/view/product-manager-32-40-uur-at-bartrack-4443244583,https://nl.linkedin.com/company/bartrack,4443244583
BAS,Expeditie Medewerker,Veghel,2026-04-03,fulfilment medewerker,nee,https://nl.linkedin.com/jobs/view/expeditie-medewerker-at-bas-4396571081,https://nl.linkedin.com/company/bas-holding,4396571081
BAS,Social Content Marketeer,Veghel,2026-08-13,social media medewerker webshop,nee,https://nl.linkedin.com/jobs/view/social-content-marketeer-at-bas-4454043015,https://nl.linkedin.com/company/bas-holding,4454043015
BAS World,Social Content Marketeer,"Noord-Brabant, Nederland",2026-09-11,social media medewerker webshop,nee,https://nl.linkedin.com/jobs/view/social-content-marketeer-at-bas-world-4454541515,https://nl.linkedin.com/company/basworldplatform,4454541515
Basic-Fit,Customer Support Agent (Nederlands),Hoofddorp,2026-09-17,after sales medewerker,nee,https://nl.linkedin.com/jobs/view/customer-support-agent-nederlands-at-basic-fit-4462467412,https://nl.linkedin.com/company/basic-fit,4462467412
Basic-Fit,Customer Support Agent (German),Hoofddorp,2026-09-17,klantsupport,nee,https://nl.linkedin.com/jobs/view/customer-support-agent-german-at-basic-fit-4462471375,https://nl.linkedin.com/company/basic-fit,4462471375
Basic-Fit,Social Media Creator,Hoofddorp,2026-09-17,social media medewerker webshop,nee,https://nl.linkedin.com/jobs/view/social-media-creator-at-basic-fit-4468816538,https://nl.linkedin.com/company/basic-fit,4468816538
Basic-Fit,Senior Social Media Manager,Hoofddorp,2026-09-17,social media medewerker webshop,nee,https://nl.linkedin.com/jobs/view/senior-social-media-manager-at-basic-fit-4468805802,https://nl.linkedin.com/company/basic-fit,4468805802
Basic-Fit,Senior Product Owner – Club Lifecycle Automation,Hoofddorp,2026-09-17,product owner webshop,nee,https://nl.linkedin.com/jobs/view/senior-product-owner-%E2%80%93-club-lifecycle-automation-at-basic-fit-4468638800,https://nl.linkedin.com/company/basic-fit,4468638800
Basic-Fit,Senior Product Owner – Membership Platform,Tilburg,2026-09-17,product owner webshop,nee,https://nl.linkedin.com/jobs/view/senior-product-owner-%E2%80%93-membership-platform-at-basic-fit-4468643741,https://nl.linkedin.com/company/basic-fit,4468643741
Basic-Fit,Stage Social Media Nederland,Hoofddorp,2026-09-22,social media medewerker webshop,nee,https://nl.linkedin.com/jobs/view/stage-social-media-nederland-at-basic-fit-4455287939,https://nl.linkedin.com/company/basic-fit,4455287939
BauWatch Nederland,Product Owner Security,Apeldoorn,2026-09-08,product owner webshop,nee,https://nl.linkedin.com/jobs/view/product-owner-security-at-bauwatch-nederland-4428810482,https://nl.linkedin.com/company/bauwatch-nederland,4428810482
Bax Music,"Online Marketeer (E-mail, Retentie &amp; Automation)",Goes,2026-02-20,email marketeer webshop,nee,https://nl.linkedin.com/jobs/view/online-marketeer-e-mail-retentie-automation-at-bax-music-4373413115,https://nl.linkedin.com/company/baxmusic,4373413115
Bax Music,HBO/WO-meewerkstage Online Marketing en Communicatie,Goes,2026-03-02,email marketeer webshop,nee,https://nl.linkedin.com/jobs/view/hbo-wo-meewerkstage-online-marketing-en-communicatie-at-bax-music-4377752629,https://nl.linkedin.com/company/baxmusic,4377752629
Bax Music,Telefoonmedewerker Winkel Amsterdam,Amsterdam,2026-07-24,klantsupport,nee,https://nl.linkedin.com/jobs/view/telefoonmedewerker-winkel-amsterdam-at-bax-music-4441833090,https://nl.linkedin.com/company/baxmusic,4441833090
Bax Music,Telefoonmedewerker Winkel Rotterdam,Rotterdam,2026-07-24,klantsupport,nee,https://nl.linkedin.com/jobs/view/telefoonmedewerker-winkel-rotterdam-at-bax-music-4441824515,https://nl.linkedin.com/company/baxmusic,4441824515
Bax Music,Telefoonmedewerker Winkel Apeldoorn,Apeldoorn,2026-08-18,klantsupport,nee,https://nl.linkedin.com/jobs/view/telefoonmedewerker-winkel-apeldoorn-at-bax-music-4454484385,https://nl.linkedin.com/company/baxmusic,4454484385
BBTG | Building Beyond Technology Group,Product Owner,Leusden,2026-09-22,product owner webshop,nee,https://nl.linkedin.com/jobs/view/product-owner-at-bbtg-building-beyond-technology-group-4470278882,https://www.linkedin.com/company/bbtg-building-beyond-technology-group,4470278882
BCS HR Software,Customer Success Manager,'s-Hertogenbosch,2026-07-29,customer succes,nee,https://nl.linkedin.com/jobs/view/customer-success-manager-at-bcs-hr-software-4446743358,https://nl.linkedin.com/company/bcs-hr-software,4446743358
BD,Customer Remote Support Agent Molecular Diagnostic (Spanish),Drachten,2026-08-26,after sales medewerker,nee,https://nl.linkedin.com/jobs/view/customer-remote-support-agent-molecular-diagnostic-spanish-at-bd-4459335954,https://www.linkedin.com/company/bd1,4459335954
BDO Nederland,IT Product Owner/Analist,Eindhoven,2026-09-16,product owner webshop,nee,https://nl.linkedin.com/jobs/view/it-product-owner-analist-at-bdo-nederland-4456913218,https://nl.linkedin.com/company/bdo-nederland,4456913218
BDO Nederland,IT Servicedesk Medewerker,Eindhoven,2026-09-22,servicedesk medewerker webshop,nee,https://nl.linkedin.com/jobs/view/it-servicedesk-medewerker-at-bdo-nederland-4458891676,https://nl.linkedin.com/company/bdo-nederland,4458891676
Bear Optima Wood B.V.,Commercieel medewerker binnendienst,Nijverdal,2026-08-28,medewerker verkoop binnendienst webshop,nee,https://nl.linkedin.com/jobs/view/commercieel-medewerker-binnendienst-at-bear-optima-wood-b-v-4460325998,https://nl.linkedin.com/company/bear-optima-wood-b-v,4460325998
Beautinow,Community and Retention Lead (for niche perfume lover),Capelle aan den IJssel,2026-08-21,email marketeer webshop,nee,https://nl.linkedin.com/jobs/view/community-and-retention-lead-for-niche-perfume-lover-at-beautinow-4457304865,https://nl.linkedin.com/company/beautinow-niche-perfume-beauty,4457304865
Bechtle,Supportmedewerker Hardware,Eindhoven,2026-06-26,after sales medewerker,nee,https://nl.linkedin.com/jobs/view/supportmedewerker-hardware-at-bechtle-4433815378,https://de.linkedin.com/company/bechtle,4433815378
Bechtle B.V.,Supportmedewerker,Eindhoven,2026-09-15,after sales medewerker,nee,https://nl.linkedin.com/jobs/view/supportmedewerker-at-bechtle-b-v-4466189782,https://nl.linkedin.com/company/bechtle-direct-nederland,4466189782
Bechtle B.V.,Supportmedewerker Hardware,Eindhoven,2026-09-15,after sales medewerker,nee,https://nl.linkedin.com/jobs/view/supportmedewerker-hardware-at-bechtle-b-v-4466505637,https://nl.linkedin.com/company/bechtle-direct-nederland,4466505637
Bechtle B.V.,Digital Marketeer,Eindhoven,2026-09-15,email marketeer webshop,nee,https://nl.linkedin.com/jobs/view/digital-marketeer-at-bechtle-b-v-4466188836,https://nl.linkedin.com/company/bechtle-direct-nederland,4466188836
BECIS | DIOR,Stagiair Content &amp; Social Media,Den Haag,2026-09-14,social media medewerker webshop,nee,https://nl.linkedin.com/jobs/view/stagiair-content-social-media-at-becis-dior-4465795897,https://nl.linkedin.com/company/becis-dior,4465795897
Bedrijfsfitness Nederland,Content &amp; Campaign Executive (B2B),Heerenveen,2026-09-02,social media medewerker webshop,nee,https://nl.linkedin.com/jobs/view/content-campaign-executive-b2b-at-bedrijfsfitness-nederland-by-epassi-4462484872,https://nl.linkedin.com/company/bedrijfsfitness-nederland,4462484872
Bedrijfsfitness Nederland,Customer Support Specialist,Heerenveen,2026-09-11,klantsupport,nee,https://nl.linkedin.com/jobs/view/customer-support-specialist-at-bedrijfsfitness-nederland-by-epassi-4457324263,https://nl.linkedin.com/company/bedrijfsfitness-nederland,4457324263
BEERWULF®,Digital Marketing (CRM) Intern,Amsterdam,2026-09-03,email marketeer webshop,nee,https://nl.linkedin.com/jobs/view/digital-marketing-crm-intern-at-beerwulf%C2%AE-4460420220,https://nl.linkedin.com/company/beerwulf.com,4460420220
Belsimpel,Subscription Specialist German (min. 16u/w),Groningen,2026-09-03,customer service parttime,nee,https://nl.linkedin.com/jobs/view/subscription-specialist-german-min-16u-w-at-gomibo-l-belsimpel-4426782019,https://nl.linkedin.com/company/gomibo-belsimpel,4426782019
Belsimpel,Specialist Klantenservice (min. 16u/w),Groningen,2026-09-12,customer service parttime,nee,https://nl.linkedin.com/jobs/view/specialist-klantenservice-min-16u-w-at-gomibo-l-belsimpel-4416269100,https://nl.linkedin.com/company/gomibo-belsimpel,4416269100
Belsimpel,Flexibele bijbaan in Groningen (min. 16u/w),Groningen,2026-09-12,customer service parttime,nee,https://nl.linkedin.com/jobs/view/flexibele-bijbaan-in-groningen-min-16u-w-at-gomibo-l-belsimpel-4410718669,https://nl.linkedin.com/company/gomibo-belsimpel,4410718669
Benelux-IT,ICT-technicus,Enkhuizen,2026-09-21,servicedesk medewerker webshop,nee,https://nl.linkedin.com/jobs/view/ict-technicus-at-benelux-it-4469898843,https://be.linkedin.com/company/benelux-it,4469898843
Berlin Packaging Netherlands,Supply Chain Specialist,Wijchen,2026-08-26,supply chain medewerker webshop,nee,https://nl.linkedin.com/jobs/view/supply-chain-specialist-at-berlin-packaging-netherlands-4436705823,https://nl.linkedin.com/company/berlin-packaging-netherlands,4436705823
Berner Produkten b.v.,Inside Sales Medewerker,Kerkrade,2026-09-21,medewerker verkoop binnendienst webshop,nee,https://nl.linkedin.com/jobs/view/inside-sales-medewerker-at-berner-produkten-4469888767,https://nl.linkedin.com/company/berner-produkten,4469888767
Berry van den Biggelaar,Medewerker Verkoop en administratie,Best,2026-09-09,medewerker verkoop binnendienst webshop,nee,https://nl.linkedin.com/jobs/view/medewerker-verkoop-en-administratie-at-berry-van-den-biggelaar-4465027243,https://nl.linkedin.com/company/berry-van-den-biggelaar,4465027243
BEWI Group,Magazijnmedewerker,Someren,2026-03-02,fulfilment medewerker,nee,https://nl.linkedin.com/jobs/view/magazijnmedewerker-at-bewi-group-4379934655,https://se.linkedin.com/company/bewigroup,4379934655
Bezos.AI,Business Operations Manager,Amsterdam,2026-07-05,inkoper webshop,nee,https://nl.linkedin.com/jobs/view/business-operations-manager-at-gonini-formerly-bezos-ai-4437109696,https://uk.linkedin.com/company/bezosai,4437109696
Bezos.AI,Graduate Business Operations Associate,Amsterdam,2026-07-05,supply chain medewerker webshop,nee,https://nl.linkedin.com/jobs/view/graduate-business-operations-associate-at-gonini-formerly-bezos-ai-4437127111,https://uk.linkedin.com/company/bezosai,4437127111
Biesbroeck Automation B.V.,IT Supporthelden gezocht,Zuidwolde,2026-07-08,servicedesk medewerker webshop,nee,https://nl.linkedin.com/jobs/view/it-supporthelden-gezocht-at-biesbroeck-automation-b-v-4438146334,https://www.linkedin.com/company/biesbroeck-automation-b.v.,4438146334
Big Bazar,Verkoopmedewerker in Kampen,Kampen,2023-01-31,medewerker verkoop binnendienst webshop,nee,https://nl.linkedin.com/jobs/view/verkoopmedewerker-in-kampen-at-big-bazar-3501166738,https://nl.linkedin.com/company/bigbazarwinkels,3501166738
Big Bazar,Verkoopmedewerker in Waddinxveen,Waddinxveen,2023-04-02,medewerker verkoop binnendienst webshop,nee,https://nl.linkedin.com/jobs/view/verkoopmedewerker-in-waddinxveen-at-big-bazar-3589707913,https://nl.linkedin.com/company/bigbazarwinkels,3589707913
Big Bazar,Verkoopmedewerker in Assen,Assen,2023-04-02,medewerker verkoop binnendienst webshop,nee,https://nl.linkedin.com/jobs/view/verkoopmedewerker-in-assen-at-big-bazar-3589709880,https://nl.linkedin.com/company/bigbazarwinkels,3589709880
Big Bazar,Verkoopmedewerker in Oosterhout,Oosterhout,2023-04-02,medewerker verkoop binnendienst webshop,nee,https://nl.linkedin.com/jobs/view/verkoopmedewerker-in-oosterhout-at-big-bazar-3589707904,https://nl.linkedin.com/company/bigbazarwinkels,3589707904
Big Bazar,Verkoopmedewerker in Schijndel,Schijndel,2023-04-02,medewerker verkoop binnendienst webshop,nee,https://nl.linkedin.com/jobs/view/verkoopmedewerker-in-schijndel-at-big-bazar-3589712325,https://nl.linkedin.com/company/bigbazarwinkels,3589712325
Big Bazar,Eerste Verkoopmedewerker in Eibergen,Eibergen,2023-04-02,medewerker verkoop binnendienst webshop,nee,https://nl.linkedin.com/jobs/view/eerste-verkoopmedewerker-in-eibergen-at-big-bazar-3589711538,https://nl.linkedin.com/company/bigbazarwinkels,3589711538
Big Bazar,Eerste Verkoopmedewerker in Muiden,Muiden,2023-04-02,medewerker verkoop binnendienst webshop,nee,https://nl.linkedin.com/jobs/view/eerste-verkoopmedewerker-in-muiden-at-big-bazar-3589711544,https://nl.linkedin.com/company/bigbazarwinkels,3589711544
Big Bazar,Verkoopmedewerker in 's Gravenzande,'s-Gravenzande,2023-04-02,medewerker verkoop binnendienst webshop,nee,https://nl.linkedin.com/jobs/view/verkoopmedewerker-in-s-gravenzande-at-big-bazar-3589712330,https://nl.linkedin.com/company/bigbazarwinkels,3589712330
Big Bazar,Verkoopmedewerker in Bedum,Bedum,2023-04-02,medewerker verkoop binnendienst webshop,nee,https://nl.linkedin.com/jobs/view/verkoopmedewerker-in-bedum-at-big-bazar-3589708952,https://nl.linkedin.com/company/bigbazarwinkels,3589708952
Big Bazar,Eerste Verkoopmedewerker in Zierikzee,Zierikzee,2023-04-02,medewerker verkoop binnendienst webshop,nee,https://nl.linkedin.com/jobs/view/eerste-verkoopmedewerker-in-zierikzee-at-big-bazar-3589708941,https://nl.linkedin.com/company/bigbazarwinkels,3589708941
Big Bazar,Verkoopmedewerker in Leiden,Leiden,2023-04-02,medewerker verkoop binnendienst webshop,nee,https://nl.linkedin.com/jobs/view/verkoopmedewerker-in-leiden-at-big-bazar-3589711546,https://nl.linkedin.com/company/bigbazarwinkels,3589711546
Big Bazar,Verkoopmedewerker in Apeldoorn,Apeldoorn,2023-05-03,medewerker verkoop binnendienst webshop,nee,https://nl.linkedin.com/jobs/view/verkoopmedewerker-in-apeldoorn-at-big-bazar-3621017079,https://nl.linkedin.com/company/bigbazarwinkels,3621017079
Big Bazar,Eerste Verkoopmedewerker in Apeldoorn,Apeldoorn,2023-05-03,medewerker verkoop binnendienst webshop,nee,https://nl.linkedin.com/jobs/view/eerste-verkoopmedewerker-in-apeldoorn-at-big-bazar-3621011845,https://nl.linkedin.com/company/bigbazarwinkels,3621011845
Big Bazar,Verkoopmedewerker in Coevorden,Coevorden,2023-05-03,medewerker verkoop binnendienst webshop,nee,https://nl.linkedin.com/jobs/view/verkoopmedewerker-in-coevorden-at-big-bazar-3621016103,https://nl.linkedin.com/company/bigbazarwinkels,3621016103
Big Bazar,Verkoopmedewerker in Amersfoort,Amersfoort,2023-05-03,medewerker verkoop binnendienst webshop,nee,https://nl.linkedin.com/jobs/view/verkoopmedewerker-in-amersfoort-at-big-bazar-3621014228,https://nl.linkedin.com/company/bigbazarwinkels,3621014228
Big Bazar,Verkoopmedewerker in Putten,Putten,2023-05-03,medewerker verkoop binnendienst webshop,nee,https://nl.linkedin.com/jobs/view/verkoopmedewerker-in-putten-at-big-bazar-3621013402,https://nl.linkedin.com/company/bigbazarwinkels,3621013402
Big Bazar,Eerste Verkoopmedewerker in Alphen a/d Rijn,Alphen aan den Rijn,2023-05-03,medewerker verkoop binnendienst webshop,nee,https://nl.linkedin.com/jobs/view/eerste-verkoopmedewerker-in-alphen-a-d-rijn-at-big-bazar-3621014248,https://nl.linkedin.com/company/bigbazarwinkels,3621014248
Big Bazar,Verkoopmedewerker in Venray,Venray,2023-05-03,medewerker verkoop binnendienst webshop,nee,https://nl.linkedin.com/jobs/view/verkoopmedewerker-in-venray-at-big-bazar-3621017083,https://nl.linkedin.com/company/bigbazarwinkels,3621017083
Big Bazar,Verkoopmedewerker in Bolsward,Bolsward,2023-05-03,medewerker verkoop binnendienst webshop,nee,https://nl.linkedin.com/jobs/view/verkoopmedewerker-in-bolsward-at-big-bazar-3621010963,https://nl.linkedin.com/company/bigbazarwinkels,3621010963
Big Bazar,Verkoopmedewerker in Houten,Houten,2023-05-03,medewerker verkoop binnendienst webshop,nee,https://nl.linkedin.com/jobs/view/verkoopmedewerker-in-houten-at-big-bazar-3621010917,https://nl.linkedin.com/company/bigbazarwinkels,3621010917
Big Bazar,Verkoopmedewerker in Nunspeet,Nunspeet,2023-05-03,medewerker verkoop binnendienst webshop,nee,https://nl.linkedin.com/jobs/view/verkoopmedewerker-in-nunspeet-at-big-bazar-3621013404,https://nl.linkedin.com/company/bigbazarwinkels,3621013404
Big Bazar,Eerste Verkoopmedewerker in Alkmaar,Alkmaar,2023-05-03,medewerker verkoop binnendienst webshop,nee,https://nl.linkedin.com/jobs/view/eerste-verkoopmedewerker-in-alkmaar-at-big-bazar-3621014253,https://nl.linkedin.com/company/bigbazarwinkels,3621014253
Big Bazar,Eerste Verkoopmedewerker in Someren,Someren,2023-05-03,medewerker verkoop binnendienst webshop,nee,https://nl.linkedin.com/jobs/view/eerste-verkoopmedewerker-in-someren-at-big-bazar-3621016101,https://nl.linkedin.com/company/bigbazarwinkels,3621016101
Big Bazar,Verkoopmedewerker in Dieren,Dieren,2023-05-03,medewerker verkoop binnendienst webshop,nee,https://nl.linkedin.com/jobs/view/verkoopmedewerker-in-dieren-at-big-bazar-3621016059,https://nl.linkedin.com/company/bigbazarwinkels,3621016059
Big Bazar,Verkoopmedewerker in Woerden,Woerden,2023-06-03,medewerker verkoop binnendienst webshop,nee,https://nl.linkedin.com/jobs/view/verkoopmedewerker-in-woerden-at-big-bazar-3649986484,https://nl.linkedin.com/company/bigbazarwinkels,3649986484
Big Bazar,Verkoopmedewerker in Harderwijk,Harderwijk,2023-06-03,medewerker verkoop binnendienst webshop,nee,https://nl.linkedin.com/jobs/view/verkoopmedewerker-in-harderwijk-at-big-bazar-3649988204,https://nl.linkedin.com/company/bigbazarwinkels,3649988204
Big Bazar,Verkoopmedewerker in Muiden,Muiden,2023-06-03,medewerker verkoop binnendienst webshop,nee,https://nl.linkedin.com/jobs/view/verkoopmedewerker-in-muiden-at-big-bazar-3649988229,https://nl.linkedin.com/company/bigbazarwinkels,3649988229
Big Bazar,Verkoopmedewerker in Groningen,Groningen,2023-06-03,medewerker verkoop binnendienst webshop,nee,https://nl.linkedin.com/jobs/view/verkoopmedewerker-in-groningen-at-big-bazar-3649981880,https://nl.linkedin.com/company/bigbazarwinkels,3649981880
Big Bazar,Verkoopmedewerker in Helmond,Helmond,2023-06-03,medewerker verkoop binnendienst webshop,nee,https://nl.linkedin.com/jobs/view/verkoopmedewerker-in-helmond-at-big-bazar-3649986486,https://nl.linkedin.com/company/bigbazarwinkels,3649986486
Big Bazar,Eerste Verkoopmedewerker in Asten,Asten,2023-06-03,medewerker verkoop binnendienst webshop,nee,https://nl.linkedin.com/jobs/view/eerste-verkoopmedewerker-in-asten-at-big-bazar-3649987195,https://nl.linkedin.com/company/bigbazarwinkels,3649987195
Big Bazar,Verkoopmedewerker in Someren,Someren,2023-06-03,medewerker verkoop binnendienst webshop,nee,https://nl.linkedin.com/jobs/view/verkoopmedewerker-in-someren-at-big-bazar-3649987492,https://nl.linkedin.com/company/bigbazarwinkels,3649987492
Big Bazar,Verkoopmedewerker in Eindhoven,Eindhoven,2026-01-24,medewerker verkoop binnendienst webshop,nee,https://nl.linkedin.com/jobs/view/verkoopmedewerker-in-eindhoven-at-big-bazar-4355771055,https://nl.linkedin.com/company/bigbazarwinkels,4355771055
Big Bazar,Verkoopmedewerker in Venlo,Venlo,2026-07-06,medewerker verkoop binnendienst webshop,nee,https://nl.linkedin.com/jobs/view/verkoopmedewerker-in-venlo-at-big-bazar-4433989340,https://nl.linkedin.com/company/bigbazarwinkels,4433989340
Big Bazar,Verkoopmedewerker in Alkmaar,Alkmaar,2026-07-10,medewerker verkoop binnendienst webshop,nee,https://nl.linkedin.com/jobs/view/verkoopmedewerker-in-alkmaar-at-big-bazar-4436619598,https://nl.linkedin.com/company/bigbazarwinkels,4436619598
Big Bazar,Verkoopmedewerker in Utrecht,Utrecht,2026-07-24,medewerker verkoop binnendienst webshop,nee,https://nl.linkedin.com/jobs/view/verkoopmedewerker-in-utrecht-at-big-bazar-4441829836,https://nl.linkedin.com/company/bigbazarwinkels,4441829836
Big Green Smile,Digital Marketing Executive (UK CRM &amp; Retention),Amsterdam,2026-09-03,email marketeer webshop,nee,https://nl.linkedin.com/jobs/view/digital-marketing-executive-uk-crm-retention-at-big-green-smile-4462783953,https://uk.linkedin.com/company/biggreensmile-ltd,4462783953
Billink,Customer Success Manager,Gouda,2026-08-18,customer succes,nee,https://nl.linkedin.com/jobs/view/customer-success-manager-at-billink-4455757456,https://nl.linkedin.com/company/billink-bv,4455757456
Billy Grace,Customer Success Manager Performance Marketing,Amsterdam,2026-03-14,customer succes,nee,https://nl.linkedin.com/jobs/view/customer-success-manager-performance-marketing-at-billy-grace-4383664015,https://nl.linkedin.com/company/billygrace,4383664015
Biscuit International Netherlands,Customer Service Medewerker,Dordrecht,2026-09-09,supply chain medewerker webshop,nee,https://nl.linkedin.com/jobs/view/customer-service-medewerker-at-biscuit-international-netherlands-4449830753,https://nl.linkedin.com/company/biscuit-international-netherlands,4449830753
BIT-Works BV,Coördinator Servicedesk &amp; Support,Nieuwkoop,2026-08-31,servicedesk medewerker webshop,nee,https://nl.linkedin.com/jobs/view/co%C3%B6rdinator-servicedesk-support-at-bit-works-bv-4458752974,https://nl.linkedin.com/company/bit-works,4458752974
Bizzdesign,Senior Customer Success Manager,Utrecht,2026-09-09,customer succes,nee,https://nl.linkedin.com/jobs/view/senior-customer-success-manager-at-bizzdesign-4463808925,https://nl.linkedin.com/company/bizzdesign,4463808925
Blauwe Monsters (part of Conclusion),B2B Marketeer,Haarlem,2026-06-19,email marketeer webshop,nee,https://nl.linkedin.com/jobs/view/b2b-marketeer-at-blauwe-monsters-part-of-conclusion-4431130532,https://nl.linkedin.com/company/blauwe-monsters,4431130532
Blauwe Monsters (part of Conclusion),Online Marketeer,Haarlem,2026-06-23,email marketeer webshop,nee,https://nl.linkedin.com/jobs/view/online-marketeer-at-blauwe-monsters-part-of-conclusion-4432425079,https://nl.linkedin.com/company/blauwe-monsters,4432425079
Blauwe Monsters (part of Conclusion),E-mailmarketeer,Haarlem,2026-08-04,email marketeer webshop,nee,https://nl.linkedin.com/jobs/view/e-mailmarketeer-at-blauwe-monsters-part-of-conclusion-4449032262,https://nl.linkedin.com/company/blauwe-monsters,4449032262
Blinqx,Senior Support Medewerker,Gouda,2026-08-26,after sales medewerker,nee,https://nl.linkedin.com/jobs/view/senior-support-medewerker-at-blinqx-4444560448,https://nl.linkedin.com/company/blinqx,4444560448
Blinqx,Senior Support Medewerker,Bergen op Zoom,2026-08-26,after sales medewerker,nee,https://nl.linkedin.com/jobs/view/senior-support-medewerker-at-blinqx-4444562385,https://nl.linkedin.com/company/blinqx,4444562385
Blinqx,Support Specialist Hypotheken (WFT),Gouda,2026-08-26,after sales medewerker,nee,https://nl.linkedin.com/jobs/view/support-specialist-hypotheken-wft-at-blinqx-4444561466,https://nl.linkedin.com/company/blinqx,4444561466
Bloom &amp; Wild,Customer Support Senior Associate (Dutch or German Speaking),Amsterdam,2026-08-06,klantsupport,nee,https://nl.linkedin.com/jobs/view/customer-support-senior-associate-dutch-or-german-speaking-at-bloom-wild-4450264669,https://uk.linkedin.com/company/bloom-&amp;-wild,4450264669
Bloom &amp; Wild,Customer Delight Talent Pool,Amsterdam,2026-09-13,klantsupport,nee,https://nl.linkedin.com/jobs/view/customer-delight-talent-pool-at-bloom-wild-4466735976,https://uk.linkedin.com/company/bloom-&amp;-wild,4466735976
Bloom &amp; Wolf,🌸 VACATURE: House-of-Rituals medewerker bij Bloom &amp; Wolf,Randstad,2026-07-06,social media medewerker webshop,nee,https://nl.linkedin.com/jobs/view/%F0%9F%8C%B8-vacature-house-of-rituals-medewerker-bij-bloom-wolf-at-bloom-wolf-4437410088,https://nl.linkedin.com/company/bloom-wolf,4437410088
bloomon,Customer Support Senior Associate (Dutch or German Speaking),Amsterdam Area,2026-09-15,klantsupport,ja,https://nl.linkedin.com/jobs/view/customer-support-senior-associate-dutch-or-german-speaking-at-bloomon-4467727735,https://nl.linkedin.com/company/bloomon,4467727735
Bluebird Day. | B Corp,AI Commerce Front-end Engineer,Breda,2026-05-19,inkoper webshop,nee,https://nl.linkedin.com/jobs/view/ai-commerce-front-end-engineer-at-bluebird-day-4416675385,https://nl.linkedin.com/company/bluebirdday,4416675385
Bluebird Day. | B Corp,Product Owner,Breda,2026-09-08,product owner webshop,nee,https://nl.linkedin.com/jobs/view/product-owner-at-bluebird-day-4462147233,https://nl.linkedin.com/company/bluebirdday,4462147233
BlueDolphin,Customer Success Manager,Utrecht,2026-09-11,customer succes,nee,https://nl.linkedin.com/jobs/view/customer-success-manager-at-bluedolphin-4463826592,https://nl.linkedin.com/company/bluedolphinhq,4463826592
BMN Nederland,Magazijnmedewerker Galvano,Eindhoven,2026-09-08,fulfilment medewerker,nee,https://nl.linkedin.com/jobs/view/magazijnmedewerker-galvano-at-bmn-nederland-4463254175,https://nl.linkedin.com/company/bmn-nederland,4463254175
BMN Nederland,Digital Growth Marketeer,Nieuwegein,2026-09-20,email marketeer webshop,nee,https://nl.linkedin.com/jobs/view/digital-growth-marketeer-at-bmn-nederland-4468486360,https://nl.linkedin.com/company/bmn-nederland,4468486360
BMN Nederland,Magazijnmedewerker DC IJzerwaren,Best,2026-09-23,fulfilment medewerker,nee,https://nl.linkedin.com/jobs/view/magazijnmedewerker-dc-ijzerwaren-at-bmn-nederland-4469415405,https://nl.linkedin.com/company/bmn-nederland,4469415405
BnBerry,Product Manager - DBS,Nederland,2026-09-17,product owner webshop,nee,https://nl.linkedin.com/jobs/view/product-manager-dbs-at-bnberry-4468646013,https://www.linkedin.com/company/bnberry,4468646013
BOAS | Save Fashion For Good,Marketing,Amsterdam,2026-09-01,social media medewerker webshop,nee,https://nl.linkedin.com/jobs/view/marketing-at-boas-save-fashion-for-good-4459291834,https://nl.linkedin.com/company/boas-savefashion,4459291834
Boermarke,Magazijnmedewerker / Orderpicker,Enschede,2026-04-24,fulfilment medewerker,nee,https://nl.linkedin.com/jobs/view/magazijnmedewerker-orderpicker-at-boermarke-b-v-4403760996,https://nl.linkedin.com/company/boermarke,4403760996
BOERplay,Commercieel medewerker binnendienst,Almkerk,2026-05-19,medewerker verkoop binnendienst webshop,nee,https://nl.linkedin.com/jobs/view/commercieel-medewerker-binnendienst-at-boerplay-4416659830,https://nl.linkedin.com/company/boer-speeltoestellen-bv,4416659830
Boerschappen,Allround Logistiek Medewerker,Breda,2025-11-28,fulfilment medewerker,ja,https://nl.linkedin.com/jobs/view/allround-logistiek-medewerker-at-boerschappen-4348010186,https://nl.linkedin.com/company/boerschappen-b-v-,4348010186
bol,Marketing Automation &amp; Channel Optimization Specialist,Utrecht,2026-09-19,email marketeer webshop,nee,https://nl.linkedin.com/jobs/view/marketing-automation-channel-optimization-specialist-at-bol-4448776873,https://nl.linkedin.com/company/bol-com,4448776873
Bommel Wonen,Verkoopmedewerker – Amsterdam,Amsterdam,2026-06-16,medewerker verkoop binnendienst webshop,nee,https://nl.linkedin.com/jobs/view/verkoopmedewerker-%E2%80%93-amsterdam-at-bommel-wonen-4429705439,https://nl.linkedin.com/company/bommelwonen,4429705439
Bommel Wonen,Verkoopmedewerker – Almere,Almere,2026-06-16,medewerker verkoop binnendienst webshop,nee,https://nl.linkedin.com/jobs/view/verkoopmedewerker-%E2%80%93-almere-at-bommel-wonen-4429705416,https://nl.linkedin.com/company/bommelwonen,4429705416
Bommel Wonen,Verkoopmedewerker – Alkmaar,Alkmaar,2026-06-16,medewerker verkoop binnendienst webshop,nee,https://nl.linkedin.com/jobs/view/verkoopmedewerker-%E2%80%93-alkmaar-at-bommel-wonen-4429596658,https://nl.linkedin.com/company/bommelwonen,4429596658
Bommel Wonen,Verkoopmedewerker – Zoeterwoude,Zoeterwoude,2026-08-01,medewerker verkoop binnendienst webshop,nee,https://nl.linkedin.com/jobs/view/verkoopmedewerker-%E2%80%93-zoeterwoude-at-bommel-wonen-4447796383,https://nl.linkedin.com/company/bommelwonen,4447796383
Bommel Wonen,Medewerker inkoop (24-37 uur),Dordrecht,2026-08-21,supply chain medewerker webshop,nee,https://nl.linkedin.com/jobs/view/medewerker-inkoop-24-37-uur-at-bommel-wonen-4457320012,https://nl.linkedin.com/company/bommelwonen,4457320012
Bommel Wonen,Verkoopmedewerker – Zoetermeer,Zoetermeer,2026-09-19,medewerker verkoop binnendienst webshop,nee,https://nl.linkedin.com/jobs/view/verkoopmedewerker-%E2%80%93-zoetermeer-at-bommel-wonen-4469555889,https://nl.linkedin.com/company/bommelwonen,4469555889
BONO,Graphic Designer | E-commerce &amp; Campaign Design,Amsterdam Area,2026-08-31,social media medewerker webshop,nee,https://nl.linkedin.com/jobs/view/graphic-designer-e-commerce-campaign-design-at-bono-4461053792,https://nl.linkedin.com/company/bonobv,4461053792
bookaball,Product Owner,Amsterdam,2026-09-16,product owner webshop,nee,https://nl.linkedin.com/jobs/view/product-owner-at-bookaball-4467961852,https://nl.linkedin.com/company/bookaball,4467961852
Bookchoice,Stagiair marketing,Amsterdam,2026-09-14,email marketeer webshop,nee,https://nl.linkedin.com/jobs/view/stagiair-marketing-at-bookchoice-4465718273,https://nl.linkedin.com/company/bookchoice,4465718273
Booking Boosters,Online Marketeer DACH,Enschede,2026-08-04,email marketeer webshop,nee,https://nl.linkedin.com/jobs/view/online-marketeer-dach-at-booking-boosters-4449081727,https://nl.linkedin.com/company/bookingboosters,4449081727
Booking Boosters,Content &amp; Social Ads Marketeer DACH,Enschede,2026-08-04,social media medewerker webshop,nee,https://nl.linkedin.com/jobs/view/content-social-ads-marketeer-dach-at-booking-boosters-4449079863,https://nl.linkedin.com/company/bookingboosters,4449079863
Booking Boosters,Marketing Automation Specialist,Enschede,2026-08-20,email marketeer webshop,nee,https://nl.linkedin.com/jobs/view/marketing-automation-specialist-at-booking-boosters-4456705641,https://nl.linkedin.com/company/bookingboosters,4456705641
Booking Boosters,Customer Support Specialist DACH,Enschede,2026-09-16,customer succes,nee,https://nl.linkedin.com/jobs/view/customer-support-specialist-dach-at-booking-boosters-4468318072,https://nl.linkedin.com/company/bookingboosters,4468318072
Booking Experts,Senior Online Marketeer,Enschede,2026-03-06,email marketeer webshop,nee,https://nl.linkedin.com/jobs/view/senior-online-marketeer-at-booking-experts-b-v-4381010316,https://nl.linkedin.com/company/bookingexperts,4381010316
Booking Experts,Customer Success Specialist,Enschede,2026-03-24,customer succes,nee,https://nl.linkedin.com/jobs/view/customer-success-specialist-at-booking-experts-b-v-4389326232,https://nl.linkedin.com/company/bookingexperts,4389326232
Booking Experts,Customer Success Manager,Enschede,2026-03-28,customer succes,nee,https://nl.linkedin.com/jobs/view/customer-success-manager-at-booking-experts-b-v-4391239572,https://nl.linkedin.com/company/bookingexperts,4391239572
Booking Experts,Medior Social Media &amp; Content Marketeer,Enschede,2026-06-04,social media medewerker webshop,nee,https://nl.linkedin.com/jobs/view/medior-social-media-content-marketeer-at-booking-experts-b-v-4424275717,https://nl.linkedin.com/company/bookingexperts,4424275717
Booking Experts,Online Marketeer DACH,Enschede,2026-07-16,email marketeer webshop,nee,https://nl.linkedin.com/jobs/view/online-marketeer-dach-at-booking-experts-b-v-4440783759,https://nl.linkedin.com/company/bookingexperts,4440783759
Booking Experts,Content &amp; Social Ads Marketer DACH,Enschede,2026-07-16,social media medewerker webshop,nee,https://nl.linkedin.com/jobs/view/content-social-ads-marketer-dach-at-booking-experts-b-v-4440784710,https://nl.linkedin.com/company/bookingexperts,4440784710
Booking Experts,Content &amp; Social Ads Marketeer DACH,Enschede,2026-07-16,social media medewerker webshop,nee,https://nl.linkedin.com/jobs/view/content-social-ads-marketeer-dach-at-booking-experts-b-v-4440783744,https://nl.linkedin.com/company/bookingexperts,4440783744
Booking Experts,Onboarding Specialist – Deutschsprachiger Markt,Enschede,2026-07-29,conversie specialist,nee,https://nl.linkedin.com/jobs/view/onboarding-specialist-%E2%80%93-deutschsprachiger-markt-at-booking-experts-b-v-4444150891,https://nl.linkedin.com/company/bookingexperts,4444150891
Booking Experts,Marketing Automation Specialist,Enschede,2026-08-20,email marketeer webshop,nee,https://nl.linkedin.com/jobs/view/marketing-automation-specialist-at-booking-experts-b-v-4455694619,https://nl.linkedin.com/company/bookingexperts,4455694619
Booking Experts,Customer Support Specialist DACH,Enschede,2026-09-17,conversie specialist,nee,https://nl.linkedin.com/jobs/view/customer-support-specialist-dach-at-booking-experts-b-v-4467141096,https://nl.linkedin.com/company/bookingexperts,4467141096
Booking Experts,Customer Support Specialist DACH,Enschede,2026-09-17,customer succes,nee,https://nl.linkedin.com/jobs/view/customer-support-specialist-dach-at-booking-experts-b-v-4467138168,https://nl.linkedin.com/company/bookingexperts,4467138168
Booking.com,"Director of Product, Merchandising &amp; Trip Planning",Amsterdam,2026-09-03,product owner webshop,nee,https://nl.linkedin.com/jobs/view/director-of-product-merchandising-trip-planning-at-booking-com-4443334718,https://nl.linkedin.com/company/booking.com,4443334718
Bookmap,Social Media Specialist,Nederland,2026-08-03,social media medewerker webshop,nee,https://nl.linkedin.com/jobs/view/social-media-specialist-at-bookmap-4448360385,https://cy.linkedin.com/company/bookmap-ltd,4448360385
Booston.io,Teamleider Productie,Scherpenzeel,2026-09-21,inkoper webshop,nee,https://nl.linkedin.com/jobs/view/teamleider-productie-at-booston-io-4468720845,https://nl.linkedin.com/company/booston,4468720845
Booston.io,Administratief Medewerker (32-40 uur per week),Oss,2026-09-21,inkoper webshop,nee,https://nl.linkedin.com/jobs/view/administratief-medewerker-32-40-uur-per-week-at-booston-io-4468719633,https://nl.linkedin.com/company/booston,4468719633
Booston.io,Commercieel Medewerker Binnendienst Helmacab Gorinchem (rechtstreeks contract),Schelluinen,2026-09-21,medewerker verkoop binnendienst webshop,nee,https://nl.linkedin.com/jobs/view/commercieel-medewerker-binnendienst-helmacab-gorinchem-rechtstreeks-contract-at-booston-io-4468721775,https://nl.linkedin.com/company/booston,4468721775
Bosch Bedding,Content &amp; Marketing Talent,Vianen,2026-08-04,social media medewerker webshop,nee,https://nl.linkedin.com/jobs/view/content-marketing-talent-at-bosch-bedding-4447573332,https://nl.linkedin.com/company/bosch-bedding,4447573332
BOSKA Food Tools,Commercieel Medewerker Binnendienst,Bodegraven,2026-08-27,medewerker verkoop binnendienst webshop,nee,https://nl.linkedin.com/jobs/view/commercieel-medewerker-binnendienst-at-boska-food-tools-4457717092,https://nl.linkedin.com/company/boska-holland,4457717092
Boston Scientific,Technical Support Specialist (English &amp; French speaking),Kerkrade,2026-08-21,after sales medewerker,nee,https://nl.linkedin.com/jobs/view/technical-support-specialist-english-french-speaking-at-boston-scientific-4456757750,https://www.linkedin.com/company/boston-scientific,4456757750
BOTMAS,Social &amp; Content Creative,Amsterdam,2026-09-22,social media medewerker webshop,nee,https://nl.linkedin.com/jobs/view/social-content-creative-at-botmas-4470423202,https://nl.linkedin.com/company/botmas,4470423202
Bouwmaat,Commercieel Medewerker Binnendienst,Nieuwegein,2026-05-19,medewerker verkoop binnendienst webshop,nee,https://nl.linkedin.com/jobs/view/commercieel-medewerker-binnendienst-at-bouwmaat-4415799458,https://nl.linkedin.com/company/bouwmaat,4415799458
Bouwmaat,Commercieel Medewerker Binnendienst,Hoofddorp,2026-05-19,medewerker verkoop binnendienst webshop,nee,https://nl.linkedin.com/jobs/view/commercieel-medewerker-binnendienst-at-bouwmaat-4415901397,https://nl.linkedin.com/company/bouwmaat,4415901397
Bouwmaat,Commercieel Medewerker Binnendienst,Utrecht Area,2026-05-19,medewerker verkoop binnendienst webshop,nee,https://nl.linkedin.com/jobs/view/commercieel-medewerker-binnendienst-at-bouwmaat-4415790623,https://nl.linkedin.com/company/bouwmaat,4415790623
Bouwmaat,Commercieel Medewerker Binnendienst,Alphen aan den Rijn,2026-05-19,medewerker verkoop binnendienst webshop,nee,https://nl.linkedin.com/jobs/view/commercieel-medewerker-binnendienst-at-bouwmaat-4415792554,https://nl.linkedin.com/company/bouwmaat,4415792554
Bouwmaat,Commercieel Medewerker Binnendienst,Helmond,2026-05-19,medewerker verkoop binnendienst webshop,nee,https://nl.linkedin.com/jobs/view/commercieel-medewerker-binnendienst-at-bouwmaat-4415902410,https://nl.linkedin.com/company/bouwmaat,4415902410
Bouwmaat,Commercieel medewerker binnendienst,Den Haag,2026-05-19,medewerker verkoop binnendienst webshop,nee,https://nl.linkedin.com/jobs/view/commercieel-medewerker-binnendienst-at-bouwmaat-4415912001,https://nl.linkedin.com/company/bouwmaat,4415912001
Bouwmaat,Commercieel Medewerker (Binnendienst),Amsterdam Area,2026-06-03,medewerker verkoop binnendienst webshop,nee,https://nl.linkedin.com/jobs/view/commercieel-medewerker-binnendienst-at-bouwmaat-4424212002,https://nl.linkedin.com/company/bouwmaat,4424212002
Bouwmaat,Commercieel Medewerker (Binnendienst),Almere,2026-06-11,medewerker verkoop binnendienst webshop,nee,https://nl.linkedin.com/jobs/view/commercieel-medewerker-binnendienst-at-bouwmaat-4426284537,https://nl.linkedin.com/company/bouwmaat,4426284537
Bouwmaat,Medewerker Service (24-40 uur),Hilversum,2026-06-12,customer service parttime,nee,https://nl.linkedin.com/jobs/view/medewerker-service-24-40-uur-at-bouwmaat-4427206525,https://nl.linkedin.com/company/bouwmaat,4427206525
Bouwmaat,Commercieel Medewerker Binnendienst,Purmerend,2026-07-03,medewerker verkoop binnendienst webshop,nee,https://nl.linkedin.com/jobs/view/commercieel-medewerker-binnendienst-at-bouwmaat-4435451250,https://nl.linkedin.com/company/bouwmaat,4435451250
Bouwmaat,Verkoopadviseur binnendienst,Apeldoorn,2026-07-14,medewerker verkoop binnendienst webshop,nee,https://nl.linkedin.com/jobs/view/verkoopadviseur-binnendienst-at-bouwmaat-4439899443,https://nl.linkedin.com/company/bouwmaat,4439899443
Bouwmaat,Sales Medewerker Binnendienst Bouwmaterialen,Schiedam,2026-07-24,medewerker verkoop binnendienst webshop,nee,https://nl.linkedin.com/jobs/view/sales-medewerker-binnendienst-bouwmaterialen-at-bouwmaat-4444330848,https://nl.linkedin.com/company/bouwmaat,4444330848
Bouwmaat,Commercieel Verkoopadviseur Binnendienst,Schiedam,2026-07-27,medewerker verkoop binnendienst webshop,nee,https://nl.linkedin.com/jobs/view/commercieel-verkoopadviseur-binnendienst-at-bouwmaat-4445128387,https://nl.linkedin.com/company/bouwmaat,4445128387
Bouwmaat,Commercieel Medewerker Binnendienst,Eindhoven Area,2026-08-25,medewerker verkoop binnendienst webshop,nee,https://nl.linkedin.com/jobs/view/commercieel-medewerker-binnendienst-at-bouwmaat-4457480345,https://nl.linkedin.com/company/bouwmaat,4457480345
Bouwmaat,Commercieel Medewerker (Binnendienst),Amsterdam Area,2026-09-07,medewerker verkoop binnendienst webshop,nee,https://nl.linkedin.com/jobs/view/commercieel-medewerker-binnendienst-at-bouwmaat-4462951045,https://nl.linkedin.com/company/bouwmaat,4462951045
Bouwmaat,Commercieel Medewerker Binnendienst,Alkmaar,2026-09-21,medewerker verkoop binnendienst webshop,nee,https://nl.linkedin.com/jobs/view/commercieel-medewerker-binnendienst-at-bouwmaat-4468136612,https://nl.linkedin.com/company/bouwmaat,4468136612
BproCare,Sales Binnendienst,Apeldoorn,2026-09-04,medewerker verkoop binnendienst webshop,nee,https://nl.linkedin.com/jobs/view/sales-binnendienst-at-bprocare-4463303595,https://nl.linkedin.com/company/bprocare,4463303595
BrandPit,"*vervuld* vacature website &amp; performance marketeer. theater, amsterdam.",Loenen,2026-04-16,email marketeer webshop,nee,https://nl.linkedin.com/jobs/view/vervuld-vacature-website-performance-marketeer-theater-amsterdam-at-brandpit-4402677114,https://nl.linkedin.com/company/brandpit,4402677114
Brandstof,Klantenservicemedewerker ANWB,Den Haag,2026-09-01,customer service parttime,nee,https://nl.linkedin.com/jobs/view/klantenservicemedewerker-anwb-at-brandstof-4459534116,https://nl.linkedin.com/company/wijzijnbrandstof,4459534116
Breedweer Facilitaire Diensten,Stagiair(e) Content Creatie &amp; Social Media,Amsterdam,2026-07-13,social media medewerker webshop,nee,https://nl.linkedin.com/jobs/view/stagiair-e-content-creatie-social-media-at-breedweer-facilitaire-diensten-4439447444,https://nl.linkedin.com/company/breedweer-facilitaire-diensten,4439447444
Breman Installatiegroep,Bijbaan Medewerker Klant Contact Centrum (avond/weekend),Genemuiden,2026-09-02,customer service parttime,nee,https://nl.linkedin.com/jobs/view/bijbaan-medewerker-klant-contact-centrum-avond-weekend-at-breman-installatiegroep-4462164547,https://nl.linkedin.com/company/breman-installatiegroep,4462164547
Bright.nl,E-MAIL MARKETEER,Amsterdam,2026-08-07,email marketeer webshop,nee,https://nl.linkedin.com/jobs/view/e-mail-marketeer-at-bright-nl-4448715477,https://nl.linkedin.com/company/brightnl,4448715477
Bright.nl,WOMEN'S HEALTH SOCIAL MEDIA STAGE,Amsterdam,2026-08-07,social media medewerker webshop,nee,https://nl.linkedin.com/jobs/view/women-s-health-social-media-stage-at-bright-nl-4448727272,https://nl.linkedin.com/company/brightnl,4448727272
Brink's Solutions Nederland,Customer Success Agent (32-40 uur),"Utrecht, Nederland",2026-09-08,after sales medewerker,nee,https://nl.linkedin.com/jobs/view/customer-success-agent-32-40-uur-at-brink-s-solutions-nederland-4462295963,https://nl.linkedin.com/company/brinksnl,4462295963
Brite Wireless | Dé specialist in WiFi &amp; ICT voor het VO onderwijs en de zorg,Teamleider Servicedesk Brite,Enschede,2026-08-31,servicedesk medewerker webshop,nee,https://nl.linkedin.com/jobs/view/teamleider-servicedesk-brite-at-brite-wireless-d%C3%A9-specialist-in-wifi-ict-voor-het-vo-onderwijs-en-de-zorg-4461093552,https://nl.linkedin.com/company/brite-wireless-expertise-buro-b-v-,4461093552
BriteOrange,Junior CRM Consultant,Etten-Leur,2026-08-04,email marketeer webshop,nee,https://nl.linkedin.com/jobs/view/junior-crm-consultant-at-briteorange-4448275683,https://nl.linkedin.com/company/briteorange,4448275683
BriteOrange,CRM Consultant,Etten-Leur,2026-08-04,email marketeer webshop,nee,https://nl.linkedin.com/jobs/view/crm-consultant-at-briteorange-4448277595,https://nl.linkedin.com/company/briteorange,4448277595
Brivo,Technical Support Agent,Amsterdam,2026-09-14,after sales medewerker,nee,https://nl.linkedin.com/jobs/view/technical-support-agent-at-brivo-4464761665,https://www.linkedin.com/company/brivo-inc,4464761665
Brivo,Customer Success Account Manager,Amsterdam,2026-09-18,customer succes,nee,https://nl.linkedin.com/jobs/view/customer-success-account-manager-at-brivo-4466671925,https://www.linkedin.com/company/brivo-inc,4466671925
Brocacef,IT Business Product Support,"Utrecht, Nederland",2026-08-31,servicedesk medewerker webshop,nee,https://nl.linkedin.com/jobs/view/it-business-product-support-at-brocacef-4449997983,https://nl.linkedin.com/company/brocacef,4449997983
Brocacef,Facilitair servicedesk medewerker,Utrecht,2026-08-31,servicedesk medewerker webshop,nee,https://nl.linkedin.com/jobs/view/facilitair-servicedesk-medewerker-at-brocacef-4413945247,https://nl.linkedin.com/company/brocacef,4413945247
Brocacef,Product Owner Data DevOps,Utrecht,2026-09-14,product owner webshop,nee,https://nl.linkedin.com/jobs/view/product-owner-data-devops-at-brocacef-4458199523,https://nl.linkedin.com/company/brocacef,4458199523
Brunel,IT Servicedesk Medewerker,Utrecht,2026-09-21,servicedesk medewerker webshop,nee,https://nl.linkedin.com/jobs/view/it-servicedesk-medewerker-at-brunel-4469891172,https://nl.linkedin.com/company/brunel,4469891172
Brunel,Medewerker klantcontactcenter pensioen,Tilburg,2026-09-22,customer service parttime,nee,https://nl.linkedin.com/jobs/view/medewerker-klantcontactcenter-pensioen-at-brunel-4470444596,https://nl.linkedin.com/company/brunel,4470444596
Brunel,Medewerker klantcontactcenter pensioen,Zeist,2026-09-22,customer service parttime,nee,https://nl.linkedin.com/jobs/view/medewerker-klantcontactcenter-pensioen-at-brunel-4470456192,https://nl.linkedin.com/company/brunel,4470456192
Brusche Elektrotechniek,Magazijnmedewerker,Almelo,2026-07-21,fulfilment medewerker,nee,https://nl.linkedin.com/jobs/view/magazijnmedewerker-at-brusche-elektrotechniek-4440438627,https://nl.linkedin.com/company/brusche-elektrotechniek,4440438627
Budget Thuis,Klantenservice Medewerker Internet,Amsterdam,2026-09-21,after sales medewerker,nee,https://nl.linkedin.com/jobs/view/klantenservice-medewerker-internet-at-budget-thuis-4467615309,https://nl.linkedin.com/company/budgetthuis-b-v-,4467615309
Bugaboo Group,Growth Content &amp; Product Data Specialist,Amsterdam,2026-09-18,email marketeer webshop,nee,https://nl.linkedin.com/jobs/view/growth-content-product-data-specialist-at-bugaboo-group-4466683442,https://www.linkedin.com/company/bugaboo-group,4466683442
Build in Amsterdam | Powered by Front Row,Digital Project Manager,Amsterdam,2026-09-01,product owner webshop,nee,https://nl.linkedin.com/jobs/view/digital-project-manager-at-build-in-amsterdam-powered-by-front-row-4459274000,https://nl.linkedin.com/company/build-in-amsterdam,4459274000
Built Different,Customer Success Lead,Amsterdam,2026-09-15,customer succes,nee,https://nl.linkedin.com/jobs/view/customer-success-lead-at-built-different-4467720289,https://nl.linkedin.com/company/builtdifferent-talent,4467720289
Bunk,Reservations Agent,Amsterdam,2026-09-21,customer service parttime,nee,https://nl.linkedin.com/jobs/view/reservations-agent-at-bunk-4469846836,https://nl.linkedin.com/company/wearebunk,4469846836
Burger Support BV,Technisch Support Medewerker,Almere,2026-09-02,after sales medewerker,nee,https://nl.linkedin.com/jobs/view/technisch-support-medewerker-at-burger-support-bv-4462173297,https://nl.linkedin.com/company/burgersupport,4462173297
Burger Support BV,Information Centre &amp; E-commerce Coördinator,Lelystad,2026-09-02,customer service parttime,nee,https://nl.linkedin.com/jobs/view/information-centre-e-commerce-co%C3%B6rdinator-at-burger-support-bv-4462191006,https://nl.linkedin.com/company/burgersupport,4462191006
Burger Support BV,Customer Service Medewerker,Lelystad,2026-09-17,after sales medewerker,nee,https://nl.linkedin.com/jobs/view/customer-service-medewerker-at-burger-support-bv-4468602778,https://nl.linkedin.com/company/burgersupport,4468602778
Burger Support BV,Onboarding &amp; Customer Succes Specialist,Hilversum,2026-09-17,conversie specialist,nee,https://nl.linkedin.com/jobs/view/onboarding-customer-succes-specialist-at-burger-support-bv-4468606536,https://nl.linkedin.com/company/burgersupport,4468606536
BUX,Customer Support Representative (Nederlandstalig),Amsterdam,2026-09-08,klantsupport,nee,https://nl.linkedin.com/jobs/view/customer-support-representative-nederlandstalig-at-bux-4452360388,https://nl.linkedin.com/company/bux,4452360388
BUX,Customer Support Representative (deutschsprachig),Amsterdam,2026-09-08,klantsupport,nee,https://nl.linkedin.com/jobs/view/customer-support-representative-deutschsprachig-at-bux-4463286894,https://nl.linkedin.com/company/bux,4463286894
Buzz Power Banks,Country Manager,Amsterdam,2026-09-01,inkoper webshop,nee,https://nl.linkedin.com/jobs/view/country-manager-at-buzz-power-banks-4459281602,https://www.linkedin.com/company/buzznl,4459281602
Buzzzle | communicatie &amp; participatie B.V.,Junior communicatieadviseur (24-36 uur per week),Sliedrecht,2026-09-16,conversie specialist,nee,https://nl.linkedin.com/jobs/view/junior-communicatieadviseur-24-36-uur-per-week-at-buzzzle-participatie-communicatie-4468248207,https://nl.linkedin.com/company/buzzzle,4468248207
BYZZ,Medewerker technische ondersteuning,Leusden,2026-08-31,medewerker verkoop binnendienst webshop,nee,https://nl.linkedin.com/jobs/view/medewerker-technische-ondersteuning-at-byzz-4461066818,https://nl.linkedin.com/company/byzz,4461066818
Cabau Lifestyle,CRO Specialist,Arnhem,2026-08-21,inkoper webshop,ja,https://nl.linkedin.com/jobs/view/cro-specialist-at-cabau-lifestyle-4457305819,https://nl.linkedin.com/company/cabau-lifestyle,4457305819
Cabau Lifestyle,Social Advertising Specialist,Arnhem,2026-08-25,social media medewerker webshop,ja,https://nl.linkedin.com/jobs/view/social-advertising-specialist-at-cabau-lifestyle-4458739034,https://nl.linkedin.com/company/cabau-lifestyle,4458739034
Cable Partners B.V.,Ervaren medewerker verkoop binnendienst,Roosendaal,2026-08-04,medewerker verkoop binnendienst webshop,nee,https://nl.linkedin.com/jobs/view/ervaren-medewerker-verkoop-binnendienst-at-cable-partners-b-v-4448300405,https://nl.linkedin.com/company/cable-partners-b.v.,4448300405
Cadmes,Senior Customer Care medewerker,'s-Hertogenbosch,2026-09-21,after sales medewerker,nee,https://nl.linkedin.com/jobs/view/senior-customer-care-medewerker-at-cadmes-4366756757,https://nl.linkedin.com/company/cadmes,4366756757
Calder Holding B.V.,"Digital Marketeer (Campagne, E-mail &amp; Growth)","Utrecht, Nederland",2026-09-15,email marketeer webshop,nee,https://nl.linkedin.com/jobs/view/digital-marketeer-campagne-e-mail-growth-at-calder-holding-b-v-4456305349,https://nl.linkedin.com/company/calder-holding-b-v-,4456305349
Caleffi Hydronic Solutions,Marketing &amp; Sales Support Coordinator,Weert,2026-09-13,conversie specialist,nee,https://nl.linkedin.com/jobs/view/marketing-sales-support-coordinator-at-caleffi-hydronic-solutions-4464745167,https://it.linkedin.com/company/caleffi-s-p-a-,4464745167
Calvijn College,ICT-ondersteuner,Goes,2026-09-22,servicedesk medewerker webshop,nee,https://nl.linkedin.com/jobs/view/ict-ondersteuner-at-calvijn-college-4470448951,https://nl.linkedin.com/company/calvijn-college,4470448951
Camfil Nederland,Coördinator E-commerce &amp; Digitale Processen,Ede,2026-09-22,product owner webshop,nee,https://nl.linkedin.com/jobs/view/co%C3%B6rdinator-e-commerce-digitale-processen-at-camfil-nederland-4468577637,https://nl.linkedin.com/company/camfil-nederland,4468577637
Canva,"Creative Strategist, Growth Marketing, Netherlands (12-Month Contract)",Amsterdam,2026-09-02,conversie specialist,nee,https://nl.linkedin.com/jobs/view/creative-strategist-growth-marketing-netherlands-12-month-contract-at-canva-4460965865,https://au.linkedin.com/company/canva,4460965865
Canva,Dutch Language Manager (12 month contract),Amsterdam,2026-09-08,conversie specialist,nee,https://nl.linkedin.com/jobs/view/dutch-language-manager-12-month-contract-at-canva-4445159876,https://au.linkedin.com/company/canva,4445159876
Capisoft,Performance &amp; Growth Marketing Trainee,Amsterdam,2026-08-26,email marketeer webshop,nee,https://nl.linkedin.com/jobs/view/performance-growth-marketing-trainee-at-capisoft-4459310025,https://nl.linkedin.com/company/capisoftnl,4459310025
Capisoft,Traineeship Social &amp; Brand Manager,Amsterdam,2026-08-26,social media medewerker webshop,nee,https://nl.linkedin.com/jobs/view/traineeship-social-brand-manager-at-capisoft-4459189606,https://nl.linkedin.com/company/capisoftnl,4459189606
Catawiki,Senior Product Manager - Demand,Randstad,2026-09-04,product owner webshop,nee,https://nl.linkedin.com/jobs/view/senior-product-manager-demand-at-catawiki-4450481725,https://nl.linkedin.com/company/catawiki,4450481725
Catawiki,Expert Stamps Benelux,Nederland,2026-09-06,inkoper webshop,nee,https://nl.linkedin.com/jobs/view/expert-stamps-benelux-at-catawiki-4438184671,https://nl.linkedin.com/company/catawiki,4438184671
Catawiki,Junior IT Support Specialist,Randstad,2026-09-22,servicedesk medewerker webshop,nee,https://nl.linkedin.com/jobs/view/junior-it-support-specialist-at-catawiki-4468584664,https://nl.linkedin.com/company/catawiki,4468584664
Catch of the Day,Stagiair Online Marketing &amp; Social Media,Amsterdam,2026-06-17,social media medewerker webshop,nee,https://nl.linkedin.com/jobs/view/stagiair-online-marketing-social-media-at-catch-of-the-day-4427987221,https://nl.linkedin.com/company/catchoftheday,4427987221
Cato Networks,Customer Success Manager,Amsterdam,2026-09-22,customer succes,nee,https://nl.linkedin.com/jobs/view/customer-success-manager-at-cato-networks-4440136307,https://il.linkedin.com/company/cato-networks,4440136307
CAVALLARO NAPOLI,Online Merchandiser,Haarlem,2026-09-08,product owner webshop,nee,https://nl.linkedin.com/jobs/view/online-merchandiser-at-cavallaro-napoli-4452705820,https://nl.linkedin.com/company/cavallaro-fashion,4452705820
CCS connects,Support Specialist,Woerden,2026-07-30,after sales medewerker,nee,https://nl.linkedin.com/jobs/view/support-specialist-at-ccs-connects-4444554245,https://nl.linkedin.com/company/ccs-connects,4444554245
CDA,Digital marketeer,Den Haag,2026-09-18,social media medewerker webshop,nee,https://nl.linkedin.com/jobs/view/digital-marketeer-at-cda-4251674255,https://nl.linkedin.com/company/cda,4251674255
CDH Professionals,Product Owner,Leeuwarden,2026-08-26,product owner webshop,nee,https://nl.linkedin.com/jobs/view/product-owner-at-cdh-professionals-4459154848,https://uk.linkedin.com/company/cdh-professionals,4459154848
Celonis,Client Value Partner - Digital Technology,Amsterdam Area,2026-09-11,customer succes,nee,https://nl.linkedin.com/jobs/view/client-value-partner-digital-technology-at-celonis-4463981289,https://www.linkedin.com/company/celonis,4463981289
Cemex B.V.,Commercieel medewerker,Bleiswijk,2026-09-19,medewerker verkoop binnendienst webshop,nee,https://nl.linkedin.com/jobs/view/commercieel-medewerker-at-cemex-b-v-4464548001,https://nl.linkedin.com/company/cemexbv,4464548001
Centaur,Online marketeer,Zwolle,2026-09-15,conversie specialist,nee,https://nl.linkedin.com/jobs/view/online-marketeer-at-centaur-4467712937,https://nl.linkedin.com/company/centaur-21,4467712937
Centric,Product Owner BakerWare,Hoogeveen,2026-09-07,product owner webshop,nee,https://nl.linkedin.com/jobs/view/product-owner-bakerware-at-centric-4462231356,https://nl.linkedin.com/company/centric,4462231356
Cepro International B.V.,Allround Logistiek en Technische Medewerker,Rijen,2026-09-08,fulfilment medewerker,nee,https://nl.linkedin.com/jobs/view/allround-logistiek-en-technische-medewerker-at-cepro-international-b-v-4225302611,https://nl.linkedin.com/company/cepro-international-bv,4225302611
CEVA Logistics,Customer Service Employee,Waalwijk,2026-09-15,conversie specialist,nee,https://nl.linkedin.com/jobs/view/customer-service-employee-at-ceva-logistics-4465521742,https://fr.linkedin.com/company/ceva-logistics,4465521742
CEVA Logistics,Sales Support Executive,Nijmegen,2026-09-22,conversie specialist,nee,https://nl.linkedin.com/jobs/view/sales-support-executive-at-ceva-logistics-4468572747,https://fr.linkedin.com/company/ceva-logistics,4468572747
CGI Nederland,On Site Support Specialist - Global Technology Operations,Schaijk,2026-09-05,servicedesk medewerker webshop,nee,https://nl.linkedin.com/jobs/view/on-site-support-specialist-global-technology-operations-at-cgi-nederland-4445232652,https://nl.linkedin.com/company/cgi-in-nederland,4445232652
Chane,IT Service Desk Medewerker,Rotterdam,2026-09-04,servicedesk medewerker webshop,nee,https://nl.linkedin.com/jobs/view/it-service-desk-medewerker-at-chane-4429332633,https://www.linkedin.com/company/chaneterminals,4429332633
Chane,Customer Service Medewerker Nieuwe Maas,Rotterdam,2026-09-17,klantsupport,nee,https://nl.linkedin.com/jobs/view/customer-service-medewerker-nieuwe-maas-at-chane-4466263623,https://www.linkedin.com/company/chaneterminals,4466263623
Channable,Technischer Kundensupport DACH - Deutschsprachig,Utrecht,2026-09-10,servicedesk medewerker webshop,nee,https://nl.linkedin.com/jobs/view/technischer-kundensupport-dach-deutschsprachig-at-channable-4455674522,https://nl.linkedin.com/company/channable,4455674522
Channable,Technical Customer Support - Nederlands sprekend,Utrecht,2026-09-14,after sales medewerker,nee,https://nl.linkedin.com/jobs/view/technical-customer-support-nederlands-sprekend-at-channable-4465793230,https://nl.linkedin.com/company/channable,4465793230
Channable,Technical Customer Support Benelux - Dutch speaking,Utrecht,2026-09-18,after sales medewerker,nee,https://nl.linkedin.com/jobs/view/technical-customer-support-benelux-dutch-speaking-at-channable-4458970254,https://nl.linkedin.com/company/channable,4458970254
Channable,Customer Success Manager Benelux - Dutch speaking,Utrecht,2026-09-19,customer succes,nee,https://nl.linkedin.com/jobs/view/customer-success-manager-benelux-dutch-speaking-at-channable-4466965870,https://nl.linkedin.com/company/channable,4466965870
Check Point Software,Customer Success Manager,Utrecht,2026-09-21,customer succes,nee,https://nl.linkedin.com/jobs/view/customer-success-manager-at-check-point-software-4442515867,https://www.linkedin.com/company/check-point-software-technologies,4442515867
Cheesepop food group,Meewerkend Coördinator Logistiek &amp; Productie,Utrecht,2026-09-17,supply chain medewerker webshop,nee,https://nl.linkedin.com/jobs/view/meewerkend-co%C3%B6rdinator-logistiek-productie-at-cheesepop-food-group-4468613267,https://nl.linkedin.com/company/cheesepopfoodgroup,4468613267
ChipSoft Nederland,Front-end ontwikkelaar,Amsterdam,2026-09-21,inkoper webshop,nee,https://nl.linkedin.com/jobs/view/front-end-ontwikkelaar-at-chipsoft-nederland-4467626521,https://nl.linkedin.com/company/chipsoft,4467626521
CIMSOLUTIONS,Product Owner,"Drenthe, Nederland",2026-09-22,product owner webshop,nee,https://nl.linkedin.com/jobs/view/product-owner-at-cimsolutions-4468541981,https://nl.linkedin.com/company/cimsolutions,4468541981
CIMSOLUTIONS,Product Owner,"Overijssel, Nederland",2026-09-22,product owner webshop,nee,https://nl.linkedin.com/jobs/view/product-owner-at-cimsolutions-4468543883,https://nl.linkedin.com/company/cimsolutions,4468543883
CIMSOLUTIONS,Product Owner,"Groningen, Nederland",2026-09-22,product owner webshop,nee,https://nl.linkedin.com/jobs/view/product-owner-at-cimsolutions-4468541983,https://nl.linkedin.com/company/cimsolutions,4468541983
CIMSOLUTIONS,Product Owner,Utrecht Area,2026-09-22,product owner webshop,nee,https://nl.linkedin.com/jobs/view/product-owner-at-cimsolutions-4468539982,https://nl.linkedin.com/company/cimsolutions,4468539982
CIMSOLUTIONS,Product Owner,"Flevoland, Nederland",2026-09-22,product owner webshop,nee,https://nl.linkedin.com/jobs/view/product-owner-at-cimsolutions-4468548433,https://nl.linkedin.com/company/cimsolutions,4468548433
CIMSOLUTIONS,Product Owner,"Noord-Brabant, Nederland",2026-09-22,product owner webshop,nee,https://nl.linkedin.com/jobs/view/product-owner-at-cimsolutions-4468558116,https://nl.linkedin.com/company/cimsolutions,4468558116
CIMSOLUTIONS,Product Owner,"Noord-Holland, Nederland",2026-09-22,product owner webshop,nee,https://nl.linkedin.com/jobs/view/product-owner-at-cimsolutions-4468551229,https://nl.linkedin.com/company/cimsolutions,4468551229
CIMSOLUTIONS,Product Owner,"Friesland, Nederland",2026-09-22,product owner webshop,nee,https://nl.linkedin.com/jobs/view/product-owner-at-cimsolutions-4468562040,https://nl.linkedin.com/company/cimsolutions,4468562040
CIMSOLUTIONS,Product Owner,"Gelderland, Nederland",2026-09-22,product owner webshop,nee,https://nl.linkedin.com/jobs/view/product-owner-at-cimsolutions-4468562037,https://nl.linkedin.com/company/cimsolutions,4468562037
CIMSOLUTIONS,Product Owner,"Zuid-Holland, Nederland",2026-09-22,product owner webshop,nee,https://nl.linkedin.com/jobs/view/product-owner-at-cimsolutions-4468545690,https://nl.linkedin.com/company/cimsolutions,4468545690
CIMSOLUTIONS,Product Owner,Randstad,2026-09-22,product owner webshop,nee,https://nl.linkedin.com/jobs/view/product-owner-at-cimsolutions-4468550252,https://nl.linkedin.com/company/cimsolutions,4468550252
Cito,Senior Productowner,Arnhem,2026-08-04,product owner webshop,nee,https://nl.linkedin.com/jobs/view/senior-productowner-at-cito-4448886351,https://nl.linkedin.com/company/cito,4448886351
Claus Events,Allround Marketeer (PT/FT),Hoofddorp,2026-07-10,email marketeer webshop,nee,https://nl.linkedin.com/jobs/view/allround-marketeer-pt-ft-at-claus-events-4439073654,https://nl.linkedin.com/company/clausevents,4439073654
CleanJack,Customer Succes Manager CleanJack.AI,Zoetermeer,2026-07-29,customer succes,nee,https://nl.linkedin.com/jobs/view/customer-succes-manager-cleanjack-ai-at-cleanjack-4446808695,https://nl.linkedin.com/company/cleanjack,4446808695
Cleopatra Enterprise,Content Specialist,Zwijndrecht,2026-08-25,conversie specialist,nee,https://nl.linkedin.com/jobs/view/content-specialist-at-cleopatra-enterprise-4444103101,https://nl.linkedin.com/company/cleopatraenterprise,4444103101
Cleve &amp; Zonen,Medewerker Customer Service,Rotterdam,2026-03-02,after sales medewerker,nee,https://nl.linkedin.com/jobs/view/medewerker-customer-service-at-cleve-zonen-4378820855,https://nl.linkedin.com/company/cleve-zonen-b-v-,4378820855
Cleve &amp; Zonen,Customer Service Medewerker,Rotterdam,2026-08-21,klantsupport,nee,https://nl.linkedin.com/jobs/view/customer-service-medewerker-at-cleve-zonen-4457524926,https://nl.linkedin.com/company/cleve-zonen-b-v-,4457524926
Cleverbase,Front Desk Medewerker,Den Haag,2026-06-09,servicedesk medewerker webshop,nee,https://nl.linkedin.com/jobs/view/front-desk-medewerker-at-cleverbase-4426335235,https://nl.linkedin.com/company/cleverbase,4426335235
Cleverbase,Front Desk Employee,Den Haag,2026-07-23,servicedesk medewerker webshop,nee,https://nl.linkedin.com/jobs/view/front-desk-employee-at-cleverbase-4444435854,https://nl.linkedin.com/company/cleverbase,4444435854
ClickHouse,Technical Customer Support Engineer - EMEA,Nederland,2026-09-14,after sales medewerker,nee,https://nl.linkedin.com/jobs/view/technical-customer-support-engineer-emea-at-clickhouse-4467217642,https://www.linkedin.com/company/clickhouseinc,4467217642
ClikQ BV,Klantcontact specialist,Assen,2026-08-04,customer service parttime,nee,https://nl.linkedin.com/jobs/view/klantcontact-specialist-at-clikq-bv-4449041401,https://www.linkedin.com/company/clikq-bv,4449041401
Cloudpillo,Klantenservice Medewerker (24-28 uur),'s-Hertogenbosch,2026-08-26,customer service parttime,nee,https://nl.linkedin.com/jobs/view/klantenservice-medewerker-24-28-uur-at-cloudpillo-4459140287,https://www.linkedin.com/company/cloudpillo,4459140287
Cloudpillo,Klantenservice Medewerker - Duits / Engels,'s-Hertogenbosch,2026-09-14,after sales medewerker,nee,https://nl.linkedin.com/jobs/view/klantenservice-medewerker-duits-engels-at-cloudpillo-4446056309,https://www.linkedin.com/company/cloudpillo,4446056309
ClubCollect,Customer Support Representative,Assen,2025-10-26,after sales medewerker,nee,https://nl.linkedin.com/jobs/view/customer-support-representative-at-clubcollect-4317637159,https://nl.linkedin.com/company/clubcollect,4317637159
Cobalt Mounting Systems,Commercieel medewerker binnendienst,Zeewolde,2026-09-22,medewerker verkoop binnendienst webshop,nee,https://nl.linkedin.com/jobs/view/commercieel-medewerker-binnendienst-at-cobalt-mounting-systems-4439051753,https://nl.linkedin.com/company/cobalt-mounting-systems,4439051753
COC Midden-Gelderland,Communicatie &amp; social media specialist,Arnhem,2026-08-29,social media medewerker webshop,nee,https://nl.linkedin.com/jobs/view/communicatie-social-media-specialist-at-coc-midden-gelderland-4459489600,https://nl.linkedin.com/company/coc-midden-gelderland,4459489600
Coco &amp; Cici,Social Content Creator &amp; Influencer Medewerker,Bussum,2026-08-24,social media medewerker webshop,nee,https://nl.linkedin.com/jobs/view/social-content-creator-influencer-medewerker-at-coco-cici-4456196364,https://nl.linkedin.com/company/coco-cici,4456196364
CODE-ZERO,E-Commerce-Spezialist,Aalsmeer,2026-09-23,social media medewerker webshop,nee,https://nl.linkedin.com/jobs/view/e-commerce-spezialist-at-code-zero-4470691657,https://nl.linkedin.com/company/codezerosportswear,4470691657
Coffee IT - Ontwikkelaar van Mobiele en Web-apps (Part of The Digital Club),Online marketing stage,Utrecht,2025-09-08,email marketeer webshop,nee,https://nl.linkedin.com/jobs/view/online-marketing-stage-at-coffee-it-ontwikkelaar-van-mobiele-en-web-apps-part-of-the-digital-club-4297576435,https://nl.linkedin.com/company/coffee-it,4297576435
Cognite,Business Development Representative,Amsterdam,2026-09-21,conversie specialist,nee,https://nl.linkedin.com/jobs/view/business-development-representative-at-cognite-4405256722,https://www.linkedin.com/company/cognitedata,4405256722
Colliers,Customer Support Specialist,Nieuwegein,2026-09-08,after sales medewerker,nee,https://nl.linkedin.com/jobs/view/customer-support-specialist-at-colliers-4464492902,https://ca.linkedin.com/company/colliers,4464492902
Collins Foods Europe,Digital Channel Manager (Kiosk),Amsterdam Zuidoost,2026-09-14,email marketeer webshop,nee,https://nl.linkedin.com/jobs/view/digital-channel-manager-kiosk-at-collins-foods-europe-4467242281,https://nl.linkedin.com/company/collins-foods-europe,4467242281
Collins Foods Europe,Digital Channel Manager (Kiosk,Amsterdam,2026-09-15,email marketeer webshop,nee,https://nl.linkedin.com/jobs/view/digital-channel-manager-kiosk-at-collins-foods-europe-4467731090,https://nl.linkedin.com/company/collins-foods-europe,4467731090
Comcept,Adviseur Participatie &amp; Verandercommunicatie,Apeldoorn,2026-09-15,conversie specialist,nee,https://nl.linkedin.com/jobs/view/adviseur-participatie-verandercommunicatie-at-comcept-4467732765,https://nl.linkedin.com/company/comceptcommunicatie,4467732765
Comcept,Adviseur participatie &amp; verandercommunicatie,Enschede,2026-09-17,conversie specialist,nee,https://nl.linkedin.com/jobs/view/adviseur-participatie-verandercommunicatie-at-comcept-4468376757,https://nl.linkedin.com/company/comceptcommunicatie,4468376757
Commify,Business Development Representative,Amsterdam,2026-09-16,conversie specialist,nee,https://nl.linkedin.com/jobs/view/business-development-representative-at-commify-4468201900,https://uk.linkedin.com/company/commify,4468201900
Compacon NL,Inside Sales Medewerker,Barendrecht,2026-09-03,medewerker verkoop binnendienst webshop,nee,https://nl.linkedin.com/jobs/view/inside-sales-medewerker-at-compacon-nl-4462851979,https://nl.linkedin.com/company/compacon,4462851979
ComplianceWise,Customer Success Manager,Amsterdam Area,2026-08-28,conversie specialist,nee,https://nl.linkedin.com/jobs/view/customer-success-manager-at-compliancewise-4458961292,https://nl.linkedin.com/company/compliancewise,4458961292
ComplianceWise,Junior Sales,Amsterdam Area,2026-09-08,conversie specialist,nee,https://nl.linkedin.com/jobs/view/junior-sales-at-compliancewise-4463253863,https://nl.linkedin.com/company/compliancewise,4463253863
CompuGroup Medical SE &amp; Co. KGaA,L1 Support Professional,Echt,2026-09-02,after sales medewerker,nee,https://nl.linkedin.com/jobs/view/l1-support-professional-at-compugroup-medical-se-co-kgaa-4415662858,https://de.linkedin.com/company/compugroup-medical,4415662858
Concentrix,"Klantenservicemedewerker BMW Financial - Rijswijk - Maandsalaris van 2457,60",Rijswijk,2026-09-03,conversie specialist,nee,https://nl.linkedin.com/jobs/view/klantenservicemedewerker-bmw-financial-rijswijk-maandsalaris-van-2457-60-at-concentrix-4460740574,https://www.linkedin.com/company/concentrix,4460740574
Concentrix,Customer Service Representative,Arnhem,2026-09-05,customer service parttime,nee,https://nl.linkedin.com/jobs/view/customer-service-representative-at-concentrix-4384060601,https://www.linkedin.com/company/concentrix,4384060601
Concentrix,Klantenservicemedewerker BMW Customer Service - Rijswijk,Rijswijk,2026-09-07,after sales medewerker,nee,https://nl.linkedin.com/jobs/view/klantenservicemedewerker-bmw-customer-service-rijswijk-at-concentrix-4462215965,https://www.linkedin.com/company/concentrix,4462215965
Concentrix,Klantenservice medewerker bij Uitblinqers,Amsterdam,2026-09-14,customer service parttime,nee,https://nl.linkedin.com/jobs/view/klantenservice-medewerker-bij-uitblinqers-at-concentrix-4391516130,https://www.linkedin.com/company/concentrix,4391516130
Concentrix,Klantenservicemedewerker APG,Groningen,2026-09-17,customer service parttime,nee,https://nl.linkedin.com/jobs/view/klantenservicemedewerker-apg-at-concentrix-4429456456,https://www.linkedin.com/company/concentrix,4429456456
Concentrix,Klantenservicemedewerker Pensioen - APG - hybride,Groningen,2026-09-21,customer service parttime,nee,https://nl.linkedin.com/jobs/view/klantenservicemedewerker-pensioen-apg-hybride-at-concentrix-4469924767,https://www.linkedin.com/company/concentrix,4469924767
Concentrix,Capacity Manager,Groningen,2026-09-22,conversie specialist,nee,https://nl.linkedin.com/jobs/view/capacity-manager-at-concentrix-4468900758,https://www.linkedin.com/company/concentrix,4468900758
Conclusion Integration,Integratiespecialist Azure,Nieuwegein,2026-08-26,conversie specialist,nee,https://nl.linkedin.com/jobs/view/integratiespecialist-azure-at-conclusion-integration-4457239791,https://nl.linkedin.com/company/conclusion-integration,4457239791
Conclusion Integration,sr. Integratiespecialist,Nieuwegein,2026-08-26,conversie specialist,nee,https://nl.linkedin.com/jobs/view/sr-integratiespecialist-at-conclusion-integration-4457231855,https://nl.linkedin.com/company/conclusion-integration,4457231855
Conclusion Intelligence,Growth Marketeer,Randstad,2026-09-07,conversie specialist,nee,https://nl.linkedin.com/jobs/view/growth-marketeer-at-conclusion-intelligence-4464355925,https://nl.linkedin.com/company/conclusion-intelligence,4464355925
Conference Hotel Group,Hotel Relations Specialist,Weesp,2026-09-23,conversie specialist,nee,https://nl.linkedin.com/jobs/view/hotel-relations-specialist-at-conference-hotel-group-4468942481,https://nl.linkedin.com/company/conferencehotelgroup,4468942481
Conspicuous,ERP Sales Executive (SaaS),Amsterdam,2026-09-11,conversie specialist,nee,https://nl.linkedin.com/jobs/view/erp-sales-executive-saas-at-conspicuous-4353655828,https://uk.linkedin.com/company/conspicuous-ltd,4353655828
Content Guru,Support Engineer,Den Haag,2026-05-12,after sales medewerker,nee,https://nl.linkedin.com/jobs/view/support-engineer-at-content-guru-4405414175,https://uk.linkedin.com/company/content-guru,4405414175
Contentoo,Marketing Intern — Social &amp; Content,Amsterdam,2026-09-04,social media medewerker webshop,nee,https://nl.linkedin.com/jobs/view/marketing-intern-%E2%80%94-social-content-at-contentoo-4463360985,https://nl.linkedin.com/company/contentoo,4463360985
ContentXperience,Marketeer (medior/senior),Arnhem,2026-09-02,conversie specialist,nee,https://nl.linkedin.com/jobs/view/marketeer-medior-senior-at-contentxperience-4462149300,https://nl.linkedin.com/company/contentxperience,4462149300
Continia Software,Solution Consultant,Blaricum,2026-09-14,conversie specialist,nee,https://nl.linkedin.com/jobs/view/solution-consultant-at-continia-software-4467038675,https://dk.linkedin.com/company/continia-software-a-s,4467038675
Continu Professionals,Logistiek medewerker dagdienst,Hapert,2026-09-03,fulfilment medewerker,nee,https://nl.linkedin.com/jobs/view/logistiek-medewerker-dagdienst-at-continu-professionals-4461900378,https://nl.linkedin.com/company/continu,4461900378
Continu Professionals,Junior logistiek medewerker,Duizel,2026-09-22,fulfilment medewerker,nee,https://nl.linkedin.com/jobs/view/junior-logistiek-medewerker-at-continu-professionals-4469006435,https://nl.linkedin.com/company/continu,4469006435
Continu Professionals,Orderpicker ASML,Veldhoven,2026-09-22,fulfilment medewerker,nee,https://nl.linkedin.com/jobs/view/orderpicker-asml-at-continu-professionals-4469006438,https://nl.linkedin.com/company/continu,4469006438
Convatec,Patient Support Specialist - Dutch Speaker,Utrecht,2026-09-08,after sales medewerker,nee,https://nl.linkedin.com/jobs/view/patient-support-specialist-dutch-speaker-at-convatec-4455755288,https://uk.linkedin.com/company/convatec,4455755288
Coolblue,Klantenservice Medewerker,Rotterdam,2026-06-04,after sales medewerker,nee,https://nl.linkedin.com/jobs/view/klantenservice-medewerker-at-coolblue-4423516106,https://nl.linkedin.com/company/coolblue,4423516106
Coolblue,Product Journey Manager,Rotterdam,2026-06-04,product owner webshop,nee,https://nl.linkedin.com/jobs/view/product-journey-manager-at-coolblue-4423506689,https://nl.linkedin.com/company/coolblue,4423506689
Coolblue,Customer Service Representative German Speaking,Rotterdam,2026-07-03,klantsupport,nee,https://nl.linkedin.com/jobs/view/customer-service-representative-german-speaking-at-coolblue-4436465660,https://nl.linkedin.com/company/coolblue,4436465660
Coolblue,Klantenservice Medewerker Duitstalig,Rotterdam,2026-07-03,klantsupport,nee,https://nl.linkedin.com/jobs/view/klantenservice-medewerker-duitstalig-at-coolblue-4436467569,https://nl.linkedin.com/company/coolblue,4436467569
Coolblue,Owner Marketplaces,Rotterdam,2026-09-11,product owner webshop,nee,https://nl.linkedin.com/jobs/view/owner-marketplaces-at-coolblue-4466017537,https://nl.linkedin.com/company/coolblue,4466017537
Cooler Master,Warehouse Operator,Eindhoven,2026-08-27,fulfilment medewerker,nee,https://nl.linkedin.com/jobs/view/warehouse-operator-at-cooler-master-4459914339,https://tw.linkedin.com/company/coolermaster,4459914339
CoolSafety,Brand Marketeer,Leusden,2026-09-22,social media medewerker webshop,nee,https://nl.linkedin.com/jobs/view/brand-marketeer-at-coolsafety-4470280362,https://nl.linkedin.com/company/coolsafety,4470280362
Copaco,Online Marketeer,Eindhoven,2026-07-09,email marketeer webshop,nee,https://nl.linkedin.com/jobs/view/online-marketeer-at-copaco-4448157368,https://nl.linkedin.com/company/copaco,4448157368
Copaco,Junior Customer Success Medewerker,Eindhoven,2026-08-22,customer succes,nee,https://nl.linkedin.com/jobs/view/junior-customer-success-medewerker-at-copaco-4468223015,https://nl.linkedin.com/company/copaco,4468223015
Copaco,E-commerce specialist,Eindhoven,2026-09-08,product owner webshop,nee,https://nl.linkedin.com/jobs/view/e-commerce-specialist-at-copaco-4462296506,https://nl.linkedin.com/company/copaco,4462296506
Copaco,Junior Customer Success Medewerker,Eindhoven,2026-09-16,customer succes,nee,https://nl.linkedin.com/jobs/view/junior-customer-success-medewerker-at-copaco-4465979845,https://nl.linkedin.com/company/copaco,4465979845
Cordaan,Senior Product Owner CordaanWerkt,Amsterdam,2026-09-22,product owner webshop,nee,https://nl.linkedin.com/jobs/view/senior-product-owner-cordaanwerkt-at-cordaan-4466879884,https://nl.linkedin.com/company/cordaan,4466879884
Corpay,Partnership Account Manager,Amsterdam Area,2026-09-17,customer succes,nee,https://nl.linkedin.com/jobs/view/partnership-account-manager-at-corpay-4448531678,https://www.linkedin.com/company/corpay,4448531678
CorporateTrailer | The Power of Storytelling,Creative Marketeer,Vught,2026-09-14,social media medewerker webshop,nee,https://nl.linkedin.com/jobs/view/creative-marketeer-at-corporatetrailer-the-power-of-storytelling-4467226243,https://nl.linkedin.com/company/corporatetrailer,4467226243
CoSal Recruitment,Logistiek,Tiel,2026-09-21,fulfilment medewerker,nee,https://nl.linkedin.com/jobs/view/logistiek-at-cosal-recruitment-4467372781,https://nl.linkedin.com/company/cosal-recruitment,4467372781
Cosmetique Totale BV,Social Media Marketeer,Alphen aan den Rijn,2026-09-23,social media medewerker webshop,nee,https://nl.linkedin.com/jobs/view/social-media-marketeer-at-cosmetique-totale-bv-4470900139,https://nl.linkedin.com/company/cosmetique-totale-bv,4470900139
CowManager,Productmanager App &amp; Web,Harmelen,2026-06-12,product owner webshop,nee,https://nl.linkedin.com/jobs/view/productmanager-app-web-at-cowmanager-4424887178,https://nl.linkedin.com/company/cowmanager-bv,4424887178
CowManager,Productmanager App &amp; Web,"Utrecht, Nederland",2026-09-18,product owner webshop,nee,https://nl.linkedin.com/jobs/view/productmanager-app-web-at-cowmanager-4467839242,https://nl.linkedin.com/company/cowmanager-bv,4467839242
Coöperatie VGZ,Customer Service Medewerker,Eindhoven,2026-09-10,conversie specialist,nee,https://nl.linkedin.com/jobs/view/customer-service-medewerker-at-co%C3%B6peratie-vgz-4465643390,https://nl.linkedin.com/company/cooperatievgz,4465643390
CSU Cleaning Services,Product Owner IT,Uden,2026-08-24,product owner webshop,nee,https://nl.linkedin.com/jobs/view/product-owner-it-at-csu-cleaning-services-4458474146,https://nl.linkedin.com/company/csu,4458474146
Culligan Nederland,Customer Service Medewerker,Zoetermeer,2026-09-01,customer service parttime,nee,https://nl.linkedin.com/jobs/view/customer-service-medewerker-at-culligan-nederland-4436588386,https://nl.linkedin.com/company/culligannederland,4436588386
Currentt,Technical Support &amp; Customer Success Manager,Amsterdam,2026-07-20,customer succes,nee,https://nl.linkedin.com/jobs/view/technical-support-customer-success-manager-at-currentt-4442781365,https://nl.linkedin.com/company/currentt,4442781365
Customs Support Group,IT Support &amp; Systems Administrator,Rotterdam,2026-09-04,servicedesk medewerker webshop,nee,https://nl.linkedin.com/jobs/view/it-support-systems-administrator-at-customs-support-group-4463318916,https://nl.linkedin.com/company/customs-support,4463318916
CWS Cleanrooms,Expeditie medewerker,Eindhoven Area,2026-08-28,fulfilment medewerker,nee,https://nl.linkedin.com/jobs/view/expeditie-medewerker-at-cws-cleanrooms-4460311362,https://de.linkedin.com/company/cws-cleanrooms,4460311362
CWS Cleanrooms,Expeditie medewerker,Eindhoven,2026-08-28,fulfilment medewerker,nee,https://nl.linkedin.com/jobs/view/expeditie-medewerker-at-cws-cleanrooms-4458085821,https://de.linkedin.com/company/cws-cleanrooms,4458085821
CYBEX,Customer Experience &amp; Service Host - Amsterdam (Part-time) (m/f/d),Amsterdam,2026-09-10,customer service parttime,nee,https://nl.linkedin.com/jobs/view/customer-experience-service-host-amsterdam-part-time-m-f-d-at-cybex-4436803977,https://de.linkedin.com/company/cybex-gmbh,4436803977
CycleSoftware,Servicemedewerker,Nistelrode,2026-07-29,after sales medewerker,nee,https://nl.linkedin.com/jobs/view/servicemedewerker-at-cyclesoftware-4446816034,https://nl.linkedin.com/company/cyclesoftware,4446816034
D-TEC Products,Logistiek Medewerker,Kesteren,2026-08-17,fulfilment medewerker,nee,https://nl.linkedin.com/jobs/view/logistiek-medewerker-at-d-tec-products-4454276234,https://nl.linkedin.com/company/d-tecproducts,4454276234
D2-PC,Servicedesk medewerker,Utrecht Area,2026-07-21,servicedesk medewerker webshop,nee,https://nl.linkedin.com/jobs/view/servicedesk-medewerker-at-d2-pc-4443524720,https://nl.linkedin.com/company/d2-pc,4443524720
DAB Pumps,Product Owner E-Commerce,'s-Hertogenbosch,2026-09-14,product owner webshop,nee,https://nl.linkedin.com/jobs/view/product-owner-e-commerce-at-dab-pumps-4467274563,https://it.linkedin.com/company/dab-pumps,4467274563
Daifuku Airport Netherlands,Medewerker IT Servicedesk,Hoofddorp,2026-08-04,servicedesk medewerker webshop,nee,https://nl.linkedin.com/jobs/view/medewerker-it-servicedesk-at-daifuku-airport-netherlands-4449010191,https://www.linkedin.com/company/daifuku-airport-netherlands-group,4449010191
Daikin Nederland,Technical Support Specialist,Capelle aan den IJssel,2026-09-10,after sales medewerker,nee,https://nl.linkedin.com/jobs/view/technical-support-specialist-at-daikin-nederland-4438075505,https://nl.linkedin.com/company/daikin-nederland,4438075505
Daily Fresh Food,Medewerker orderpick/logistiek,Geleen,2026-08-13,supply chain medewerker webshop,nee,https://nl.linkedin.com/jobs/view/medewerker-orderpick-logistiek-at-daily-fresh-food-4454011567,https://nl.linkedin.com/company/daily-fresh-food,4454011567
Daily Matters,ICT-servicedesk,'s-Hertogenbosch,2026-09-18,servicedesk medewerker webshop,nee,https://nl.linkedin.com/jobs/view/ict-servicedesk-at-daily-matters-4466661797,https://nl.linkedin.com/company/dailymatters,4466661797
Daiwa House Modular Europe UK,Commercieel medewerker binnendienst,Bunnik,2026-09-19,medewerker verkoop binnendienst webshop,nee,https://nl.linkedin.com/jobs/view/commercieel-medewerker-binnendienst-at-daiwa-house-modular-europe-uk-4466945965,https://uk.linkedin.com/company/daiwahousemodulareuropeuk,4466945965
Dalux,Customer Success Manager - Rotterdam,Rotterdam,2026-09-08,customer succes,nee,https://nl.linkedin.com/jobs/view/customer-success-manager-rotterdam-at-dalux-4437181382,https://dk.linkedin.com/company/dalux,4437181382
Dartshopper,Online marketeer,Veldhoven,2026-09-22,email marketeer webshop,nee,https://nl.linkedin.com/jobs/view/online-marketeer-at-dartshopper-4470275814,https://nl.linkedin.com/company/dartshopper,4470275814
Dartshopper,Producteigenaar,Veldhoven,2026-09-22,product owner webshop,nee,https://nl.linkedin.com/jobs/view/producteigenaar-at-dartshopper-4470295262,https://nl.linkedin.com/company/dartshopper,4470295262
Dash0,"Junior IT Administrator, EMEA",Amsterdam Area,2026-09-04,servicedesk medewerker webshop,nee,https://nl.linkedin.com/jobs/view/junior-it-administrator-emea-at-dash0-4461172850,https://www.linkedin.com/company/dash0hq,4461172850
Datarotonde,Customer Success Manager,Veenendaal,2026-09-15,customer succes,nee,https://nl.linkedin.com/jobs/view/customer-success-manager-at-datarotonde-4467761221,https://nl.linkedin.com/company/datarotonde,4467761221
DataSnipper,Customer Success Manager - Mid-Market &amp; Enterprise - Audit background,Amsterdam,2026-07-23,customer succes,nee,https://nl.linkedin.com/jobs/view/customer-success-manager-mid-market-enterprise-audit-background-at-datasnipper-4444407568,https://nl.linkedin.com/company/datasnipper,4444407568
DataSnipper,Customer Success Manager - DACH - Audit background,Amsterdam,2026-08-04,customer succes,nee,https://nl.linkedin.com/jobs/view/customer-success-manager-dach-audit-background-at-datasnipper-4444297899,https://nl.linkedin.com/company/datasnipper,4444297899
DataSnipper,Director of Customer Success (Strategic Accounts),Amsterdam,2026-09-04,customer succes,nee,https://nl.linkedin.com/jobs/view/director-of-customer-success-strategic-accounts-at-datasnipper-4454055169,https://nl.linkedin.com/company/datasnipper,4454055169
DataSnipper,Customer Success Manager - DACH,Amsterdam,2026-09-04,customer succes,nee,https://nl.linkedin.com/jobs/view/customer-success-manager-dach-at-datasnipper-4444404677,https://nl.linkedin.com/company/datasnipper,4444404677
DataSnipper,Technical Support Specialist (AI First),Amsterdam,2026-09-22,after sales medewerker,nee,https://nl.linkedin.com/jobs/view/technical-support-specialist-ai-first-at-datasnipper-4451556311,https://nl.linkedin.com/company/datasnipper,4451556311
DataSnipper,Senior Customer Success Manager,Amsterdam,2026-09-23,customer succes,nee,https://nl.linkedin.com/jobs/view/senior-customer-success-manager-at-datasnipper-4470694892,https://nl.linkedin.com/company/datasnipper,4470694892
DB Keukens,Online marketing specialist,Nunspeet,2026-05-05,email marketeer webshop,nee,https://nl.linkedin.com/jobs/view/online-marketing-specialist-at-db-keukengroep-4408453635,https://nl.linkedin.com/company/db-keukens,4408453635
DB Pelma Keukens,Contentmarketeer in Nunspeet,Nunspeet,2026-02-27,social media medewerker webshop,nee,https://nl.linkedin.com/jobs/view/contentmarketeer-in-nunspeet-at-db-pelma-keukens-4375945064,https://nl.linkedin.com/company/db-pelma-keukens,4375945064
DB Pelma Keukens,Online marketing specialist,Nunspeet,2026-05-05,email marketeer webshop,nee,https://nl.linkedin.com/jobs/view/online-marketing-specialist-at-db-pelma-keukens-4408458560,https://nl.linkedin.com/company/db-pelma-keukens,4408458560
de Bijenkorf,Sr. Digital Optimization Specialist,Amsterdam,2026-09-05,product owner webshop,nee,https://nl.linkedin.com/jobs/view/sr-digital-optimization-specialist-at-de-bijenkorf-4416276414,https://nl.linkedin.com/company/de-bijenkorf,4416276414
de Bijenkorf,Data Entry Medewerker E-commerce,Amsterdam,2026-09-05,medewerker verkoop binnendienst webshop,nee,https://nl.linkedin.com/jobs/view/data-entry-medewerker-e-commerce-at-de-bijenkorf-4463778700,https://nl.linkedin.com/company/de-bijenkorf,4463778700
de Bijenkorf,Medewerker Logistiek,Amstelveen,2026-09-05,fulfilment medewerker,nee,https://nl.linkedin.com/jobs/view/medewerker-logistiek-at-de-bijenkorf-4392944770,https://nl.linkedin.com/company/de-bijenkorf,4392944770
de Bijenkorf,Verkoopmedewerker,Utrecht,2026-09-06,medewerker verkoop binnendienst webshop,nee,https://nl.linkedin.com/jobs/view/verkoopmedewerker-at-de-bijenkorf-4361185767,https://nl.linkedin.com/company/de-bijenkorf,4361185767
de Bijenkorf,Verkoopmedewerker,Utrecht,2026-09-06,medewerker verkoop binnendienst webshop,nee,https://nl.linkedin.com/jobs/view/verkoopmedewerker-at-de-bijenkorf-4427579364,https://nl.linkedin.com/company/de-bijenkorf,4427579364
de Bijenkorf,Product Informatie Specialist,Amsterdam,2026-09-11,product owner webshop,nee,https://nl.linkedin.com/jobs/view/product-informatie-specialist-at-de-bijenkorf-4466066465,https://nl.linkedin.com/company/de-bijenkorf,4466066465
de Bijenkorf,Verkoopmedewerker,Utrecht,2026-09-11,medewerker verkoop binnendienst webshop,nee,https://nl.linkedin.com/jobs/view/verkoopmedewerker-at-de-bijenkorf-4447047321,https://nl.linkedin.com/company/de-bijenkorf,4447047321
de Bijenkorf,Verkoopmedewerker,Utrecht,2026-09-11,medewerker verkoop binnendienst webshop,nee,https://nl.linkedin.com/jobs/view/verkoopmedewerker-at-de-bijenkorf-4447048262,https://nl.linkedin.com/company/de-bijenkorf,4447048262
de Bijenkorf,Verkoopmedewerker,Utrecht,2026-09-11,medewerker verkoop binnendienst webshop,nee,https://nl.linkedin.com/jobs/view/verkoopmedewerker-at-de-bijenkorf-4447051279,https://nl.linkedin.com/company/de-bijenkorf,4447051279
de Bijenkorf,Medewerker Logistiek,Eindhoven,2026-09-11,fulfilment medewerker,nee,https://nl.linkedin.com/jobs/view/medewerker-logistiek-at-de-bijenkorf-4401334346,https://nl.linkedin.com/company/de-bijenkorf,4401334346
de Bijenkorf,Verkoopmedewerker,Utrecht,2026-09-12,medewerker verkoop binnendienst webshop,nee,https://nl.linkedin.com/jobs/view/verkoopmedewerker-at-de-bijenkorf-4370997659,https://nl.linkedin.com/company/de-bijenkorf,4370997659
de Bijenkorf,Medewerker Logistiek,Utrecht,2026-09-14,fulfilment medewerker,nee,https://nl.linkedin.com/jobs/view/medewerker-logistiek-at-de-bijenkorf-4390871654,https://nl.linkedin.com/company/de-bijenkorf,4390871654
de Bijenkorf,Verkoopmedewerker (new),Eindhoven,2026-09-18,medewerker verkoop binnendienst webshop,nee,https://nl.linkedin.com/jobs/view/verkoopmedewerker-new-at-de-bijenkorf-4469205222,https://nl.linkedin.com/company/de-bijenkorf,4469205222
de Bijenkorf,Verkoopmedewerker (new),Eindhoven,2026-09-18,medewerker verkoop binnendienst webshop,nee,https://nl.linkedin.com/jobs/view/verkoopmedewerker-new-at-de-bijenkorf-4469192515,https://nl.linkedin.com/company/de-bijenkorf,4469192515
de Bijenkorf,Senior Medewerker Klantenservice,Amsterdam,2026-09-21,after sales medewerker,nee,https://nl.linkedin.com/jobs/view/senior-medewerker-klantenservice-at-de-bijenkorf-4433891476,https://nl.linkedin.com/company/de-bijenkorf,4433891476
De Haan IT,Servicedeskmedewerker / Klantenservice medewerker ICT / Application Service Engineer,Almere,2026-09-14,after sales medewerker,nee,https://nl.linkedin.com/jobs/view/servicedeskmedewerker-klantenservice-medewerker-ict-application-service-engineer-at-de-haan-it-4467062948,https://nl.linkedin.com/company/de-haan-b.v.,4467062948
De Haan Tankstations,IT-Support Medewerker,Dordrecht,2026-09-15,servicedesk medewerker webshop,nee,https://nl.linkedin.com/jobs/view/it-support-medewerker-at-de-haan-tankstations-4466191306,https://nl.linkedin.com/company/dehaan,4466191306
De Heer Medicom,Helpdeskmedewerker,"Limburg, Nederland",2026-09-10,servicedesk medewerker webshop,nee,https://nl.linkedin.com/jobs/view/helpdeskmedewerker-at-de-heer-medicom-4464505220,https://nl.linkedin.com/company/de-heer-medicom,4464505220
De Hypotheekshop,Vacature Commercieel Medewerker Binnendienst Hypotheken De Hypotheekshop Veenendaal,Veenendaal,2026-09-07,medewerker verkoop binnendienst webshop,nee,https://nl.linkedin.com/jobs/view/vacature-commercieel-medewerker-binnendienst-hypotheken-%0Ade-hypotheekshop-veenendaal-at-de-hypotheekshop-4464331168,https://nl.linkedin.com/company/de-hypotheekshop,4464331168
De Jong &amp; Partners Venlo B.V.,Supply Chain Coordinator,Venlo,2026-09-08,supply chain medewerker webshop,nee,https://nl.linkedin.com/jobs/view/supply-chain-coordinator-at-de-jong-partners-venlo-b-v-4464470082,https://nl.linkedin.com/company/dejongenpartners.com,4464470082
De Klok Banden B.V.,Meewerkend Voorman E-commerce,Oud-Beijerland,2026-09-14,inkoper webshop,nee,https://nl.linkedin.com/jobs/view/meewerkend-voorman-e-commerce-at-de-klok-banden-b-v-4467059030,https://nl.linkedin.com/company/de-klok-banden-b-v-,4467059030
De Koning Vlees,Logistiek medewerker,Zwijndrecht,2026-09-14,fulfilment medewerker,nee,https://nl.linkedin.com/jobs/view/logistiek-medewerker-at-de-koning-vlees-b-v-4465230261,https://www.linkedin.com/company/de-koning-vlees-b.v.,4465230261
De KOOPman,Verkoopmedewerker,Utrecht Area,2026-09-14,medewerker verkoop binnendienst webshop,nee,https://nl.linkedin.com/jobs/view/verkoopmedewerker-at-de-koopman-4460242876,https://nl.linkedin.com/company/de-koopman,4460242876
De Monchy International B.V.,Campaign Marketeer (B2B / Demand Generation),Capelle aan den IJssel,2026-09-01,email marketeer webshop,nee,https://nl.linkedin.com/jobs/view/campaign-marketeer-b2b-demand-generation-at-de-monchy-international-b-v-4461054490,https://nl.linkedin.com/company/de-monchy-international-b-v-,4461054490
De Monnik Dranken,Magazijnmedewerker fulltime,Oldenzaal,2026-05-20,supply chain medewerker webshop,nee,https://nl.linkedin.com/jobs/view/magazijnmedewerker-fulltime-at-de-monnik-dranken-4417098209,https://nl.linkedin.com/company/de-monnik-dranken,4417098209
De Nationale ombudsman,De Rijksoverheid zoekt: Online woordvoerder,Den Haag,2026-09-21,conversie specialist,nee,https://nl.linkedin.com/jobs/view/de-rijksoverheid-zoekt-online-woordvoerder-at-nationale-ombudsman-4469844276,https://nl.linkedin.com/company/nationale-ombudsman,4469844276
De Tegel BV,Content marketeer,Alkmaar,2026-08-25,social media medewerker webshop,nee,https://nl.linkedin.com/jobs/view/content-marketeer-at-de-tegel-bv-4458728560,https://nl.linkedin.com/company/de-tegel-bv,4458728560
De Troubadour Interieurs,BIJBAAN ALLROUND WINKELMEDEWERKER,Amstelveen,2026-08-08,medewerker verkoop binnendienst webshop,nee,https://nl.linkedin.com/jobs/view/bijbaan-allround-winkelmedewerker-at-de-troubadour-interieurs-4451021001,https://nl.linkedin.com/company/de-troubadour-interieurs,4451021001
De Variabele,Medewerker Klantenservice (KSR),Nijmegen,2026-09-03,after sales medewerker,nee,https://nl.linkedin.com/jobs/view/medewerker-klantenservice-ksr-at-de-variabele-4415921423,https://nl.linkedin.com/company/de-variabele,4415921423
De Verfzaak,Meewerkend voorman￼,Blerick,2026-08-05,supply chain medewerker webshop,nee,https://nl.linkedin.com/jobs/view/meewerkend-voorman%EF%BF%BC-at-de-verfzaak-4447325212,https://nl.linkedin.com/company/de-verfzaak,4447325212
De Verfzaak,Verkoopmedewerker / verfspecialist &amp;#8211; Eindhoven,Eindhoven,2026-09-03,medewerker verkoop binnendienst webshop,nee,https://nl.linkedin.com/jobs/view/verkoopmedewerker-verfspecialist-%238211-eindhoven-at-de-verfzaak-4460704819,https://nl.linkedin.com/company/de-verfzaak,4460704819
De Verfzaak,Verkoopmedewerker / verfspecialist &amp;#8211; Weert,Weert,2026-09-03,medewerker verkoop binnendienst webshop,nee,https://nl.linkedin.com/jobs/view/verkoopmedewerker-verfspecialist-%238211-weert-at-de-verfzaak-4460704820,https://nl.linkedin.com/company/de-verfzaak,4460704820
De Wit B.V.,Administratief commercieel medewerker,Helmond,2026-09-22,medewerker verkoop binnendienst webshop,nee,https://nl.linkedin.com/jobs/view/administratief-commercieel-medewerker-at-de-wit-b-v-4468707838,https://nl.linkedin.com/company/de-wit-b-v-,4468707838
Dealsuite.com,"Trainee Business Development Client Success Manager, DACH &amp; CEE",Amsterdam,2026-08-10,conversie specialist,nee,https://nl.linkedin.com/jobs/view/trainee-business-development-client-success-manager-dach-cee-at-dealsuite-com-4444935915,https://nl.linkedin.com/company/dealsuite-com,4444935915
Debo,Product Owner (Medior),Aalsmeer,2026-08-28,product owner webshop,nee,https://nl.linkedin.com/jobs/view/product-owner-medior-at-debo-4458036624,https://nl.linkedin.com/company/debo-software,4458036624
Decent,CRM Specialist,Amsterdam,2026-08-26,email marketeer webshop,nee,https://nl.linkedin.com/jobs/view/crm-specialist-at-decent-4457914490,https://nl.linkedin.com/company/decentrecruitment,4457914490
Decent,Ecommerce Manager,Capelle aan den IJssel,2026-09-02,email marketeer webshop,nee,https://nl.linkedin.com/jobs/view/ecommerce-manager-at-decent-4460962734,https://nl.linkedin.com/company/decentrecruitment,4460962734
Decent,Campaign Manager,Rotterdam,2026-09-08,email marketeer webshop,nee,https://nl.linkedin.com/jobs/view/campaign-manager-at-decent-4463289084,https://nl.linkedin.com/company/decentrecruitment,4463289084
Decent,Head of Social,Soesterberg,2026-09-08,social media medewerker webshop,nee,https://nl.linkedin.com/jobs/view/head-of-social-at-decent-4463272068,https://nl.linkedin.com/company/decentrecruitment,4463272068
DeepHealth,Technical Support Engineer,Nederland,2026-06-01,servicedesk medewerker webshop,nee,https://nl.linkedin.com/jobs/view/technical-support-engineer-at-deephealth-4421858266,https://www.linkedin.com/company/deephealthai,4421858266
DeJong Cheese - Alphenaer,Medewerker Customer Service met een focus op planning en/of inkoop (40 uur),Alphen,2026-07-21,supply chain medewerker webshop,nee,https://nl.linkedin.com/jobs/view/medewerker-customer-service-met-een-focus-op-planning-en-of-inkoop-40-uur-at-dejong-cheese-alphenaer-4440454450,https://nl.linkedin.com/company/dejong-cheese,4440454450
DeJong Cheese - Alphenaer,E-commerce Medewerker (24 uur),Alphen,2026-07-28,email marketeer webshop,nee,https://nl.linkedin.com/jobs/view/e-commerce-medewerker-24-uur-at-dejong-cheese-alphenaer-4446156538,https://nl.linkedin.com/company/dejong-cheese,4446156538
Del Monte Corporation,Back office medewerker,Rotterdam,2026-08-11,supply chain medewerker webshop,nee,https://nl.linkedin.com/jobs/view/back-office-medewerker-at-del-monte-corporation-4429641720,https://www.linkedin.com/company/delmontecorporation,4429641720
DeLaval,Customer Service Representative,Steenwijk,2026-09-10,after sales medewerker,nee,https://nl.linkedin.com/jobs/view/customer-service-representative-at-delaval-4443633483,https://se.linkedin.com/company/delaval,4443633483
Deloitte,IT Support Engineer - op locatie,Amsterdam,2026-09-22,servicedesk medewerker webshop,nee,https://nl.linkedin.com/jobs/view/it-support-engineer-op-locatie-at-deloitte-4470415052,https://www.linkedin.com/company/deloitte,4470415052
Deloitte,Werkstudent (Social Media Specialist) Brand &amp; Marketing,Rotterdam,2026-09-22,social media medewerker webshop,nee,https://nl.linkedin.com/jobs/view/werkstudent-social-media-specialist-brand-marketing-at-deloitte-4468599766,https://www.linkedin.com/company/deloitte,4468599766
Deloitte,Working Student (Social Media Specialist) Brand &amp; Marketing,Rotterdam,2026-09-22,social media medewerker webshop,nee,https://nl.linkedin.com/jobs/view/working-student-social-media-specialist-brand-marketing-at-deloitte-4469039022,https://www.linkedin.com/company/deloitte,4469039022
Deloox,Customer Care Medewerker,Eindhoven,2026-06-04,after sales medewerker,nee,https://nl.linkedin.com/jobs/view/customer-care-medewerker-at-deloox-4420161438,https://nl.linkedin.com/company/deloox,4420161438
Deloox,Junior Email Marketeer,Eindhoven,2026-08-29,email marketeer webshop,nee,https://nl.linkedin.com/jobs/view/junior-email-marketeer-at-deloox-4458431617,https://nl.linkedin.com/company/deloox,4458431617
Delve Search - Global Search Consultants,Inside Sales Specialist,Breda,2026-09-01,conversie specialist,nee,https://nl.linkedin.com/jobs/view/inside-sales-specialist-at-delve-search-global-search-consultants-4459502560,https://uk.linkedin.com/company/delverecruitment,4459502560
DeMarktwijzer,Junior Accountmanager Online Marketing,Roermond,2026-09-09,email marketeer webshop,nee,https://nl.linkedin.com/jobs/view/junior-accountmanager-online-marketing-at-demarktwijzer-4465071039,https://nl.linkedin.com/company/demarktwijzer,4465071039
Den Eelder,VACATURE LOGISTIEK MEDEWERKER KOELCEL/ORDERPICKER,Hedel,2026-08-05,fulfilment medewerker,nee,https://nl.linkedin.com/jobs/view/vacature-logistiek-medewerker-koelcel-orderpicker-at-den-eelder-4449439247,https://nl.linkedin.com/company/den-eelder,4449439247
Dentalair,MEDEWERKER WEBSHOP &amp; SUPPORT,Dordrecht,2026-09-04,servicedesk medewerker webshop,nee,https://nl.linkedin.com/jobs/view/medewerker-webshop-support-at-dentalair-4461970298,https://nl.linkedin.com/company/dentalair,4461970298
DentalZorg Tandheelkunde,Medewerker Online Marketing,Amsterdam,2025-12-01,email marketeer webshop,nee,https://nl.linkedin.com/jobs/view/medewerker-online-marketing-at-dentalzorg-tandheelkunde-4324997576,https://nl.linkedin.com/company/dentalzorgnl,4324997576
Deployteq,Junior Technisch Support Engineer,Ter Heijde,2026-09-19,after sales medewerker,nee,https://nl.linkedin.com/jobs/view/junior-technisch-support-engineer-at-deployteq-4458087635,https://nl.linkedin.com/company/deployteq,4458087635
Deployteq,ICT-servicedeskmedewerker,Ter Heijde,2026-09-22,servicedesk medewerker webshop,nee,https://nl.linkedin.com/jobs/view/ict-servicedeskmedewerker-at-deployteq-4449849329,https://nl.linkedin.com/company/deployteq,4449849329
DEPT®,Technical Product Owner,Rotterdam,2026-09-18,product owner webshop,nee,https://nl.linkedin.com/jobs/view/technical-product-owner-at-dept%C2%AE-4469193385,https://nl.linkedin.com/company/deptglobal,4469193385
Descartes Systems Group,Customer Success Manager,Amersfoort,2026-09-19,customer succes,nee,https://nl.linkedin.com/jobs/view/customer-success-manager-at-descartes-systems-group-4371896117,https://ca.linkedin.com/company/descartes-systems-group,4371896117
Destinus,Data Reporting &amp; AI Specialist,Hengelo,2026-08-05,conversie specialist,nee,https://nl.linkedin.com/jobs/view/data-reporting-ai-specialist-at-destinus-4449466819,https://nl.linkedin.com/company/destinusdefence,4449466819
Detailrs,E-commerce &amp; UX Lead,Oss,2026-08-31,product owner webshop,nee,https://nl.linkedin.com/jobs/view/e-commerce-ux-lead-at-detailrs-4434440735,https://nl.linkedin.com/company/detailrs,4434440735
DETEC Beveiliging,Klantenservice medewerker,Purmerend,2025-12-12,after sales medewerker,nee,https://nl.linkedin.com/jobs/view/klantenservice-medewerker-at-detec-beveiliging-4330525254,https://nl.linkedin.com/company/detecbeveiliging,4330525254
Dexian Europe,Help Desk Specialist,Hoofddorp,2026-09-18,servicedesk medewerker webshop,nee,https://nl.linkedin.com/jobs/view/help-desk-specialist-at-dexian-europe-4467870667,https://hu.linkedin.com/company/dexian-europe,4467870667
DFDS,Logistiek Medewerker,Europoort,2026-09-20,fulfilment medewerker,nee,https://nl.linkedin.com/jobs/view/logistiek-medewerker-at-dfds-4441622146,https://dk.linkedin.com/company/dfds,4441622146
DHL eCommerce Nederland,Junior Product Owner,Utrecht,2026-05-05,product owner webshop,nee,https://nl.linkedin.com/jobs/view/junior-product-owner-at-dhl-ecommerce-nederland-4410532271,https://nl.linkedin.com/company/dhlecommercenederland,4410532271
DHL Freight,Customer Service Representative,Eindhoven,2026-07-21,klantsupport,nee,https://nl.linkedin.com/jobs/view/customer-service-representative-at-dhl-freight-4442110121,https://de.linkedin.com/company/dhl-freight,4442110121
DHL Freight,Customer Service Representative,Eindhoven,2026-09-03,klantsupport,nee,https://nl.linkedin.com/jobs/view/customer-service-representative-at-dhl-freight-4461763311,https://de.linkedin.com/company/dhl-freight,4461763311
Difrax baby and kids items,Magazijnmedewerker,Bilthoven,2026-09-22,supply chain medewerker webshop,nee,https://nl.linkedin.com/jobs/view/magazijnmedewerker-at-difrax-baby-and-kids-items-4469006302,https://nl.linkedin.com/company/difrax,4469006302
Digimenubox,Verkoopmedewerker,Kaatsheuvel,2026-09-15,medewerker verkoop binnendienst webshop,nee,https://nl.linkedin.com/jobs/view/verkoopmedewerker-at-digimenubox-4467705654,https://nl.linkedin.com/company/digimenubox,4467705654
DigiSwift,WEBSITEBOUWER,Arnhem,2026-08-05,inkoper webshop,nee,https://nl.linkedin.com/jobs/view/websitebouwer-at-digiswift-4448945847,https://nl.linkedin.com/company/digiswift,4448945847
Digital Society Hub,Marketingcommunicatie voor FB Fulfilment &amp;amp; EcoFelli,Groningen,2026-06-14,social media medewerker webshop,nee,https://nl.linkedin.com/jobs/view/marketingcommunicatie-voor-fb-fulfilment-amp-ecofelli-at-digital-society-hub-4438645529,https://nl.linkedin.com/company/digital-society-hub,4438645529
Digital Survival Company,Support Engineer,Nieuwegein,2026-09-10,servicedesk medewerker webshop,nee,https://nl.linkedin.com/jobs/view/support-engineer-at-digital-survival-company-4465641362,https://nl.linkedin.com/company/digital-survival-company,4465641362
Dimplex Consumer Products,Customer Experience Representative,Heerenveen,2026-09-14,after sales medewerker,nee,https://nl.linkedin.com/jobs/view/customer-experience-representative-at-dimplex-consumer-products-4467074522,https://uk.linkedin.com/company/dimplexconsumerproducts,4467074522
DINGLI,Warehouse Employee/Medewerker,Weert,2026-04-14,fulfilment medewerker,nee,https://nl.linkedin.com/jobs/view/warehouse-employee-medewerker-at-dingli-4412453734,https://cn.linkedin.com/company/dingli,4412453734
DINGLI,Mobile Service Technician,Weert,2026-05-26,after sales medewerker,nee,https://nl.linkedin.com/jobs/view/mobile-service-technician-at-dingli-4419445229,https://cn.linkedin.com/company/dingli,4419445229
Dirk Rossmann GmbH,Operativer Einkäufer (m/w/d) eCommerce ROSSMANN-Apotheke B.V.,Emmen,2026-09-12,supply chain medewerker webshop,nee,https://nl.linkedin.com/jobs/view/operativer-eink%C3%A4ufer-m-w-d-ecommerce-rossmann-apotheke-b-v-at-dirk-rossmann-gmbh-4457339910,https://de.linkedin.com/company/dirk-rossmann-gmbh,4457339910
Dirk van den Broek,Medewerker Expeditie,Bleiswijk,2026-09-09,supply chain medewerker webshop,nee,https://nl.linkedin.com/jobs/view/medewerker-expeditie-at-dirk-van-den-broek-4463832237,https://nl.linkedin.com/company/dirk-van-den-broek,4463832237
Dirk van den Broek,Medewerker Klantenservice en Servicedesk,Alphen aan den Rijn,2026-09-17,after sales medewerker,nee,https://nl.linkedin.com/jobs/view/medewerker-klantenservice-en-servicedesk-at-dirk-van-den-broek-4467506639,https://nl.linkedin.com/company/dirk-van-den-broek,4467506639
DISC Boulevard,Inbound Marketing &amp; Automation Specialist,Velp,2026-08-26,email marketeer webshop,nee,https://nl.linkedin.com/jobs/view/inbound-marketing-automation-specialist-at-disc-boulevard-4459140257,https://nl.linkedin.com/company/discboulevard,4459140257
Distripack Pharma B.V.,"Associate Operator, Warehouse Operations",Alkmaar,2026-08-17,fulfilment medewerker,nee,,,4452238548
Diversey,"Commerciële Carrièremogelijkheden | Benelux (Inside Sales, Technical Sales &amp; Account Management)",Utrecht,2026-05-20,conversie specialist,nee,https://nl.linkedin.com/jobs/view/commerci%C3%ABle-carri%C3%A8remogelijkheden-benelux-inside-sales-technical-sales-account-management-at-diversey-4411529668,https://www.linkedin.com/company/diversey-inc,4411529668
Diversey,"Commerciële Carrièremogelijkheden | Benelux (Inside Sales, Technical Sales &amp; Account Management)",Enschede,2026-07-28,conversie specialist,nee,https://nl.linkedin.com/jobs/view/commerci%C3%ABle-carri%C3%A8remogelijkheden-benelux-inside-sales-technical-sales-account-management-at-diversey-4440194206,https://www.linkedin.com/company/diversey-inc,4440194206
Diversey,"Commercial Talent Pool | Benelux (Technical Sales, Inside Sales &amp; Account Management)",Enschede,2026-07-28,conversie specialist,nee,https://nl.linkedin.com/jobs/view/commercial-talent-pool-benelux-technical-sales-inside-sales-account-management-at-diversey-4440187379,https://www.linkedin.com/company/diversey-inc,4440187379
DLA ICT,ICT Engineer Servicedesk,Winterswijk,2026-07-25,servicedesk medewerker webshop,nee,https://nl.linkedin.com/jobs/view/ict-engineer-servicedesk-at-dla-ict-4445344070,https://nl.linkedin.com/company/dla-ict,4445344070
DMS Groep BV,Medewerker Customer Support voor Keuken / Badkamers / Vloeren,Hendrik-Ido-Ambacht,2026-09-14,after sales medewerker,nee,https://nl.linkedin.com/jobs/view/medewerker-customer-support-voor-keuken-badkamers-vloeren-at-dms-groep-bv-4467073788,https://nl.linkedin.com/company/dms-groep-bv,4467073788
DNA Services B.V.,ServiceDesk medewerker,Hendrik-Ido-Ambacht,2026-08-21,servicedesk medewerker webshop,nee,https://nl.linkedin.com/jobs/view/servicedesk-medewerker-at-dna-services-b-v-4456744810,https://nl.linkedin.com/company/dna-services-bv,4456744810
DO IT Organic (B Corp™),Customer Service and Sales Assistant,Barneveld,2026-08-19,medewerker verkoop binnendienst webshop,nee,https://nl.linkedin.com/jobs/view/customer-service-and-sales-assistant-at-do-it-organic-b-corp%E2%84%A2-4455460040,https://nl.linkedin.com/company/doitorganic,4455460040
DO IT Organic (B Corp™),Customer Service en Sales Assistant,Barneveld,2026-08-19,medewerker verkoop binnendienst webshop,nee,https://nl.linkedin.com/jobs/view/customer-service-en-sales-assistant-at-do-it-organic-b-corp%E2%84%A2-4455466008,https://nl.linkedin.com/company/doitorganic,4455466008
Docentenmarktplaats.nl,Marketing- en communicatiecoordinator,Zwolle,2026-09-21,social media medewerker webshop,nee,https://nl.linkedin.com/jobs/view/marketing-en-communicatiecoordinator-at-docentenmarktplaats-nl-4468703233,https://nl.linkedin.com/company/docentenmarktplaats-nl,4468703233
Doghouse Recruitment,Product Manager,Amsterdam,2026-09-20,product owner webshop,nee,https://nl.linkedin.com/jobs/view/product-manager-at-doghouse-recruitment-4468462155,https://nl.linkedin.com/company/doghouse-recruitment,4468462155
Dometic,Technical Helpdesk Engineer,Oosterhout,2026-09-21,after sales medewerker,nee,https://nl.linkedin.com/jobs/view/technical-helpdesk-engineer-at-dometic-4469925463,https://se.linkedin.com/company/dometic-group,4469925463
Dorel Juvenile,Social Media Manager,Helmond,2026-08-31,social media medewerker webshop,nee,https://nl.linkedin.com/jobs/view/social-media-manager-at-dorel-juvenile-4458880183,https://ca.linkedin.com/company/dorel-juvenile,4458880183
dormakaba Nederland,Customer Service Medewerker,Dodewaard,2026-09-17,after sales medewerker,nee,https://nl.linkedin.com/jobs/view/customer-service-medewerker-at-dormakaba-nederland-4457989105,https://nl.linkedin.com/company/dormakabanederland,4457989105
Dorst &amp; Lesser,TikTok Creator,Amsterdam,2026-08-25,social media medewerker webshop,nee,https://nl.linkedin.com/jobs/view/tiktok-creator-at-dorst-lesser-4459022207,https://nl.linkedin.com/company/dorst-&amp;-lesser-b-v-,4459022207
Dorst &amp; Lesser,Social Media Specialist (Medior),Amsterdam,2026-08-27,social media medewerker webshop,nee,https://nl.linkedin.com/jobs/view/social-media-specialist-medior-at-dorst-lesser-4459887643,https://nl.linkedin.com/company/dorst-&amp;-lesser-b-v-,4459887643
Dortmans International B.V.,Commercieel medewerker binnendienst,Erp,2026-09-14,medewerker verkoop binnendienst webshop,nee,https://nl.linkedin.com/jobs/view/commercieel-medewerker-binnendienst-at-dortmans-international-b-v-4467095148,https://nl.linkedin.com/company/dortmans-international-b-v,4467095148
Doublesmart,Vacature Senior social advertising specialist,Gouda,2026-01-13,social media medewerker webshop,nee,https://nl.linkedin.com/jobs/view/vacature-senior-social-advertising-specialist-at-doublesmart-4361592634,https://nl.linkedin.com/company/doublesmart,4361592634
DOVILO B.V.,ICT Support Specialist,Noordwijk-Binnen,2026-09-22,servicedesk medewerker webshop,nee,https://nl.linkedin.com/jobs/view/ict-support-specialist-at-dovilo-b-v-4470285010,https://nl.linkedin.com/company/dovilo,4470285010
Downtown Music,Senior IT Support Engineer - 12 Month FTC,Amsterdam,2026-07-01,servicedesk medewerker webshop,nee,https://nl.linkedin.com/jobs/view/senior-it-support-engineer-12-month-ftc-at-downtown-music-4432367701,https://www.linkedin.com/company/downtownmusic,4432367701
DP World,Business Support Administrator (MFG Business Support),Tilburg,2026-09-05,supply chain medewerker webshop,nee,https://nl.linkedin.com/jobs/view/business-support-administrator-mfg-business-support-at-dp-world-4444951195,https://ae.linkedin.com/company/dp-world,4444951195
DRIIVN,TikTok Marketing Stagiair(e),Amsterdam,2025-09-22,social media medewerker webshop,nee,https://nl.linkedin.com/jobs/view/tiktok-marketing-stagiair-e-at-driivn-4302317246,https://nl.linkedin.com/company/driivn-b.v.,4302317246
DRIIVN,Social Media Stagiair(e),Amsterdam,2025-12-31,social media medewerker webshop,nee,https://nl.linkedin.com/jobs/view/social-media-stagiair-e-at-driivn-4350868032,https://nl.linkedin.com/company/driivn-b.v.,4350868032
DRIIVN,Social Advertising Stagiair(e),Amsterdam,2026-06-04,social media medewerker webshop,nee,https://nl.linkedin.com/jobs/view/social-advertising-stagiair-e-at-driivn-4423319864,https://nl.linkedin.com/company/driivn-b.v.,4423319864
DroneShield,Customer Success Manager - EMEA,Amsterdam,2026-09-14,customer succes,nee,https://nl.linkedin.com/jobs/view/customer-success-manager-emea-at-droneshield-4465784581,https://au.linkedin.com/company/droneshield,4465784581
Drukwerkdeal,Channel Specialist,Deventer,2026-09-15,email marketeer webshop,nee,https://nl.linkedin.com/jobs/view/channel-specialist-at-drukwerkdeal-4430959048,https://nl.linkedin.com/company/drukwerkdeal,4430959048
DSG,Verkoopmedewerker,Alkmaar,2026-09-10,medewerker verkoop binnendienst webshop,nee,https://nl.linkedin.com/jobs/view/verkoopmedewerker-at-dsg-4455636212,https://nl.linkedin.com/company/d-s-g,4455636212
DSV - Global Transport and Logistics,Customer Care &amp; Support Dutch/ French-speaking,Moerdijk,2026-09-05,klantsupport,nee,https://nl.linkedin.com/jobs/view/customer-care-support-dutch-french-speaking-at-dsv-global-transport-and-logistics-4435215896,https://dk.linkedin.com/company/dsv,4435215896
DSV - Global Transport and Logistics,Customer Care &amp; Support Nederlands-Franstalig,Moerdijk,2026-09-05,klantsupport,nee,https://nl.linkedin.com/jobs/view/customer-care-support-nederlands-franstalig-at-dsv-global-transport-and-logistics-4435230329,https://dk.linkedin.com/company/dsv,4435230329
DTC Elektro B.V.,Commercieel Medewerker Binnendienst (locatie Groningen of Drachten),Assen,2026-09-14,medewerker verkoop binnendienst webshop,nee,https://nl.linkedin.com/jobs/view/commercieel-medewerker-binnendienst-locatie-groningen-of-drachten-at-dtc-elektro-4467030401,https://nl.linkedin.com/company/dtc-elektro,4467030401
DTC Elektro B.V.,Commercieel Medewerker Binnendienst,Breda,2026-09-21,medewerker verkoop binnendienst webshop,nee,https://nl.linkedin.com/jobs/view/commercieel-medewerker-binnendienst-at-dtc-elektro-4469832913,https://nl.linkedin.com/company/dtc-elektro,4469832913
Duijndam Machines,Inside Sales Medewerker – Duitstalig,Nieuwerkerk aan den IJssel,2026-08-26,medewerker verkoop binnendienst webshop,nee,https://nl.linkedin.com/jobs/view/inside-sales-medewerker-%E2%80%93-duitstalig-at-duijndam-machines-4459307053,https://nl.linkedin.com/company/duijndam-machines-bv,4459307053
Dusseldorp | BMW MINI MOTORRAD,Klantcontact Specialist,Apeldoorn,2026-07-17,customer service parttime,nee,https://nl.linkedin.com/jobs/view/klantcontact-specialist-at-dusseldorp-bmw-mini-motorrad-4442156372,https://nl.linkedin.com/company/dusseldorp-automotive,4442156372
Dutch Jerky,Customer &amp; Content Guru,Mierlo,2026-09-18,social media medewerker webshop,nee,https://nl.linkedin.com/jobs/view/customer-content-guru-at-dutch-jerky-4467862824,https://nl.linkedin.com/company/dutch-jerky,4467862824
Dutchwebdesign,Projectmanager e-commerce,Breda,2026-09-11,inkoper webshop,nee,https://nl.linkedin.com/jobs/view/projectmanager-e-commerce-at-dutchwebdesign-4466099708,https://nl.linkedin.com/company/dutchwebdesign,4466099708
Duynie,Support Medewerker ICT,Alphen aan den Rijn,2026-09-21,servicedesk medewerker webshop,nee,https://nl.linkedin.com/jobs/view/support-medewerker-ict-at-duynie-4469879072,https://nl.linkedin.com/company/duynie,4469879072
Duyvenvoorde,Logistiek medewerker (40u),Honselersdijk,2026-08-03,supply chain medewerker webshop,nee,https://nl.linkedin.com/jobs/view/logistiek-medewerker-40u-at-duyvenvoorde-4448313083,https://www.linkedin.com/company/duyvenvoorde,4448313083
Duyvenvoorde,Logistiek Medewerker,Naaldwijk,2026-08-08,supply chain medewerker webshop,nee,https://nl.linkedin.com/jobs/view/logistiek-medewerker-at-duyvenvoorde-4451071614,https://www.linkedin.com/company/duyvenvoorde,4451071614
Duyvenvoorde,Logistiek Medewerker VDV Import,Naaldwijk,2026-09-02,supply chain medewerker webshop,nee,https://nl.linkedin.com/jobs/view/logistiek-medewerker-vdv-import-at-duyvenvoorde-4462180866,https://www.linkedin.com/company/duyvenvoorde,4462180866
Dwelly,CRM &amp; Email Marketing Manager,Nederland,2026-08-15,email marketeer webshop,nee,https://nl.linkedin.com/jobs/view/crm-email-marketing-manager-at-dwelly-4465316586,https://uk.linkedin.com/company/dwellygroup,4465316586
Dyflexis,Customer Support Specialist,'s-Gravenhage,2026-09-18,after sales medewerker,nee,https://nl.linkedin.com/jobs/view/customer-support-specialist-at-dyflexis-4469172432,https://nl.linkedin.com/company/dyflexis,4469172432
Dyflexis,Content Marketing Specialist (German Speaking),'s-Gravenhage,2026-09-22,conversie specialist,nee,https://nl.linkedin.com/jobs/view/content-marketing-specialist-german-speaking-at-dyflexis-4470418360,https://nl.linkedin.com/company/dyflexis,4470418360
DYKA Group,Baliemedewerker / Magazijnmedewerker | DYKA Weurt,Weurt,2026-05-19,fulfilment medewerker,nee,https://nl.linkedin.com/jobs/view/baliemedewerker-magazijnmedewerker-dyka-weurt-at-dyka-group-4413300173,https://nl.linkedin.com/company/dykagroup,4413300173
DYKA Group,Logistiek medewerker | DYKA Weurt,Weurt,2026-05-19,fulfilment medewerker,nee,https://nl.linkedin.com/jobs/view/logistiek-medewerker-dyka-weurt-at-dyka-group-4412899180,https://nl.linkedin.com/company/dykagroup,4412899180
DYKA Group,Baliemedewerker / Magazijnmedewerker | DYKA Eindhoven,Eindhoven,2026-05-22,fulfilment medewerker,nee,https://nl.linkedin.com/jobs/view/baliemedewerker-magazijnmedewerker-dyka-eindhoven-at-dyka-group-4414311547,https://nl.linkedin.com/company/dykagroup,4414311547
DYKA Group,Baliemedewerker / Magazijnmedewerker | DYKA Dordrecht,Dordrecht,2026-06-19,fulfilment medewerker,nee,https://nl.linkedin.com/jobs/view/baliemedewerker-magazijnmedewerker-dyka-dordrecht-at-dyka-group-4428247538,https://nl.linkedin.com/company/dykagroup,4428247538
Dynamic Bike Care,Buyer I Procurement specialist,Den Haag,2026-08-28,supply chain medewerker webshop,nee,https://nl.linkedin.com/jobs/view/buyer-i-procurement-specialist-at-dynamic-bike-care-4460325349,https://nl.linkedin.com/company/dynamic-bike-care-bv,4460325349
Dynamic People B.V. | Amsterdam | The Netherlands,Customer Success Manager,Amsterdam Area,2026-09-14,customer succes,nee,https://nl.linkedin.com/jobs/view/customer-success-manager-at-dynamic-people-4463877500,https://nl.linkedin.com/company/dynamic-people-b.v.,4463877500
e-Quest,Servicedeskmedewerker Breedband Helmond,Helmond,2026-08-04,servicedesk medewerker webshop,nee,https://nl.linkedin.com/jobs/view/servicedeskmedewerker-breedband-helmond-at-e-quest-4449071697,https://nl.linkedin.com/company/e-quest-automatisering,4449071697
E-WISE Nederland,Commercieel Medewerker Binnendienst (Inside Sales),Utrecht,2026-03-10,inkoper webshop,nee,https://nl.linkedin.com/jobs/view/commercieel-medewerker-binnendienst-inside-sales-at-e-wise-nederland-4382027982,https://nl.linkedin.com/company/e-wise_nederland,4382027982
EastEco B.V.,Logistics Coordinator,Utrecht,2026-09-21,supply chain medewerker webshop,nee,https://nl.linkedin.com/jobs/view/logistics-coordinator-at-easteco-b-v-4469860088,https://nl.linkedin.com/company/eastco-b-v,4469860088
Eastman,Customer Service Representative - Chemical Intermediates - German speaker,Rotterdam,2026-09-19,klantsupport,nee,https://nl.linkedin.com/jobs/view/customer-service-representative-chemical-intermediates-german-speaker-at-eastman-4440254476,https://www.linkedin.com/company/eastman,4440254476
Easybroker,Customer Success Teamlid,Amsterdam,2026-05-18,customer succes,nee,https://nl.linkedin.com/jobs/view/customer-success-teamlid-at-easybroker-4409579969,https://nl.linkedin.com/company/easybroker-nl,4409579969
Economy,Online marketeer in Delft,Delft,2026-06-06,email marketeer webshop,nee,https://nl.linkedin.com/jobs/view/online-marketeer-in-delft-at-economy-4432302999,https://nl.linkedin.com/company/e-conomy,4432302999
EDCO Eindhoven BV,Inside Sales Representative,Eindhoven,2026-09-04,medewerker verkoop binnendienst webshop,nee,https://nl.linkedin.com/jobs/view/inside-sales-representative-at-edco-eindhoven-bv-4443147283,https://nl.linkedin.com/company/edco-eindhoven-bv,4443147283
Eddy Grid,Customer Success Manager - Customer Relations (Fluent Dutch Speaker),Utrecht,2026-09-18,customer succes,nee,https://nl.linkedin.com/jobs/view/customer-success-manager-customer-relations-fluent-dutch-speaker-at-eddy-grid-4466687118,https://nl.linkedin.com/company/eddy-grid,4466687118
Eddy Grid,Customer Success Manager - Customer Relations,"Utrecht, Nederland",2026-09-22,customer succes,nee,https://nl.linkedin.com/jobs/view/customer-success-manager-customer-relations-at-eddy-grid-4470261983,https://nl.linkedin.com/company/eddy-grid,4470261983
Edelman BV,Logistiek Medewerker,Montfoort,2026-08-12,fulfilment medewerker,nee,https://nl.linkedin.com/jobs/view/logistiek-medewerker-at-edelman-bv-4443119190,https://nl.linkedin.com/company/edelman-bv,4443119190
Edelman BV,Magazijn Medewerker,Dinxperlo,2026-08-12,fulfilment medewerker,nee,https://nl.linkedin.com/jobs/view/magazijn-medewerker-at-edelman-bv-4443115335,https://nl.linkedin.com/company/edelman-bv,4443115335
EDG Media,Online Marketeer E-mail (tijdelijk),"Utrecht, Nederland",2026-09-16,email marketeer webshop,nee,https://nl.linkedin.com/jobs/view/online-marketeer-e-mail-tijdelijk-at-edg-media-4467977154,https://nl.linkedin.com/company/edgmedia,4467977154
EerstelijnsZorg Zoetermeer,Servicedeskmedewerker ICT &amp; Facilitaire Dienstverlening (fulltime),Zoetermeer,2026-08-24,servicedesk medewerker webshop,nee,https://nl.linkedin.com/jobs/view/servicedeskmedewerker-ict-facilitaire-dienstverlening-fulltime-at-eerstelijnszorg-zoetermeer-4455842587,https://nl.linkedin.com/company/eerstelijnszorg-zoetermeer,4455842587
Effectory,Customer Success Manager (Mid-Market),Amsterdam,2026-09-10,customer succes,nee,https://nl.linkedin.com/jobs/view/customer-success-manager-mid-market-at-effectory-4422416152,https://nl.linkedin.com/company/effectory,4422416152
Effectory,Customer Success Manager - Public sector,Amsterdam,2026-09-15,customer succes,nee,https://nl.linkedin.com/jobs/view/customer-success-manager-public-sector-at-effectory-4467761203,https://nl.linkedin.com/company/effectory,4467761203
efficy Group,Customer Care Officer L1 (Nederlandstalig),Utrecht,2026-08-24,after sales medewerker,nee,https://nl.linkedin.com/jobs/view/customer-care-officer-l1-nederlandstalig-at-efficy-group-4450116544,https://be.linkedin.com/company/efficy-group,4450116544
efficy Group,Onboarding Specialist (Dutch speaker),Utrecht,2026-09-21,conversie specialist,nee,https://nl.linkedin.com/jobs/view/onboarding-specialist-dutch-speaker-at-efficy-group-4452435522,https://be.linkedin.com/company/efficy-group,4452435522
Ekco,Support Engineer,Veenendaal,2026-07-24,servicedesk medewerker webshop,nee,https://nl.linkedin.com/jobs/view/support-engineer-at-ekco-4454901763,https://ie.linkedin.com/company/ekco-it,4454901763
Ekco NL,Support Engineer,Veenendaal,2026-08-28,servicedesk medewerker webshop,nee,https://nl.linkedin.com/jobs/view/support-engineer-at-ekco-nl-4460360734,https://nl.linkedin.com/company/ekconl,4460360734
Ekoplaza,Stage Online Marketing en Communicatie,Veghel,2025-02-25,social media medewerker webshop,nee,https://nl.linkedin.com/jobs/view/stage-online-marketing-en-communicatie-at-ekoplaza-4165089208,https://nl.linkedin.com/company/ekoplaza,4165089208
Electro World,Verkoopmedewerker,Vught,2026-08-25,medewerker verkoop binnendienst webshop,nee,https://nl.linkedin.com/jobs/view/verkoopmedewerker-at-electro-world-4458764109,https://www.linkedin.com/showcase/electro-worldnl/,4458764109
Electrolux Group,Showroom Host &amp; Klantadviseur - 24-40 uur,Alphen aan den Rijn,2026-09-03,customer service parttime,nee,https://nl.linkedin.com/jobs/view/showroom-host-klantadviseur-24-40-uur-at-electrolux-group-4462800336,https://se.linkedin.com/company/electroluxgroup,4462800336
Elektramat B.V.,Logistiek Medewerker,Almelo,2026-03-07,fulfilment medewerker,nee,https://nl.linkedin.com/jobs/view/logistiek-medewerker-at-elektramat-b-v-4382318283,https://nl.linkedin.com/company/elektramat,4382318283
Elektramat B.V.,Magazijn Medewerker,Almelo,2026-03-14,fulfilment medewerker,nee,https://nl.linkedin.com/jobs/view/magazijn-medewerker-at-elektramat-b-v-4385580632,https://nl.linkedin.com/company/elektramat,4385580632
Elektramat B.V.,Bijbaan Klantenservice Medewerker,Enschede en omgeving,2026-07-16,customer service parttime,nee,https://nl.linkedin.com/jobs/view/bijbaan-klantenservice-medewerker-at-elektramat-b-v-4441401836,https://nl.linkedin.com/company/elektramat,4441401836
Elektramat B.V.,Product Owner,Enschede en omgeving,2026-07-21,product owner webshop,nee,https://nl.linkedin.com/jobs/view/product-owner-at-elektramat-b-v-4443393201,https://nl.linkedin.com/company/elektramat,4443393201
Element by Marriott Amsterdam,Front Office Agent - Element by Marriott Hotel (FT/PT),Amsterdam,2026-07-20,customer service parttime,nee,https://nl.linkedin.com/jobs/view/front-office-agent-element-by-marriott-hotel-ft-pt-at-element-by-marriott-amsterdam-4454543012,https://nl.linkedin.com/company/element-by-marriott-amsterdam,4454543012
Elevate Digital,CRM &amp; Marketing Automation Specialist,Utrecht,2026-09-10,email marketeer webshop,nee,https://nl.linkedin.com/jobs/view/crm-marketing-automation-specialist-at-elevate-digital-4465633057,https://nl.linkedin.com/company/elevatedigitalnl,4465633057
Elevation Group,Product Owner IT,Hilversum,2026-08-24,product owner webshop,nee,https://nl.linkedin.com/jobs/view/product-owner-it-at-elevation-group-4458234772,https://nl.linkedin.com/company/elevation-group-netherlands,4458234772
Elevation Partners,Manager klantsuccessen,Amersfoort,2026-08-27,customer succes,nee,https://nl.linkedin.com/jobs/view/manager-klantsuccessen-at-elevation-partners-4459828399,https://nl.linkedin.com/company/elevation-partners-nederland,4459828399
Elevation Partners,Online Marketing Medewerker,Amersfoort,2026-09-15,social media medewerker webshop,nee,https://nl.linkedin.com/jobs/view/online-marketing-medewerker-at-elevation-partners-4466534504,https://nl.linkedin.com/company/elevation-partners-nederland,4466534504
Embla Medical,Product Owner Distribution Order Fulfillment Process,Eindhoven,2026-08-05,product owner webshop,nee,https://nl.linkedin.com/jobs/view/product-owner-distribution-order-fulfillment-process-at-embla-medical-4449130811,https://www.linkedin.com/company/embla-medical,4449130811
Endeavour,Medior Allround Online Marketeer,Haarlem,2026-07-30,email marketeer webshop,nee,https://nl.linkedin.com/jobs/view/medior-allround-online-marketeer-at-endeavour-4446747400,https://nl.linkedin.com/company/endeavour-agency,4446747400
Endeavour,Sales Specialist,Haarlem,2026-09-15,conversie specialist,nee,https://nl.linkedin.com/jobs/view/sales-specialist-at-endeavour-4465545703,https://nl.linkedin.com/company/endeavour-agency,4465545703
Energiewacht,Digital Marketing Specialist (E-mail &amp; Website),Zwolle,2026-09-08,email marketeer webshop,nee,https://nl.linkedin.com/jobs/view/digital-marketing-specialist-e-mail-website-at-energiewacht-4464459556,https://nl.linkedin.com/company/energiewacht,4464459556
Energreen Nederland,Servicemedewerker Gemert,Gemert,2026-04-27,after sales medewerker,nee,https://nl.linkedin.com/jobs/view/servicemedewerker-gemert-at-energreen-nederland-4418144777,https://nl.linkedin.com/company/energreen-nl,4418144777
Enphase Energy,"Technisch Support Medewerker – Zonne-energie, Batterijopslag, EV-laders &amp; HEMS",s-Hertogenbosch Area,2026-09-17,after sales medewerker,nee,https://nl.linkedin.com/jobs/view/technisch-support-medewerker-%E2%80%93-zonne-energie-batterijopslag-ev-laders-hems-at-enphase-energy-4455257403,https://www.linkedin.com/company/enphase-energy,4455257403
Enrise,Digital Product Manager,Amersfoort,2026-06-02,product owner webshop,nee,https://nl.linkedin.com/jobs/view/digital-product-manager-at-enrise-4419214561,https://nl.linkedin.com/company/enrise,4419214561
Entrust,Technical Support Specialist (on-location or hybrid),Haarlem,2026-09-22,conversie specialist,nee,https://nl.linkedin.com/jobs/view/technical-support-specialist-on-location-or-hybrid-at-entrust-4462465638,https://www.linkedin.com/company/entrust,4462465638
Epic People,Product Owner,Randstad,2026-09-11,product owner webshop,nee,https://nl.linkedin.com/jobs/view/product-owner-at-epic-people-4459676923,https://nl.linkedin.com/school/epic-people-nl/,4459676923
Equalture,Customer Success Manager,Rotterdam,2026-09-15,customer succes,nee,https://nl.linkedin.com/jobs/view/customer-success-manager-at-equalture-4467736231,https://nl.linkedin.com/company/equalture,4467736231
ERPrecruit,Oracle Cloud CPQ Business Product Owner – Contract Opportunity,"Utrecht, Nederland",2026-09-09,product owner webshop,nee,https://nl.linkedin.com/jobs/view/oracle-cloud-cpq-business-product-owner-%E2%80%93-contract-opportunity-at-erprecruit-4463031553,https://uk.linkedin.com/company/erprecruit,4463031553
Esprit ICT,Modern Workplace Specialist,Barneveld,2026-06-18,conversie specialist,nee,https://nl.linkedin.com/jobs/view/modern-workplace-specialist-at-esprit-ict-4439781351,https://nl.linkedin.com/company/esprit-ict,4439781351
Esprit ICT,Modern Workplace Specialist,Raamsdonksveer,2026-06-18,conversie specialist,nee,https://nl.linkedin.com/jobs/view/modern-workplace-specialist-at-esprit-ict-4439778457,https://nl.linkedin.com/company/esprit-ict,4439778457
Essent,Commercieel Medewerker,Amsterdam,2026-09-02,conversie specialist,nee,https://nl.linkedin.com/jobs/view/commercieel-medewerker-at-essent-4393480746,https://nl.linkedin.com/company/essent,4393480746
Essent,Backoffice en Planning Specialist,Enschede,2026-09-07,conversie specialist,nee,https://nl.linkedin.com/jobs/view/backoffice-en-planning-specialist-at-essent-4462934658,https://nl.linkedin.com/company/essent,4462934658
Essent,Energy Specialist,Amsterdam,2026-09-12,conversie specialist,nee,https://nl.linkedin.com/jobs/view/energy-specialist-at-essent-4447161287,https://nl.linkedin.com/company/essent,4447161287
Essent,Customer Interaction &amp; AI Specialist,'s-Hertogenbosch,2026-09-19,conversie specialist,nee,https://nl.linkedin.com/jobs/view/customer-interaction-ai-specialist-at-essent-4458992488,https://nl.linkedin.com/company/essent,4458992488
Essity,Customer Facing &amp; Order Management Representative,Zeist,2026-09-22,after sales medewerker,nee,https://nl.linkedin.com/jobs/view/customer-facing-order-management-representative-at-essity-4458075797,https://se.linkedin.com/company/essity,4458075797
ETC Nederland,Logistiek medewerker,Almelo,2026-09-09,fulfilment medewerker,nee,https://nl.linkedin.com/jobs/view/logistiek-medewerker-at-etc-nederland-4465066024,https://nl.linkedin.com/company/etcnederland,4465066024
Etos,Stage Social media &amp; influencer marketing,Zaandam,2026-09-11,social media medewerker webshop,nee,https://nl.linkedin.com/jobs/view/stage-social-media-influencer-marketing-at-etos-4466071425,https://nl.linkedin.com/company/etos,4466071425
Etos,Stage online messaging team,Zaandam,2026-09-15,email marketeer webshop,nee,https://nl.linkedin.com/jobs/view/stage-online-messaging-team-at-etos-4465599276,https://nl.linkedin.com/company/etos,4465599276
Eurofins,Customer Support Medewerker,Amersfoort,2026-07-09,klantsupport,nee,https://nl.linkedin.com/jobs/view/customer-support-medewerker-at-eurofins-4438595647,https://lu.linkedin.com/company/eurofins,4438595647
Eurosafe,Logistiek medewerker,Zwolle,2026-06-04,fulfilment medewerker,nee,https://nl.linkedin.com/jobs/view/logistiek-medewerker-at-eurosafe-4424353784,https://nl.linkedin.com/company/eurosafe-nl,4424353784
Everflow - Partner Marketing Platform,"Customer Success Manager, Support - EU",Amsterdam,2026-09-09,customer succes,nee,https://nl.linkedin.com/jobs/view/customer-success-manager-support-eu-at-everflow-partner-marketing-platform-4465016580,https://www.linkedin.com/company/everflowio,4465016580
Evernex,Service Desk Specialist (m/f/d) - Uithoorn,Uithoorn,2026-09-12,servicedesk medewerker webshop,nee,https://nl.linkedin.com/jobs/view/service-desk-specialist-m-f-d-uithoorn-at-evernex-4438291098,https://fr.linkedin.com/company/evernex,4438291098
Evers Kassasystemen bv,Junior Support Medewerker,'s-Hertogenbosch,2026-08-27,servicedesk medewerker webshop,nee,https://nl.linkedin.com/jobs/view/junior-support-medewerker-at-evers-kassasystemen-bv-4457744746,https://nl.linkedin.com/company/evers-kassasystemen-bv,4457744746
Everybody Likes Penguins,Social Media Content Creator,Utrecht,2026-09-14,social media medewerker webshop,nee,https://nl.linkedin.com/jobs/view/social-media-content-creator-at-everybody-likes-penguins-4467245541,https://nl.linkedin.com/company/everybody-likes-penguins,4467245541
Evoke,Junior Talent Acquisition Specialist,Breda,2026-09-10,conversie specialist,nee,https://nl.linkedin.com/jobs/view/junior-talent-acquisition-specialist-at-evoke-4464511884,https://nl.linkedin.com/company/evokestaffing,4464511884
Exact,Customer Support Professional - Fast Track Selectiedag - 10 september,Delft,2026-08-25,conversie specialist,nee,https://nl.linkedin.com/jobs/view/customer-support-professional-fast-track-selectiedag-10-september-at-exact-4458769686,https://nl.linkedin.com/company/exact,4458769686
Exact,Young Professional - Customer Support Professional,Delft,2026-09-02,after sales medewerker,nee,https://nl.linkedin.com/jobs/view/young-professional-customer-support-professional-at-exact-4402914677,https://nl.linkedin.com/company/exact,4402914677
Exact,Young Professional - Customer Support Professional,Eindhoven,2026-09-02,after sales medewerker,nee,https://nl.linkedin.com/jobs/view/young-professional-customer-support-professional-at-exact-4459962446,https://nl.linkedin.com/company/exact,4459962446
Exact,Young Professional - Customer Support Professional,Zwolle,2026-09-02,after sales medewerker,nee,https://nl.linkedin.com/jobs/view/young-professional-customer-support-professional-at-exact-4402915704,https://nl.linkedin.com/company/exact,4402915704
Exact,Customer Support Specialist,Delft,2026-09-02,conversie specialist,nee,https://nl.linkedin.com/jobs/view/customer-support-specialist-at-exact-4422875806,https://nl.linkedin.com/company/exact,4422875806
Exclusive Networks,Customer Success &amp; Renewals Specialist,Son en Breugel,2026-09-21,customer succes,nee,https://nl.linkedin.com/jobs/view/customer-success-renewals-specialist-at-exclusive-networks-4469858178,https://fr.linkedin.com/company/exclusive-networks,4469858178
Experis Nederland,AI Adoptie &amp; Change Expert,Rotterdam,2026-09-10,conversie specialist,nee,https://nl.linkedin.com/jobs/view/ai-adoptie-change-expert-at-experis-nederland-4465637010,https://nl.linkedin.com/company/experisnl,4465637010
Extron,Customer Support - France,Amersfoort,2026-08-20,klantsupport,nee,https://nl.linkedin.com/jobs/view/customer-support-france-at-extron-4455690353,https://www.linkedin.com/company/extron-,4455690353
EY,Social Media Manager,Rotterdam,2026-08-27,social media medewerker webshop,nee,https://nl.linkedin.com/jobs/view/social-media-manager-at-ey-4458010382,https://uk.linkedin.com/company/ernstandyoung,4458010382
Eye Security,Customer Success Manager Netherlands (m/f/x),Nederland,2026-09-01,customer succes,nee,https://nl.linkedin.com/jobs/view/customer-success-manager-netherlands-m-f-x-at-eye-security-4442074964,https://nl.linkedin.com/company/eyesecurity,4442074964
Eye Security,Customer Success Manager Netherlands (m/f/x),Rotterdam and The Hague,2026-09-22,customer succes,nee,https://nl.linkedin.com/jobs/view/customer-success-manager-netherlands-m-f-x-at-eye-security-4442097035,https://nl.linkedin.com/company/eyesecurity,4442097035
Faithful Jobs,Ervaren Medewerker voor Eerstelijns Support Center,Bilthoven,2026-07-11,servicedesk medewerker webshop,nee,https://nl.linkedin.com/jobs/view/ervaren-medewerker-voor-eerstelijns-support-center-at-faithful-jobs-4438391728,https://nl.linkedin.com/company/faithful-jobs,4438391728
Far East Battery,国际客户经理,Rotterdam,2026-09-07,customer succes,nee,https://nl.linkedin.com/jobs/view/%E5%9B%BD%E9%99%85%E5%AE%A2%E6%88%B7%E7%BB%8F%E7%90%86-at-far-east-battery-4464092137,https://cn.linkedin.com/company/far-east-battery,4464092137
Farm Frites,Customer Service Medewerker,"Zuid-Holland, Nederland",2026-09-19,klantsupport,nee,https://nl.linkedin.com/jobs/view/customer-service-medewerker-at-farm-frites-4441375026,https://nl.linkedin.com/company/farm-frites,4441375026
Fastenal Europe,Warehouse Support (m/f/d),Dordrecht,2026-08-12,fulfilment medewerker,nee,https://nl.linkedin.com/jobs/view/warehouse-support-m-f-d-at-fastenal-europe-4453105178,https://nl.linkedin.com/company/fastenal-europe,4453105178
Fastned,Customer Support Agent - Dutch speaking,Amsterdam,2026-09-10,customer service parttime,nee,https://nl.linkedin.com/jobs/view/customer-support-agent-dutch-speaking-at-fastned-4464532157,https://nl.linkedin.com/company/fastned,4464532157
Featherless AI,Business Development Rep (AI Cloud),Amsterdam,2026-05-15,conversie specialist,nee,https://nl.linkedin.com/jobs/view/business-development-rep-ai-cloud-at-featherless-ai-4415380296,https://www.linkedin.com/company/featheress-ai,4415380296
FEBO,Productiemedewerker Logistiek | FEBO Productiekeuken | 1-ploegendienst,Amsterdam,2026-09-15,supply chain medewerker webshop,nee,https://nl.linkedin.com/jobs/view/productiemedewerker-logistiek-febo-productiekeuken-1-ploegendienst-at-febo-beheer-4467709053,https://nl.linkedin.com/company/febo-beheer,4467709053
Feijen Metaaltechniek B.V.,Marketing medewerker,Maarheeze,2026-09-22,social media medewerker webshop,nee,https://nl.linkedin.com/jobs/view/marketing-medewerker-at-feijen-metaaltechniek-b-v-4469079032,https://nl.linkedin.com/company/feijenmetaaltechniek,4469079032
Fieldwire by Hilti,Construction Success Manager,Randstad,2026-09-16,customer succes,nee,https://nl.linkedin.com/jobs/view/construction-success-manager-at-fieldwire-by-hilti-4370915491,https://www.linkedin.com/company/fieldwirebyhilti,4370915491
Finest People,Groei Marketing Manager,Amsterdam,2026-09-01,email marketeer webshop,nee,https://nl.linkedin.com/jobs/view/groei-marketing-manager-at-finest-people-4459528383,https://nl.linkedin.com/company/finest-people,4459528383
Finwerd,Logistics and Purchasing Coordinator I English,Amsterdam,2026-09-17,supply chain medewerker webshop,nee,https://nl.linkedin.com/jobs/view/logistics-and-purchasing-coordinator-i-english-at-finwerd-4467573144,https://nl.linkedin.com/company/finwerd,4467573144
FIS,Customer Service Representative,Barneveld,2026-09-09,klantsupport,nee,https://nl.linkedin.com/jobs/view/customer-service-representative-at-fis-4465033018,https://www.linkedin.com/company/fis,4465033018
Fitshop Group,Frontoffice Medewerker Klantenservice &amp; Serviceafhandeling (m/v/x),Bodegraven,2026-08-04,customer service parttime,nee,https://nl.linkedin.com/jobs/view/frontoffice-medewerker-klantenservice-serviceafhandeling-m-v-x-at-fitshop-group-4447310102,https://de.linkedin.com/company/fitshop-gmbh,4447310102
FITZ,Digital Marketing Specialist | Uitstekend Nederlands vereist,"Utrecht, Nederland",2026-08-31,email marketeer webshop,nee,https://nl.linkedin.com/jobs/view/digital-marketing-specialist-uitstekend-nederlands-vereist-at-fitz-4438616024,https://nl.linkedin.com/company/fitz-company,4438616024
Fixami,Marketing Stage (e-mail marketing),Tilburg,2026-07-28,email marketeer webshop,nee,https://nl.linkedin.com/jobs/view/marketing-stage-e-mail-marketing-at-fixami-4445462807,https://nl.linkedin.com/company/fixami,4445462807
flatexDEGIRO,Junior Trading Assistant (Dutch),Amsterdam,2026-09-09,after sales medewerker,nee,https://nl.linkedin.com/jobs/view/junior-trading-assistant-dutch-at-flatexdegiro-4463875664,https://de.linkedin.com/company/flatexdegiro-ag,4463875664
Flatline Agency ™️,Digital Marketing Consultant,Amsterdam,2026-02-05,email marketeer webshop,nee,https://nl.linkedin.com/jobs/view/digital-marketing-consultant-at-flatline-agency-%E2%84%A2%EF%B8%8F-4360540487,https://nl.linkedin.com/company/flatline-agency,4360540487
Flatline Agency ™️,eCommerce Manager,Amsterdam,2026-02-13,inkoper webshop,nee,https://nl.linkedin.com/jobs/view/ecommerce-manager-at-flatline-agency-%E2%84%A2%EF%B8%8F-4364123125,https://nl.linkedin.com/company/flatline-agency,4364123125
Flatline Agency ™️,Email Marketeer,Amsterdam,2026-07-03,email marketeer webshop,nee,https://nl.linkedin.com/jobs/view/email-marketeer-at-flatline-agency-%E2%84%A2%EF%B8%8F-4433132729,https://nl.linkedin.com/company/flatline-agency,4433132729
Flatline Agency ™️,Shopify Consultant,Amsterdam,2026-07-28,inkoper webshop,nee,https://nl.linkedin.com/jobs/view/shopify-consultant-at-flatline-agency-%E2%84%A2%EF%B8%8F-4445412861,https://nl.linkedin.com/company/flatline-agency,4445412861
Flatpay,Customer Support Agent,Amsterdam,2026-09-05,klantsupport,nee,https://nl.linkedin.com/jobs/view/customer-support-agent-at-flatpay-4454509382,https://dk.linkedin.com/company/flatpayaps,4454509382
Fleet Robotics,Customer Success Manager,Delft,2026-08-13,customer succes,nee,https://nl.linkedin.com/jobs/view/customer-success-manager-at-fleet-robotics-4445919678,https://nl.linkedin.com/company/fleet-robotics-nl,4445919678
Fleetport.nl,Klantenservice medewerker (Pooldesk),Bleiswijk,2026-07-30,klantsupport,nee,https://nl.linkedin.com/jobs/view/klantenservice-medewerker-pooldesk-at-fleetport-nl-4446464750,https://nl.linkedin.com/company/fleetport-nl,4446464750
Flexolut,Warehouse employee,Hoofddorp,2026-08-05,fulfilment medewerker,nee,https://nl.linkedin.com/jobs/view/warehouse-employee-at-flexolut-4449123017,https://www.linkedin.com/company/flexolut,4449123017
Flexurance Professionals,Communicatieadviseur,"Groningen, Nederland",2026-09-07,conversie specialist,nee,https://nl.linkedin.com/jobs/view/communicatieadviseur-at-flexurance-professionals-4464300954,https://nl.linkedin.com/company/flexurance-bv,4464300954
Flitsmeister,CRM &amp; Lifecycle Marketeer,Veenendaal,2026-09-08,email marketeer webshop,nee,https://nl.linkedin.com/jobs/view/crm-lifecycle-marketeer-at-flitsmeister-4463548647,https://nl.linkedin.com/company/flitsmeister,4463548647
Flitsmeister,Customer Support Specialist,Veenendaal,2026-09-09,after sales medewerker,nee,https://nl.linkedin.com/jobs/view/customer-support-specialist-at-flitsmeister-4445733076,https://nl.linkedin.com/company/flitsmeister,4445733076
Flokk Nederland,Customer service medewerker Benelux,Rotterdam,2026-07-27,klantsupport,nee,https://nl.linkedin.com/jobs/view/customer-service-medewerker-benelux-at-flokk-nederland-4445900924,https://nl.linkedin.com/company/flokk-nederland,4445900924
Flowserve Corporation,Material handler-2,Etten-Leur,2026-09-11,fulfilment medewerker,nee,https://nl.linkedin.com/jobs/view/material-handler-2-at-flowserve-corporation-4466360477,https://www.linkedin.com/company/flowserve,4466360477
Fluke Corporation,Customer Success Specialist (French),Eindhoven,2026-09-04,customer succes,nee,https://nl.linkedin.com/jobs/view/customer-success-specialist-french-at-fluke-corporation-4463352157,https://www.linkedin.com/company/fluke-corporation,4463352157
Fokker Services Group,Customer Support Representative - Material Services,Woensdrecht,2026-09-02,klantsupport,nee,https://nl.linkedin.com/jobs/view/customer-support-representative-material-services-at-fokker-services-group-4462404910,https://nl.linkedin.com/company/fokkerservicesgroup,4462404910
FOOX Bergsma Franeker BV,Binnendienst Medewerker Webshop Foods &amp; Goods - (fulltime),Franeker,2026-09-17,servicedesk medewerker webshop,nee,https://nl.linkedin.com/jobs/view/binnendienst-medewerker-webshop-foods-goods-fulltime-at-foox-bergsma-franeker-bv-4468637112,https://nl.linkedin.com/company/foox-bergsma-franeker-bv,4468637112
Forfacts,Product Owner,Utrecht,2026-09-02,product owner webshop,nee,https://nl.linkedin.com/jobs/view/product-owner-at-forfacts-4460983343,https://nl.linkedin.com/company/forfacts,4460983343
Fortezza Groep,Servicedesk Medewerker,Zoetermeer,2026-08-26,after sales medewerker,nee,https://nl.linkedin.com/jobs/view/servicedesk-medewerker-at-fortezza-4459307317,https://nl.linkedin.com/company/fortezza-groep,4459307317
Fotofabriek,Klantenadviseur B2C,Groningen,2026-08-13,customer service parttime,ja,https://nl.linkedin.com/jobs/view/klantenadviseur-b2c-at-fotofabriek-4454017366,https://nl.linkedin.com/company/fotofabriek,4454017366
Foxelli Group,Social Media &amp; Community Specialist | DTC E-commerce | 100% Remote EU,Amsterdam Area,2026-07-09,social media medewerker webshop,nee,https://nl.linkedin.com/jobs/view/social-media-community-specialist-dtc-e-commerce-100%25-remote-eu-at-foxelli-group-4438602324,https://nl.linkedin.com/company/foxelli-group,4438602324
Foxelli Group,Email Marketing Specialist| DTC E-commerce | 100% Remote EU,Amsterdam Area,2026-07-31,email marketeer webshop,nee,https://nl.linkedin.com/jobs/view/email-marketing-specialist-dtc-e-commerce-100%25-remote-eu-at-foxelli-group-4447525692,https://nl.linkedin.com/company/foxelli-group,4447525692
Frank Energie,Customer Support Specialist (Danish speaking),Lelystad,2026-09-07,klantsupport,nee,https://nl.linkedin.com/jobs/view/customer-support-specialist-danish-speaking-at-frank-energie-4462200389,https://nl.linkedin.com/company/frank-energie,4462200389
Frankwatching Academy,Marketing &amp; Communicatie Medewerker (38 uur),Zeist,2026-09-10,social media medewerker webshop,nee,https://nl.linkedin.com/jobs/view/marketing-communicatie-medewerker-38-uur-at-frankwatching-academy-4464523325,https://nl.linkedin.com/school/frankwatching-academy/,4464523325
Fred Perry,Sales Assistant,Amsterdam,2026-07-30,customer service parttime,nee,https://nl.linkedin.com/jobs/view/sales-assistant-at-fred-perry-4444591014,https://uk.linkedin.com/company/fred-perry,4444591014
French Selection (FS),Dutch Speaking Customer Experience Representative,Eindhoven,2026-09-10,klantsupport,nee,https://nl.linkedin.com/jobs/view/dutch-speaking-customer-experience-representative-at-french-selection-fs-4464530294,https://uk.linkedin.com/company/french-selection-uk-limited,4464530294
French Selection (FS),Medewerker Klantenservice / Customer Experience (Nederlands &amp; Engels),Eindhoven Area,2026-09-10,klantsupport,nee,https://nl.linkedin.com/jobs/view/medewerker-klantenservice-customer-experience-nederlands-engels-at-french-selection-fs-4465807422,https://uk.linkedin.com/company/french-selection-uk-limited,4465807422
French Selection (FS),Medewerker Klantenservice / Customer Experience (Nederlands &amp; Engels),Eindhoven,2026-09-15,klantsupport,nee,https://nl.linkedin.com/jobs/view/medewerker-klantenservice-customer-experience-nederlands-engels-at-french-selection-fs-4466158622,https://uk.linkedin.com/company/french-selection-uk-limited,4466158622
Fresh People,online merchandiser,Zaandam,2026-08-31,product owner webshop,nee,https://nl.linkedin.com/jobs/view/online-merchandiser-at-fresh-people-4461205780,https://nl.linkedin.com/company/freshpeople,4461205780
Full Circle IT,Technical Product owner,Deventer,2026-09-03,product owner webshop,nee,https://nl.linkedin.com/jobs/view/technical-product-owner-at-full-circle-it-4462848585,https://nl.linkedin.com/company/full-circle-it-nl,4462848585
Funnelboost,Medior/senior e-mailmarketeer,Utrecht,2026-08-31,email marketeer webshop,nee,https://nl.linkedin.com/jobs/view/medior-senior-e-mailmarketeer-at-funnelboost-4460000131,https://nl.linkedin.com/company/funnelboost-know-engage-convert,4460000131
Funnelboost,Campaign Developer,Utrecht,2026-08-31,email marketeer webshop,nee,https://nl.linkedin.com/jobs/view/campaign-developer-at-funnelboost-4460000132,https://nl.linkedin.com/company/funnelboost-know-engage-convert,4460000132
Fusion Worldwide,Shipping Specialist,Amsterdam,2026-09-07,fulfilment medewerker,nee,https://nl.linkedin.com/jobs/view/shipping-specialist-at-fusion-worldwide-4464318262,https://www.linkedin.com/company/fusion-worldwide,4464318262
GAC Motor Europe,Digital Marketing &amp; Social Media Specialist,Amsterdam,2026-08-20,social media medewerker webshop,nee,https://nl.linkedin.com/jobs/view/digital-marketing-social-media-specialist-at-gac-motor-europe-4455474595,https://www.linkedin.com/company/gac-motor-europe,4455474595
Galvano Metaalhandel B.V.,Logistiek medewerker - Galvano Metaal,Eindhoven,2026-06-15,fulfilment medewerker,nee,https://nl.linkedin.com/jobs/view/logistiek-medewerker-galvano-metaal-at-galvano-metaalhandel-b-v-4438898518,https://nl.linkedin.com/company/galvano-metaalhandel-b-v,4438898518
Garmin Nederland,Product Support Medewerker,Hilversum,2026-09-21,after sales medewerker,nee,https://nl.linkedin.com/jobs/view/product-support-medewerker-at-garmin-nederland-4469879302,https://nl.linkedin.com/company/garmin-nederland,4469879302
GDB Logistics,Customer Support Specialist,Alkmaar,2026-08-10,klantsupport,nee,https://nl.linkedin.com/jobs/view/customer-support-specialist-at-gdb-logistics-4451529684,https://nl.linkedin.com/company/gdblogistics,4451529684
Gekko,Growth &amp; Customer Specialist in Dutch,Amsterdam,2026-08-17,customer service parttime,nee,https://nl.linkedin.com/jobs/view/growth-customer-specialist-in-dutch-at-gekko-4455301494,https://nl.linkedin.com/company/getgekko,4455301494
Gemeente Amersfoort,Medewerker servicedesk IT,Amersfoort,2026-09-14,servicedesk medewerker webshop,nee,https://nl.linkedin.com/jobs/view/medewerker-servicedesk-it-at-gemeente-amersfoort-4465730640,https://nl.linkedin.com/company/gemeente-amersfoort,4465730640
Gemeente Ede,Contentspecialist,Ede,2026-09-22,conversie specialist,nee,https://nl.linkedin.com/jobs/view/contentspecialist-at-gemeente-ede-4468591530,https://nl.linkedin.com/company/gemeente-ede,4468591530
Genesys,Customer Success Director,Amsterdam Area,2026-07-16,customer succes,nee,https://nl.linkedin.com/jobs/view/customer-success-director-at-genesys-4436073958,https://www.linkedin.com/company/genesys,4436073958
GENUINE,Creator Manager TikTok Shop - NL (m/f/d),Arnhem,2026-08-25,social media medewerker webshop,nee,https://nl.linkedin.com/jobs/view/creator-manager-tiktok-shop-nl-m-f-d-at-genuine-4456582379,https://de.linkedin.com/company/genuine-ecommerce,4456582379
GENUINE,Growth Manager TikTok Shop - Netherlands (m/f/d),Arnhem,2026-09-04,social media medewerker webshop,nee,https://nl.linkedin.com/jobs/view/growth-manager-tiktok-shop-netherlands-m-f-d-at-genuine-4461147732,https://de.linkedin.com/company/genuine-ecommerce,4461147732
Geotab,SMB Senior Customer Success Manager (CSM) Netherlands,Amsterdam,2026-09-18,customer succes,nee,https://nl.linkedin.com/jobs/view/smb-senior-customer-success-manager-csm-netherlands-at-geotab-4467845183,https://ca.linkedin.com/company/geotab,4467845183
Get-e,Client Relationship Manager,Hoofddorp,2026-09-10,customer succes,nee,https://nl.linkedin.com/jobs/view/client-relationship-manager-at-get-e-4465648005,https://nl.linkedin.com/company/get-e,4465648005
Gibas Automation,Service &amp;amp; Support Engineer | Vacature bij Gibas,Nijkerk,2026-07-16,after sales medewerker,nee,https://nl.linkedin.com/jobs/view/service-amp-support-engineer-vacature-bij-gibas-at-gibas-automation-4439270614,https://nl.linkedin.com/company/gibas-automation,4439270614
Gilde-BT,ONLINE MARKETEER,Venlo,2026-09-08,email marketeer webshop,nee,https://nl.linkedin.com/jobs/view/online-marketeer-at-gilde-bt-4464446931,https://nl.linkedin.com/company/gildebt,4464446931
Gio Coffee ☕,Klantenservice medewerker,Oudewater,2026-03-26,customer service parttime,nee,https://nl.linkedin.com/jobs/view/klantenservice-medewerker-at-gio-coffee-4404044455,https://nl.linkedin.com/company/gio-coffee,4404044455
Gisou by Negin Mirsalehi,SUPPLY CHAIN SPECIALIST,Amsterdam,2026-08-25,supply chain medewerker webshop,nee,https://nl.linkedin.com/jobs/view/supply-chain-specialist-at-gisou-by-negin-mirsalehi-4457628306,https://nl.linkedin.com/company/gisou-official,4457628306
Globus Medical,Sr Customer Service Representative,Brunssum,2025-06-10,klantsupport,nee,https://nl.linkedin.com/jobs/view/sr-customer-service-representative-at-globus-medical-4245482430,https://www.linkedin.com/company/globus-medical,4245482430
Globus Medical,Operations Shipping Clerk,Brunssum,2025-12-15,fulfilment medewerker,nee,https://nl.linkedin.com/jobs/view/operations-shipping-clerk-at-globus-medical-4350103888,https://www.linkedin.com/company/globus-medical,4350103888
Globus Medical,Shipping Clerk,Brunssum,2025-12-15,fulfilment medewerker,nee,https://nl.linkedin.com/jobs/view/shipping-clerk-at-globus-medical-4350321981,https://www.linkedin.com/company/globus-medical,4350321981
GM Damsteegt B.V.,Junior ICT en Administratief Medewerker,Bleskensgraaf,2026-03-04,servicedesk medewerker webshop,nee,https://nl.linkedin.com/jobs/view/junior-ict-en-administratief-medewerker-at-g-m-damsteegt-b-v-4380902927,https://nl.linkedin.com/company/g.m.-damsteegt-b.v.,4380902927
GO! Express &amp; Logistics,Commercieel Medewerker Binnendienst (32-40 uur),Veenendaal,2026-09-04,medewerker verkoop binnendienst webshop,nee,https://nl.linkedin.com/jobs/view/commercieel-medewerker-binnendienst-32-40-uur-at-go%21-express-logistics-4463317734,https://de.linkedin.com/company/go-express-&amp;-logistics,4463317734
GO! Express &amp; Logistics,Customer Service Agent (40 uur),Veenendaal,2026-09-08,klantsupport,nee,https://nl.linkedin.com/jobs/view/customer-service-agent-40-uur-at-go%21-express-logistics-4462293610,https://de.linkedin.com/company/go-express-&amp;-logistics,4462293610
GoDutch,Customer Operations Agent,Amsterdam,2026-01-13,after sales medewerker,nee,https://nl.linkedin.com/jobs/view/customer-operations-agent-at-godutch-4354448067,https://nl.linkedin.com/company/godutchcom,4354448067
GoDutch,Social Media Intern (Dutch speaking),Amsterdam,2026-07-29,social media medewerker webshop,nee,https://nl.linkedin.com/jobs/view/social-media-intern-dutch-speaking-at-godutch-4446003495,https://nl.linkedin.com/company/godutchcom,4446003495
Goeiezaak.com - Digital Agency,Stage Content &amp; Social,Haarlem,2025-12-12,social media medewerker webshop,nee,https://nl.linkedin.com/jobs/view/stage-content-social-at-goeiezaak-com-internet-marketing-bureau-4327114052,https://nl.linkedin.com/company/goeiezaak-com-digital-agency,4327114052
Golazo Events NL,Medewerker Marketing &amp; Communicatie,Rotterdam,2026-09-15,social media medewerker webshop,nee,https://nl.linkedin.com/jobs/view/medewerker-marketing-communicatie-at-golazo-events-nl-4467716463,https://www.linkedin.com/company/golazo-events-nl,4467716463
Goldbergh,CRM Marketeer,Hoofddorp,2026-06-23,email marketeer webshop,nee,https://nl.linkedin.com/jobs/view/crm-marketeer-at-goldbergh-4431242707,https://nl.linkedin.com/company/goldbergh,4431242707
Goldbergh,Email &amp; CRM Marketeer,Amsterdam,2026-08-27,email marketeer webshop,nee,https://nl.linkedin.com/jobs/view/email-crm-marketeer-at-goldbergh-4459803918,https://nl.linkedin.com/company/goldbergh,4459803918
GoodHabitz,Content and Campaigns Specialist,Eindhoven,2026-08-21,email marketeer webshop,nee,https://nl.linkedin.com/jobs/view/content-and-campaigns-specialist-at-goodhabitz-4467709109,https://nl.linkedin.com/company/goodhabitz,4467709109
GoodHabitz,Webflow Developer (Marketing),Utrecht,2026-09-11,email marketeer webshop,nee,https://nl.linkedin.com/jobs/view/webflow-developer-marketing-at-goodhabitz-4470610454,https://nl.linkedin.com/company/goodhabitz,4470610454
GoodHabitz,Content and Campaigns Specialist,'s-Hertogenbosch,2026-09-14,email marketeer webshop,nee,https://nl.linkedin.com/jobs/view/content-and-campaigns-specialist-at-goodhabitz-4467499135,https://nl.linkedin.com/company/goodhabitz,4467499135
GoodHabitz,Content and Campaigns Specialist,Utrecht,2026-09-14,email marketeer webshop,nee,https://nl.linkedin.com/jobs/view/content-and-campaigns-specialist-at-goodhabitz-4467711100,https://nl.linkedin.com/company/goodhabitz,4467711100
GoodHabitz,Technical Product Manager,Amsterdam,2026-09-22,product owner webshop,nee,https://nl.linkedin.com/jobs/view/technical-product-manager-at-goodhabitz-4468523621,https://nl.linkedin.com/company/goodhabitz,4468523621
GoodHabitz,Technical Product Manager,Eindhoven,2026-09-22,product owner webshop,nee,https://nl.linkedin.com/jobs/view/technical-product-manager-at-goodhabitz-4468535349,https://nl.linkedin.com/company/goodhabitz,4468535349
Goossens,Verkoopadviseur Naaldwijk,Naaldwijk,2026-03-17,medewerker verkoop binnendienst webshop,nee,https://nl.linkedin.com/jobs/view/verkoopadviseur-naaldwijk-at-goossens-4384493089,https://nl.linkedin.com/company/goossens,4384493089
Goossens,Interieuradviseur Antwerpen Schoten,Schoten,2026-09-02,medewerker verkoop binnendienst webshop,nee,https://nl.linkedin.com/jobs/view/interieuradviseur-antwerpen-schoten-at-goossens-4459992043,https://nl.linkedin.com/company/goossens,4459992043
Goossens,Verkoopadviseur Rotterdam Oproep,Rotterdam,2026-09-07,medewerker verkoop binnendienst webshop,nee,https://nl.linkedin.com/jobs/view/verkoopadviseur-rotterdam-oproep-at-goossens-4462209083,https://nl.linkedin.com/company/goossens,4462209083
GoSpooky,TikTok Shop Manager,Amsterdam,2026-09-08,social media medewerker webshop,nee,https://nl.linkedin.com/jobs/view/tiktok-shop-manager-at-gospooky-4409438011,https://nl.linkedin.com/company/gospooky,4409438011
GoSpooky,Social Media Content Creative Intern (Dutch Speaking),Amsterdam,2026-09-08,social media medewerker webshop,nee,https://nl.linkedin.com/jobs/view/social-media-content-creative-intern-dutch-speaking-at-gospooky-4428120332,https://nl.linkedin.com/company/gospooky,4428120332
GoSpooky,Medior Social Media Manager (Dutch Speaking),Amsterdam,2026-09-10,social media medewerker webshop,nee,https://nl.linkedin.com/jobs/view/medior-social-media-manager-dutch-speaking-at-gospooky-4446822487,https://nl.linkedin.com/company/gospooky,4446822487
GoSpooky,Social Commerce Account Lead,Amsterdam,2026-09-15,social media medewerker webshop,nee,https://nl.linkedin.com/jobs/view/social-commerce-account-lead-at-gospooky-4465599038,https://nl.linkedin.com/company/gospooky,4465599038
Goudwisselkantoor,IT Support Medewerker,Klaaswaal,2026-09-01,servicedesk medewerker webshop,nee,https://nl.linkedin.com/jobs/view/it-support-medewerker-at-goudwisselkantoor-4461769717,https://nl.linkedin.com/company/goudwisselkantoor,4461769717
GREEFA,Technical Support Engineer (machinebouw),Geldermalsen,2026-03-17,after sales medewerker,nee,https://nl.linkedin.com/jobs/view/technical-support-engineer-machinebouw-at-greefa-4383825256,https://nl.linkedin.com/company/greefa,4383825256
GREEFA,Remote Support Engineer Machinebouw,Tricht,2026-06-02,after sales medewerker,nee,https://nl.linkedin.com/jobs/view/remote-support-engineer-machinebouw-at-greefa-4422355981,https://nl.linkedin.com/company/greefa,4422355981
GREEFA,Technical Support Engineer (machinebouw),Tricht,2026-06-25,after sales medewerker,nee,https://nl.linkedin.com/jobs/view/technical-support-engineer-machinebouw-at-greefa-4442593266,https://nl.linkedin.com/company/greefa,4442593266
Green Qube Services,Warehouse Associate,Drunen,2026-09-21,supply chain medewerker webshop,nee,https://nl.linkedin.com/jobs/view/warehouse-associate-at-green-qube-services-4469910481,https://nl.linkedin.com/company/green-qube-services,4469910481
Greenchoice,Online Performance Marketeer,Rotterdam,2026-06-16,email marketeer webshop,nee,https://nl.linkedin.com/jobs/view/online-performance-marketeer-at-greenchoice-4429299212,https://nl.linkedin.com/company/greenchoice,4429299212
Greenchoice,Medewerker Klantenservice Zakelijk,Nijmegen,2026-09-07,after sales medewerker,nee,https://nl.linkedin.com/jobs/view/medewerker-klantenservice-zakelijk-at-greenchoice-4464371525,https://nl.linkedin.com/company/greenchoice,4464371525
GreenV,Logistiek / Magazijn Medewerker | Fulltime | Wateringen,Wateringen,2026-05-07,fulfilment medewerker,nee,https://nl.linkedin.com/jobs/view/logistiek-magazijn-medewerker-fulltime-wateringen-at-greenv-4420932423,https://nl.linkedin.com/company/greenv-company,4420932423
Greetz,Brand &amp; Campaign Marketer (Dutch &amp; English Speaking),Almere,2026-09-07,email marketeer webshop,nee,https://nl.linkedin.com/jobs/view/brand-campaign-marketer-dutch-english-speaking-at-greetz-4453466063,https://nl.linkedin.com/company/greetz,4453466063
Groothuisbouw,Allround marketing medewerker,Emmeloord,2026-06-30,social media medewerker webshop,nee,https://nl.linkedin.com/jobs/view/allround-marketing-medewerker-at-groothuis-bouw-emmeloord-4432519751,https://nl.linkedin.com/company/groothuisbouw-emmeloord,4432519751
Group of Butchers,IT Support Specialist,Tilburg,2026-09-11,servicedesk medewerker webshop,nee,https://nl.linkedin.com/jobs/view/it-support-specialist-at-group-of-butchers-4429959465,https://nl.linkedin.com/company/group-of-butchers,4429959465
Groupe SEB,eActivation Manager,Veenendaal,2026-09-21,email marketeer webshop,nee,https://nl.linkedin.com/jobs/view/eactivation-manager-at-groupe-seb-4467601413,https://fr.linkedin.com/company/groupe-seb,4467601413
Grünenthal Group,IT Product Owner Procurement &amp; Supply Chain (m/f/d),Breukelen,2026-08-03,product owner webshop,nee,https://nl.linkedin.com/jobs/view/it-product-owner-procurement-supply-chain-m-f-d-at-gr%C3%BCnenthal-group-4448610426,https://de.linkedin.com/company/gruenenthal,4448610426
GS-Fulfilment,Magazijn Medewerker,Eindhoven,2026-07-17,fulfilment medewerker,nee,https://nl.linkedin.com/jobs/view/magazijn-medewerker-at-gs-fulfilment-4441130297,https://nl.linkedin.com/company/gs-fulfilment,4441130297
GTE,Klaviyo Email Marketing Specialist (Talent Pool – eCommerce),Nieuwegein,2026-02-23,email marketeer webshop,nee,https://nl.linkedin.com/jobs/view/klaviyo-email-marketing-specialist-talent-pool-%E2%80%93-ecommerce-at-gte-4375736730,https://www.linkedin.com/company/gte2018,4375736730
GTE,Junior Marketeer (Dutch speaker),Nieuwegein,2026-04-16,email marketeer webshop,nee,https://nl.linkedin.com/jobs/view/junior-marketeer-dutch-speaker-at-gte-4402168963,https://www.linkedin.com/company/gte2018,4402168963
GTE,Shopify Marketing Virtual Assistant,Nieuwegein,2026-04-24,social media medewerker webshop,nee,https://nl.linkedin.com/jobs/view/shopify-marketing-virtual-assistant-at-gte-4404107176,https://www.linkedin.com/company/gte2018,4404107176
GTE,Shopify Conversion Specialist,Nieuwegein,2026-05-04,email marketeer webshop,nee,https://nl.linkedin.com/jobs/view/shopify-conversion-specialist-at-gte-4408910853,https://www.linkedin.com/company/gte2018,4408910853
GTE,SEO &amp; Product Page Marketing Specialist for Supplement Brand,Nieuwegein,2026-05-14,email marketeer webshop,nee,https://nl.linkedin.com/jobs/view/seo-product-page-marketing-specialist-for-supplement-brand-at-gte-4414745284,https://www.linkedin.com/company/gte2018,4414745284
GTE,eCom Product Page Designer,Nieuwegein,2026-07-14,email marketeer webshop,nee,https://nl.linkedin.com/jobs/view/ecom-product-page-designer-at-gte-4439800194,https://www.linkedin.com/company/gte2018,4439800194
GTE,eCom Product Page Copywriter,Nieuwegein,2026-07-14,email marketeer webshop,nee,https://nl.linkedin.com/jobs/view/ecom-product-page-copywriter-at-gte-4439489638,https://www.linkedin.com/company/gte2018,4439489638
GTE,Product Importer,Nieuwegein,2026-07-27,supply chain medewerker webshop,nee,https://nl.linkedin.com/jobs/view/product-importer-at-gte-4445185256,https://www.linkedin.com/company/gte2018,4445185256
GTE,E-commerce Marketeer,Nieuwegein,2026-08-11,email marketeer webshop,nee,https://nl.linkedin.com/jobs/view/e-commerce-marketeer-at-gte-4452143236,https://www.linkedin.com/company/gte2018,4452143236
GTE,General VA – Social Media Management,Nieuwegein,2026-08-24,social media medewerker webshop,nee,https://nl.linkedin.com/jobs/view/general-va-%E2%80%93-social-media-management-at-gte-4457163824,https://www.linkedin.com/company/gte2018,4457163824
Guerlain,E-Business and Digital Intern - February 2027,Capelle aan den IJssel,2026-09-18,social media medewerker webshop,nee,https://nl.linkedin.com/jobs/view/e-business-and-digital-intern-february-2027-at-guerlain-4459878242,https://fr.linkedin.com/company/guerlain,4459878242
Guide-ID,Customer Support Medewerker,Deventer,2026-09-14,after sales medewerker,nee,https://nl.linkedin.com/jobs/view/customer-support-medewerker-at-guide-id-4466090544,https://nl.linkedin.com/company/guide-id,4466090544
Guidewell,Founding Business Development Specialist,Eindhoven,2026-09-22,conversie specialist,nee,https://nl.linkedin.com/jobs/view/founding-business-development-specialist-at-guidewell-4468599332,https://nl.linkedin.com/company/guidewell-it-agency,4468599332
Guidion,Medewerker Werving &amp; Onboarding,Amsterdam,2026-09-21,conversie specialist,nee,https://nl.linkedin.com/jobs/view/medewerker-werving-onboarding-at-guidion-4469859849,https://nl.linkedin.com/company/guidion,4469859849
"GXO Logistics, Inc.",Customer Service Officer,Oude Meer,2026-09-02,klantsupport,nee,https://nl.linkedin.com/jobs/view/customer-service-officer-at-gxo-logistics-inc-4462432132,https://www.linkedin.com/company/gxologistics,4462432132
"GXO Logistics, Inc.",Customer Service Representative,Amsterdam Area,2026-09-03,klantsupport,nee,https://nl.linkedin.com/jobs/view/customer-service-representative-at-gxo-logistics-inc-4460475892,https://www.linkedin.com/company/gxologistics,4460475892
"GXO Logistics, Inc.",Process Controller I,Hilversum,2026-09-18,supply chain medewerker webshop,nee,https://nl.linkedin.com/jobs/view/process-controller-i-at-gxo-logistics-inc-4469257361,https://www.linkedin.com/company/gxologistics,4469257361
Habasit,Logistiek medewerk(st)er,Nijkerk,2026-09-22,supply chain medewerker webshop,nee,https://nl.linkedin.com/jobs/view/logistiek-medewerk-st-er-at-habasit-4470457036,https://ch.linkedin.com/company/habasit,4470457036
HabitasConnects,Senior E-commerce &amp; Marketplace Medewerker | 24-32 uur | Oud-Beijerland,Oud-Beijerland,2026-09-14,social media medewerker webshop,nee,https://nl.linkedin.com/jobs/view/senior-e-commerce-marketplace-medewerker-24-32-uur-oud-beijerland-at-habitasconnects-4465220223,https://nl.linkedin.com/company/habitasconnects,4465220223
Hakkers,Servicedesk Engineer,Werkendam,2026-09-08,servicedesk medewerker webshop,nee,https://nl.linkedin.com/jobs/view/servicedesk-engineer-at-hakkers-4457097755,https://nl.linkedin.com/company/hakkers-bv,4457097755
Hallmark CE,Marketing Lead Digital,Capelle aan den IJssel,2026-09-09,email marketeer webshop,nee,https://nl.linkedin.com/jobs/view/marketing-lead-digital-at-hallmark-ce-4418259909,https://nl.linkedin.com/company/hallmark-cards-benelux,4418259909
Hallmark CE,CRM &amp; Lifecycle Marketeer (Nederland &amp; België),Capelle aan den IJssel,2026-09-10,email marketeer webshop,nee,https://nl.linkedin.com/jobs/view/crm-lifecycle-marketeer-nederland-belgi%C3%AB-at-hallmark-ce-4455624513,https://nl.linkedin.com/company/hallmark-cards-benelux,4455624513
Hallo,Support Engineer,Alkmaar,2026-08-17,klantsupport,nee,https://nl.linkedin.com/jobs/view/support-engineer-at-hallo-4455246995,https://nl.linkedin.com/company/hallo-ict,4455246995
Hamat B.V.,Commercieel medewerker binnendienst,Genemuiden,2026-09-16,medewerker verkoop binnendienst webshop,nee,https://nl.linkedin.com/jobs/view/commercieel-medewerker-binnendienst-at-hamat-b-v-4468221645,https://nl.linkedin.com/company/hamatbv,4468221645
Hammer IT Services B.V.,Allround Medewerker IT &amp; Klantenservice,Zevenaar,2026-08-26,servicedesk medewerker webshop,nee,https://nl.linkedin.com/jobs/view/allround-medewerker-it-klantenservice-at-hammer-it-services-b-v-4459328254,https://nl.linkedin.com/company/hammerit,4459328254
Handpicked,Open sollicitatie - Handpicked,Eindhoven,2024-11-26,inkoper webshop,nee,https://nl.linkedin.com/jobs/view/open-sollicitatie-handpicked-at-handpicked-4085645237,https://nl.linkedin.com/company/handpickedagencies,4085645237
Handpicked,Open sollicitatie - Handpicked,Rotterdam,2024-11-26,inkoper webshop,nee,https://nl.linkedin.com/jobs/view/open-sollicitatie-handpicked-at-handpicked-4085643433,https://nl.linkedin.com/company/handpickedagencies,4085643433
Handpicked,Open sollicitatie - Handpicked,Breda,2024-11-26,inkoper webshop,nee,https://nl.linkedin.com/jobs/view/open-sollicitatie-handpicked-at-handpicked-4085642447,https://nl.linkedin.com/company/handpickedagencies,4085642447
Hands on ICT,Allround Marketeer,Weesp,2026-09-03,email marketeer webshop,nee,https://nl.linkedin.com/jobs/view/allround-marketeer-at-hands-on-ict-4462761866,https://nl.linkedin.com/company/hands-on-ict,4462761866
HANOS Internationale Horeca Groothandel,Medewerker ICT Servicedesk,Apeldoorn,2026-09-01,servicedesk medewerker webshop,nee,https://nl.linkedin.com/jobs/view/medewerker-ict-servicedesk-at-hanos-internationale-horeca-groothandel-4461750833,https://nl.linkedin.com/company/hanos-internationale-horecagroothandel,4461750833
Hans Anders,Medewerker Klantenservice,Gorinchem,2026-09-08,customer service parttime,nee,https://nl.linkedin.com/jobs/view/medewerker-klantenservice-at-hans-anders-4443240667,https://nl.linkedin.com/company/hans-anders,4443240667
Hans Boodt Mannequins,Customer Support Employee,Zwijndrecht,2026-09-16,klantsupport,nee,https://nl.linkedin.com/jobs/view/customer-support-employee-at-hans-boodt-mannequins-4465926563,https://nl.linkedin.com/company/hansboodtmannequins,4465926563
Happy Hair Service,E-commerce &amp; Content Specialist,Berkel en Rodenrijs,2026-09-15,inkoper webshop,nee,https://nl.linkedin.com/jobs/view/e-commerce-content-specialist-at-happy-hair-service-4467753157,https://nl.linkedin.com/company/happy-hair-service,4467753157
Happy Horizon,Digital Project Manager,Eindhoven,2026-07-24,product owner webshop,nee,https://nl.linkedin.com/jobs/view/digital-project-manager-at-happy-horizon-4455749464,https://nl.linkedin.com/company/happy-horizon,4455749464
Happy Horizon,Junior Marketing Automation Consultant,Eindhoven,2026-08-21,email marketeer webshop,nee,https://nl.linkedin.com/jobs/view/junior-marketing-automation-consultant-at-happy-horizon-4457319778,https://nl.linkedin.com/company/happy-horizon,4457319778
HappyBed,Duitstalige Content Creator,Eersel,2026-09-09,social media medewerker webshop,nee,https://nl.linkedin.com/jobs/view/duitstalige-content-creator-at-happybed-4465058692,https://nl.linkedin.com/company/happybed,4465058692
Harnham,Customer Success Manager,Amsterdam,2026-08-25,customer succes,nee,https://nl.linkedin.com/jobs/view/customer-success-manager-at-harnham-4414585377,https://uk.linkedin.com/company/harnham,4414585377
Harnham,Customer success manager - retail experience required,Randstad,2026-08-27,customer succes,nee,https://nl.linkedin.com/jobs/view/customer-success-manager-retail-experience-required-at-harnham-4416264605,https://uk.linkedin.com/company/harnham,4416264605
Harnham,Project Manager,Amsterdam,2026-08-27,customer succes,nee,https://nl.linkedin.com/jobs/view/project-manager-at-harnham-4459692549,https://uk.linkedin.com/company/harnham,4459692549
Harnham,Head of Product,Amsterdam,2026-08-31,product owner webshop,nee,https://nl.linkedin.com/jobs/view/head-of-product-at-harnham-4448311289,https://uk.linkedin.com/company/harnham,4448311289
Harnham,Customer Implementation Manager,Amsterdam,2026-08-31,customer succes,nee,https://nl.linkedin.com/jobs/view/customer-implementation-manager-at-harnham-4458757772,https://uk.linkedin.com/company/harnham,4458757772
Harnham,Customer Success Manager,Amsterdam,2026-08-31,customer succes,nee,https://nl.linkedin.com/jobs/view/customer-success-manager-at-harnham-4411609619,https://uk.linkedin.com/company/harnham,4411609619
Harnham,Customer Success Manager and Project lead,Randstad,2026-09-01,customer succes,nee,https://nl.linkedin.com/jobs/view/customer-success-manager-and-project-lead-at-harnham-4407859483,https://uk.linkedin.com/company/harnham,4407859483
Harnham,Product Owner - Knowledge Graphs,Amsterdam Area,2026-09-17,product owner webshop,nee,https://nl.linkedin.com/jobs/view/product-owner-knowledge-graphs-at-harnham-4122078990,https://uk.linkedin.com/company/harnham,4122078990
Harstra,Technical support,Volendam,2026-08-17,after sales medewerker,nee,https://nl.linkedin.com/jobs/view/technical%0Asupport-at-harstra-4452248982,https://nl.linkedin.com/company/harstra,4452248982
Hart Beach,Website &amp; Webshop Beheerder,'s-Gravenhage,2026-09-19,inkoper webshop,nee,https://nl.linkedin.com/jobs/view/website-webshop-beheerder-at-hart-beach-4469525581,https://nl.linkedin.com/company/hartbeach,4469525581
Haselhoff Groep,ICT Supportdesk Medewerker 1e en 2e lijns,Utrecht,2026-07-27,servicedesk medewerker webshop,nee,https://nl.linkedin.com/jobs/view/ict-supportdesk-medewerker-1e-en-2e-lijns-at-haselhoff-groep-4428635483,https://nl.linkedin.com/company/haselhoff-groep,4428635483
Haselhoff Groep,Junior Inside Marketing &amp; Sales medewerker,Utrecht,2026-07-27,email marketeer webshop,nee,https://nl.linkedin.com/jobs/view/junior-inside-marketing-sales-medewerker-at-haselhoff-groep-4428632502,https://nl.linkedin.com/company/haselhoff-groep,4428632502
HAVI,Customer Service medewerker,Amersfoort,2026-09-10,klantsupport,nee,https://nl.linkedin.com/jobs/view/customer-service-medewerker-at-havi-4428890417,https://www.linkedin.com/company/havigroup,4428890417
HAVI,Weekendkracht Customer Service,Amersfoort,2026-09-11,customer service parttime,nee,https://nl.linkedin.com/jobs/view/weekendkracht-customer-service-at-havi-4409914160,https://www.linkedin.com/company/havigroup,4409914160
Haystack People,Product Owner,"Utrecht, Nederland",2026-08-31,product owner webshop,nee,https://nl.linkedin.com/jobs/view/product-owner-at-haystack-people-4459757897,https://nl.linkedin.com/company/haystack-people,4459757897
Haystack People,Customer Succes Manager (SaaS/AI),Nijmegen,2026-09-14,customer succes,nee,https://nl.linkedin.com/jobs/view/customer-succes-manager-saas-ai-at-haystack-people-4465786674,https://nl.linkedin.com/company/haystack-people,4465786674
Haystack People,Digital Marketeer,Randstad,2026-09-16,email marketeer webshop,nee,https://nl.linkedin.com/jobs/view/digital-marketeer-at-haystack-people-4466853622,https://nl.linkedin.com/company/haystack-people,4466853622
Haystack People,Customer Support Specialist,Haarlem,2026-09-18,after sales medewerker,nee,https://nl.linkedin.com/jobs/view/customer-support-specialist-at-haystack-people-4467860501,https://nl.linkedin.com/company/haystack-people,4467860501
Haystack People,Customer Support Specialist,Veenendaal,2026-09-22,after sales medewerker,nee,https://nl.linkedin.com/jobs/view/customer-support-specialist-at-haystack-people-4469036474,https://nl.linkedin.com/company/haystack-people,4469036474
HB17 Werkt,Online marketeer,Goes,2026-09-03,email marketeer webshop,nee,https://nl.linkedin.com/jobs/view/online-marketeer-at-hb17-werkt-4434817800,https://nl.linkedin.com/company/hb17-werkt,4434817800
HBM Machines B.V.,Domein Lead Product to Market (32 - 40 uur),Waddinxveen,2026-09-03,product owner webshop,nee,https://nl.linkedin.com/jobs/view/domein-lead-product-to-market-32-40-uur-at-hbm-machines-b-v-4461712718,https://nl.linkedin.com/company/hbm-machines,4461712718
HCI - Health Cloud Initiative,Customer Service Medewerker,Haarlem,2026-09-09,after sales medewerker,nee,https://nl.linkedin.com/jobs/view/customer-service-medewerker-at-health-cloud-initiative-4463836184,https://nl.linkedin.com/company/healthcloudinitiative,4463836184
HCI - Health Cloud Initiative,Customer Support Employee,Maastricht,2026-09-09,after sales medewerker,nee,https://nl.linkedin.com/jobs/view/customer-support-employee-at-health-cloud-initiative-4463829543,https://nl.linkedin.com/company/healthcloudinitiative,4463829543
HCI - Health Cloud Initiative,Support medewerker Maastricht,Maastricht,2026-09-09,after sales medewerker,nee,https://nl.linkedin.com/jobs/view/support-medewerker-maastricht-at-health-cloud-initiative-4463840106,https://nl.linkedin.com/company/healthcloudinitiative,4463840106
HCI - Health Cloud Initiative,Marketing Specialist,Amsterdam,2026-09-11,conversie specialist,nee,https://nl.linkedin.com/jobs/view/marketing-specialist-at-health-cloud-initiative-4466314337,https://nl.linkedin.com/company/healthcloudinitiative,4466314337
HealthConnected (NL),Customer Succes Specialist,Alkmaar,2026-09-11,customer succes,nee,https://nl.linkedin.com/jobs/view/customer-succes-specialist-at-healthconnected-nl-4466090452,https://nl.linkedin.com/company/healthconnected-nl,4466090452
Hedin Automotive NL,Medewerker Klantcontact Ford,Rotterdam,2026-07-07,customer service parttime,nee,https://nl.linkedin.com/jobs/view/medewerker-klantcontact-ford-at-hedin-automotive-nl-4436851263,https://nl.linkedin.com/company/hedin-automotive-nl,4436851263
Hegron Cosmetics BV,Logistiek Medewerker,Purmerend,2026-04-10,fulfilment medewerker,nee,https://nl.linkedin.com/jobs/view/logistiek-medewerker-at-hegron-cosmetics-bv-4400529496,https://nl.linkedin.com/company/hegron-cosmetics-bv,4400529496
HEIGHT TECHNOLOGIES,Technical Field Support medewerker,Tiel,2026-09-08,after sales medewerker,nee,https://nl.linkedin.com/jobs/view/technical-field-support-medewerker-at-height-technologies-4464470581,https://nl.linkedin.com/company/heighttechnologies,4464470581
Heinen Delfts Blauw,Marketing stagiaire,Putten,2026-04-13,social media medewerker webshop,nee,https://nl.linkedin.com/jobs/view/marketing-stagiaire-at-heinen-delfts-blauw-4401303525,https://nl.linkedin.com/company/heinen-delfts-blauw,4401303525
Hellios Information,Service Delivery Manager,Amsterdam,2026-09-16,customer succes,nee,https://nl.linkedin.com/jobs/view/service-delivery-manager-at-hellios-information-4465977772,https://uk.linkedin.com/company/hellios-information,4465977772
Hellios Information,Service Delivery Manager,Amsterdam Area,2026-09-17,customer succes,nee,https://nl.linkedin.com/jobs/view/service-delivery-manager-at-hellios-information-4467503361,https://uk.linkedin.com/company/hellios-information,4467503361
Hellmann Worldwide Logistics,Warehouse medewerker,Aalsmeer,2026-06-05,fulfilment medewerker,nee,https://nl.linkedin.com/jobs/view/warehouse-medewerker-at-hellmann-worldwide-logistics-4424564368,https://de.linkedin.com/company/hellmann-worldwide-logistics,4424564368
Hellmann Worldwide Logistics,AF Warehouse Operator,Aalsmeer,2026-07-15,fulfilment medewerker,nee,https://nl.linkedin.com/jobs/view/af-warehouse-operator-at-hellmann-worldwide-logistics-4434342296,https://de.linkedin.com/company/hellmann-worldwide-logistics,4434342296
HelloFresh,Junior Content Marketing specialist (f/m/x),Amsterdam,2026-09-16,email marketeer webshop,nee,https://nl.linkedin.com/jobs/view/junior-content-marketing-specialist-f-m-x-at-hellofresh-4468251961,https://de.linkedin.com/company/hellofresh,4468251961
Hemelaer,Orderpicker (binnenland),Binnenland,2026-08-07,fulfilment medewerker,nee,https://nl.linkedin.com/jobs/view/orderpicker-binnenland-at-hemelaer-4450301015,https://be.linkedin.com/company/hemelaer-nv,4450301015
Hemubo,Support medewerker ICT,Almere,2026-09-17,servicedesk medewerker webshop,nee,https://nl.linkedin.com/jobs/view/support-medewerker-ict-at-hemubo-4457974171,https://nl.linkedin.com/company/hemubo,4457974171
Henkel,Senior Digital Marketing Manager (M/F/X),Utrecht,2026-09-19,email marketeer webshop,nee,https://nl.linkedin.com/jobs/view/senior-digital-marketing-manager-m-f-x-at-henkel-4441617171,https://de.linkedin.com/company/henkel,4441617171
Herbalife,Customer Service Representative with English and Dutch - Netherlands and Belgium,Utrecht,2026-09-04,klantsupport,nee,https://nl.linkedin.com/jobs/view/customer-service-representative-with-english-and-dutch-netherlands-and-belgium-at-herbalife-4434132710,https://www.linkedin.com/company/herbalife,4434132710
HERE Technologies,Technical Customer Success Manager,Eindhoven Area,2026-09-09,customer succes,nee,https://nl.linkedin.com/jobs/view/technical-customer-success-manager-at-here-technologies-4464100162,https://nl.linkedin.com/company/here,4464100162
Hertz,Customer Service Representative,Amstelveen,2026-09-11,klantsupport,nee,https://nl.linkedin.com/jobs/view/customer-service-representative-at-hertz-4464561778,https://www.linkedin.com/company/hertz,4464561778
Het Koekemannetje,Junior Supply Chain Coordinator,Amsterdam,2026-08-21,supply chain medewerker webshop,nee,https://nl.linkedin.com/jobs/view/junior-supply-chain-coordinator-at-het-koekemannetje-4456781132,https://nl.linkedin.com/company/het-koekemannetje,4456781132
Hewa,Commercieel medewerker binnendienst – Technische groothandel,Rijssen,2026-09-15,medewerker verkoop binnendienst webshop,nee,https://nl.linkedin.com/jobs/view/commercieel-medewerker-binnendienst-%E2%80%93-technische-groothandel-at-hewa-4467720554,https://nl.linkedin.com/company/hewagroothandel,4467720554
Hey Honey,Junior Social Media Manager,Amsterdam,2026-09-09,social media medewerker webshop,nee,https://nl.linkedin.com/jobs/view/junior-social-media-manager-at-hey-honey-4464964754,https://nl.linkedin.com/company/hey-honey,4464964754
HG International,Digital Content &amp; E-commerce Intern,Almere,2026-09-18,social media medewerker webshop,nee,https://nl.linkedin.com/jobs/view/digital-content-e-commerce-intern-at-hg-international-4469139315,https://nl.linkedin.com/company/hg-international,4469139315
HiBob,Dutch speaking Enterprise Customer Success Manager,Amsterdam,2026-09-22,customer succes,nee,https://nl.linkedin.com/jobs/view/dutch-speaking-enterprise-customer-success-manager-at-hibob-4470298188,https://www.linkedin.com/company/hibob,4470298188
Hillebrand Gori - A company of DHL,Product Owner – Internal Integrations | Architect,Haarlem,2026-07-24,product owner webshop,nee,https://nl.linkedin.com/jobs/view/product-owner-%E2%80%93-internal-integrations-architect-at-hillebrand-gori-a-company-of-dhl-4443930248,https://de.linkedin.com/company/hillebrandgori,4443930248
Hiltermann Lease,Product Owner,Hoofddorp,2026-09-01,product owner webshop,nee,https://nl.linkedin.com/jobs/view/product-owner-at-hiltermann-lease-4461573756,https://nl.linkedin.com/company/hiltermannlease,4461573756
Hilti Nederland BV,IT Product Owner LP Fulfillment,Berkel en Rodenrijs,2026-08-14,product owner webshop,nee,https://nl.linkedin.com/jobs/view/it-product-owner-lp-fulfillment-at-hilti-nederland-bv-4438429230,https://nl.linkedin.com/company/hilti-nederland-bv,4438429230
Hofweb,Coördinator Orderpick,Biddinghuizen,2026-09-11,inkoper webshop,nee,https://nl.linkedin.com/jobs/view/co%C3%B6rdinator-orderpick-at-hofweb-4466048349,https://nl.linkedin.com/company/hofweb,4466048349
Hogeschool Utrecht,Product Owner Systeemintegratie,Utrecht,2026-09-11,product owner webshop,nee,https://nl.linkedin.com/jobs/view/product-owner-systeemintegratie-at-hu-university-of-applied-sciences-utrecht-hogeschool-utrecht-4464885019,https://nl.linkedin.com/school/hogeschool-utrecht/,4464885019
Holla legal &amp; tax,Medewerker ICT support,'s-Hertogenbosch,2026-09-11,servicedesk medewerker webshop,nee,https://nl.linkedin.com/jobs/view/medewerker-ict-support-at-holla-legal-tax-4440234230,https://nl.linkedin.com/company/holla-advocaten,4440234230
Holland2Stay,Servicedesk Medewerker,Eindhoven,2026-09-19,servicedesk medewerker webshop,nee,https://nl.linkedin.com/jobs/view/servicedesk-medewerker-at-holland2stay-4466941231,https://nl.linkedin.com/company/holland2stay,4466941231
Holt Executive Ltd,"Senior Product Manager – Platform, Network &amp; UX",Rotterdam and The Hague,2026-09-15,product owner webshop,nee,https://nl.linkedin.com/jobs/view/senior-product-manager-%E2%80%93-platform-network-ux-at-holt-executive-ltd-4465527287,https://uk.linkedin.com/company/holt-executive-ltd,4465527287
Holweg Cargo Service BV,Logistiek coördinator,s-Hertogenbosch Area,2026-09-14,supply chain medewerker webshop,nee,https://nl.linkedin.com/jobs/view/logistiek-co%C3%B6rdinator-at-holweg-cargo-service-bv-4447810710,https://nl.linkedin.com/company/holweg-cargo-service-bv,4447810710
Homefashion Group B.V.,E commerce Specialist - Merchandising &amp; Content,Geertruidenberg,2026-08-18,social media medewerker webshop,nee,https://nl.linkedin.com/jobs/view/e-commerce-specialist-merchandising-content-at-homefashion-group-b-v-4454176840,https://nl.linkedin.com/company/homefashion-group-b-v-,4454176840
Homefashion Group B.V.,Meewerkstage E-commerce bij Kwantum,Tilburg,2026-09-15,inkoper webshop,nee,https://nl.linkedin.com/jobs/view/meewerkstage-e-commerce-bij-kwantum-at-homefashion-group-b-v-4466943892,https://nl.linkedin.com/company/homefashion-group-b-v-,4466943892
Hoogvliet supermarkt,Projectleider ICT,Bleiswijk,2026-09-07,product owner webshop,nee,https://nl.linkedin.com/jobs/view/projectleider-ict-at-hoogvliet-supermarkt-4463313725,https://nl.linkedin.com/company/hoogvliet-supermarkt,4463313725
Hooks Creative,Production &amp; Logistics Coordinator (Based in The Netherlands),Haarlem,2026-09-17,supply chain medewerker webshop,nee,https://nl.linkedin.com/jobs/view/production-logistics-coordinator-based-in-the-netherlands-at-hooks-creative-4468627824,https://nl.linkedin.com/company/hooks-creative,4468627824
Hoppenbrouwers,Functioneel Beheerder SharePoint en Teams,Udenhout,2026-05-04,inkoper webshop,nee,https://nl.linkedin.com/jobs/view/functioneel-beheerder-sharepoint-en-teams-at-hoppenbrouwers-4410035669,https://nl.linkedin.com/company/hoppenbrouwers-techniek,4410035669
Hostnet,Open sollicitatie,Amsterdam,2025-02-13,inkoper webshop,nee,https://nl.linkedin.com/jobs/view/open-sollicitatie-at-hostnet-bv-4152196015,https://nl.linkedin.com/company/hostnet-bv,4152196015
Hostnet,Client Manager - Websites,Amsterdam,2026-09-15,inkoper webshop,nee,https://nl.linkedin.com/jobs/view/client-manager-websites-at-hostnet-bv-4454747392,https://nl.linkedin.com/company/hostnet-bv,4454747392
Hostnet,Website Sales Consultant,Amsterdam,2026-09-15,inkoper webshop,nee,https://nl.linkedin.com/jobs/view/website-sales-consultant-at-hostnet-bv-4454742448,https://nl.linkedin.com/company/hostnet-bv,4454742448
Hostnet,Growth Marketeer,Amsterdam,2026-09-15,email marketeer webshop,nee,https://nl.linkedin.com/jobs/view/growth-marketeer-at-hostnet-bv-4465594901,https://nl.linkedin.com/company/hostnet-bv,4465594901
Hostnet,Customer Success Representative,Amsterdam,2026-09-17,customer succes,nee,https://nl.linkedin.com/jobs/view/customer-success-representative-at-hostnet-bv-4456027234,https://nl.linkedin.com/company/hostnet-bv,4456027234
Hot ITem Conclusion,Open Sollicitatie,Amsterdam,2026-08-25,conversie specialist,nee,https://nl.linkedin.com/jobs/view/open-sollicitatie-at-hot-item-conclusion-4456589374,https://nl.linkedin.com/company/hotitem,4456589374
Hot ITem Conclusion,Growth Marketeer,Randstad,2026-09-07,email marketeer webshop,nee,https://nl.linkedin.com/jobs/view/growth-marketeer-at-hot-item-conclusion-4464352931,https://nl.linkedin.com/company/hotitem,4464352931
Hotel Okura Amsterdam,Guest Service Specialist - Front Office,Amsterdam,2026-02-21,conversie specialist,nee,https://nl.linkedin.com/jobs/view/guest-service-specialist-front-office-at-hotel-okura-amsterdam-4387412102,https://nl.linkedin.com/company/hotel-okura-amsterdam,4387412102
Hotelprofessionals,Front Desk Agent (part-time),Hoofddorp,2026-05-03,customer service parttime,nee,https://nl.linkedin.com/jobs/view/front-desk-agent-part-time-at-hotelprofessionals-4408391262,https://nl.linkedin.com/company/hotelprofessionals,4408391262
Hotelprofessionals,Business Development Specialist,Amsterdam,2026-06-05,conversie specialist,nee,https://nl.linkedin.com/jobs/view/business-development-specialist-at-hotelprofessionals-4424551560,https://nl.linkedin.com/company/hotelprofessionals,4424551560
Hotelprofessionals,Front Office Host(ess) - 0-hour,Hoofddorp,2026-06-05,customer service parttime,nee,https://nl.linkedin.com/jobs/view/front-office-host-ess-0-hour-at-hotelprofessionals-4424555533,https://nl.linkedin.com/company/hotelprofessionals,4424555533
Hotelprofessionals,Business Development Specialist,Amsterdam,2026-06-06,conversie specialist,nee,https://nl.linkedin.com/jobs/view/business-development-specialist-at-hotelprofessionals-4424671322,https://nl.linkedin.com/company/hotelprofessionals,4424671322
Hotelprofessionals,Front Office Host(ess) - 0 Hours,Hoofddorp,2026-07-03,customer service parttime,nee,https://nl.linkedin.com/jobs/view/front-office-host-ess-0-hours-at-hotelprofessionals-4435702424,https://nl.linkedin.com/company/hotelprofessionals,4435702424
Hotelprofessionals,Front Office Medewerker - fulltime/parttime,Nunspeet,2026-07-14,customer service parttime,nee,https://nl.linkedin.com/jobs/view/front-office-medewerker-fulltime-parttime-at-hotelprofessionals-4439845738,https://nl.linkedin.com/company/hotelprofessionals,4439845738
Hotelprofessionals,Part-time Front Office Crew Member,Den Haag,2026-07-16,customer service parttime,nee,https://nl.linkedin.com/jobs/view/part-time-front-office-crew-member-at-hotelprofessionals-4441112882,https://nl.linkedin.com/company/hotelprofessionals,4441112882
Hotelprofessionals,Medewerker Front Office,Delft,2026-08-06,customer service parttime,nee,https://nl.linkedin.com/jobs/view/medewerker-front-office-at-hotelprofessionals-4450019054,https://nl.linkedin.com/company/hotelprofessionals,4450019054
Hotelprofessionals,Medewerker Front Office (oproepkracht),Eindhoven,2026-08-10,customer service parttime,nee,https://nl.linkedin.com/jobs/view/medewerker-front-office-oproepkracht-at-hotelprofessionals-4451166488,https://nl.linkedin.com/company/hotelprofessionals,4451166488
Hotelprofessionals,Front Office Host(ess) - 0 Hours,Hoofddorp,2026-08-11,customer service parttime,nee,https://nl.linkedin.com/jobs/view/front-office-host-ess-0-hours-at-hotelprofessionals-4451977234,https://nl.linkedin.com/company/hotelprofessionals,4451977234
Hotelprofessionals,Front Office Agent - Element by Marriott Hotel (FT/PT),Amsterdam,2026-08-14,customer service parttime,nee,https://nl.linkedin.com/jobs/view/front-office-agent-element-by-marriott-hotel-ft-pt-at-hotelprofessionals-4453734723,https://nl.linkedin.com/company/hotelprofessionals,4453734723
Hotelprofessionals,Front Office medewerker Parttime,Amstelveen,2026-08-24,customer service parttime,nee,https://nl.linkedin.com/jobs/view/front-office-medewerker-parttime-at-hotelprofessionals-4456870618,https://nl.linkedin.com/company/hotelprofessionals,4456870618
Hotelprofessionals,AI &amp;amp; Digital Innovation Specialist,Amsterdam,2026-08-31,conversie specialist,nee,https://nl.linkedin.com/jobs/view/ai-amp-digital-innovation-specialist-at-hotelprofessionals-4460203187,https://nl.linkedin.com/company/hotelprofessionals,4460203187
Hotelprofessionals,Reservations Agent,Amsterdam,2026-09-02,customer service parttime,nee,https://nl.linkedin.com/jobs/view/reservations-agent-at-hotelprofessionals-4461350385,https://nl.linkedin.com/company/hotelprofessionals,4461350385
Hotelprofessionals,MARKETING &amp;amp; COMMUNICATIE SPECIALIST,Den Haag,2026-09-11,email marketeer webshop,nee,https://nl.linkedin.com/jobs/view/marketing-amp-communicatie-specialist-at-hotelprofessionals-4464880391,https://nl.linkedin.com/company/hotelprofessionals,4464880391
Hotelprofessionals,Senior Performance &amp;amp; Data Marketing Growth Lead,Arnhem,2026-09-14,email marketeer webshop,nee,https://nl.linkedin.com/jobs/view/senior-performance-amp-data-marketing-growth-lead-at-hotelprofessionals-4465761731,https://nl.linkedin.com/company/hotelprofessionals,4465761731
Hotelprofessionals,Front Office Agent (0-uren),Rotterdam,2026-09-15,customer service parttime,nee,https://nl.linkedin.com/jobs/view/front-office-agent-0-uren-at-hotelprofessionals-4466502638,https://nl.linkedin.com/company/hotelprofessionals,4466502638
Hotelprofessionals,Front Office Medewerker PT,Hoofddorp,2026-09-21,customer service parttime,nee,https://nl.linkedin.com/jobs/view/front-office-medewerker-pt-at-hotelprofessionals-4468754376,https://nl.linkedin.com/company/hotelprofessionals,4468754376
Hotelprofessionals,Front desk agent (PT),Amsterdam,2026-09-21,customer service parttime,nee,https://nl.linkedin.com/jobs/view/front-desk-agent-pt-at-hotelprofessionals-4468778428,https://nl.linkedin.com/company/hotelprofessionals,4468778428
Hotelprofessionals,Front Office Employee - 2 days,Amsterdam,2026-09-22,customer service parttime,nee,https://nl.linkedin.com/jobs/view/front-office-employee-2-days-at-hotelprofessionals-4469003084,https://nl.linkedin.com/company/hotelprofessionals,4469003084
HousApp,Customer Success Manager,Amsterdam,2026-06-01,customer succes,nee,https://nl.linkedin.com/jobs/view/customer-success-manager-at-housapp-4421803765,https://nl.linkedin.com/company/housapp,4421803765
House of Einstein,Klantenservicemedewerker,Diemen,2026-09-23,customer service parttime,nee,https://nl.linkedin.com/jobs/view/klantenservicemedewerker-at-house-of-einstein-4470901774,https://nl.linkedin.com/company/house-of-einstein,4470901774
House of Tickets,Stage CRM &amp; Marketing Automation,Randstad,2026-08-27,email marketeer webshop,nee,https://nl.linkedin.com/jobs/view/stage-crm-marketing-automation-at-house-of-tickets-4459805567,https://nl.linkedin.com/company/houseoftickets,4459805567
HousingAnywhere,Product Manager - Platform &amp; Internal Ops,Rotterdam,2026-09-11,product owner webshop,nee,https://nl.linkedin.com/jobs/view/product-manager-platform-internal-ops-at-housinganywhere-4454184443,https://nl.linkedin.com/company/housinganywhere,4454184443
HUB Footwear,Content Creator,Den Haag,2026-09-22,social media medewerker webshop,nee,https://nl.linkedin.com/jobs/view/content-creator-at-hub-footwear-4465675104,https://nl.linkedin.com/company/hub-footwear,4465675104
Hubo,Campagne &amp; Content Marketeer,Amersfoort,2026-07-10,social media medewerker webshop,nee,https://nl.linkedin.com/jobs/view/campagne-content-marketeer-at-hubo-4438329167,https://nl.linkedin.com/company/hubonl,4438329167
HUGO BOSS,Service &amp; Process Assistant - Commercial Operations (m/f) I Fulltime (40h),Amsterdam Area,2026-09-04,supply chain medewerker webshop,nee,https://nl.linkedin.com/jobs/view/service-process-assistant-commercial-operations-m-f-i-fulltime-40h-at-hugo-boss-4461195761,https://de.linkedin.com/company/hugo-boss,4461195761
Human Source Group,IT servicedeskmedewerker,Zaltbommel,2026-09-07,servicedesk medewerker webshop,nee,https://nl.linkedin.com/jobs/view/it-servicedeskmedewerker-at-human-source-group-4464326634,https://nl.linkedin.com/company/human-source-group,4464326634
Humankind Kinderopvang En Ontwikkeling,Medewerker Servicedesk ICT 36 uur in Heerlen,Heerlen,2026-09-16,servicedesk medewerker webshop,nee,https://nl.linkedin.com/jobs/view/medewerker-servicedesk-ict-36-uur-in-heerlen-at-humankind-kinderopvang-en-ontwikkeling-4466948786,https://nl.linkedin.com/company/kinderopvang-humanitas,4466948786
Hunkemöller,Unified Commerce Business Analyst,Hilversum,2026-09-01,product owner webshop,nee,https://nl.linkedin.com/jobs/view/unified-commerce-business-analyst-at-hunkem%C3%B6ller-4459289634,https://nl.linkedin.com/company/hunkemoller,4459289634
Hunkemöller,Digital Product Manager (Easy-to-Buy),Hilversum,2026-09-02,product owner webshop,nee,https://nl.linkedin.com/jobs/view/digital-product-manager-easy-to-buy-at-hunkem%C3%B6ller-4459280726,https://nl.linkedin.com/company/hunkemoller,4459280726
Hunkemöller,Product Owner (Merchandise Planning),Hilversum,2026-09-02,product owner webshop,nee,https://nl.linkedin.com/jobs/view/product-owner-merchandise-planning-at-hunkem%C3%B6ller-4459289633,https://nl.linkedin.com/company/hunkemoller,4459289633
Hunkemöller,Senior Digital Product Designer (E-commerce),Hilversum,2026-09-02,product owner webshop,nee,https://nl.linkedin.com/jobs/view/senior-digital-product-designer-e-commerce-at-hunkem%C3%B6ller-4459288634,https://nl.linkedin.com/company/hunkemoller,4459288634
"Hunter Douglas, Inc.",IT Service Desk Engineer,Rotterdam,2026-09-06,servicedesk medewerker webshop,nee,https://nl.linkedin.com/jobs/view/it-service-desk-engineer-at-hunter-douglas-inc-4435056707,https://www.linkedin.com/company/hunter-douglas-us,4435056707
"Hunter Douglas, Inc.",Customer Service Representative,Boxtel,2026-09-17,klantsupport,nee,https://nl.linkedin.com/jobs/view/customer-service-representative-at-hunter-douglas-inc-4439193599,https://www.linkedin.com/company/hunter-douglas-us,4439193599
"Hunter Douglas, Inc.",IT Service Desk Engineer,Rotterdam,2026-09-21,servicedesk medewerker webshop,nee,https://nl.linkedin.com/jobs/view/it-service-desk-engineer-at-hunter-douglas-inc-4424547292,https://www.linkedin.com/company/hunter-douglas-us,4424547292
Huspy,Product Owner,Nederland,2026-06-02,product owner webshop,nee,https://nl.linkedin.com/jobs/view/product-owner-at-huspy-4423888679,https://ae.linkedin.com/company/huspy,4423888679
Husqvarna Group,Customer Service medewerker,Nieuwegein,2026-09-17,after sales medewerker,nee,https://nl.linkedin.com/jobs/view/customer-service-medewerker-at-husqvarna-group-4455887884,https://se.linkedin.com/company/husqvarnagroup,4455887884
HvO DEXIS - Alles voor goed werk,Commercieel medewerker binnendienst,Brielle,2026-09-21,medewerker verkoop binnendienst webshop,nee,https://nl.linkedin.com/jobs/view/commercieel-medewerker-binnendienst-at-hvo-dexis-alles-voor-goed-werk-4465012345,https://nl.linkedin.com/company/henny-van-ommeren-bv-&amp;-btn-waalhaven---sales-manager,4465012345
Hypersolid,Service Manager (Cloud &amp; Hosting),Alkmaar,2026-09-21,customer succes,nee,https://nl.linkedin.com/jobs/view/service-manager-cloud-hosting-at-hypersolid-4451642503,https://nl.linkedin.com/company/hypersolid,4451642503
iBOOD.com,Category Buyer,Amsterdam,2026-04-04,inkoper webshop,nee,https://nl.linkedin.com/jobs/view/category-buyer-at-ibood-com-4397800322,https://nl.linkedin.com/company/ibood.com,4397800322
iBOOD.com,Specialist Retouren &amp; Garanties,Amsterdam,2026-06-02,inkoper webshop,nee,https://nl.linkedin.com/jobs/view/specialist-retouren-garanties-at-ibood-com-4419282505,https://nl.linkedin.com/company/ibood.com,4419282505
iBOOD.com,Senior Buyer FMCG,Amsterdam,2026-08-25,inkoper webshop,nee,https://nl.linkedin.com/jobs/view/senior-buyer-fmcg-at-ibood-com-4456902863,https://nl.linkedin.com/company/ibood.com,4456902863
Icetubs,Webflow &amp; Shopify Developer,Amsterdam-West,2026-07-13,inkoper webshop,nee,https://nl.linkedin.com/jobs/view/webflow-shopify-developer-at-icetubs-4440044522,https://nl.linkedin.com/company/icetubs,4440044522
iChoosr,HubSpot Platform Engineer,Amsterdam,2026-06-04,email marketeer webshop,nee,https://nl.linkedin.com/jobs/view/hubspot-platform-engineer-at-ichoosr-4434446204,https://nl.linkedin.com/company/ichoosr,4434446204
ICSadviseurs,Marketeer,De Bilt,2026-09-14,conversie specialist,nee,https://nl.linkedin.com/jobs/view/marketeer-at-icsadviseurs-4465768439,https://nl.linkedin.com/company/icsadviseurs,4465768439
ID-ware,Logistiek Medewerker,Den Haag,2026-09-14,inkoper webshop,nee,https://nl.linkedin.com/jobs/view/logistiek-medewerker-at-id-ware-4464773907,https://nl.linkedin.com/company/id-ware,4464773907
IDEXX,Laboratory Customer Support Consultant / Dutch &amp; English speaker,Hoofddorp,2026-09-02,conversie specialist,nee,https://nl.linkedin.com/jobs/view/laboratory-customer-support-consultant-dutch-english-speaker-at-idexx-4462493387,https://www.linkedin.com/company/idexx-laboratories,4462493387
IFF,Logistiek Medewerker Shipping,Tilburg,2026-09-17,fulfilment medewerker,nee,https://nl.linkedin.com/jobs/view/logistiek-medewerker-shipping-at-iff-4459666630,https://www.linkedin.com/company/iff,4459666630
Ifmec,Community &amp; Marketing Coördinator,Doorn,2026-09-18,conversie specialist,nee,https://nl.linkedin.com/jobs/view/community-marketing-co%C3%B6rdinator-at-ifmec-4469176060,https://nl.linkedin.com/company/ifmec,4469176060
IGM,Contentcoördinator,Geldermalsen,2026-09-08,social media medewerker webshop,nee,https://nl.linkedin.com/jobs/view/contentco%C3%B6rdinator-at-igm-4439418323,https://nl.linkedin.com/company/igm-holding,4439418323
IGO Promo NL,Customer Service Medewerker,Helmond,2026-06-04,after sales medewerker,nee,https://nl.linkedin.com/jobs/view/customer-service-medewerker-at-igo-promo-4393526741,https://nl.linkedin.com/company/igo-promo-nl,4393526741
IGO Promo NL,Inside Sales Medewerker Internationaal,Helmond,2026-08-31,medewerker verkoop binnendienst webshop,nee,https://nl.linkedin.com/jobs/view/inside-sales-medewerker-internationaal-at-igo-promo-4461075000,https://nl.linkedin.com/company/igo-promo-nl,4461075000
IKEA,Customer Relations medewerker (parttime),Groningen,2026-08-18,customer service parttime,nee,https://nl.linkedin.com/jobs/view/customer-relations-medewerker-parttime-at-ikea-4462965372,https://nl.linkedin.com/company/ikea,4462965372
IKEA,Customer Relations medewerker (24-32 uur),Zwolle,2026-09-01,customer service parttime,nee,https://nl.linkedin.com/jobs/view/customer-relations-medewerker-24-32-uur-at-ikea-4460238544,https://nl.linkedin.com/company/ikea,4460238544
IKEA,Customer Relations medewerker (parttime),Groningen,2026-09-18,customer service parttime,nee,https://nl.linkedin.com/jobs/view/customer-relations-medewerker-parttime-at-ikea-4467856608,https://nl.linkedin.com/company/ikea,4467856608
ilionx,Product Owner,Zwolle,2026-09-17,product owner webshop,nee,https://nl.linkedin.com/jobs/view/product-owner-at-ilionx-4467508111,https://nl.linkedin.com/company/ilionx,4467508111
ilionx healthcare,Customer Succes Manager,'s-Hertogenbosch,2026-08-10,customer succes,nee,https://nl.linkedin.com/jobs/view/customer-succes-manager-at-ilionx-healthcare-4451844098,https://nl.linkedin.com/company/ilionxhealthcare,4451844098
Immigratie- en Naturalisatiedienst (IND),De Rijksoverheid zoekt: BI Specialist Process Mining,Den Haag,2026-09-21,conversie specialist,nee,https://nl.linkedin.com/jobs/view/de-rijksoverheid-zoekt-bi-specialist-process-mining-at-immigratie-en-naturalisatiedienst-ind-4469860658,https://nl.linkedin.com/company/immigratie--en-naturalisatiedienst-ind-,4469860658
Impala Terminals,IT Product Owner,Rotterdam,2026-09-11,product owner webshop,nee,https://nl.linkedin.com/jobs/view/it-product-owner-at-impala-terminals-4444580489,https://ch.linkedin.com/company/impalaterminals,4444580489
Impress BV,Productiemedewerker Nabewerking (Handmatig),Woerden,2026-04-01,inkoper webshop,nee,https://nl.linkedin.com/jobs/view/productiemedewerker-nabewerking-handmatig-at-impress-bv-4394630992,https://nl.linkedin.com/company/impressbv,4394630992
Impress BV,Medewerker orderpicking en verpakking,Woerden,2026-06-10,fulfilment medewerker,nee,https://nl.linkedin.com/jobs/view/medewerker-orderpicking-en-verpakking-at-impress-bv-4427014149,https://nl.linkedin.com/company/impressbv,4427014149
IMPROVEN,Junior Data Consultant,"Utrecht, Nederland",2026-09-04,conversie specialist,nee,https://nl.linkedin.com/jobs/view/junior-data-consultant-at-improven-4461962563,https://nl.linkedin.com/company/improven.nl,4461962563
Impuls HRK,1st &amp; 2nd Level Support Specialist in Neo-Banking (m/v/x) Hotline &amp; Backoffice,Amsterdam,2026-09-12,conversie specialist,nee,https://nl.linkedin.com/jobs/view/1st-2nd-level-support-specialist-in-neo-banking-m-v-x-hotline-backoffice-at-impuls-hrk-4464297317,https://de.linkedin.com/company/impuls-hrk,4464297317
Incision,Customer Success Manager – Benelux,Amsterdam,2026-09-14,customer succes,nee,https://nl.linkedin.com/jobs/view/customer-success-manager-%E2%80%93-benelux-at-incision-4438340131,https://nl.linkedin.com/company/incision-group,4438340131
Independer,Klantenservice medewerker,Hilversum,2026-09-15,customer service parttime,nee,https://nl.linkedin.com/jobs/view/klantenservice-medewerker-at-independer-4452233389,https://nl.linkedin.com/company/independer-nl,4452233389
Indewal,International Buyer,Zwolle,2026-09-18,inkoper webshop,nee,https://nl.linkedin.com/jobs/view/international-buyer-at-indewal-4467862804,https://nl.linkedin.com/company/indewal,4467862804
Infento,❤️✨ Online Marketeer / Growth Hacker for World's Coolest Toy Company! 🛴🚀,Amsterdam,2026-04-10,inkoper webshop,nee,https://nl.linkedin.com/jobs/view/%E2%9D%A4%EF%B8%8F%E2%9C%A8-online-marketeer-growth-hacker-for-world-s-coolest-toy-company%21-%F0%9F%9B%B4%F0%9F%9A%80-at-infento-4399005602,https://nl.linkedin.com/company/infento,4399005602
inforcer,Partner Success Manager (German Speaking),Amsterdam,2026-08-27,customer succes,nee,https://nl.linkedin.com/jobs/view/partner-success-manager-german-speaking-at-inforcer-4458652456,https://uk.linkedin.com/company/inforcer,4458652456
inforcer,Partner Success Manager,Amsterdam,2026-09-04,customer succes,nee,https://nl.linkedin.com/jobs/view/partner-success-manager-at-inforcer-4461954535,https://uk.linkedin.com/company/inforcer,4461954535
Infra Light Engineering,Medewerker marketing en communicatie,Rotterdam,2026-09-15,social media medewerker webshop,nee,https://nl.linkedin.com/jobs/view/medewerker-marketing-en-communicatie-at-infra-light-engineering-4465563172,https://nl.linkedin.com/company/infra-light-engineering-b.v.,4465563172
Inkoop ID,Strategische inkoper,Rotterdam,2026-09-18,inkoper webshop,nee,https://nl.linkedin.com/jobs/view/strategische-inkoper-at-inkoop-id-4467865122,https://nl.linkedin.com/company/inkoopid,4467865122
Inktweb.nl,Customer Support,Alkmaar,2026-08-07,after sales medewerker,nee,https://nl.linkedin.com/jobs/view/customer-support-at-inktweb-nl-4450703072,https://nl.linkedin.com/company/inktweb,4450703072
Inktweb.nl,Inkoper,Alkmaar,2026-08-07,inkoper webshop,nee,https://nl.linkedin.com/jobs/view/inkoper-at-inktweb-nl-4450703083,https://nl.linkedin.com/company/inktweb,4450703083
Inktweb.nl,Commercieel Medewerker,Alkmaar,2026-08-07,inkoper webshop,nee,https://nl.linkedin.com/jobs/view/commercieel-medewerker-at-inktweb-nl-4450688494,https://nl.linkedin.com/company/inktweb,4450688494
Inktweb.nl,E-commerce Marketing Specialist,Alkmaar,2026-08-07,inkoper webshop,nee,https://nl.linkedin.com/jobs/view/e-commerce-marketing-specialist-at-inktweb-nl-4450688495,https://nl.linkedin.com/company/inktweb,4450688495
Inktweb.nl,Magazijnmanager / Senior Magazijnmedewerker,Alkmaar,2026-08-07,inkoper webshop,nee,https://nl.linkedin.com/jobs/view/magazijnmanager-senior-magazijnmedewerker-at-inktweb-nl-4450689521,https://nl.linkedin.com/company/inktweb,4450689521
Inktweb.nl,Accountmanager Software &amp; Solutions,Alkmaar,2026-08-07,inkoper webshop,nee,https://nl.linkedin.com/jobs/view/accountmanager-software-solutions-at-inktweb-nl-4450694345,https://nl.linkedin.com/company/inktweb,4450694345
Inktweb.nl,Product Manager / Assortimentsbeheerder,Alkmaar,2026-08-07,inkoper webshop,nee,https://nl.linkedin.com/jobs/view/product-manager-assortimentsbeheerder-at-inktweb-nl-4450696334,https://nl.linkedin.com/company/inktweb,4450696334
Inktweb.nl,Stagiair(e) (MBO/HBO) – Diverse afdelingen,Alkmaar,2026-08-07,inkoper webshop,nee,https://nl.linkedin.com/jobs/view/stagiair-e-mbo-hbo-%E2%80%93-diverse-afdelingen-at-inktweb-nl-4450693426,https://nl.linkedin.com/company/inktweb,4450693426
Inpact,Customer Success Manager,Hoofddorp,2026-06-18,conversie specialist,nee,https://nl.linkedin.com/jobs/view/customer-success-manager-at-inpact-4439773651,https://www.linkedin.com/company/inpact-solutions,4439773651
InPost,Business Development Manager,Vianen,2026-05-27,inkoper webshop,nee,https://nl.linkedin.com/jobs/view/business-development-manager-at-inpost-4416882236,https://pl.linkedin.com/company/inpost,4416882236
InPost,Transport / Operations Specialist Internationaal,Vianen,2026-06-16,inkoper webshop,nee,https://nl.linkedin.com/jobs/view/transport-operations-specialist-internationaal-at-inpost-4426486252,https://pl.linkedin.com/company/inpost,4426486252
InPost,Manager Transport Internationaal,Vianen,2026-06-16,inkoper webshop,nee,https://nl.linkedin.com/jobs/view/manager-transport-internationaal-at-inpost-4426807106,https://pl.linkedin.com/company/inpost,4426807106
InPost,Customer Success Manager,Vianen,2026-08-11,inkoper webshop,nee,https://nl.linkedin.com/jobs/view/customer-success-manager-at-inpost-4449859193,https://pl.linkedin.com/company/inpost,4449859193
INSHUR,Insurance Operations Associate,Amsterdam,2026-09-20,conversie specialist,nee,https://nl.linkedin.com/jobs/view/insurance-operations-associate-at-inshur-4468423641,https://www.linkedin.com/company/inshur,4468423641
Insify,Customer Support Specialist,Amsterdam,2026-09-14,after sales medewerker,nee,https://nl.linkedin.com/jobs/view/customer-support-specialist-at-insify-4371506602,https://nl.linkedin.com/company/insify,4371506602
Insight,Client Operations Specialist,Apeldoorn,2026-09-16,conversie specialist,nee,https://nl.linkedin.com/jobs/view/client-operations-specialist-at-insight-4450141051,https://www.linkedin.com/company/insight,4450141051
Insign.it,Business Developer,Venlo,2026-09-02,conversie specialist,nee,https://nl.linkedin.com/jobs/view/business-developer-at-insign-it-4462400629,https://nl.linkedin.com/company/insign-it,4462400629
Inspired Thinking Group (ITG),ICT-servicedeskmedewerker,Utrecht,2026-09-02,servicedesk medewerker webshop,nee,https://nl.linkedin.com/jobs/view/ict-servicedeskmedewerker-at-inspired-thinking-group-itg-4452465029,https://uk.linkedin.com/company/inspiredthinkinggroup,4452465029
Instabee,Courier Fleet Specialist,Amsterdam,2026-08-12,inkoper webshop,nee,https://nl.linkedin.com/jobs/view/courier-fleet-specialist-at-instabee-4436816963,https://se.linkedin.com/company/instabee-official,4436816963
Instabee,Partner Success Associate,Amsterdam,2026-09-04,conversie specialist,nee,https://nl.linkedin.com/jobs/view/partner-success-associate-at-instabee-4462320033,https://se.linkedin.com/company/instabee-official,4462320033
Instabee,Business Development Representative – Nieuwe Locaties,Amsterdam,2026-09-12,inkoper webshop,nee,https://nl.linkedin.com/jobs/view/business-development-representative-%E2%80%93-nieuwe-locaties-at-instabee-4437526784,https://se.linkedin.com/company/instabee-official,4437526784
Instabee,Quality Control Associate,Amsterdam,2026-09-18,inkoper webshop,nee,https://nl.linkedin.com/jobs/view/quality-control-associate-at-instabee-4449740018,https://se.linkedin.com/company/instabee-official,4449740018
Instabee,Terminal Coordinator,Vianen,2026-09-22,inkoper webshop,nee,https://nl.linkedin.com/jobs/view/terminal-coordinator-at-instabee-4467647219,https://se.linkedin.com/company/instabee-official,4467647219
Installatietechniek Raalte B.V.,Support Medewerker ICT | Regio Zaltbommel,Barendrecht,2026-09-09,servicedesk medewerker webshop,nee,https://nl.linkedin.com/jobs/view/support-medewerker-ict-regio-zaltbommel-at-installatietechniek-raalte-b-v-4463581990,https://www.linkedin.com/company/installatietechniek-raalte-b.v.,4463581990
Insulcon B.V. - Leader in High Temperature Solutions,Marketing &amp; Content Specialist,Steenbergen,2026-08-27,conversie specialist,nee,https://nl.linkedin.com/jobs/view/marketing-content-specialist-at-insulcon-b-v-leader-in-high-temperature-solutions-4459806951,https://nl.linkedin.com/company/insulcon-b-v-,4459806951
Insulcon N.V.,Magazijnmedewerker,Rotterdam,2026-09-10,fulfilment medewerker,nee,https://nl.linkedin.com/jobs/view/magazijnmedewerker-at-insulcon-n-v-4463456243,https://be.linkedin.com/company/insulcon-nv,4463456243
Insulet Corporation,Associate Marketing Specialist BE/NL,"Overijssel, Nederland",2026-09-01,conversie specialist,nee,https://nl.linkedin.com/jobs/view/associate-marketing-specialist-be-nl-at-insulet-corporation-4460615289,https://www.linkedin.com/company/insulet-corporation,4460615289
Intelcom | Dragonfly,Operations Supervisor,Waddinxveen,2026-09-03,inkoper webshop,nee,https://nl.linkedin.com/jobs/view/operations-supervisor-at-intelcom-dragonfly-4460486108,https://ca.linkedin.com/company/intelcom-dragonfly,4460486108
Intellect,Senior Implementation Analyst (Remote in Europe),Nederland,2026-07-26,conversie specialist,nee,https://nl.linkedin.com/jobs/view/senior-implementation-analyst-remote-in-europe-at-intellect-4445644297,https://www.linkedin.com/company/interneer,4445644297
Interface,Teamleider Productie,Scherpenzeel,2026-09-08,inkoper webshop,nee,https://nl.linkedin.com/jobs/view/teamleider-productie-at-interface-4382882111,https://www.linkedin.com/company/interface,4382882111
Intergamma,CRM Marketeer,Leusden,2026-08-25,email marketeer webshop,nee,https://nl.linkedin.com/jobs/view/crm-marketeer-at-intergamma-4458713611,https://nl.linkedin.com/company/intergamma,4458713611
Intergrafipak B.V.,Logistiek medewerker,Hoofddorp,2026-09-16,fulfilment medewerker,nee,https://nl.linkedin.com/jobs/view/logistiek-medewerker-at-intergrafipak-b-v-4468211027,https://nl.linkedin.com/company/intergrafipak-b-v-,4468211027
Interieurwereld van de Belt,Verkoopmedewerker diverse afdelingen,Meppel,2026-09-21,inkoper webshop,nee,https://nl.linkedin.com/jobs/view/verkoopmedewerker-diverse-afdelingen-at-interieurwereld-van-de-belt-4468770119,https://nl.linkedin.com/company/interieurwereld-van-de-belt,4468770119
Interrail,Social Content Creator,"Utrecht, Nederland",2026-09-14,social media medewerker webshop,nee,https://nl.linkedin.com/jobs/view/social-content-creator-at-interrail-4464763709,https://nl.linkedin.com/company/interrailbv,4464763709
Intersolve,Application Support Specialist,Woudenberg,2026-08-25,conversie specialist,nee,https://nl.linkedin.com/jobs/view/application-support-specialist-at-intersolve-4457455997,https://nl.linkedin.com/company/intersolve,4457455997
Interu - built by iov42,Customer Success Manager - Dutch Speaker,Amsterdam Area,2026-09-04,customer succes,nee,https://nl.linkedin.com/jobs/view/customer-success-manager-dutch-speaker-at-interu-built-by-iov42-4463348829,https://uk.linkedin.com/company/iov42,4463348829
Intralox,Customer Service Account Representative - Polish speaking,Hoofddorp,2026-09-04,klantsupport,nee,https://nl.linkedin.com/jobs/view/customer-service-account-representative-polish-speaking-at-intralox-4463383155,https://www.linkedin.com/company/intralox,4463383155
Intralox,Customer Service Account Representative - Danish speaking,Hoofddorp,2026-09-21,klantsupport,nee,https://nl.linkedin.com/jobs/view/customer-service-account-representative-danish-speaking-at-intralox-4463385139,https://www.linkedin.com/company/intralox,4463385139
Intratuin,Teamleider Magazijn,Lochem,2026-09-15,inkoper webshop,nee,https://nl.linkedin.com/jobs/view/teamleider-magazijn-at-intratuin-4465269088,https://nl.linkedin.com/company/intratuin,4465269088
Intratuin,Stage Online Marketing (Content &amp; Social Media),Woerden,2026-09-15,social media medewerker webshop,nee,https://nl.linkedin.com/jobs/view/stage-online-marketing-content-social-media-at-intratuin-4465265136,https://nl.linkedin.com/company/intratuin,4465265136
Invorderingsbedrijf,Allround Marketeer - Invorderingsbedrijf,Den Haag,2026-06-18,inkoper webshop,nee,https://nl.linkedin.com/jobs/view/allround-marketeer-invorderingsbedrijf-at-invorderingsbedrijf-4440049069,https://nl.linkedin.com/company/invorderingsbedrijf,4440049069
Invorderingsbedrijf,Marketing Coördinator - Invorderingsbedrijf,Den Haag,2026-06-18,inkoper webshop,nee,https://nl.linkedin.com/jobs/view/marketing-co%C3%B6rdinator-invorderingsbedrijf-at-invorderingsbedrijf-4440037617,https://nl.linkedin.com/company/invorderingsbedrijf,4440037617
Invorderingsbedrijf,Klantenservice Medewerker,Den Haag,2026-07-13,klantsupport,nee,https://nl.linkedin.com/jobs/view/klantenservice-medewerker-at-invorderingsbedrijf-4440044391,https://nl.linkedin.com/company/invorderingsbedrijf,4440044391
iO,Medior contentspecialist,Amsterdam,2026-07-04,inkoper webshop,nee,https://nl.linkedin.com/jobs/view/medior-contentspecialist-at-io-4446877573,https://be.linkedin.com/company/iodigital-com,4446877573
iO,QA Engineer,Den Bosch,2026-09-12,inkoper webshop,nee,https://nl.linkedin.com/jobs/view/qa-engineer-at-io-4370554051,https://be.linkedin.com/company/iodigital-com,4370554051
iO,HubSpot Implementatie Lead,Eindhoven,2026-09-16,inkoper webshop,nee,https://nl.linkedin.com/jobs/view/hubspot-implementatie-lead-at-io-4404818206,https://be.linkedin.com/company/iodigital-com,4404818206
iO,HubSpot Implementatie Lead,Rotterdam,2026-09-16,inkoper webshop,nee,https://nl.linkedin.com/jobs/view/hubspot-implementatie-lead-at-io-4404814172,https://be.linkedin.com/company/iodigital-com,4404814172
iO,Projectmanager Digital,Den Bosch,2026-09-16,inkoper webshop,nee,https://nl.linkedin.com/jobs/view/projectmanager-digital-at-io-4437822210,https://be.linkedin.com/company/iodigital-com,4437822210
iO,Webredacteur (Rijks)overheid,Amsterdam,2026-09-21,inkoper webshop,nee,https://nl.linkedin.com/jobs/view/webredacteur-rijks-overheid-at-io-4294348340,https://be.linkedin.com/company/iodigital-com,4294348340
iO,HubSpot Implementatie Specialist,Rotterdam,2026-09-22,inkoper webshop,nee,https://nl.linkedin.com/jobs/view/hubspot-implementatie-specialist-at-io-4370551251,https://be.linkedin.com/company/iodigital-com,4370551251
iO,Senior Contentmanager,Amsterdam,2026-09-22,inkoper webshop,nee,https://nl.linkedin.com/jobs/view/senior-contentmanager-at-io-4314163194,https://be.linkedin.com/company/iodigital-com,4314163194
iO,Business Automation Consultant,Rotterdam,2026-09-22,inkoper webshop,nee,https://nl.linkedin.com/jobs/view/business-automation-consultant-at-io-4366749804,https://be.linkedin.com/company/iodigital-com,4366749804
iO,Senior Product Owner - Digital,Den Bosch,2026-09-22,product owner webshop,nee,https://nl.linkedin.com/jobs/view/senior-product-owner-digital-at-io-4467981656,https://be.linkedin.com/company/iodigital-com,4467981656
IQVIA,Marketing Services Associate – Healthcare Campaigns,Amsterdam,2026-09-22,email marketeer webshop,nee,https://nl.linkedin.com/jobs/view/marketing-services-associate-%E2%80%93-healthcare-campaigns-at-iqvia-4470428953,https://www.linkedin.com/company/iqvia,4470428953
ISISPACE Group,Logistics Employee,Delft,2026-08-27,supply chain medewerker webshop,nee,https://nl.linkedin.com/jobs/view/logistics-employee-at-isispace-group-4459678695,https://nl.linkedin.com/company/isis---innovative-solutions-in-space-bv,4459678695
iSpeedToLead,Product Manager,Amsterdam,2026-07-17,product owner webshop,nee,https://nl.linkedin.com/jobs/view/product-manager-at-ispeedtolead-4442100219,https://www.linkedin.com/company/ispeedtolead,4442100219
iSpeedToLead,SEO Manager,Amsterdam,2026-08-21,inkoper webshop,nee,https://nl.linkedin.com/jobs/view/seo-manager-at-ispeedtolead-4457340615,https://www.linkedin.com/company/ispeedtolead,4457340615
iSpeedToLead,Customer Success Manager,Amsterdam,2026-09-01,conversie specialist,nee,https://nl.linkedin.com/jobs/view/customer-success-manager-at-ispeedtolead-4462031875,https://www.linkedin.com/company/ispeedtolead,4462031875
ista Nederland,Klantenservicemedewerker,Schiedam,2026-09-16,klantsupport,nee,https://nl.linkedin.com/jobs/view/klantenservicemedewerker-at-ista-nederland-b-v-4468276179,https://nl.linkedin.com/company/ista-nederland-b-v,4468276179
IT-Wizzard,Eerstelijns support medewerker ICT,Harlingen,2026-09-15,servicedesk medewerker webshop,nee,https://nl.linkedin.com/jobs/view/eerstelijns-support-medewerker-ict-at-it-wizzard-4467471105,https://www.linkedin.com/company/it-wizzard,4467471105
ITIS,Skilled Servicedesk Medewerker ICT,Barendrecht,2026-09-09,servicedesk medewerker webshop,nee,https://nl.linkedin.com/jobs/view/skilled-servicedesk-medewerker-ict-at-itis-4465016438,https://nl.linkedin.com/company/itis,4465016438
ITIS,Senior Skilled Servicedesk Medewerker Managed Services,Barendrecht,2026-09-09,servicedesk medewerker webshop,nee,https://nl.linkedin.com/jobs/view/senior-skilled-servicedesk-medewerker-managed-services-at-itis-4465015448,https://nl.linkedin.com/company/itis,4465015448
Itonomy Agentic Commerce Professionals,PROJECTMANAGER E-COMMERCE,Utrecht,2026-09-12,product owner webshop,nee,https://nl.linkedin.com/jobs/view/projectmanager-e-commerce-at-itonomy-e-commerce-professionals-4465185807,https://nl.linkedin.com/company/itonomy,4465185807
ITproposal,FSO Engineer / Desktop Support Engineer (Band 2),Tilburg,2026-07-22,servicedesk medewerker webshop,nee,https://nl.linkedin.com/jobs/view/fso-engineer-desktop-support-engineer-band-2-at-itproposal-4443928435,https://nl.linkedin.com/company/itproposal,4443928435
ITproposal,IT Onsite Support Engineer (FTE),Zaltbommel,2026-08-07,servicedesk medewerker webshop,nee,https://nl.linkedin.com/jobs/view/it-onsite-support-engineer-fte-at-itproposal-4450083720,https://nl.linkedin.com/company/itproposal,4450083720
ITproposal,Deskside Technician – End User Computing,Schiphol,2026-08-26,servicedesk medewerker webshop,nee,https://nl.linkedin.com/jobs/view/deskside-technician-%E2%80%93-end-user-computing-at-itproposal-4459309827,https://nl.linkedin.com/company/itproposal,4459309827
ITproposal,L1 onsite support,Amsterdam,2026-09-11,servicedesk medewerker webshop,nee,https://nl.linkedin.com/jobs/view/l1-onsite-support-at-itproposal-4466301832,https://nl.linkedin.com/company/itproposal,4466301832
ITproposal,L1 onsite support,Amsterdam,2026-09-14,servicedesk medewerker webshop,nee,https://nl.linkedin.com/jobs/view/l1-onsite-support-at-itproposal-4467205006,https://nl.linkedin.com/company/itproposal,4467205006
ITproposal,ICT Service Desk Employee 10097035/10804,Den Haag,2026-09-16,servicedesk medewerker webshop,nee,https://nl.linkedin.com/jobs/view/ict-service-desk-employee-10097035-10804-at-itproposal-4468224767,https://nl.linkedin.com/company/itproposal,4468224767
ITproposal,Service Desk Employee 2026-DCS-0031,Apeldoorn,2026-09-16,servicedesk medewerker webshop,nee,https://nl.linkedin.com/jobs/view/service-desk-employee-2026-dcs-0031-at-itproposal-4468216947,https://nl.linkedin.com/company/itproposal,4468216947
itsme.,Marketingmedewerker,Raamsdonksveer,2026-08-28,conversie specialist,nee,https://nl.linkedin.com/jobs/view/marketingmedewerker-at-itsme-4458948299,https://nl.linkedin.com/company/itsme-b-v,4458948299
itsme.,Commercieel medewerker,Rotterdam,2026-09-10,medewerker verkoop binnendienst webshop,nee,https://nl.linkedin.com/jobs/view/commercieel-medewerker-at-itsme-4464534095,https://nl.linkedin.com/company/itsme-b-v,4464534095
itsme.,Verkoopassistent,Breda,2026-09-10,medewerker verkoop binnendienst webshop,nee,https://nl.linkedin.com/jobs/view/verkoopassistent-at-itsme-4464529468,https://nl.linkedin.com/company/itsme-b-v,4464529468
IVO Rechtspraak,Medewerker KlantContact IT (Utrecht),Utrecht,2026-09-15,servicedesk medewerker webshop,nee,https://nl.linkedin.com/jobs/view/medewerker-klantcontact-it-utrecht-at-ivo-rechtspraak-4466197404,https://nl.linkedin.com/company/ivo-rechtspraak,4466197404
IVO Rechtspraak,De Rijksoverheid zoekt: Medewerker KlantContact IT (Utrecht),Utrecht,2026-09-15,servicedesk medewerker webshop,nee,https://nl.linkedin.com/jobs/view/de-rijksoverheid-zoekt-medewerker-klantcontact-it-utrecht-at-ivo-rechtspraak-4467700956,https://nl.linkedin.com/company/ivo-rechtspraak,4467700956
iwell,Account Manager,Utrecht,2026-09-15,inkoper webshop,nee,https://nl.linkedin.com/jobs/view/account-manager-at-iwell-4467716487,https://nl.linkedin.com/company/iwell-eu,4467716487
Jaarverslag.org,Product owner/ support medewerker,Apeldoorn,2026-09-21,after sales medewerker,nee,https://nl.linkedin.com/jobs/view/product-owner-support-medewerker-at-jaarverslag-org-4181336321,https://nl.linkedin.com/company/jaarverslag-org,4181336321
Jaarverslag.org,Medewerker klantgeluk,Apeldoorn,2026-09-22,after sales medewerker,nee,https://nl.linkedin.com/jobs/view/medewerker-klantgeluk-at-jaarverslag-org-4470282794,https://nl.linkedin.com/company/jaarverslag-org,4470282794
Jac Hensen,E-commerce &amp; Online-Marketing Specialist,Amersfoort,2026-09-21,email marketeer webshop,nee,https://nl.linkedin.com/jobs/view/e-commerce-online-marketing-specialist-at-jac-hensen-4469885136,https://nl.linkedin.com/company/jac-hensen-mannenmode,4469885136
Jan Zandbergen Group,Online Marketeer The Meatlovers,Veenendaal,2026-09-06,email marketeer webshop,nee,https://nl.linkedin.com/jobs/view/online-marketeer-the-meatlovers-at-jan-zandbergen-group-4408501017,https://nl.linkedin.com/company/janzandbergen,4408501017
Jan Zandbergen Group,Logistiek Medewerker,Veenendaal,2026-09-16,fulfilment medewerker,nee,https://nl.linkedin.com/jobs/view/logistiek-medewerker-at-jan-zandbergen-group-4440531004,https://nl.linkedin.com/company/janzandbergen,4440531004
Jan Zandbergen Group,Content &amp; Social Media Stagiair(e),Veenendaal,2026-09-19,social media medewerker webshop,nee,https://nl.linkedin.com/jobs/view/content-social-media-stagiair-e-at-jan-zandbergen-group-4369682049,https://nl.linkedin.com/company/janzandbergen,4369682049
Jansen Machining Technology B.V.,Expeditiemedewerker,Valkenswaard,2026-09-16,fulfilment medewerker,nee,https://nl.linkedin.com/jobs/view/expeditiemedewerker-at-jansen-machining-technology-b-v-4467982087,https://nl.linkedin.com/company/jansen-machining-technology,4467982087
JD.COM,Customer Service Specialist,Rotterdam and The Hague,2026-09-22,after sales medewerker,nee,https://nl.linkedin.com/jobs/view/customer-service-specialist-at-jd-com-4414673937,https://cn.linkedin.com/company/jd.com,4414673937
JD.COM,Technical Product Operations Manager,Rotterdam and The Hague,2026-09-22,product owner webshop,nee,https://nl.linkedin.com/jobs/view/technical-product-operations-manager-at-jd-com-4424928497,https://cn.linkedin.com/company/jd.com,4424928497
Jellema Automatiseringsservice B.V.,Support Medewerker (met doorgroeimogelijkheid),Nieuwleusen,2026-08-01,servicedesk medewerker webshop,nee,https://nl.linkedin.com/jobs/view/support-medewerker-met-doorgroeimogelijkheid-at-jellema-automatiseringsservice-b-v-4447824701,https://nl.linkedin.com/company/jellema-automatiseringsservice,4447824701
JetBrains,Customer Success Engineer EMEA,Amsterdam,2026-09-22,customer succes,nee,https://nl.linkedin.com/jobs/view/customer-success-engineer-emea-at-jetbrains-4470277575,https://nl.linkedin.com/company/jetbrains,4470277575
Jobgether,Technical Support Specialist,Nederland,2026-09-18,after sales medewerker,nee,https://nl.linkedin.com/jobs/view/technical-support-specialist-at-jobgether-4467833354,https://be.linkedin.com/company/jobgether,4467833354
Jobgether,Social Media Analyst,Nederland,2026-09-18,social media medewerker webshop,nee,https://nl.linkedin.com/jobs/view/social-media-analyst-at-jobgether-4467850037,https://be.linkedin.com/company/jobgether,4467850037
Jobgether,VIP Account Manager,Nederland,2026-09-18,customer succes,nee,https://nl.linkedin.com/jobs/view/vip-account-manager-at-jobgether-4467821946,https://be.linkedin.com/company/jobgether,4467821946
Jobgether,Product Owner (AEM Delivery),Nederland,2026-09-21,product owner webshop,nee,https://nl.linkedin.com/jobs/view/product-owner-aem-delivery-at-jobgether-4468498863,https://be.linkedin.com/company/jobgether,4468498863
Jobgether,Customer Care Specialist,Nederland,2026-09-22,after sales medewerker,nee,https://nl.linkedin.com/jobs/view/customer-care-specialist-at-jobgether-4468523784,https://be.linkedin.com/company/jobgether,4468523784
Jobgether,Customer Care Poker Specialist,Nederland,2026-09-22,klantsupport,nee,https://nl.linkedin.com/jobs/view/customer-care-poker-specialist-at-jobgether-4468543207,https://be.linkedin.com/company/jobgether,4468543207
JOBR.,Commercieel medewerker,Nijmegen,2026-09-14,medewerker verkoop binnendienst webshop,nee,https://nl.linkedin.com/jobs/view/commercieel-medewerker-at-jobr-4467034776,https://nl.linkedin.com/company/jobr-b-v,4467034776
Jobster,Klantenservice medewerker Energie bij Coolblue - Studentjob.nl,Rotterdam,2026-09-21,after sales medewerker,nee,https://nl.linkedin.com/jobs/view/klantenservice-medewerker-energie-bij-coolblue-studentjob-nl-at-jobster-4468744123,https://nl.linkedin.com/company/jobster-com,4468744123
Jobster,Klantenservice Medewerker bij Coolblue - Studentjob.nl,Rotterdam,2026-09-21,after sales medewerker,nee,https://nl.linkedin.com/jobs/view/klantenservice-medewerker-bij-coolblue-studentjob-nl-at-jobster-4468736590,https://nl.linkedin.com/company/jobster-com,4468736590
Jobster,Klantenservice medewerker b2b - ASA Talent,Utrecht,2026-09-21,after sales medewerker,nee,https://nl.linkedin.com/jobs/view/klantenservice-medewerker-b2b-asa-talent-at-jobster-4468755361,https://nl.linkedin.com/company/jobster-com,4468755361
Jobster,Zakelijke klantenservice medewerker Bol - ASA Talent,Utrecht,2026-09-21,after sales medewerker,nee,https://nl.linkedin.com/jobs/view/zakelijke-klantenservice-medewerker-bol-asa-talent-at-jobster-4468743557,https://nl.linkedin.com/company/jobster-com,4468743557
Jobster,Technisch Supportmedewerker Laadoplossingen - Uitzendbureau.nl,'s-Hertogenbosch,2026-09-21,after sales medewerker,nee,https://nl.linkedin.com/jobs/view/technisch-supportmedewerker-laadoplossingen-uitzendbureau-nl-at-jobster-4468745601,https://nl.linkedin.com/company/jobster-com,4468745601
Jobster,Klantenservice medewerker zorg - Unique,Tilburg,2026-09-21,after sales medewerker,nee,https://nl.linkedin.com/jobs/view/klantenservice-medewerker-zorg-unique-at-jobster-4468760560,https://nl.linkedin.com/company/jobster-com,4468760560
Jobster,Klantenservice medewerker b2b - ASA Talent,Arnhem,2026-09-21,after sales medewerker,nee,https://nl.linkedin.com/jobs/view/klantenservice-medewerker-b2b-asa-talent-at-jobster-4468749485,https://nl.linkedin.com/company/jobster-com,4468749485
Jobster,Medewerker Klantenservice Key Accounts - ASA Talent,Amersfoort,2026-09-21,after sales medewerker,nee,https://nl.linkedin.com/jobs/view/medewerker-klantenservice-key-accounts-asa-talent-at-jobster-4468747007,https://nl.linkedin.com/company/jobster-com,4468747007
Jobster,IT Support Medewerker - Uitzendbureau.nl,Tilburg,2026-09-21,servicedesk medewerker webshop,nee,https://nl.linkedin.com/jobs/view/it-support-medewerker-uitzendbureau-nl-at-jobster-4468734640,https://nl.linkedin.com/company/jobster-com,4468734640
Jobster,IT Support Technician | Dutch - Undutchables,Tilburg,2026-09-21,servicedesk medewerker webshop,nee,https://nl.linkedin.com/jobs/view/it-support-technician-dutch-undutchables-at-jobster-4469988886,https://nl.linkedin.com/company/jobster-com,4469988886
Jobster,Supportdesk Medewerker - Uitzendbureau.nl,Tilburg,2026-09-21,servicedesk medewerker webshop,nee,https://nl.linkedin.com/jobs/view/supportdesk-medewerker-uitzendbureau-nl-at-jobster-4468744041,https://nl.linkedin.com/company/jobster-com,4468744041
Jobster,IT Medewerker (omgeving Werkendam) - Uitzendbureau.nl,Werkendam,2026-09-21,servicedesk medewerker webshop,nee,https://nl.linkedin.com/jobs/view/it-medewerker-omgeving-werkendam-uitzendbureau-nl-at-jobster-4468726688,https://nl.linkedin.com/company/jobster-com,4468726688
Jobster,Medewerker Binnendienst - Uitzendbureau.nl,Dordrecht,2026-09-21,servicedesk medewerker webshop,nee,https://nl.linkedin.com/jobs/view/medewerker-binnendienst-uitzendbureau-nl-at-jobster-4468753144,https://nl.linkedin.com/company/jobster-com,4468753144
Jobster,Facilitair servicedesk medewerker - Jobbird.com,Amstelveen,2026-09-21,servicedesk medewerker webshop,nee,https://nl.linkedin.com/jobs/view/facilitair-servicedesk-medewerker-jobbird-com-at-jobster-4468753710,https://nl.linkedin.com/company/jobster-com,4468753710
Jobster,Medewerker Inkoop - Uitzendbureau.nl,Capelle aan den IJssel,2026-09-21,inkoper webshop,nee,https://nl.linkedin.com/jobs/view/medewerker-inkoop-uitzendbureau-nl-at-jobster-4468742759,https://nl.linkedin.com/company/jobster-com,4468742759
Jobster,Online Marketing Specialist - ASA Talent,Schiphol,2026-09-21,email marketeer webshop,nee,https://nl.linkedin.com/jobs/view/online-marketing-specialist-asa-talent-at-jobster-4468759581,https://nl.linkedin.com/company/jobster-com,4468759581
Jobster,Content Marketeer ASA &amp; Easy Way,Nijmegen,2026-09-21,social media medewerker webshop,nee,https://nl.linkedin.com/jobs/view/content-marketeer-asa-easy-way-at-jobster-4468748133,https://nl.linkedin.com/company/jobster-com,4468748133
Jobster,Content Marketeer ASA &amp; Easy Way - ASA Talent,Nijmegen,2026-09-21,social media medewerker webshop,nee,https://nl.linkedin.com/jobs/view/content-marketeer-asa-easy-way-asa-talent-at-jobster-4468739902,https://nl.linkedin.com/company/jobster-com,4468739902
Jobster,Communicatie Medewerker - Start People,Heythuysen,2026-09-21,social media medewerker webshop,nee,https://nl.linkedin.com/jobs/view/communicatie-medewerker-start-people-at-jobster-4468753309,https://nl.linkedin.com/company/jobster-com,4468753309
Jobster,"Operativer Einkäufer (m/w/d) eCommerce ROSSMANN-Apotheke B.V. In Emmen, NL",Musselkanaal,2026-09-21,supply chain medewerker webshop,nee,https://nl.linkedin.com/jobs/view/operativer-eink%C3%A4ufer-m-w-d-ecommerce-rossmann-apotheke-b-v-in-emmen-nl-at-jobster-4468765031,https://nl.linkedin.com/company/jobster-com,4468765031
Jobster,"Operativer Einkäufer (m/w/d) eCommerce ROSSMANN-Apotheke B.V. In Emmen, NL",Coevorden,2026-09-21,supply chain medewerker webshop,nee,https://nl.linkedin.com/jobs/view/operativer-eink%C3%A4ufer-m-w-d-ecommerce-rossmann-apotheke-b-v-in-emmen-nl-at-jobster-4468728985,https://nl.linkedin.com/company/jobster-com,4468728985
Jobster,"Operativer Einkäufer (m/w/d) eCommerce ROSSMANN-Apotheke B.V. In Emmen, NL",Ter Apel,2026-09-21,supply chain medewerker webshop,nee,https://nl.linkedin.com/jobs/view/operativer-eink%C3%A4ufer-m-w-d-ecommerce-rossmann-apotheke-b-v-in-emmen-nl-at-jobster-4468748128,https://nl.linkedin.com/company/jobster-com,4468748128
Jobster,"Operativer Einkäufer (m/w/d) eCommerce ROSSMANN-Apotheke B.V. In Emmen, NL",Beilen,2026-09-21,supply chain medewerker webshop,nee,https://nl.linkedin.com/jobs/view/operativer-eink%C3%A4ufer-m-w-d-ecommerce-rossmann-apotheke-b-v-in-emmen-nl-at-jobster-4468758014,https://nl.linkedin.com/company/jobster-com,4468758014
Jobster,"Operativer Einkäufer (m/w/d) eCommerce ROSSMANN-Apotheke B.V. In Emmen, NL",Hoogeveen,2026-09-21,supply chain medewerker webshop,nee,https://nl.linkedin.com/jobs/view/operativer-eink%C3%A4ufer-m-w-d-ecommerce-rossmann-apotheke-b-v-in-emmen-nl-at-jobster-4468755061,https://nl.linkedin.com/company/jobster-com,4468755061
Jobster,"Operativer Einkäufer (m/w/d) eCommerce ROSSMANN-Apotheke B.V. In Emmen, NL",Hoogeveen,2026-09-21,supply chain medewerker webshop,nee,https://nl.linkedin.com/jobs/view/operativer-eink%C3%A4ufer-m-w-d-ecommerce-rossmann-apotheke-b-v-in-emmen-nl-at-jobster-4468748084,https://nl.linkedin.com/company/jobster-com,4468748084
Jobster,"Operativer Einkäufer (m/w/d) eCommerce ROSSMANN-Apotheke B.V. In Emmen, NL",Westerbork,2026-09-21,supply chain medewerker webshop,nee,https://nl.linkedin.com/jobs/view/operativer-eink%C3%A4ufer-m-w-d-ecommerce-rossmann-apotheke-b-v-in-emmen-nl-at-jobster-4468749619,https://nl.linkedin.com/company/jobster-com,4468749619
Jobster,Supply Chain Medewerker (fulltime) - Uitzendbureau.nl,Alkmaar,2026-09-21,supply chain medewerker webshop,nee,https://nl.linkedin.com/jobs/view/supply-chain-medewerker-fulltime-uitzendbureau-nl-at-jobster-4468742078,https://nl.linkedin.com/company/jobster-com,4468742078
Jobster,"Operativer Einkäufer (m/w/d) eCommerce ROSSMANN-Apotheke B.V. In Emmen, NL",Gieten,2026-09-21,supply chain medewerker webshop,nee,https://nl.linkedin.com/jobs/view/operativer-eink%C3%A4ufer-m-w-d-ecommerce-rossmann-apotheke-b-v-in-emmen-nl-at-jobster-4468731963,https://nl.linkedin.com/company/jobster-com,4468731963
Jobster,"Operativer Einkäufer (m/w/d) eCommerce ROSSMANN-Apotheke B.V. In Emmen, NL",Nieuw-Amsterdam,2026-09-21,supply chain medewerker webshop,nee,https://nl.linkedin.com/jobs/view/operativer-eink%C3%A4ufer-m-w-d-ecommerce-rossmann-apotheke-b-v-in-emmen-nl-at-jobster-4468749635,https://nl.linkedin.com/company/jobster-com,4468749635
Jobster,Supply Chain Medewerker - Uitzendbureau.nl,Alkmaar,2026-09-21,supply chain medewerker webshop,nee,https://nl.linkedin.com/jobs/view/supply-chain-medewerker-uitzendbureau-nl-at-jobster-4468740440,https://nl.linkedin.com/company/jobster-com,4468740440
Jobster,Logistiek medewerker - Easy Way,Eindhoven,2026-09-21,supply chain medewerker webshop,nee,https://nl.linkedin.com/jobs/view/logistiek-medewerker-easy-way-at-jobster-4468750232,https://nl.linkedin.com/company/jobster-com,4468750232
Jobster,Logistiek medewerker dagdienst - Attract,Vriezenveen,2026-09-21,supply chain medewerker webshop,nee,https://nl.linkedin.com/jobs/view/logistiek-medewerker-dagdienst-attract-at-jobster-4468754053,https://nl.linkedin.com/company/jobster-com,4468754053
Jobster,Groen import medewerker - Jobbird.com,De Kwakel,2026-09-21,supply chain medewerker webshop,nee,https://nl.linkedin.com/jobs/view/groen-import-medewerker-jobbird-com-at-jobster-4468742886,https://nl.linkedin.com/company/jobster-com,4468742886
Jobster,"Operativer Einkäufer (m/w/d) eCommerce ROSSMANN-Apotheke B.V. In Emmen, NL - Jobbird.com",Coevorden,2026-09-21,supply chain medewerker webshop,nee,https://nl.linkedin.com/jobs/view/operativer-eink%C3%A4ufer-m-w-d-ecommerce-rossmann-apotheke-b-v-in-emmen-nl-jobbird-com-at-jobster-4468755301,https://nl.linkedin.com/company/jobster-com,4468755301
Jobster,"Operativer Einkäufer (m/w/d) eCommerce ROSSMANN-Apotheke B.V. In Emmen, NL - Jobbird.com",Beilen,2026-09-21,supply chain medewerker webshop,nee,https://nl.linkedin.com/jobs/view/operativer-eink%C3%A4ufer-m-w-d-ecommerce-rossmann-apotheke-b-v-in-emmen-nl-jobbird-com-at-jobster-4468732811,https://nl.linkedin.com/company/jobster-com,4468732811
Jobster,Export medewerker - Jobbird.com,Eindhoven,2026-09-21,supply chain medewerker webshop,nee,https://nl.linkedin.com/jobs/view/export-medewerker-jobbird-com-at-jobster-4468732718,https://nl.linkedin.com/company/jobster-com,4468732718
Jobster,"Operativer Einkäufer (m/w/d) eCommerce ROSSMANN-Apotheke B.V. In Emmen, NL - Jobbird.com",Hoogeveen,2026-09-21,supply chain medewerker webshop,nee,https://nl.linkedin.com/jobs/view/operativer-eink%C3%A4ufer-m-w-d-ecommerce-rossmann-apotheke-b-v-in-emmen-nl-jobbird-com-at-jobster-4468734678,https://nl.linkedin.com/company/jobster-com,4468734678
Jobster,"Operativer Einkäufer (m/w/d) eCommerce ROSSMANN-Apotheke B.V. In Emmen, NL - Jobbird.com",Westerbork,2026-09-21,supply chain medewerker webshop,nee,https://nl.linkedin.com/jobs/view/operativer-eink%C3%A4ufer-m-w-d-ecommerce-rossmann-apotheke-b-v-in-emmen-nl-jobbird-com-at-jobster-4468740876,https://nl.linkedin.com/company/jobster-com,4468740876
Jobster,Allround medewerker - Jobbird.com,Rotterdam,2026-09-21,supply chain medewerker webshop,nee,https://nl.linkedin.com/jobs/view/allround-medewerker-jobbird-com-at-jobster-4468744399,https://nl.linkedin.com/company/jobster-com,4468744399
Jobster,Supply Chain Medewerker (fulltime) - Uitzendbureau.nl,Alkmaar,2026-09-21,supply chain medewerker webshop,nee,https://nl.linkedin.com/jobs/view/supply-chain-medewerker-fulltime-uitzendbureau-nl-at-jobster-4468759224,https://nl.linkedin.com/company/jobster-com,4468759224
Jobster,Medewerker bestellingen - Jobbird.com,Lelystad,2026-09-21,supply chain medewerker webshop,nee,https://nl.linkedin.com/jobs/view/medewerker-bestellingen-jobbird-com-at-jobster-4468764357,https://nl.linkedin.com/company/jobster-com,4468764357
Jobster,"Operativer Einkäufer (m/w/d) eCommerce ROSSMANN-Apotheke B.V. In Emmen, NL - Jobbird.com",Ter Apel,2026-09-21,supply chain medewerker webshop,nee,https://nl.linkedin.com/jobs/view/operativer-eink%C3%A4ufer-m-w-d-ecommerce-rossmann-apotheke-b-v-in-emmen-nl-jobbird-com-at-jobster-4468721934,https://nl.linkedin.com/company/jobster-com,4468721934
Jobster,Logistiek Medewerker Koninklijke Van Wijhe Verf Zwolle - Uitzendbureau.nl,Zwolle,2026-09-21,supply chain medewerker webshop,nee,https://nl.linkedin.com/jobs/view/logistiek-medewerker-koninklijke-van-wijhe-verf-zwolle-uitzendbureau-nl-at-jobster-4468738563,https://nl.linkedin.com/company/jobster-com,4468738563
Jobster,"Operativer Einkäufer (m/w/d) eCommerce ROSSMANN-Apotheke B.V. In Emmen, NL - Jobbird.com",Musselkanaal,2026-09-21,supply chain medewerker webshop,nee,https://nl.linkedin.com/jobs/view/operativer-eink%C3%A4ufer-m-w-d-ecommerce-rossmann-apotheke-b-v-in-emmen-nl-jobbird-com-at-jobster-4468736557,https://nl.linkedin.com/company/jobster-com,4468736557
Jobster,Logistiek Medewerker Fashion - Start People,Roermond,2026-09-21,supply chain medewerker webshop,nee,https://nl.linkedin.com/jobs/view/logistiek-medewerker-fashion-start-people-at-jobster-4468728988,https://nl.linkedin.com/company/jobster-com,4468728988
Jobster,"Operativer Einkäufer (m/w/d) eCommerce ROSSMANN-Apotheke B.V. In Emmen, NL - Jobbird.com",Gieten,2026-09-21,supply chain medewerker webshop,nee,https://nl.linkedin.com/jobs/view/operativer-eink%C3%A4ufer-m-w-d-ecommerce-rossmann-apotheke-b-v-in-emmen-nl-jobbird-com-at-jobster-4468724855,https://nl.linkedin.com/company/jobster-com,4468724855
Jobster,"Operativer Einkäufer (m/w/d) eCommerce ROSSMANN-Apotheke B.V. In Emmen, NL - Jobbird.com",Nieuw-Amsterdam,2026-09-21,supply chain medewerker webshop,nee,https://nl.linkedin.com/jobs/view/operativer-eink%C3%A4ufer-m-w-d-ecommerce-rossmann-apotheke-b-v-in-emmen-nl-jobbird-com-at-jobster-4468731965,https://nl.linkedin.com/company/jobster-com,4468731965
Jobster,Inkoopmedewerker - Uitzendbureau.nl,Tilburg,2026-09-21,supply chain medewerker webshop,nee,https://nl.linkedin.com/jobs/view/inkoopmedewerker-uitzendbureau-nl-at-jobster-4470210070,https://nl.linkedin.com/company/jobster-com,4470210070
Jobster,"Operativer Einkäufer (m/w/d) eCommerce ROSSMANN-Apotheke B.V. In Emmen, NL",Coevorden,2026-09-21,supply chain medewerker webshop,nee,https://nl.linkedin.com/jobs/view/operativer-eink%C3%A4ufer-m-w-d-ecommerce-rossmann-apotheke-b-v-in-emmen-nl-at-jobster-4468748554,https://nl.linkedin.com/company/jobster-com,4468748554
Jobster,Verkoopmedewerker Binnendienst - Uitzendbureau.nl,Rotterdam,2026-09-21,medewerker verkoop binnendienst webshop,nee,https://nl.linkedin.com/jobs/view/verkoopmedewerker-binnendienst-uitzendbureau-nl-at-jobster-4468752724,https://nl.linkedin.com/company/jobster-com,4468752724
Jobster,Verkoop Medewerker Binnendienst - Uitzendbureau.nl,Veghel,2026-09-21,medewerker verkoop binnendienst webshop,nee,https://nl.linkedin.com/jobs/view/verkoop-medewerker-binnendienst-uitzendbureau-nl-at-jobster-4468744213,https://nl.linkedin.com/company/jobster-com,4468744213
Jobster,Commercieel Medewerker Binnendienst in Apeldoorn - Uitzendbureau.nl,Apeldoorn,2026-09-21,medewerker verkoop binnendienst webshop,nee,https://nl.linkedin.com/jobs/view/commercieel-medewerker-binnendienst-in-apeldoorn-uitzendbureau-nl-at-jobster-4468724987,https://nl.linkedin.com/company/jobster-com,4468724987
Jobster,Commercieel medewerker binnendienst regio Zwolle - Uitzendbureau.nl,Zwolle,2026-09-21,medewerker verkoop binnendienst webshop,nee,https://nl.linkedin.com/jobs/view/commercieel-medewerker-binnendienst-regio-zwolle-uitzendbureau-nl-at-jobster-4468758290,https://nl.linkedin.com/company/jobster-com,4468758290
Jobster,Commercieel Medewerker Binnendienst - Start People,Apeldoorn,2026-09-21,medewerker verkoop binnendienst webshop,nee,https://nl.linkedin.com/jobs/view/commercieel-medewerker-binnendienst-start-people-at-jobster-4468753243,https://nl.linkedin.com/company/jobster-com,4468753243
Jobster,Sales Support Medewerker ICT - Uitzendbureau.nl,Sliedrecht,2026-09-21,medewerker verkoop binnendienst webshop,nee,https://nl.linkedin.com/jobs/view/sales-support-medewerker-ict-uitzendbureau-nl-at-jobster-4468730964,https://nl.linkedin.com/company/jobster-com,4468730964
Jobster,Commercieel Medewerker Binnendienst - Uitzendbureau.nl,Barendrecht,2026-09-21,medewerker verkoop binnendienst webshop,nee,https://nl.linkedin.com/jobs/view/commercieel-medewerker-binnendienst-uitzendbureau-nl-at-jobster-4468756312,https://nl.linkedin.com/company/jobster-com,4468756312
Jobster,Commercieel Medewerker Binnendienst - Uitzendbureau.nl,Oosterhout,2026-09-21,medewerker verkoop binnendienst webshop,nee,https://nl.linkedin.com/jobs/view/commercieel-medewerker-binnendienst-uitzendbureau-nl-at-jobster-4468741558,https://nl.linkedin.com/company/jobster-com,4468741558
Jobster,Commercieel Medewerker Binnendienst - Uitzendbureau.nl,Dongen,2026-09-21,medewerker verkoop binnendienst webshop,nee,https://nl.linkedin.com/jobs/view/commercieel-medewerker-binnendienst-uitzendbureau-nl-at-jobster-4468764236,https://nl.linkedin.com/company/jobster-com,4468764236
Jobster,Commercieel Medewerker Binnendienst | Leusden | €3.500 - €4.000 - Start People,Leusden,2026-09-21,medewerker verkoop binnendienst webshop,nee,https://nl.linkedin.com/jobs/view/commercieel-medewerker-binnendienst-leusden-%E2%82%AC3-500-%E2%82%AC4-000-start-people-at-jobster-4468754278,https://nl.linkedin.com/company/jobster-com,4468754278
Jobster,Medewerker Sales Support - Uitzendbureau.nl,Sprang-Capelle,2026-09-21,medewerker verkoop binnendienst webshop,nee,https://nl.linkedin.com/jobs/view/medewerker-sales-support-uitzendbureau-nl-at-jobster-4468742332,https://nl.linkedin.com/company/jobster-com,4468742332
Jobster,Commercieel Medewerker Binnendienst - Uitzendbureau.nl,Oosterhout,2026-09-21,medewerker verkoop binnendienst webshop,nee,https://nl.linkedin.com/jobs/view/commercieel-medewerker-binnendienst-uitzendbureau-nl-at-jobster-4468764184,https://nl.linkedin.com/company/jobster-com,4468764184
Jobster,Commercieel medewerker binnendienst Amsterdam - Uitzendbureau.nl,Amsterdam,2026-09-21,medewerker verkoop binnendienst webshop,nee,https://nl.linkedin.com/jobs/view/commercieel-medewerker-binnendienst-amsterdam-uitzendbureau-nl-at-jobster-4468759358,https://nl.linkedin.com/company/jobster-com,4468759358
Jobster,Commercieel medewerker binnendienst Zevenbergen - Uitzendbureau.nl,Zevenbergen,2026-09-21,medewerker verkoop binnendienst webshop,nee,https://nl.linkedin.com/jobs/view/commercieel-medewerker-binnendienst-zevenbergen-uitzendbureau-nl-at-jobster-4468761411,https://nl.linkedin.com/company/jobster-com,4468761411
Jobster,Commercieel medewerker binnendienst - Unique,Mijdrecht,2026-09-21,medewerker verkoop binnendienst webshop,nee,https://nl.linkedin.com/jobs/view/commercieel-medewerker-binnendienst-unique-at-jobster-4468751026,https://nl.linkedin.com/company/jobster-com,4468751026
Jobster,Verkoopmedewerker binnendienst - Uitzendbureau.nl,Boxtel,2026-09-21,medewerker verkoop binnendienst webshop,nee,https://nl.linkedin.com/jobs/view/verkoopmedewerker-binnendienst-uitzendbureau-nl-at-jobster-4468749713,https://nl.linkedin.com/company/jobster-com,4468749713
Jobster,Logistiek Medewerker Medische Hulpmiddelen - Uitzendbureau.nl,Lelystad,2026-09-21,fulfilment medewerker,nee,https://nl.linkedin.com/jobs/view/logistiek-medewerker-medische-hulpmiddelen-uitzendbureau-nl-at-jobster-4468747036,https://nl.linkedin.com/company/jobster-com,4468747036
Jobster,Logistiek Medewerker Dagdienst - Effect Personeelsdiensten B.V.,Almelo,2026-09-21,fulfilment medewerker,nee,https://nl.linkedin.com/jobs/view/logistiek-medewerker-dagdienst-effect-personeelsdiensten-b-v-at-jobster-4469939237,https://nl.linkedin.com/company/jobster-com,4469939237
Jobster,Logistic Employee at Medtronic - Uitzendbureau.nl,Heerlen,2026-09-21,fulfilment medewerker,nee,https://nl.linkedin.com/jobs/view/logistic-employee-at-medtronic-uitzendbureau-nl-at-jobster-4468751176,https://nl.linkedin.com/company/jobster-com,4468751176
Jobster,Order Picker and Packer Healthcare UPS - Start People,Venlo,2026-09-21,fulfilment medewerker,nee,https://nl.linkedin.com/jobs/view/order-picker-and-packer-healthcare-ups-start-people-at-jobster-4468756204,https://nl.linkedin.com/company/jobster-com,4468756204
Jobster,Logistiek Medewerker Medische Hulpmiddelen - Jobbird.com,Lelystad,2026-09-21,fulfilment medewerker,nee,https://nl.linkedin.com/jobs/view/logistiek-medewerker-medische-hulpmiddelen-jobbird-com-at-jobster-4468751465,https://nl.linkedin.com/company/jobster-com,4468751465
Jobster,Logistics Associate - CEVA Logistics Nieuwegein - Uitzendbureau.nl,Nieuwegein,2026-09-21,fulfilment medewerker,nee,https://nl.linkedin.com/jobs/view/logistics-associate-ceva-logistics-nieuwegein-uitzendbureau-nl-at-jobster-4468749138,https://nl.linkedin.com/company/jobster-com,4468749138
Jobster,Magazijnmedewerker - Jobbird.com,IJmuiden,2026-09-21,fulfilment medewerker,nee,https://nl.linkedin.com/jobs/view/magazijnmedewerker-jobbird-com-at-jobster-4468754496,https://nl.linkedin.com/company/jobster-com,4468754496
Jobster,Medewerker bestellingen - Uitzendbureau.nl,Lelystad,2026-09-21,fulfilment medewerker,nee,https://nl.linkedin.com/jobs/view/medewerker-bestellingen-uitzendbureau-nl-at-jobster-4468749702,https://nl.linkedin.com/company/jobster-com,4468749702
Jobster,Logistiek medewerker - Unique,Tilburg,2026-09-21,fulfilment medewerker,nee,https://nl.linkedin.com/jobs/view/logistiek-medewerker-unique-at-jobster-4468747597,https://nl.linkedin.com/company/jobster-com,4468747597
Jobster,Magazijnmedewerker outbound Medtronic Heerlen - Uitzendbureau.nl,Heerlen,2026-09-21,fulfilment medewerker,nee,https://nl.linkedin.com/jobs/view/magazijnmedewerker-outbound-medtronic-heerlen-uitzendbureau-nl-at-jobster-4468735572,https://nl.linkedin.com/company/jobster-com,4468735572
Jobster,Logistiek medewerker dagdienst inbound Medtronic Heerlen - Uitzendbureau.nl,Heerlen,2026-09-21,fulfilment medewerker,nee,https://nl.linkedin.com/jobs/view/logistiek-medewerker-dagdienst-inbound-medtronic-heerlen-uitzendbureau-nl-at-jobster-4468752607,https://nl.linkedin.com/company/jobster-com,4468752607
Jobster,"Orderpicken ROSSMANN-Apotheke B.V. In Emmen, NL",Coevorden,2026-09-21,fulfilment medewerker,nee,https://nl.linkedin.com/jobs/view/orderpicken-rossmann-apotheke-b-v-in-emmen-nl-at-jobster-4468739908,https://nl.linkedin.com/company/jobster-com,4468739908
Jobster,Warehouse Medewerker (fulltime) - Uitzendbureau.nl,Venray,2026-09-21,fulfilment medewerker,nee,https://nl.linkedin.com/jobs/view/warehouse-medewerker-fulltime-uitzendbureau-nl-at-jobster-4468746131,https://nl.linkedin.com/company/jobster-com,4468746131
Jobster,Logistiek medewerker - Attract,Veenendaal,2026-09-21,fulfilment medewerker,nee,https://nl.linkedin.com/jobs/view/logistiek-medewerker-attract-at-jobster-4468745525,https://nl.linkedin.com/company/jobster-com,4468745525
Jobster,Allround Logistiek Medewerker (fulltime) - Uitzendbureau.nl,Hoofddorp,2026-09-21,fulfilment medewerker,nee,https://nl.linkedin.com/jobs/view/allround-logistiek-medewerker-fulltime-uitzendbureau-nl-at-jobster-4468734931,https://nl.linkedin.com/company/jobster-com,4468734931
Jobster,Warehouse Medewerker - ProcessJobs,Maasdijk,2026-09-21,fulfilment medewerker,nee,https://nl.linkedin.com/jobs/view/warehouse-medewerker-processjobs-at-jobster-4468715940,https://nl.linkedin.com/company/jobster-com,4468715940
Jobster,Logistiek Medewerker - Start People,Winterswijk,2026-09-21,fulfilment medewerker,nee,https://nl.linkedin.com/jobs/view/logistiek-medewerker-start-people-at-jobster-4468747454,https://nl.linkedin.com/company/jobster-com,4468747454
Jobster,"Orderpicken ROSSMANN-Apotheke B.V. In Emmen, NL",Emmen,2026-09-21,fulfilment medewerker,nee,https://nl.linkedin.com/jobs/view/orderpicken-rossmann-apotheke-b-v-in-emmen-nl-at-jobster-4468729904,https://nl.linkedin.com/company/jobster-com,4468729904
Jobster,"Orderpicken ROSSMANN-Apotheke B.V. In Emmen, NL",Emmen,2026-09-21,fulfilment medewerker,nee,https://nl.linkedin.com/jobs/view/orderpicken-rossmann-apotheke-b-v-in-emmen-nl-at-jobster-4468740695,https://nl.linkedin.com/company/jobster-com,4468740695
Jobster,Allround Logistics Employee - Day/Night Shift (Flowers &amp; Plants) | Aalsmeer (fulltime) - Uitzendbureau.nl,Aalsmeer,2026-09-21,fulfilment medewerker,nee,https://nl.linkedin.com/jobs/view/allround-logistics-employee-day-night-shift-flowers-plants-aalsmeer-fulltime-uitzendbureau-nl-at-jobster-4468734443,https://nl.linkedin.com/company/jobster-com,4468734443
Jobster,Medewerker goederenverwerking CEVA Logistics Venray - Uitzendbureau.nl,Oostrum,2026-09-21,fulfilment medewerker,nee,https://nl.linkedin.com/jobs/view/medewerker-goederenverwerking-ceva-logistics-venray-uitzendbureau-nl-at-jobster-4468752582,https://nl.linkedin.com/company/jobster-com,4468752582
Jobster,"Orderpicken ROSSMANN-Apotheke B.V. In Emmen, NL",Beilen,2026-09-21,fulfilment medewerker,nee,https://nl.linkedin.com/jobs/view/orderpicken-rossmann-apotheke-b-v-in-emmen-nl-at-jobster-4468734961,https://nl.linkedin.com/company/jobster-com,4468734961
Jobster,Allround Logistics Employee - Day/Night Shift (Flowers &amp; Plants) | Aalsmeer - Uitzendbureau.nl,Aalsmeer,2026-09-21,fulfilment medewerker,nee,https://nl.linkedin.com/jobs/view/allround-logistics-employee-day-night-shift-flowers-plants-aalsmeer-uitzendbureau-nl-at-jobster-4468750533,https://nl.linkedin.com/company/jobster-com,4468750533
Jobster,Warehouse Operative - Port of Rotterdam (fulltime) - Uitzendbureau.nl,Rotterdam,2026-09-21,fulfilment medewerker,nee,https://nl.linkedin.com/jobs/view/warehouse-operative-port-of-rotterdam-fulltime-uitzendbureau-nl-at-jobster-4468743536,https://nl.linkedin.com/company/jobster-com,4468743536
Jobster,Logistiek Medewerker | 2-Ploegen | High-Tech - Uitzendbureau.nl,Almelo,2026-09-21,fulfilment medewerker,nee,https://nl.linkedin.com/jobs/view/logistiek-medewerker-2-ploegen-high-tech-uitzendbureau-nl-at-jobster-4468758515,https://nl.linkedin.com/company/jobster-com,4468758515
Jobster,Logistiek Medewerker Rotterdam - Uitzendbureau.nl,Rotterdam,2026-09-21,fulfilment medewerker,nee,https://nl.linkedin.com/jobs/view/logistiek-medewerker-rotterdam-uitzendbureau-nl-at-jobster-4468734906,https://nl.linkedin.com/company/jobster-com,4468734906
Jobster,Warehouse Medewerker - Uitzendbureau.nl,Venray,2026-09-21,fulfilment medewerker,nee,https://nl.linkedin.com/jobs/view/warehouse-medewerker-uitzendbureau-nl-at-jobster-4468738944,https://nl.linkedin.com/company/jobster-com,4468738944
Jobster,Warehouse employees Medtronic Heerlen - Uitzendbureau.nl,Heerlen,2026-09-21,fulfilment medewerker,nee,https://nl.linkedin.com/jobs/view/warehouse-employees-medtronic-heerlen-uitzendbureau-nl-at-jobster-4468748225,https://nl.linkedin.com/company/jobster-com,4468748225
Jobster,Logistiek Medewerker - Uitzendbureau.nl,Ridderkerk,2026-09-21,fulfilment medewerker,nee,https://nl.linkedin.com/jobs/view/logistiek-medewerker-uitzendbureau-nl-at-jobster-4468761358,https://nl.linkedin.com/company/jobster-com,4468761358
Jobster,Logistiek medewerker - Effect Personeelsdiensten B.V.,Haaksbergen,2026-09-21,fulfilment medewerker,nee,https://nl.linkedin.com/jobs/view/logistiek-medewerker-effect-personeelsdiensten-b-v-at-jobster-4469932528,https://nl.linkedin.com/company/jobster-com,4469932528
Jobster,Logistiek Medewerker - Effect Personeelsdiensten B.V.,Almelo,2026-09-21,fulfilment medewerker,nee,https://nl.linkedin.com/jobs/view/logistiek-medewerker-effect-personeelsdiensten-b-v-at-jobster-4469944083,https://nl.linkedin.com/company/jobster-com,4469944083
Jobster,"Orderpicken ROSSMANN-Apotheke B.V. In Emmen, NL",Hoogeveen,2026-09-21,fulfilment medewerker,nee,https://nl.linkedin.com/jobs/view/orderpicken-rossmann-apotheke-b-v-in-emmen-nl-at-jobster-4468761220,https://nl.linkedin.com/company/jobster-com,4468761220
Jobster,Klantenservice medewerker Energie bij Coolblue - Jobbird.com,Rotterdam,2026-09-21,customer service parttime,nee,https://nl.linkedin.com/jobs/view/klantenservice-medewerker-energie-bij-coolblue-jobbird-com-at-jobster-4468756358,https://nl.linkedin.com/company/jobster-com,4468756358
Jobster,Klantenservice Medewerker bij Coolblue - Jobbird.com,Rotterdam,2026-09-21,customer service parttime,nee,https://nl.linkedin.com/jobs/view/klantenservice-medewerker-bij-coolblue-jobbird-com-at-jobster-4468756283,https://nl.linkedin.com/company/jobster-com,4468756283
Jobster,Medewerker klantenservice parttime - ASA Talent,Zeist,2026-09-21,customer service parttime,nee,https://nl.linkedin.com/jobs/view/medewerker-klantenservice-parttime-asa-talent-at-jobster-4468741265,https://nl.linkedin.com/company/jobster-com,4468741265
Jobster,Klantcontact Medewerker – 100% Remote - Glasservice - Jobbird.com,Breda,2026-09-21,customer service parttime,nee,https://nl.linkedin.com/jobs/view/klantcontact-medewerker-%E2%80%93-100%25-remote-glasservice-jobbird-com-at-jobster-4468749550,https://nl.linkedin.com/company/jobster-com,4468749550
Jobster,Klantadviseur WFT - Uitzendbureau.nl,Alphen aan den Rijn,2026-09-21,customer service parttime,nee,https://nl.linkedin.com/jobs/view/klantadviseur-wft-uitzendbureau-nl-at-jobster-4468727708,https://nl.linkedin.com/company/jobster-com,4468727708
Jobster,Klantenservice Hybride - ASA Talent,Utrecht,2026-09-21,customer service parttime,nee,https://nl.linkedin.com/jobs/view/klantenservice-hybride-asa-talent-at-jobster-4468761503,https://nl.linkedin.com/company/jobster-com,4468761503
Jobster,Klantenservice medewerker Bol hybride - ASA Talent,Utrecht,2026-09-21,customer service parttime,nee,https://nl.linkedin.com/jobs/view/klantenservice-medewerker-bol-hybride-asa-talent-at-jobster-4468738881,https://nl.linkedin.com/company/jobster-com,4468738881
Jobster,Klantenservice hybride - ASA Talent,Zeist,2026-09-21,customer service parttime,nee,https://nl.linkedin.com/jobs/view/klantenservice-hybride-asa-talent-at-jobster-4468747785,https://nl.linkedin.com/company/jobster-com,4468747785
Jobster,E-commerce klantenservice bol - ASA Talent,Amersfoort,2026-09-21,customer service parttime,nee,https://nl.linkedin.com/jobs/view/e-commerce-klantenservice-bol-asa-talent-at-jobster-4468747693,https://nl.linkedin.com/company/jobster-com,4468747693
Jobster,Klantadviseur overheid in Groningen - ASA Talent,Groningen,2026-09-21,customer service parttime,nee,https://nl.linkedin.com/jobs/view/klantadviseur-overheid-in-groningen-asa-talent-at-jobster-4468747299,https://nl.linkedin.com/company/jobster-com,4468747299
Jobster,Klantenservicemedewerker - Uitzendbureau.nl,Oss,2026-09-21,customer service parttime,nee,https://nl.linkedin.com/jobs/view/klantenservicemedewerker-uitzendbureau-nl-at-jobster-4468733860,https://nl.linkedin.com/company/jobster-com,4468733860
Jobster,Klantenservice - ASA Talent,Utrecht,2026-09-21,customer service parttime,nee,https://nl.linkedin.com/jobs/view/klantenservice-asa-talent-at-jobster-4468725997,https://nl.linkedin.com/company/jobster-com,4468725997
Jobster,Klantenservice Medewerker Bol Parttime - ASA Talent,Amersfoort,2026-09-21,customer service parttime,nee,https://nl.linkedin.com/jobs/view/klantenservice-medewerker-bol-parttime-asa-talent-at-jobster-4468742112,https://nl.linkedin.com/company/jobster-com,4468742112
Jobster,Customerservice Bol - ASA Talent,Nieuwegein,2026-09-21,customer service parttime,nee,https://nl.linkedin.com/jobs/view/customerservice-bol-asa-talent-at-jobster-4468742121,https://nl.linkedin.com/company/jobster-com,4468742121
Jobster,Klantadviseur overheid in Leeuwarden - ASA Talent,Leeuwarden,2026-09-21,customer service parttime,nee,https://nl.linkedin.com/jobs/view/klantadviseur-overheid-in-leeuwarden-asa-talent-at-jobster-4468760108,https://nl.linkedin.com/company/jobster-com,4468760108
Jobster,Klantenservice medewerker Pensioen - Unique,Groningen,2026-09-21,customer service parttime,nee,https://nl.linkedin.com/jobs/view/klantenservice-medewerker-pensioen-unique-at-jobster-4468749360,https://nl.linkedin.com/company/jobster-com,4468749360
Jobster,Klantenservice Medewerker b2b - ASA Talent,Utrecht,2026-09-21,customer service parttime,nee,https://nl.linkedin.com/jobs/view/klantenservice-medewerker-b2b-asa-talent-at-jobster-4468750413,https://nl.linkedin.com/company/jobster-com,4468750413
Jobster,Hypotheken klantenservice medewerker - Unique,Nijmegen,2026-09-21,customer service parttime,nee,https://nl.linkedin.com/jobs/view/hypotheken-klantenservice-medewerker-unique-at-jobster-4468732891,https://nl.linkedin.com/company/jobster-com,4468732891
Jobster,Klantenservice Medewerker Bol - ASA Talent,Amersfoort,2026-09-21,customer service parttime,nee,https://nl.linkedin.com/jobs/view/klantenservice-medewerker-bol-asa-talent-at-jobster-4468752726,https://nl.linkedin.com/company/jobster-com,4468752726
Jobster,Klantenservice Medewerker Bol - ASA Talent,Amersfoort,2026-09-21,customer service parttime,nee,https://nl.linkedin.com/jobs/view/klantenservice-medewerker-bol-asa-talent-at-jobster-4468755768,https://nl.linkedin.com/company/jobster-com,4468755768
Jobster,Creatieve Klantenservice Medewerker Bol - ASA Talent,Amersfoort,2026-09-21,customer service parttime,nee,https://nl.linkedin.com/jobs/view/creatieve-klantenservice-medewerker-bol-asa-talent-at-jobster-4468723817,https://nl.linkedin.com/company/jobster-com,4468723817
Jobster,Klantenservice B2B - ASA Talent,Amersfoort,2026-09-21,customer service parttime,nee,https://nl.linkedin.com/jobs/view/klantenservice-b2b-asa-talent-at-jobster-4468751453,https://nl.linkedin.com/company/jobster-com,4468751453
Jobster,Klantenservice Medewerker Bol - ASA Talent,Nieuwegein,2026-09-21,customer service parttime,nee,https://nl.linkedin.com/jobs/view/klantenservice-medewerker-bol-asa-talent-at-jobster-4468765325,https://nl.linkedin.com/company/jobster-com,4468765325
Jobster,Zakelijke klantenservice Bol - ASA Talent,Zeist,2026-09-21,customer service parttime,nee,https://nl.linkedin.com/jobs/view/zakelijke-klantenservice-bol-asa-talent-at-jobster-4468753349,https://nl.linkedin.com/company/jobster-com,4468753349
Jobster,Customer Service Medewerker - Uitzendbureau.nl,Oss,2026-09-21,customer service parttime,nee,https://nl.linkedin.com/jobs/view/customer-service-medewerker-uitzendbureau-nl-at-jobster-4468759309,https://nl.linkedin.com/company/jobster-com,4468759309
Jobster,Customer service medewerker - Unique,Zwolle,2026-09-21,customer service parttime,nee,https://nl.linkedin.com/jobs/view/customer-service-medewerker-unique-at-jobster-4468752371,https://nl.linkedin.com/company/jobster-com,4468752371
Jobster,Klantadviseur Zwolle - Unique,Zwolle,2026-09-21,customer service parttime,nee,https://nl.linkedin.com/jobs/view/klantadviseur-zwolle-unique-at-jobster-4468759289,https://nl.linkedin.com/company/jobster-com,4468759289
Jobster,Klantenservice specialist Bol - ASA Talent,Amersfoort,2026-09-21,customer service parttime,nee,https://nl.linkedin.com/jobs/view/klantenservice-specialist-bol-asa-talent-at-jobster-4468746718,https://nl.linkedin.com/company/jobster-com,4468746718
Jobster,Klantenservice Medewerker - Uitzendbureau.nl,Alphen aan den Rijn,2026-09-21,customer service parttime,nee,https://nl.linkedin.com/jobs/view/klantenservice-medewerker-uitzendbureau-nl-at-jobster-4468737580,https://nl.linkedin.com/company/jobster-com,4468737580
Jobster,Klantenservice medewerker ENGIE - Unique,Zwolle,2026-09-21,customer service parttime,nee,https://nl.linkedin.com/jobs/view/klantenservice-medewerker-engie-unique-at-jobster-4468759539,https://nl.linkedin.com/company/jobster-com,4468759539
Jobster,Klantenservice medewerker B2B Bol - ASA Talent,Nieuwegein,2026-09-21,customer service parttime,nee,https://nl.linkedin.com/jobs/view/klantenservice-medewerker-b2b-bol-asa-talent-at-jobster-4468757035,https://nl.linkedin.com/company/jobster-com,4468757035
Jobster,Logistiek medewerker distributie - Logistic Force,De Lier,2026-09-22,fulfilment medewerker,nee,https://nl.linkedin.com/jobs/view/logistiek-medewerker-distributie-logistic-force-at-jobster-4469080088,https://nl.linkedin.com/company/jobster-com,4469080088
Jobster,Logistiek Medewerker Dagdienst Groenlo - Start People,Groenlo,2026-09-22,fulfilment medewerker,nee,https://nl.linkedin.com/jobs/view/logistiek-medewerker-dagdienst-groenlo-start-people-at-jobster-4469027486,https://nl.linkedin.com/company/jobster-com,4469027486
Jobster,Klantenservice medewerker Bol - ASA Talent,Utrecht,2026-09-22,customer service parttime,nee,https://nl.linkedin.com/jobs/view/klantenservice-medewerker-bol-asa-talent-at-jobster-4469028514,https://nl.linkedin.com/company/jobster-com,4469028514
Jobster,Klantenservice medewerker - Uitzendbureau.nl,Enschede,2026-09-22,customer service parttime,nee,https://nl.linkedin.com/jobs/view/klantenservice-medewerker-uitzendbureau-nl-at-jobster-4470404755,https://nl.linkedin.com/company/jobster-com,4470404755
Jobster,Klantenservice medewerker - Uitzendbureau.nl,Enschede,2026-09-22,customer service parttime,nee,https://nl.linkedin.com/jobs/view/klantenservice-medewerker-uitzendbureau-nl-at-jobster-4470411577,https://nl.linkedin.com/company/jobster-com,4470411577
Jobster,Klantenservice medewerker Bol - ASA Talent,Utrecht,2026-09-22,customer service parttime,nee,https://nl.linkedin.com/jobs/view/klantenservice-medewerker-bol-asa-talent-at-jobster-4469025621,https://nl.linkedin.com/company/jobster-com,4469025621
Jobster,Klantenservice medewerker e-commerce - ASA Talent,Nieuwegein,2026-09-22,customer service parttime,nee,https://nl.linkedin.com/jobs/view/klantenservice-medewerker-e-commerce-asa-talent-at-jobster-4469016977,https://nl.linkedin.com/company/jobster-com,4469016977
Jobster,Klantenservice medewerker - Uitzendbureau.nl,Haaksbergen,2026-09-22,customer service parttime,nee,https://nl.linkedin.com/jobs/view/klantenservice-medewerker-uitzendbureau-nl-at-jobster-4470405762,https://nl.linkedin.com/company/jobster-com,4470405762
Jobster,Medewerker Customer Service - Uitzendbureau.nl,Dongen,2026-09-22,customer service parttime,nee,https://nl.linkedin.com/jobs/view/medewerker-customer-service-uitzendbureau-nl-at-jobster-4469038442,https://nl.linkedin.com/company/jobster-com,4469038442
Jobster,Customer service medewerker Bol - ASA Talent,Amersfoort,2026-09-22,customer service parttime,nee,https://nl.linkedin.com/jobs/view/customer-service-medewerker-bol-asa-talent-at-jobster-4469022751,https://nl.linkedin.com/company/jobster-com,4469022751
Jobster,Klantenservice medewerker - Uitzendbureau.nl,Almelo,2026-09-22,customer service parttime,nee,https://nl.linkedin.com/jobs/view/klantenservice-medewerker-uitzendbureau-nl-at-jobster-4470415457,https://nl.linkedin.com/company/jobster-com,4470415457
Jobster,Logistiek Medewerker - Effect Personeelsdiensten B.V.,Haaksbergen,2026-09-23,supply chain medewerker webshop,nee,https://nl.linkedin.com/jobs/view/logistiek-medewerker-effect-personeelsdiensten-b-v-at-jobster-4469421114,https://nl.linkedin.com/company/jobster-com,4469421114
Jobster,Allround logistiek medewerker - Effect Personeelsdiensten B.V.,Coevorden,2026-09-23,fulfilment medewerker,nee,https://nl.linkedin.com/jobs/view/allround-logistiek-medewerker-effect-personeelsdiensten-b-v-at-jobster-4469415752,https://nl.linkedin.com/company/jobster-com,4469415752
Jobster,Logistiek Medewerker - Effect Personeelsdiensten B.V.,Oldenzaal,2026-09-23,fulfilment medewerker,nee,https://nl.linkedin.com/jobs/view/logistiek-medewerker-effect-personeelsdiensten-b-v-at-jobster-4469424003,https://nl.linkedin.com/company/jobster-com,4469424003
Jobster,Logistiek Medewerker Dagdienst - Effect Personeelsdiensten B.V.,Almelo,2026-09-23,fulfilment medewerker,nee,https://nl.linkedin.com/jobs/view/logistiek-medewerker-dagdienst-effect-personeelsdiensten-b-v-at-jobster-4469418266,https://nl.linkedin.com/company/jobster-com,4469418266
Joerns Healthcare bv,Allround Logistiek Medewerker,Wijk bij Duurstede,2026-07-28,fulfilment medewerker,nee,https://nl.linkedin.com/jobs/view/allround-logistiek-medewerker-at-joerns-healthcare-bv-4445719494,https://nl.linkedin.com/company/joerns-healthcare-bv,4445719494
Joerns Healthcare bv,Allround Logistiek Medewerker,Naarden,2026-08-24,fulfilment medewerker,nee,https://nl.linkedin.com/jobs/view/allround-logistiek-medewerker-at-joerns-healthcare-bv-4458187547,https://nl.linkedin.com/company/joerns-healthcare-bv,4458187547
Johnson Controls,Customer Service Employee,Enschede,2026-09-12,klantsupport,nee,https://nl.linkedin.com/jobs/view/customer-service-employee-at-johnson-controls-4464268348,https://ie.linkedin.com/company/johnson-controls,4464268348
Join the Pipe,Administratief medewerker/ verkoop medewerker,Amsterdam,2026-09-13,inkoper webshop,nee,https://nl.linkedin.com/jobs/view/administratief-medewerker-verkoop-medewerker-at-join-the-pipe-4466786215,https://nl.linkedin.com/company/jointhepipe,4466786215
Jongeneel,Commercieel Medewerker Binnendienst (32-40 uur),Schiedam,2026-09-14,medewerker verkoop binnendienst webshop,nee,https://nl.linkedin.com/jobs/view/commercieel-medewerker-binnendienst-32-40-uur-at-jongeneel-4467064628,https://nl.linkedin.com/company/jongeneel,4467064628
Jongeneel,Commercieel Medewerker Binnendienst,Dordrecht,2026-09-17,medewerker verkoop binnendienst webshop,nee,https://nl.linkedin.com/jobs/view/commercieel-medewerker-binnendienst-at-jongeneel-4459804090,https://nl.linkedin.com/company/jongeneel,4459804090
Jongeneel,Commercieel Medewerker Binnendienst,Utrecht,2026-09-18,medewerker verkoop binnendienst webshop,nee,https://nl.linkedin.com/jobs/view/commercieel-medewerker-binnendienst-at-jongeneel-4460323880,https://nl.linkedin.com/company/jongeneel,4460323880
JouwWeb,Senior Data Analist,Eindhoven,2026-09-07,inkoper webshop,nee,https://nl.linkedin.com/jobs/view/senior-data-analist-at-jouwweb-4464326360,https://nl.linkedin.com/company/jouwweb,4464326360
JouwWeb,Product Manager,Eindhoven,2026-09-07,inkoper webshop,nee,https://nl.linkedin.com/jobs/view/product-manager-at-jouwweb-4464317390,https://nl.linkedin.com/company/jouwweb,4464317390
JouwWeb,Front End Engineer,Eindhoven,2026-09-16,inkoper webshop,nee,https://nl.linkedin.com/jobs/view/front-end-engineer-at-jouwweb-4468222228,https://nl.linkedin.com/company/jouwweb,4468222228
JouwWeb,Head of People,Eindhoven,2026-09-16,inkoper webshop,nee,https://nl.linkedin.com/jobs/view/head-of-people-at-jouwweb-4468213316,https://nl.linkedin.com/company/jouwweb,4468213316
JouwWeb,Customer Support Employee - Evening Shifts,Eindhoven,2026-09-18,after sales medewerker,nee,https://nl.linkedin.com/jobs/view/customer-support-employee-evening-shifts-at-jouwweb-4469189594,https://nl.linkedin.com/company/jouwweb,4469189594
JP Gray,Customer Service Representative,Rotterdam,2026-09-15,klantsupport,nee,https://nl.linkedin.com/jobs/view/customer-service-representative-at-jp-gray-4466501649,https://nl.linkedin.com/company/jp-gray,4466501649
JP.cars,Customer Success Manager Benelux,Randstad,2026-09-14,customer succes,nee,https://nl.linkedin.com/jobs/view/customer-success-manager-benelux-at-jp-cars-4455180949,https://nl.linkedin.com/company/jpcarsamsterdam,4455180949
JP.cars,Customer Success Manager DACH,Randstad,2026-09-14,customer succes,nee,https://nl.linkedin.com/jobs/view/customer-success-manager-dach-at-jp-cars-4455199524,https://nl.linkedin.com/company/jpcarsamsterdam,4455199524
JR286,Customer Service Representative (International Sales),Hilversum,2026-09-08,klantsupport,nee,https://nl.linkedin.com/jobs/view/customer-service-representative-international-sales-at-jr286-4458671910,https://www.linkedin.com/company/jr286,4458671910
Jumbo Supermarkten,Medewerker Proces &amp; Goederenverwerking,Boxtel,2026-09-01,supply chain medewerker webshop,nee,https://nl.linkedin.com/jobs/view/medewerker-proces-goederenverwerking-at-jumbo-supermarkten-4460267960,https://nl.linkedin.com/company/jumbo-supermarkten,4460267960
Jumbo Supermarkten,Medewerker Proces &amp; Goederenverwerking,Berg en Dal,2026-09-01,supply chain medewerker webshop,nee,https://nl.linkedin.com/jobs/view/medewerker-proces-goederenverwerking-at-jumbo-supermarkten-4460282662,https://nl.linkedin.com/company/jumbo-supermarkten,4460282662
Jumbo Supermarkten,Medewerker Proces &amp; Goederenverwerking,Zwolle,2026-09-01,supply chain medewerker webshop,nee,https://nl.linkedin.com/jobs/view/medewerker-proces-goederenverwerking-at-jumbo-supermarkten-4433694971,https://nl.linkedin.com/company/jumbo-supermarkten,4433694971
Jumbo Supermarkten,Assistent Filiaalmanager,Eindhoven,2026-09-02,inkoper webshop,nee,https://nl.linkedin.com/jobs/view/assistent-filiaalmanager-at-jumbo-supermarkten-4314016566,https://nl.linkedin.com/company/jumbo-supermarkten,4314016566
Jumbo Supermarkten,Assistent Filiaalmanager,Uden,2026-09-02,inkoper webshop,nee,https://nl.linkedin.com/jobs/view/assistent-filiaalmanager-at-jumbo-supermarkten-4312814110,https://nl.linkedin.com/company/jumbo-supermarkten,4312814110
Jumbo Supermarkten,Medewerker Proces &amp; Goederenverwerking,Bodegraven,2026-09-02,supply chain medewerker webshop,nee,https://nl.linkedin.com/jobs/view/medewerker-proces-goederenverwerking-at-jumbo-supermarkten-4366891590,https://nl.linkedin.com/company/jumbo-supermarkten,4366891590
Jumbo Supermarkten,Medewerker Proces &amp; Goederenverwerking,Amsterdam,2026-09-02,supply chain medewerker webshop,nee,https://nl.linkedin.com/jobs/view/medewerker-proces-goederenverwerking-at-jumbo-supermarkten-4451663953,https://nl.linkedin.com/company/jumbo-supermarkten,4451663953
Jumbo Supermarkten,Medewerker Proces &amp; Goederenverwerking,Rotterdam,2026-09-03,supply chain medewerker webshop,nee,https://nl.linkedin.com/jobs/view/medewerker-proces-goederenverwerking-at-jumbo-supermarkten-4434318029,https://nl.linkedin.com/company/jumbo-supermarkten,4434318029
Jumbo Supermarkten,Senior Product Owner Data Platform,Veghel,2026-09-04,product owner webshop,nee,https://nl.linkedin.com/jobs/view/senior-product-owner-data-platform-at-jumbo-supermarkten-4403615194,https://nl.linkedin.com/company/jumbo-supermarkten,4403615194
Jumbo Supermarkten,Medewerker Proces &amp; Goederenverwerking,Leusden,2026-09-04,supply chain medewerker webshop,nee,https://nl.linkedin.com/jobs/view/medewerker-proces-goederenverwerking-at-jumbo-supermarkten-4257996960,https://nl.linkedin.com/company/jumbo-supermarkten,4257996960
Jumbo Supermarkten,Medewerker Proces &amp; Goederenverwerking,Houten,2026-09-05,supply chain medewerker webshop,nee,https://nl.linkedin.com/jobs/view/medewerker-proces-goederenverwerking-at-jumbo-supermarkten-4462622284,https://nl.linkedin.com/company/jumbo-supermarkten,4462622284
Jumbo Supermarkten,Medewerker Proces &amp; Goederenverwerking,Heemskerk,2026-09-06,supply chain medewerker webshop,nee,https://nl.linkedin.com/jobs/view/medewerker-proces-goederenverwerking-at-jumbo-supermarkten-4426650368,https://nl.linkedin.com/company/jumbo-supermarkten,4426650368
Jumbo Supermarkten,Medewerker Proces &amp; Goederenverwerking,Barneveld,2026-09-07,supply chain medewerker webshop,nee,https://nl.linkedin.com/jobs/view/medewerker-proces-goederenverwerking-at-jumbo-supermarkten-4357630824,https://nl.linkedin.com/company/jumbo-supermarkten,4357630824
Jumbo Supermarkten,Medewerker Proces &amp; Goederenverwerking,Berkel en Rodenrijs,2026-09-07,supply chain medewerker webshop,nee,https://nl.linkedin.com/jobs/view/medewerker-proces-goederenverwerking-at-jumbo-supermarkten-4453974884,https://nl.linkedin.com/company/jumbo-supermarkten,4453974884
Jumbo Supermarkten,Medewerker Proces &amp; Goederenverwerking,Wijchen,2026-09-08,supply chain medewerker webshop,nee,https://nl.linkedin.com/jobs/view/medewerker-proces-goederenverwerking-at-jumbo-supermarkten-4463529417,https://nl.linkedin.com/company/jumbo-supermarkten,4463529417
Jumbo Supermarkten,Teamleider Proces &amp; Goederenverwerking,Eindhoven,2026-09-09,inkoper webshop,nee,https://nl.linkedin.com/jobs/view/teamleider-proces-goederenverwerking-at-jumbo-supermarkten-4445166845,https://nl.linkedin.com/company/jumbo-supermarkten,4445166845
Jumbo Supermarkten,Medewerker Proces &amp; Goederenverwerking,Alphen aan den Rijn,2026-09-09,supply chain medewerker webshop,nee,https://nl.linkedin.com/jobs/view/medewerker-proces-goederenverwerking-at-jumbo-supermarkten-4445160890,https://nl.linkedin.com/company/jumbo-supermarkten,4445160890
Jumbo Supermarkten,Medewerker Proces &amp; Goederenverwerking,Eindhoven,2026-09-09,supply chain medewerker webshop,nee,https://nl.linkedin.com/jobs/view/medewerker-proces-goederenverwerking-at-jumbo-supermarkten-4436048027,https://nl.linkedin.com/company/jumbo-supermarkten,4436048027
Jumbo Supermarkten,Assistent Filiaalmanager,Vught,2026-09-10,inkoper webshop,nee,https://nl.linkedin.com/jobs/view/assistent-filiaalmanager-at-jumbo-supermarkten-4427709213,https://nl.linkedin.com/company/jumbo-supermarkten,4427709213
Jumbo Supermarkten,Medewerker Proces &amp; Goederenverwerking,Heerde,2026-09-10,supply chain medewerker webshop,nee,https://nl.linkedin.com/jobs/view/medewerker-proces-goederenverwerking-at-jumbo-supermarkten-4418201469,https://nl.linkedin.com/company/jumbo-supermarkten,4418201469
Jumbo Supermarkten,Medewerker Proces &amp; Goederenverwerking,Zoeterwoude,2026-09-10,supply chain medewerker webshop,nee,https://nl.linkedin.com/jobs/view/medewerker-proces-goederenverwerking-at-jumbo-supermarkten-4408374869,https://nl.linkedin.com/company/jumbo-supermarkten,4408374869
Jumbo Supermarkten,Medewerker Proces &amp; Goederenverwerking,Zwolle,2026-09-10,supply chain medewerker webshop,nee,https://nl.linkedin.com/jobs/view/medewerker-proces-goederenverwerking-at-jumbo-supermarkten-4464557880,https://nl.linkedin.com/company/jumbo-supermarkten,4464557880
Jumbo Supermarkten,Medewerker Proces &amp; Goederenverwerking,Zwolle,2026-09-10,supply chain medewerker webshop,nee,https://nl.linkedin.com/jobs/view/medewerker-proces-goederenverwerking-at-jumbo-supermarkten-4464558830,https://nl.linkedin.com/company/jumbo-supermarkten,4464558830
Jumbo Supermarkten,Medewerker Proces &amp; Goederenverwerking,Oudewater,2026-09-11,supply chain medewerker webshop,nee,https://nl.linkedin.com/jobs/view/medewerker-proces-goederenverwerking-at-jumbo-supermarkten-4359128223,https://nl.linkedin.com/company/jumbo-supermarkten,4359128223
Jumbo Supermarkten,Medewerker Proces &amp; Goederenverwerking,Bladel,2026-09-11,supply chain medewerker webshop,nee,https://nl.linkedin.com/jobs/view/medewerker-proces-goederenverwerking-at-jumbo-supermarkten-4465109585,https://nl.linkedin.com/company/jumbo-supermarkten,4465109585
Jumbo Supermarkten,Medewerker Proces &amp; Goederenverwerking,Bergen op Zoom,2026-09-11,supply chain medewerker webshop,nee,https://nl.linkedin.com/jobs/view/medewerker-proces-goederenverwerking-at-jumbo-supermarkten-4399199755,https://nl.linkedin.com/company/jumbo-supermarkten,4399199755
Jumbo Supermarkten,Medewerker Proces &amp; Goederenverwerking,Sint-Oedenrode,2026-09-11,supply chain medewerker webshop,nee,https://nl.linkedin.com/jobs/view/medewerker-proces-goederenverwerking-at-jumbo-supermarkten-4428703014,https://nl.linkedin.com/company/jumbo-supermarkten,4428703014
Jumbo Supermarkten,Medewerker Proces &amp; Goederenverwerking,Zoetermeer,2026-09-11,supply chain medewerker webshop,nee,https://nl.linkedin.com/jobs/view/medewerker-proces-goederenverwerking-at-jumbo-supermarkten-4408449091,https://nl.linkedin.com/company/jumbo-supermarkten,4408449091
Jumbo Supermarkten,Medewerker Proces &amp; Goederenverwerking,Sint-Oedenrode,2026-09-11,supply chain medewerker webshop,nee,https://nl.linkedin.com/jobs/view/medewerker-proces-goederenverwerking-at-jumbo-supermarkten-4464875684,https://nl.linkedin.com/company/jumbo-supermarkten,4464875684
Jumbo Supermarkten,Teamleider Proces &amp; Goederenverwerking,Veldhoven,2026-09-12,inkoper webshop,nee,https://nl.linkedin.com/jobs/view/teamleider-proces-goederenverwerking-at-jumbo-supermarkten-4325876259,https://nl.linkedin.com/company/jumbo-supermarkten,4325876259
Jumbo Supermarkten,Assistent Filiaalmanager,Veenendaal,2026-09-13,inkoper webshop,nee,https://nl.linkedin.com/jobs/view/assistent-filiaalmanager-at-jumbo-supermarkten-4447128370,https://nl.linkedin.com/company/jumbo-supermarkten,4447128370
Jumbo Supermarkten,Medewerker Proces &amp; Goederenverwerking,Son en Breugel,2026-09-13,supply chain medewerker webshop,nee,https://nl.linkedin.com/jobs/view/medewerker-proces-goederenverwerking-at-jumbo-supermarkten-4329479062,https://nl.linkedin.com/company/jumbo-supermarkten,4329479062
Jumbo Supermarkten,Medewerker Proces &amp; Goederenverwerking,Barendrecht,2026-09-14,supply chain medewerker webshop,nee,https://nl.linkedin.com/jobs/view/medewerker-proces-goederenverwerking-at-jumbo-supermarkten-4422526441,https://nl.linkedin.com/company/jumbo-supermarkten,4422526441
Jumbo Supermarkten,Medewerker Proces &amp; Goederenverwerking,Budel,2026-09-14,supply chain medewerker webshop,nee,https://nl.linkedin.com/jobs/view/medewerker-proces-goederenverwerking-at-jumbo-supermarkten-4401423733,https://nl.linkedin.com/company/jumbo-supermarkten,4401423733
Jumbo Supermarkten,Medewerker Proces &amp; Goederenverwerking,Zeist,2026-09-14,supply chain medewerker webshop,nee,https://nl.linkedin.com/jobs/view/medewerker-proces-goederenverwerking-at-jumbo-supermarkten-4466101698,https://nl.linkedin.com/company/jumbo-supermarkten,4466101698
Jumbo Supermarkten,Medewerker Proces &amp; Goederenverwerking,Ulvenhout,2026-09-14,supply chain medewerker webshop,nee,https://nl.linkedin.com/jobs/view/medewerker-proces-goederenverwerking-at-jumbo-supermarkten-4430072683,https://nl.linkedin.com/company/jumbo-supermarkten,4430072683
Jumbo Supermarkten,Teamleider Proces &amp; Goederenverwerking,Oisterwijk,2026-09-15,inkoper webshop,nee,https://nl.linkedin.com/jobs/view/teamleider-proces-goederenverwerking-at-jumbo-supermarkten-4362606538,https://nl.linkedin.com/company/jumbo-supermarkten,4362606538
Jumbo Supermarkten,Senior Allround Medewerker,'s-Hertogenbosch,2026-09-15,supply chain medewerker webshop,nee,https://nl.linkedin.com/jobs/view/senior-allround-medewerker-at-jumbo-supermarkten-4457465156,https://nl.linkedin.com/company/jumbo-supermarkten,4457465156
Jumbo Supermarkten,Medewerker Proces &amp; Goederenverwerking,'s-Hertogenbosch,2026-09-15,supply chain medewerker webshop,nee,https://nl.linkedin.com/jobs/view/medewerker-proces-goederenverwerking-at-jumbo-supermarkten-4379699218,https://nl.linkedin.com/company/jumbo-supermarkten,4379699218
Jumbo Supermarkten,Medewerker Proces &amp; Goederenverwerking,Barneveld,2026-09-15,supply chain medewerker webshop,nee,https://nl.linkedin.com/jobs/view/medewerker-proces-goederenverwerking-at-jumbo-supermarkten-4368028643,https://nl.linkedin.com/company/jumbo-supermarkten,4368028643
Jumbo Supermarkten,Medewerker Proces &amp; Goederenverwerking,Veghel,2026-09-15,supply chain medewerker webshop,nee,https://nl.linkedin.com/jobs/view/medewerker-proces-goederenverwerking-at-jumbo-supermarkten-4390971484,https://nl.linkedin.com/company/jumbo-supermarkten,4390971484
Jumbo Supermarkten,Medewerker Proces &amp; Goederenverwerking,Sint-Michielsgestel,2026-09-16,supply chain medewerker webshop,nee,https://nl.linkedin.com/jobs/view/medewerker-proces-goederenverwerking-at-jumbo-supermarkten-4457468362,https://nl.linkedin.com/company/jumbo-supermarkten,4457468362
Jumbo Supermarkten,Teamleider Proces &amp; Goederenverwerking,Eindhoven,2026-09-17,inkoper webshop,nee,https://nl.linkedin.com/jobs/view/teamleider-proces-goederenverwerking-at-jumbo-supermarkten-4439437913,https://nl.linkedin.com/company/jumbo-supermarkten,4439437913
Jumbo Supermarkten,Teamleider Proces &amp; Goederenverwerking,Hengelo,2026-09-17,inkoper webshop,nee,https://nl.linkedin.com/jobs/view/teamleider-proces-goederenverwerking-at-jumbo-supermarkten-4439906017,https://nl.linkedin.com/company/jumbo-supermarkten,4439906017
Jumbo Supermarkten,Medewerker Proces &amp; Goederenverwerking,Amersfoort,2026-09-17,supply chain medewerker webshop,nee,https://nl.linkedin.com/jobs/view/medewerker-proces-goederenverwerking-at-jumbo-supermarkten-4391680268,https://nl.linkedin.com/company/jumbo-supermarkten,4391680268
Jumbo Supermarkten,Medewerker Proces &amp; Goederenverwerking,Geldrop,2026-09-18,supply chain medewerker webshop,nee,https://nl.linkedin.com/jobs/view/medewerker-proces-goederenverwerking-at-jumbo-supermarkten-4432249703,https://nl.linkedin.com/company/jumbo-supermarkten,4432249703
Jumbo Supermarkten,Medewerker Proces &amp; Goederenverwerking,Drachten,2026-09-18,supply chain medewerker webshop,nee,https://nl.linkedin.com/jobs/view/medewerker-proces-goederenverwerking-at-jumbo-supermarkten-4413810386,https://nl.linkedin.com/company/jumbo-supermarkten,4413810386
Jumbo Supermarkten,Medewerker Proces &amp; Goederenverwerking,Bolsward,2026-09-18,supply chain medewerker webshop,nee,https://nl.linkedin.com/jobs/view/medewerker-proces-goederenverwerking-at-jumbo-supermarkten-4404201247,https://nl.linkedin.com/company/jumbo-supermarkten,4404201247
Jumbo Supermarkten,Medewerker Proces &amp; Goederenverwerking,Maarheeze,2026-09-19,supply chain medewerker webshop,nee,https://nl.linkedin.com/jobs/view/medewerker-proces-goederenverwerking-at-jumbo-supermarkten-4459410179,https://nl.linkedin.com/company/jumbo-supermarkten,4459410179
Jumbo Supermarkten,Medewerker Proces &amp; Goederenverwerking,'s-Hertogenbosch,2026-09-20,supply chain medewerker webshop,nee,https://nl.linkedin.com/jobs/view/medewerker-proces-goederenverwerking-at-jumbo-supermarkten-4414163190,https://nl.linkedin.com/company/jumbo-supermarkten,4414163190
Jumbo Supermarkten,Medewerker Proces &amp; Goederenverwerking,Harderwijk,2026-09-20,supply chain medewerker webshop,nee,https://nl.linkedin.com/jobs/view/medewerker-proces-goederenverwerking-at-jumbo-supermarkten-4231944581,https://nl.linkedin.com/company/jumbo-supermarkten,4231944581
Jumbo Supermarkten,Medewerker Proces &amp; Goederenverwerking,Bakel,2026-09-20,supply chain medewerker webshop,nee,https://nl.linkedin.com/jobs/view/medewerker-proces-goederenverwerking-at-jumbo-supermarkten-4459492285,https://nl.linkedin.com/company/jumbo-supermarkten,4459492285
Jumbo Supermarkten,Medewerker Proces &amp; Goederenverwerking,Bunde,2026-09-20,supply chain medewerker webshop,nee,https://nl.linkedin.com/jobs/view/medewerker-proces-goederenverwerking-at-jumbo-supermarkten-4256160174,https://nl.linkedin.com/company/jumbo-supermarkten,4256160174
Jumbo Supermarkten,Medewerker Proces &amp; Goederenverwerking,Uden,2026-09-20,supply chain medewerker webshop,nee,https://nl.linkedin.com/jobs/view/medewerker-proces-goederenverwerking-at-jumbo-supermarkten-4413559519,https://nl.linkedin.com/company/jumbo-supermarkten,4413559519
Jumbo Supermarkten,Teamleider Proces &amp; Goederenverwerking,Harderwijk,2026-09-21,inkoper webshop,nee,https://nl.linkedin.com/jobs/view/teamleider-proces-goederenverwerking-at-jumbo-supermarkten-4424551677,https://nl.linkedin.com/company/jumbo-supermarkten,4424551677
Jumbo Supermarkten,Stage Social Media,Veghel,2026-09-21,social media medewerker webshop,nee,https://nl.linkedin.com/jobs/view/stage-social-media-at-jumbo-supermarkten-4468753887,https://nl.linkedin.com/company/jumbo-supermarkten,4468753887
Jumbo Supermarkten,Medewerker Proces &amp; Goederenverwerking,Panningen,2026-09-21,supply chain medewerker webshop,nee,https://nl.linkedin.com/jobs/view/medewerker-proces-goederenverwerking-at-jumbo-supermarkten-4382447390,https://nl.linkedin.com/company/jumbo-supermarkten,4382447390
Jumbo Supermarkten,Medewerker Proces &amp; Goederenverwerking,Zwolle,2026-09-21,supply chain medewerker webshop,nee,https://nl.linkedin.com/jobs/view/medewerker-proces-goederenverwerking-at-jumbo-supermarkten-4468762696,https://nl.linkedin.com/company/jumbo-supermarkten,4468762696
Jumbo Supermarkten,Assistent Filiaalmanager,Eindhoven,2026-09-22,inkoper webshop,nee,https://nl.linkedin.com/jobs/view/assistent-filiaalmanager-at-jumbo-supermarkten-4314008980,https://nl.linkedin.com/company/jumbo-supermarkten,4314008980
Jumbo Supermarkten,Medewerker Proces &amp; Goederenverwerking,Loosdrecht,2026-09-22,supply chain medewerker webshop,nee,https://nl.linkedin.com/jobs/view/medewerker-proces-goederenverwerking-at-jumbo-supermarkten-4225020542,https://nl.linkedin.com/company/jumbo-supermarkten,4225020542
Jumbo Supermarkten,Medewerker Proces &amp; Goederenverwerking,Nieuwerkerk aan den IJssel,2026-09-22,supply chain medewerker webshop,nee,https://nl.linkedin.com/jobs/view/medewerker-proces-goederenverwerking-at-jumbo-supermarkten-4460005913,https://nl.linkedin.com/company/jumbo-supermarkten,4460005913
Just Brands - Fashion &amp; Retail,ECOMMERCE PRODUCT LAUNCH SPECIALIST,Lijnden,2026-09-05,product owner webshop,nee,https://nl.linkedin.com/jobs/view/ecommerce-product-launch-specialist-at-just-brands-fashion-retail-4444710321,https://nl.linkedin.com/company/just-brands,4444710321
Just Brands - Fashion &amp; Retail,Social Media Specialist,Lijnden,2026-09-16,social media medewerker webshop,nee,https://nl.linkedin.com/jobs/view/social-media-specialist-at-just-brands-fashion-retail-4468206699,https://nl.linkedin.com/company/just-brands,4468206699
Just Eat Takeaway.com,Partner CRM Manager,Amsterdam,2026-09-02,email marketeer webshop,nee,https://nl.linkedin.com/jobs/view/partner-crm-manager-at-just-eat-takeaway-com-4459586424,https://nl.linkedin.com/company/just-eat-takeaway-com,4459586424
Just Eat Takeaway.com,CRM Manager,Amsterdam,2026-09-19,email marketeer webshop,nee,https://nl.linkedin.com/jobs/view/crm-manager-at-just-eat-takeaway-com-4466944263,https://nl.linkedin.com/company/just-eat-takeaway-com,4466944263
Just Eat Takeaway.com,Senior Global CRM Manager,Amsterdam,2026-09-19,email marketeer webshop,nee,https://nl.linkedin.com/jobs/view/senior-global-crm-manager-at-just-eat-takeaway-com-4466957069,https://nl.linkedin.com/company/just-eat-takeaway-com,4466957069
Justrite Safety Group,IT Support Analyst,Barendrecht,2026-09-13,servicedesk medewerker webshop,nee,https://nl.linkedin.com/jobs/view/it-support-analyst-at-justrite-safety-group-4390650935,https://www.linkedin.com/company/justrite-safety,4390650935
Justus People,Customer Care Representative,Badhoevedorp,2026-09-14,after sales medewerker,nee,https://nl.linkedin.com/jobs/view/customer-care-representative-at-justus-people-4466129270,https://nl.linkedin.com/company/justus-people,4466129270
JYSK,Bijbaan Customer Service,Arnhem,2026-04-21,customer service parttime,nee,https://nl.linkedin.com/jobs/view/bijbaan-customer-service-at-jysk-4401929828,https://dk.linkedin.com/company/jysk,4401929828
JYSK,Logistiek Medewerker Retail,Venlo,2026-05-07,fulfilment medewerker,nee,https://nl.linkedin.com/jobs/view/logistiek-medewerker-retail-at-jysk-4409277758,https://dk.linkedin.com/company/jysk,4409277758
JYSK,Logistiek Medewerker,Dordrecht,2026-05-22,fulfilment medewerker,nee,https://nl.linkedin.com/jobs/view/logistiek-medewerker-at-jysk-4414302309,https://dk.linkedin.com/company/jysk,4414302309
JYSK,Customer Service Medewerker,Arnhem,2026-06-02,after sales medewerker,nee,https://nl.linkedin.com/jobs/view/customer-service-medewerker-at-jysk-4419284453,https://dk.linkedin.com/company/jysk,4419284453
JYSK,Klantenservice &amp; Sales Medewerker,Arnhem,2026-06-02,medewerker verkoop binnendienst webshop,nee,https://nl.linkedin.com/jobs/view/klantenservice-sales-medewerker-at-jysk-4419279426,https://dk.linkedin.com/company/jysk,4419279426
JYSK,Logistiek Medewerker Retail,Vlaardingen,2026-06-29,fulfilment medewerker,nee,https://nl.linkedin.com/jobs/view/logistiek-medewerker-retail-at-jysk-4431075989,https://dk.linkedin.com/company/jysk,4431075989
JYSK,Customer Service Medewerker,Arnhem,2026-07-07,after sales medewerker,nee,https://nl.linkedin.com/jobs/view/customer-service-medewerker-at-jysk-4434528177,https://dk.linkedin.com/company/jysk,4434528177
JYSK,Klantenservice &amp; Sales Medewerker,Arnhem,2026-07-07,medewerker verkoop binnendienst webshop,nee,https://nl.linkedin.com/jobs/view/klantenservice-sales-medewerker-at-jysk-4434529158,https://dk.linkedin.com/company/jysk,4434529158
JYSK,Logistiek Medewerker Retail,Utrecht,2026-07-15,fulfilment medewerker,nee,https://nl.linkedin.com/jobs/view/logistiek-medewerker-retail-at-jysk-4438074209,https://dk.linkedin.com/company/jysk,4438074209
JYSK,Customer Service Medewerker,Arnhem,2026-07-28,after sales medewerker,nee,https://nl.linkedin.com/jobs/view/customer-service-medewerker-at-jysk-4443281405,https://dk.linkedin.com/company/jysk,4443281405
JYSK,Klantenservice &amp; Sales Medewerker,Arnhem,2026-07-28,medewerker verkoop binnendienst webshop,nee,https://nl.linkedin.com/jobs/view/klantenservice-sales-medewerker-at-jysk-4443290224,https://dk.linkedin.com/company/jysk,4443290224
JYSK,Medewerker magazijn/verkoop,Helmond,2026-08-06,fulfilment medewerker,nee,https://nl.linkedin.com/jobs/view/medewerker-magazijn-verkoop%C2%A0-at-jysk-4448083488,https://dk.linkedin.com/company/jysk,4448083488
JYSK,Logistiek Medewerker Retail,Amsterdam,2026-08-07,fulfilment medewerker,nee,https://nl.linkedin.com/jobs/view/logistiek-medewerker-retail-at-jysk-4449207050,https://dk.linkedin.com/company/jysk,4449207050
JYSK,Logistiek Medewerker Retail,Cruquius,2026-08-13,fulfilment medewerker,nee,https://nl.linkedin.com/jobs/view/logistiek-medewerker-retail-at-jysk-4450478456,https://dk.linkedin.com/company/jysk,4450478456
JYSK,Logistiek Medewerker Retail,Den Haag,2026-08-13,fulfilment medewerker,nee,https://nl.linkedin.com/jobs/view/logistiek-medewerker-retail-at-jysk-4450495724,https://dk.linkedin.com/company/jysk,4450495724
JYSK,Logistiek Medewerker Retail,Delft,2026-08-24,fulfilment medewerker,nee,https://nl.linkedin.com/jobs/view/logistiek-medewerker-retail-at-jysk-4455850639,https://dk.linkedin.com/company/jysk,4455850639
JYSK,Medewerker magazijn/verkoop,Weert,2026-09-03,fulfilment medewerker,nee,https://nl.linkedin.com/jobs/view/medewerker-magazijn-verkoop%C2%A0-at-jysk-4460459730,https://dk.linkedin.com/company/jysk,4460459730
JYSK,Logistiek Medewerker,Middelburg,2026-09-05,fulfilment medewerker,nee,https://nl.linkedin.com/jobs/view/logistiek-medewerker-at-jysk-4461449808,https://dk.linkedin.com/company/jysk,4461449808
JYSK,Logistiek Medewerker,Winterswijk,2026-09-07,fulfilment medewerker,nee,https://nl.linkedin.com/jobs/view/logistiek-medewerker-at-jysk-4462207834,https://dk.linkedin.com/company/jysk,4462207834
JYSK,Logistiek Medewerker Retail,Amsterdam,2026-09-07,fulfilment medewerker,nee,https://nl.linkedin.com/jobs/view/logistiek-medewerker-retail-at-jysk-4461897460,https://dk.linkedin.com/company/jysk,4461897460
JYSK,Logistiek Medewerker Retail,Venlo,2026-09-11,fulfilment medewerker,nee,https://nl.linkedin.com/jobs/view/logistiek-medewerker-retail-at-jysk-4463974050,https://dk.linkedin.com/company/jysk,4463974050
JYSK,Klantenservice &amp; Sales Medewerker,Arnhem,2026-09-15,medewerker verkoop binnendienst webshop,nee,https://nl.linkedin.com/jobs/view/klantenservice-sales-medewerker-at-jysk-4465551035,https://dk.linkedin.com/company/jysk,4465551035
JYSK,Logistiek Medewerker Retail,Woerden,2026-09-18,fulfilment medewerker,nee,https://nl.linkedin.com/jobs/view/logistiek-medewerker-retail-at-jysk-4466684076,https://dk.linkedin.com/company/jysk,4466684076
JYSK,Logistiek Medewerker Retail,Hazerswoude Rijndijk,2026-09-18,fulfilment medewerker,nee,https://nl.linkedin.com/jobs/view/logistiek-medewerker-retail-at-jysk-4466680128,https://dk.linkedin.com/company/jysk,4466680128
JYSK,Logistiek Medewerker Retail,Barendrecht,2026-09-21,fulfilment medewerker,nee,https://nl.linkedin.com/jobs/view/logistiek-medewerker-retail-at-jysk-4467363384,https://dk.linkedin.com/company/jysk,4467363384
JYSK,Logistiek Medewerker Retail,Zoetermeer,2026-09-22,fulfilment medewerker,nee,https://nl.linkedin.com/jobs/view/logistiek-medewerker-retail-at-jysk-4468593805,https://dk.linkedin.com/company/jysk,4468593805
Kaleido,Customer Care Specialist - Dutch speaking,Utrecht,2026-09-02,after sales medewerker,nee,https://nl.linkedin.com/jobs/view/customer-care-specialist-dutch-speaking-at-kaleido-4462131138,https://nl.linkedin.com/company/hellokaleido,4462131138
Kaleido,Customer Care Specialist - Dutch Speaking,"Utrecht, Nederland",2026-09-15,after sales medewerker,nee,https://nl.linkedin.com/jobs/view/customer-care-specialist-dutch-speaking-at-kaleido-4466508870,https://nl.linkedin.com/company/hellokaleido,4466508870
Kaleido,Customer Support Medewerker - Nederlandstalig,Utrecht,2026-09-18,after sales medewerker,nee,https://nl.linkedin.com/jobs/view/customer-support-medewerker-nederlandstalig-at-kaleido-4469158931,https://nl.linkedin.com/company/hellokaleido,4469158931
Kamera Express,Medior Conversational Designer,Capelle aan den IJssel,2026-09-17,conversie specialist,nee,https://nl.linkedin.com/jobs/view/medior-conversational-designer-at-kamera-express-4467580334,https://nl.linkedin.com/company/kamera-express,4467580334
Kamera Express,CRM Marketeer,Capelle aan den IJssel,2026-09-20,email marketeer webshop,nee,https://nl.linkedin.com/jobs/view/crm-marketeer-at-kamera-express-4424361876,https://nl.linkedin.com/company/kamera-express,4424361876
Kao EMEA &amp; Americas,E-Commerce Intern,Amersfoort,2026-09-15,email marketeer webshop,nee,https://nl.linkedin.com/jobs/view/e-commerce-intern-at-kao-emea-americas-4458523793,https://jp.linkedin.com/company/kao-usa-inc-,4458523793
Kaplock B.V.,Technical Operations Manager,Rijen,2026-09-10,inkoper webshop,nee,https://nl.linkedin.com/jobs/view/technical-operations-manager-at-kaplock-b-v-4465660311,https://nl.linkedin.com/company/kaplockbv,4465660311
Karsten International,Senior Marketing Manager,Amsterdam,2026-09-16,email marketeer webshop,nee,https://nl.linkedin.com/jobs/view/senior-marketing-manager-at-karsten-international-4421814167,https://nl.linkedin.com/company/karsten-international-bv,4421814167
Karsten International,Business Analyst &amp; Product Owner,Amsterdam,2026-09-21,product owner webshop,nee,https://nl.linkedin.com/jobs/view/business-analyst-product-owner-at-karsten-international-4405249371,https://nl.linkedin.com/company/karsten-international-bv,4405249371
Katapult,Customer Solutions Manager,Amsterdam Area,2026-09-18,customer succes,nee,https://nl.linkedin.com/jobs/view/customer-solutions-manager-at-katapult-4467875628,https://nl.linkedin.com/company/katapult-recruitment,4467875628
Kavel 10 | hetbestebeeld.nl,Customer Success,Drachten,2026-09-07,customer succes,nee,https://nl.linkedin.com/jobs/view/customer-success-at-kavel-10-hetbestebeeld-nl-4464388815,https://nl.linkedin.com/company/kavel10-hetbestebeeld,4464388815
Keephub,Open sollicitatie,Sassenheim,2026-09-08,inkoper webshop,nee,https://nl.linkedin.com/jobs/view/open-sollicitatie-at-keephub-4439207699,https://nl.linkedin.com/company/keephub,4439207699
Keepit,Sales Development Representative (SDR) - Benelux,Amsterdam,2026-09-16,conversie specialist,nee,https://nl.linkedin.com/jobs/view/sales-development-representative-sdr-benelux-at-keepit-4455740590,https://dk.linkedin.com/company/keepit-a-s,4455740590
Kemkens,Klantadviseur – bijbaan,Oss,2026-05-11,customer service parttime,nee,https://nl.linkedin.com/jobs/view/klantadviseur-%E2%80%93-bijbaan-at-kemkens-4413053097,https://nl.linkedin.com/company/kemkens,4413053097
Keuken groothandel Veldkamp,Online marketeer,Oldebroek,2026-09-21,email marketeer webshop,nee,https://nl.linkedin.com/jobs/view/online-marketeer-at-keuken-groothandel-veldkamp-4469897991,https://nl.linkedin.com/company/veldkamp-witgoed-en-keukenapparatuur-zakelijk,4469897991
Keywords Studios,Customer Success Manager - Video Games - Remote,Nederland,2026-07-31,customer succes,nee,https://nl.linkedin.com/jobs/view/customer-success-manager-video-games-remote-at-keywords-studios-4447524776,https://ie.linkedin.com/company/keywordsstudios,4447524776
Kibeo,Inkoper,Goes,2026-09-16,inkoper webshop,nee,https://nl.linkedin.com/jobs/view/inkoper-at-kibeo-4468241227,https://nl.linkedin.com/company/kibeokindontwikkeling,4468241227
"Kibidango, Inc.",ECマネージャー,Eindhoven,2026-08-05,inkoper webshop,nee,https://nl.linkedin.com/jobs/view/ec%E3%83%9E%E3%83%8D%E3%83%BC%E3%82%B8%E3%83%A3%E3%83%BC-at-kibidango-inc-4447370247,https://jp.linkedin.com/company/kibidango,4447370247
"Kibidango, Inc.",PM（マーケ担当）,Alphen,2026-08-05,inkoper webshop,nee,https://nl.linkedin.com/jobs/view/pm%EF%BC%88%E3%83%9E%E3%83%BC%E3%82%B1%E6%8B%85%E5%BD%93%EF%BC%89-at-kibidango-inc-4447365409,https://jp.linkedin.com/company/kibidango,4447365409
Kidde Global Solutions,Commercieel Medewerker Binnendienst,Weert,2026-09-15,inkoper webshop,nee,https://nl.linkedin.com/jobs/view/commercieel-medewerker-binnendienst-at-kidde-global-solutions-4466542297,https://www.linkedin.com/company/kidde-global-solutions,4466542297
Kidde Global Solutions,Commercieel Medewerker Binnendienst,Weert,2026-09-17,inkoper webshop,nee,https://nl.linkedin.com/jobs/view/commercieel-medewerker-binnendienst-at-kidde-global-solutions-4429855462,https://www.linkedin.com/company/kidde-global-solutions,4429855462
Kipp &amp; Zonen,Logistics Employee,Delft,2026-09-18,supply chain medewerker webshop,nee,https://nl.linkedin.com/jobs/view/logistics-employee-at-kipp-zonen-4440597282,https://nl.linkedin.com/company/kipp-&amp;-zonen,4440597282
Kivits Drunen,Customer Service Medewerker,Waalwijk,2026-09-02,after sales medewerker,nee,https://nl.linkedin.com/jobs/view/customer-service-medewerker-at-kivits-drunen-4443319622,https://nl.linkedin.com/company/kivits-drunen,4443319622
KLG Europe,Allround Loodsmedewerker Warehouse (Logistiek Medewerker),Venlo,2026-07-24,fulfilment medewerker,nee,https://nl.linkedin.com/jobs/view/allround-loodsmedewerker-warehouse-logistiek-medewerker-at-klg-europe-4444389537,https://nl.linkedin.com/company/klg-europe-logistics,4444389537
KLG Europe,Loodsmedewerker Warehouse,Venlo,2026-08-19,fulfilment medewerker,nee,https://nl.linkedin.com/jobs/view/loodsmedewerker-warehouse-at-klg-europe-4456306690,https://nl.linkedin.com/company/klg-europe-logistics,4456306690
KLM,Lifecycle Marketing Manager,Amstelveen,2026-09-02,email marketeer webshop,nee,https://nl.linkedin.com/jobs/view/lifecycle-marketing-manager-at-klm-royal-dutch-airlines-4459979827,https://nl.linkedin.com/company/klm,4459979827
Klup,Customer Support Klup &amp; Klup Travel,Amsterdam,2026-09-14,conversie specialist,nee,https://nl.linkedin.com/jobs/view/customer-support-klup-klup-travel-at-klup-4467066227,https://nl.linkedin.com/company/klup,4467066227
KMWE,Skilled Service Desk Medewerker IT,Eindhoven,2026-08-25,servicedesk medewerker webshop,nee,https://nl.linkedin.com/jobs/view/skilled-service-desk-medewerker-it-at-kmwe-4457449661,https://nl.linkedin.com/company/kmwe,4457449661
KMWE,Warehouse Operator,Eindhoven,2026-09-22,fulfilment medewerker,nee,https://nl.linkedin.com/jobs/view/warehouse-operator-at-kmwe-4469060206,https://nl.linkedin.com/company/kmwe,4469060206
KnappeKoppen.work,Customer Success Manager Automotive,Amsterdam,2026-09-15,customer succes,nee,https://nl.linkedin.com/jobs/view/customer-success-manager-automotive-at-knappekoppen-work-4467740959,https://nl.linkedin.com/company/knappekoppen-amsterdam,4467740959
Knivesandtools,Klantenservice medewerker e-commerce Apeldoorn (32-40 uur),Apeldoorn,2026-07-17,after sales medewerker,nee,https://nl.linkedin.com/jobs/view/klantenservice-medewerker-e-commerce-apeldoorn-32-40-uur-at-knivesandtools-4441984192,https://nl.linkedin.com/company/knivesandtools-kato,4441984192
Knivesandtools,Klantenservice medewerker (parttime / bijbaan),Apeldoorn,2026-07-30,customer service parttime,nee,https://nl.linkedin.com/jobs/view/klantenservice-medewerker-parttime-bijbaan-at-knivesandtools-4446734777,https://nl.linkedin.com/company/knivesandtools-kato,4446734777
Knivesandtools,Social Media Marketeer,Apeldoorn,2026-09-14,social media medewerker webshop,nee,https://nl.linkedin.com/jobs/view/social-media-marketeer-at-knivesandtools-4467064099,https://nl.linkedin.com/company/knivesandtools-kato,4467064099
Koek,Product owner,Uden,2026-09-08,product owner webshop,nee,https://nl.linkedin.com/jobs/view/product-owner-at-koek-4464624360,https://www.linkedin.com/company/koekbv,4464624360
Kompas Veiligheidsgroep,Klantadviseur,Nijmegen,2026-07-23,customer service parttime,nee,https://nl.linkedin.com/jobs/view/klantadviseur-at-kompas-veiligheidsgroep-4444439590,https://nl.linkedin.com/company/kompas-veiligheidsgroep,4444439590
KONE,Customer Service Agent (KDB),Arnhem,2026-09-02,klantsupport,nee,https://nl.linkedin.com/jobs/view/customer-service-agent-kdb-at-kone-4434478590,https://fi.linkedin.com/company/kone,4434478590
KONE,Customer Service Agent,Den Haag,2026-09-20,customer service parttime,nee,https://nl.linkedin.com/jobs/view/customer-service-agent-at-kone-4413991179,https://fi.linkedin.com/company/kone,4413991179
Koning Aap &amp; Shoestring,Reisspecialist,Duivendrecht,2026-09-04,conversie specialist,nee,https://nl.linkedin.com/jobs/view/reisspecialist-at-koning-aap-shoestring-4463311908,https://nl.linkedin.com/company/koning-aap-shoestring,4463311908
Koninklijke Sportfondsen Nederland B.V.,ICT servicedeskmedewerker,Amsterdam,2026-08-06,servicedesk medewerker webshop,nee,https://nl.linkedin.com/jobs/view/ict-servicedeskmedewerker-at-koninklijke-sportfondsen-nederland-b-v-4450244247,https://nl.linkedin.com/company/koninklijkesportfondsen,4450244247
Konneqt werving • selectie • interim,Customer Relationship Management Consultant,Almelo,2026-09-22,conversie specialist,nee,https://nl.linkedin.com/jobs/view/customer-relationship-management-consultant-at-konneqt-werving-selectie-interim-4470287750,https://nl.linkedin.com/company/konneqt-werving-selectie-interim,4470287750
Koopman International B.V.,Magazijnmedewerker Amsterdam,Amsterdam,2026-07-09,inkoper webshop,nee,https://nl.linkedin.com/jobs/view/magazijnmedewerker-amsterdam-at-koopman-international-b-v-4438626771,https://nl.linkedin.com/company/koopman-international-b-v-,4438626771
Koopman International B.V.,Commercieel Medewerker Binnendienst,Amsterdam,2026-08-15,medewerker verkoop binnendienst webshop,nee,https://nl.linkedin.com/jobs/view/commercieel-medewerker-binnendienst-at-koopman-international-b-v-4454834287,https://nl.linkedin.com/company/koopman-international-b-v-,4454834287
Koopman International B.V.,Medewerker Inkoopadministratie &amp; Containerplanning,Amsterdam,2026-09-21,supply chain medewerker webshop,nee,https://nl.linkedin.com/jobs/view/medewerker-inkoopadministratie-containerplanning-at-koopman-international-b-v-4467601149,https://nl.linkedin.com/company/koopman-international-b-v-,4467601149
KoRo,Junior Social Media &amp; Community Manager – Netherlands (f/m/d),Amsterdam,2026-09-22,social media medewerker webshop,nee,https://nl.linkedin.com/jobs/view/junior-social-media-community-manager-%E2%80%93-netherlands-f-m-d-at-koro-4470451204,https://de.linkedin.com/company/koro-offical,4470451204
KoRo,Junior Social Media &amp; Community Manager – Nederland (v/m/x),Amsterdam,2026-09-22,social media medewerker webshop,nee,https://nl.linkedin.com/jobs/view/junior-social-media-community-manager-%E2%80%93-nederland-v-m-x-at-koro-4470438966,https://de.linkedin.com/company/koro-offical,4470438966
Koskamp B.V.,IT Support Engineer (32-40 uur),Den Ham,2026-08-18,servicedesk medewerker webshop,nee,https://nl.linkedin.com/jobs/view/it-support-engineer-32-40-uur-at-koskamp-b-v-4452860993,https://nl.linkedin.com/company/koskamp-automaterialen,4452860993
Kraft Heinz,Social Media intern,Amsterdam,2026-09-05,social media medewerker webshop,nee,https://nl.linkedin.com/jobs/view/social-media-intern-at-kraft-heinz-4416520052,https://www.linkedin.com/company/the-kraft-heinz-company,4416520052
Kraft Heinz,Packing materials warehouse employee (2-ploegen),Elst,2026-09-15,fulfilment medewerker,nee,https://nl.linkedin.com/jobs/view/packing-materials-warehouse-employee-2-ploegen-at-kraft-heinz-4379456764,https://www.linkedin.com/company/the-kraft-heinz-company,4379456764
Kramp,Product Owner Technology platform,Utrecht,2026-09-09,product owner webshop,nee,https://nl.linkedin.com/jobs/view/product-owner-technology-platform-at-kramp-4437445076,https://nl.linkedin.com/company/kramp,4437445076
Kramp,Head of Product – Buying Journey,Varsseveld,2026-09-21,product owner webshop,nee,https://nl.linkedin.com/jobs/view/head-of-product-%E2%80%93-buying-journey-at-kramp-4469868771,https://nl.linkedin.com/company/kramp,4469868771
Kramp,Head of Product – Buying Journey,Utrecht,2026-09-21,product owner webshop,nee,https://nl.linkedin.com/jobs/view/head-of-product-%E2%80%93-buying-journey-at-kramp-4469879352,https://nl.linkedin.com/company/kramp,4469879352
"Krayden, Inc.",Magazijnmedewerker,Assendelft,2026-09-22,fulfilment medewerker,nee,https://nl.linkedin.com/jobs/view/magazijnmedewerker-at-krayden-inc-4458213371,https://www.linkedin.com/company/kraydenadhesives,4458213371
"Krayden, Inc.",Warehouse Operative,Assendelft,2026-09-22,fulfilment medewerker,nee,https://nl.linkedin.com/jobs/view/warehouse-operative-at-krayden-inc-4458224176,https://www.linkedin.com/company/kraydenadhesives,4458224176
Kruidvat,Medewerker Klant &amp; Winkelservice,'s-Gravenhage,2026-09-07,customer service parttime,nee,https://nl.linkedin.com/jobs/view/medewerker-klant-winkelservice-at-kruidvat-4454405204,https://nl.linkedin.com/company/kruidvat,4454405204
Kruidvat,Medewerker Klant &amp; Winkelservice,Leidschendam,2026-09-11,customer service parttime,nee,https://nl.linkedin.com/jobs/view/medewerker-klant-winkelservice-at-kruidvat-4447166086,https://nl.linkedin.com/company/kruidvat,4447166086
Kruidvat,Medewerker Klant &amp; Winkelservice,'s-Gravenhage,2026-09-11,customer service parttime,nee,https://nl.linkedin.com/jobs/view/medewerker-klant-winkelservice-at-kruidvat-4447153371,https://nl.linkedin.com/company/kruidvat,4447153371
Kruidvat,Medewerker Klant &amp; Winkelservice,'s-Gravenhage,2026-09-11,customer service parttime,nee,https://nl.linkedin.com/jobs/view/medewerker-klant-winkelservice-at-kruidvat-4447149454,https://nl.linkedin.com/company/kruidvat,4447149454
Kruidvat,Medewerker Klant &amp; Winkelservice,'s-Gravenhage,2026-09-11,customer service parttime,nee,https://nl.linkedin.com/jobs/view/medewerker-klant-winkelservice-at-kruidvat-4447158197,https://nl.linkedin.com/company/kruidvat,4447158197
Kruidvat,Medewerker Klant &amp; Winkelservice,'s-Gravenhage,2026-09-11,customer service parttime,nee,https://nl.linkedin.com/jobs/view/medewerker-klant-winkelservice-at-kruidvat-4447167088,https://nl.linkedin.com/company/kruidvat,4447167088
Kruidvat,Medewerker Klant &amp; Winkelservice,Rotterdam and The Hague,2026-09-11,customer service parttime,nee,https://nl.linkedin.com/jobs/view/medewerker-klant-winkelservice-at-kruidvat-4447162155,https://nl.linkedin.com/company/kruidvat,4447162155
Kruidvat,Medewerker Klant &amp; Winkelservice,Rotterdam and The Hague,2026-09-11,customer service parttime,nee,https://nl.linkedin.com/jobs/view/medewerker-klant-winkelservice-at-kruidvat-4447164167,https://nl.linkedin.com/company/kruidvat,4447164167
Kruidvat,Medewerker Klant &amp; Winkelservice,Rotterdam and The Hague,2026-09-11,customer service parttime,nee,https://nl.linkedin.com/jobs/view/medewerker-klant-winkelservice-at-kruidvat-4447170031,https://nl.linkedin.com/company/kruidvat,4447170031
Kruidvat,Medewerker Klant &amp; Winkelservice,'s-Gravenhage,2026-09-12,customer service parttime,nee,https://nl.linkedin.com/jobs/view/medewerker-klant-winkelservice-at-kruidvat-4447158195,https://nl.linkedin.com/company/kruidvat,4447158195
Kruidvat,Medewerker Klant &amp; Winkelservice,'s-Gravenhage,2026-09-12,customer service parttime,nee,https://nl.linkedin.com/jobs/view/medewerker-klant-winkelservice-at-kruidvat-4447159208,https://nl.linkedin.com/company/kruidvat,4447159208
Kruidvat,Medewerker Klant &amp; Winkelservice,'s-Gravenhage,2026-09-12,customer service parttime,nee,https://nl.linkedin.com/jobs/view/medewerker-klant-winkelservice-at-kruidvat-4447158196,https://nl.linkedin.com/company/kruidvat,4447158196
Kruidvat,Medewerker Klant &amp; Winkelservice,Rotterdam and The Hague,2026-09-12,customer service parttime,nee,https://nl.linkedin.com/jobs/view/medewerker-klant-winkelservice-at-kruidvat-4447170030,https://nl.linkedin.com/company/kruidvat,4447170030
Kruidvat,Medewerker Klant &amp; Winkelservice,'s-Gravenhage,2026-09-13,customer service parttime,nee,https://nl.linkedin.com/jobs/view/medewerker-klant-winkelservice-at-kruidvat-4447152347,https://nl.linkedin.com/company/kruidvat,4447152347
Kruidvat,Medewerker Klant &amp; Winkelservice,'s-Gravenhage,2026-09-14,customer service parttime,nee,https://nl.linkedin.com/jobs/view/medewerker-klant-winkelservice-at-kruidvat-4465794141,https://nl.linkedin.com/company/kruidvat,4465794141
Kruidvat,Medewerker Klant &amp; Winkelservice,Rijswijk,2026-09-15,customer service parttime,nee,https://nl.linkedin.com/jobs/view/medewerker-klant-winkelservice-at-kruidvat-4447157224,https://nl.linkedin.com/company/kruidvat,4447157224
Kruidvat,Medewerker Klant &amp; Winkelservice,'s-Gravenhage,2026-09-15,customer service parttime,nee,https://nl.linkedin.com/jobs/view/medewerker-klant-winkelservice-at-kruidvat-4447148937,https://nl.linkedin.com/company/kruidvat,4447148937
Kruidvat,Medewerker Klant &amp; Winkelservice,Voorburg,2026-09-16,customer service parttime,nee,https://nl.linkedin.com/jobs/view/medewerker-klant-winkelservice-at-kruidvat-4466881713,https://nl.linkedin.com/company/kruidvat,4466881713
Kruidvat,Medewerker Klant &amp; Winkelservice,Nootdorp,2026-09-16,customer service parttime,nee,https://nl.linkedin.com/jobs/view/medewerker-klant-winkelservice-at-kruidvat-4466865982,https://nl.linkedin.com/company/kruidvat,4466865982
Kruidvat,Medewerker Klant &amp; Winkelservice,Rijswijk,2026-09-16,customer service parttime,nee,https://nl.linkedin.com/jobs/view/medewerker-klant-winkelservice-at-kruidvat-4466865981,https://nl.linkedin.com/company/kruidvat,4466865981
Kruidvat,Medewerker Klant &amp; Winkelservice,Rijswijk,2026-09-16,customer service parttime,nee,https://nl.linkedin.com/jobs/view/medewerker-klant-winkelservice-at-kruidvat-4466869750,https://nl.linkedin.com/company/kruidvat,4466869750
Kruidvat,Medewerker Klant &amp; Winkelservice,'s-Gravenhage,2026-09-16,customer service parttime,nee,https://nl.linkedin.com/jobs/view/medewerker-klant-winkelservice-at-kruidvat-4466885636,https://nl.linkedin.com/company/kruidvat,4466885636
Kruidvat,Medewerker Klant &amp; Winkelservice,'s-Gravenhage,2026-09-16,customer service parttime,nee,https://nl.linkedin.com/jobs/view/medewerker-klant-winkelservice-at-kruidvat-4466885635,https://nl.linkedin.com/company/kruidvat,4466885635
Kruidvat,Medewerker Klant &amp; Winkelservice,'s-Gravenhage,2026-09-16,customer service parttime,nee,https://nl.linkedin.com/jobs/view/medewerker-klant-winkelservice-at-kruidvat-4466872777,https://nl.linkedin.com/company/kruidvat,4466872777
Kruidvat,Medewerker Klant &amp; Winkelservice,'s-Gravenhage,2026-09-21,customer service parttime,nee,https://nl.linkedin.com/jobs/view/medewerker-klant-winkelservice-at-kruidvat-4468726223,https://nl.linkedin.com/company/kruidvat,4468726223
KRUSH Labs,IT Support Engineer,Eindhoven,2026-08-24,servicedesk medewerker webshop,nee,https://nl.linkedin.com/jobs/view/it-support-engineer-at-krush-labs-4469156903,https://nl.linkedin.com/company/krush-labs,4469156903
KTI Installatietechniek,Commercieel medewerker binnendienst,Schagen,2026-08-29,medewerker verkoop binnendienst webshop,nee,https://nl.linkedin.com/jobs/view/commercieel-medewerker-binnendienst-at-kti-installatietechniek-4470901741,https://nl.linkedin.com/company/kti-installatietechniek,4470901741
Kwantum,E commerce Specialist - Merchandising &amp; Content,Geertruidenberg,2026-08-18,social media medewerker webshop,nee,https://nl.linkedin.com/jobs/view/e-commerce-specialist-merchandising-content-at-kwantum-4454181057,https://nl.linkedin.com/company/kwantum,4454181057
Kwantum,Meewerkstage E-commerce bij Kwantum,Tilburg,2026-09-15,social media medewerker webshop,nee,https://nl.linkedin.com/jobs/view/meewerkstage-e-commerce-bij-kwantum-at-kwantum-4466951786,https://nl.linkedin.com/company/kwantum,4466951786
KWEEKERS,Allround Marketeer,Oosterhout,2026-09-03,email marketeer webshop,nee,https://nl.linkedin.com/jobs/view/allround-marketeer-at-kweekers-4429228004,https://nl.linkedin.com/company/kweekers,4429228004
L. ten Cate BV,Customer Service Medewerker,Enschede en omgeving,2026-09-11,medewerker verkoop binnendienst webshop,nee,https://nl.linkedin.com/jobs/view/customer-service-medewerker-at-l-ten-cate-bv-4466347431,https://nl.linkedin.com/company/l.-ten-cate-bv,4466347431
La Souris,Customer Succes Medewerker,Doetinchem,2026-06-01,after sales medewerker,nee,https://nl.linkedin.com/jobs/view/customer-succes-medewerker-at-la-souris-4421659410,https://nl.linkedin.com/company/la-souris-scooter,4421659410
La Souris,Marketing &amp; E-Commerce Director,Doetinchem,2026-09-22,email marketeer webshop,nee,https://nl.linkedin.com/jobs/view/marketing-e-commerce-director-at-la-souris-4470461203,https://nl.linkedin.com/company/la-souris-scooter,4470461203
Laboratorium Ofichem B.V.,Magazijnmedewerker,Ter Apel,2026-07-13,fulfilment medewerker,nee,https://nl.linkedin.com/jobs/view/magazijnmedewerker-at-laboratorium-ofichem-b-v-4440016582,https://www.linkedin.com/company/laboratorium-ofichem-b.v.,4440016582
Lamb Weston EMEA,Logistiek Medewerker,Kruiningen,2026-07-21,supply chain medewerker webshop,nee,https://nl.linkedin.com/jobs/view/logistiek-medewerker-at-lamb-weston-emea-4402937978,https://nl.linkedin.com/company/lambwestonemea,4402937978
Landal,Allround Hospitality Medewerker Front Office &amp; Gastbeleving (28-30 uur),Volendam,2026-08-25,customer service parttime,nee,https://nl.linkedin.com/jobs/view/allround-hospitality-medewerker-front-office-gastbeleving-28-30-uur-at-landal-4458237797,https://nl.linkedin.com/company/landal,4458237797
Lasaulec BV,Commercieel Medewerker Binnendienst,Almere,2026-08-31,medewerker verkoop binnendienst webshop,nee,https://nl.linkedin.com/jobs/view/commercieel-medewerker-binnendienst-at-lasaulec-bv-4460058994,https://nl.linkedin.com/company/lasaulec-bv,4460058994
Lasaulec BV,Commercieel Medewerker Binnendienst,Heerenveen,2026-08-31,medewerker verkoop binnendienst webshop,nee,https://nl.linkedin.com/jobs/view/commercieel-medewerker-binnendienst-at-lasaulec-bv-4460082262,https://nl.linkedin.com/company/lasaulec-bv,4460082262
Laudermarke Group,Klantenservice Medewerker (24 uur),Ter Apel,2026-08-28,customer service parttime,nee,https://nl.linkedin.com/jobs/view/klantenservice-medewerker-24-uur-at-laudermarke-group-4460193967,https://nl.linkedin.com/company/laudermarke-group,4460193967
Lead Today,Senior Online Marketeer,Rotterdam,2026-07-10,email marketeer webshop,nee,https://nl.linkedin.com/jobs/view/senior-online-marketeer-at-lead-today-4438326472,https://nl.linkedin.com/company/lead-today,4438326472
Lead Today,Medior Online Marketeer,Rotterdam,2026-07-10,email marketeer webshop,nee,https://nl.linkedin.com/jobs/view/medior-online-marketeer-at-lead-today-4438325447,https://nl.linkedin.com/company/lead-today,4438325447
Leaseweb,Business Process Owner - Supply Chain Management (SCM),Amsterdam,2026-09-11,inkoper webshop,nee,https://nl.linkedin.com/jobs/view/business-process-owner-supply-chain-management-scm-at-leaseweb-4378817093,https://nl.linkedin.com/company/leaseweb,4378817093
Leaseweb,Inside Sales Account Manager - Dutch Speaker,Amsterdam,2026-09-16,medewerker verkoop binnendienst webshop,nee,https://nl.linkedin.com/jobs/view/inside-sales-account-manager-dutch-speaker-at-leaseweb-4391145365,https://nl.linkedin.com/company/leaseweb,4391145365
Leen Bakker,E commerce Specialist - Merchandising &amp; Content,Geertruidenberg,2026-08-18,social media medewerker webshop,nee,https://nl.linkedin.com/jobs/view/e-commerce-specialist-merchandising-content-at-leen-bakker-4454170846,https://nl.linkedin.com/company/leen-bakker,4454170846
Leen Bakker,Meewerkstage E-commerce bij Kwantum,Tilburg,2026-09-15,email marketeer webshop,nee,https://nl.linkedin.com/jobs/view/meewerkstage-e-commerce-bij-kwantum-at-leen-bakker-4466954750,https://nl.linkedin.com/company/leen-bakker,4466954750
Lefebvre Sdu,Customer Success Manager Legal AI,Randstad,2026-09-18,customer succes,nee,https://nl.linkedin.com/jobs/view/customer-success-manager-legal-ai-at-lefebvre-sdu-4469157183,https://nl.linkedin.com/company/sdu-nl,4469157183
Lefebvre Sdu,Senior Product Owner,'s-Gravenhage,2026-09-21,product owner webshop,nee,https://nl.linkedin.com/jobs/view/senior-product-owner-at-lefebvre-sdu-4469848600,https://nl.linkedin.com/company/sdu-nl,4469848600
Lekkerland Nederland B.V.,Webanalist,Son en Breugel,2026-09-18,email marketeer webshop,nee,https://nl.linkedin.com/jobs/view/webanalist-at-lekkerland-nederland-b-v-4469128135,https://nl.linkedin.com/company/lekkerland-nederland-bv,4469128135
Lenssen voor Mannen,Marketing Medewerker / Content Creator,Geldrop,2026-05-30,social media medewerker webshop,nee,https://nl.linkedin.com/jobs/view/marketing-medewerker-content-creator-at-lenssen-mannenmode-mierlo-4421349398,https://nl.linkedin.com/company/lenssen-voor-mannen,4421349398
Leolux Furniture Group,Online marketeer,Venlo,2026-09-10,email marketeer webshop,nee,https://nl.linkedin.com/jobs/view/online-marketeer-at-leolux-furniture-group-4465653313,https://nl.linkedin.com/company/leolux-furniture-group,4465653313
Leonardo Hotels Benelux,HOST ( 3 NIGHTS A WEEK ),Hengelo,2026-09-14,customer service parttime,nee,https://nl.linkedin.com/jobs/view/host-3-nights-a-week-at-leonardo-hotels-benelux-4458215178,https://nl.linkedin.com/company/leonardohotelsnl,4458215178
Leonardo Hotels Benelux,HOST ( 3 NIGHTS A WEEK ),Amsterdam,2026-09-15,customer service parttime,nee,https://nl.linkedin.com/jobs/view/host-3-nights-a-week-at-leonardo-hotels-benelux-4433857197,https://nl.linkedin.com/company/leonardohotelsnl,4433857197
Leonardo Hotels Benelux,HOST ( 3 NIGHTS A WEEK) PT,Amsterdam,2026-09-20,customer service parttime,nee,https://nl.linkedin.com/jobs/view/host-3-nights-a-week-pt-at-leonardo-hotels-benelux-4433847585,https://nl.linkedin.com/company/leonardohotelsnl,4433847585
Leonardo Hotels Benelux,HOST ( 3 NIGHTS A WEEK ) PT,Vinkeveen,2026-09-20,customer service parttime,nee,https://nl.linkedin.com/jobs/view/host-3-nights-a-week-pt-at-leonardo-hotels-benelux-4433861119,https://nl.linkedin.com/company/leonardohotelsnl,4433861119
Leonardo Hotels Benelux,FRONT OFFICE EMPLOYEE PT,Amsterdam,2026-09-21,customer service parttime,nee,https://nl.linkedin.com/jobs/view/front-office-employee-pt-at-leonardo-hotels-benelux-4433845884,https://nl.linkedin.com/company/leonardohotelsnl,4433845884
LeoVegas Group,Customer Experience Advisor - Dutch,Doetinchem,2026-09-09,klantsupport,nee,https://nl.linkedin.com/jobs/view/customer-experience-advisor-dutch-at-leovegas-group-4464117561,https://se.linkedin.com/company/leovegasgroup,4464117561
LessonUp,Customer Success Manager,Den Haag,2026-09-07,customer succes,nee,https://nl.linkedin.com/jobs/view/customer-success-manager-at-lessonup-4464092647,https://nl.linkedin.com/company/lessonupnl,4464092647
Levi Strauss &amp; Co.,Retail Sales Assistant 10 hrs/week,Amsterdam,2026-09-07,customer service parttime,nee,https://nl.linkedin.com/jobs/view/retail-sales-assistant-10-hrs-week-at-levi-strauss-co-4462955114,https://www.linkedin.com/company/levi-strauss-&amp;-co-,4462955114
Lidl Nederland,Supply chain medewerker Almere (32-40 uur).,Almere,2026-09-22,supply chain medewerker webshop,nee,https://nl.linkedin.com/jobs/view/supply-chain-medewerker-almere-32-40-uur-at-lidl-nederland-4470407610,https://nl.linkedin.com/company/lidl-nederland,4470407610
Lightexpert.nl,Productmanager Verlichting,Eindhoven,2026-09-21,product owner webshop,nee,https://nl.linkedin.com/jobs/view/productmanager-verlichting-at-lightexpert-nl-4458713665,https://nl.linkedin.com/company/lightexpert-nl,4458713665
Lightspeed Commerce,Key Account Manager (Amsterdam),Amsterdam,2026-09-11,customer succes,nee,https://nl.linkedin.com/jobs/view/key-account-manager-amsterdam-at-lightspeed-commerce-4426882090,https://ca.linkedin.com/company/lightspeedcommerce,4426882090
Lightspeed Commerce,Dutch speaking Support Specialist,Amsterdam,2026-09-17,after sales medewerker,nee,https://nl.linkedin.com/jobs/view/dutch-speaking-support-specialist-at-lightspeed-commerce-4466277327,https://ca.linkedin.com/company/lightspeedcommerce,4466277327
Lightspeed Commerce,Dutch speaking Support Specialist,Nederland,2026-09-17,after sales medewerker,nee,https://nl.linkedin.com/jobs/view/dutch-speaking-support-specialist-at-lightspeed-commerce-4466286264,https://ca.linkedin.com/company/lightspeedcommerce,4466286264
Lightspeed Commerce,German speaking Support Specialist,Amsterdam,2026-09-17,klantsupport,nee,https://nl.linkedin.com/jobs/view/german-speaking-support-specialist-at-lightspeed-commerce-4466287187,https://ca.linkedin.com/company/lightspeedcommerce,4466287187
Lightspeed Commerce,German speaking Support Specialist,Nederland,2026-09-17,klantsupport,nee,https://nl.linkedin.com/jobs/view/german-speaking-support-specialist-at-lightspeed-commerce-4466293064,https://ca.linkedin.com/company/lightspeedcommerce,4466293064
Linde Europe,Allround Magazijn Medewerker (m/v/x),Schiedam,2026-09-18,fulfilment medewerker,nee,https://nl.linkedin.com/jobs/view/allround-magazijn-medewerker-m-v-x-at-linde-europe-4469125219,https://de.linkedin.com/company/linde-europe,4469125219
Linkedtalent,Medewerker Klantenservice,Zwolle,2026-07-19,after sales medewerker,nee,https://nl.linkedin.com/jobs/view/medewerker-klantenservice-at-linkedtalent-4450800683,https://nl.linkedin.com/company/linkedtalent,4450800683
Linkedtalent,Coördinator Commerciële Binnendienst,Zwartewaterland,2026-07-19,medewerker verkoop binnendienst webshop,nee,https://nl.linkedin.com/jobs/view/co%C3%B6rdinator-commerci%C3%ABle-binnendienst-at-linkedtalent-4450800680,https://nl.linkedin.com/company/linkedtalent,4450800680
Linkedtalent,Medewerker Sales Support,Zwolle,2026-07-31,after sales medewerker,nee,https://nl.linkedin.com/jobs/view/medewerker-sales-support-at-linkedtalent-4456944637,https://nl.linkedin.com/company/linkedtalent,4456944637
Linkedtalent,MEDEWERKER KLANTENSERVICE VERKOOP,Zwolle,2026-07-31,after sales medewerker,nee,https://nl.linkedin.com/jobs/view/medewerker-klantenservice-verkoop-at-linkedtalent-4456932867,https://nl.linkedin.com/company/linkedtalent,4456932867
Linkedtalent,Marketeer Reclamebedrijf,Zwolle,2026-07-31,social media medewerker webshop,nee,https://nl.linkedin.com/jobs/view/marketeer-reclamebedrijf-at-linkedtalent-4456942793,https://nl.linkedin.com/company/linkedtalent,4456942793
Linkedtalent,Supply Chain Productieplanner,Zwartewaterland,2026-07-31,supply chain medewerker webshop,nee,https://nl.linkedin.com/jobs/view/supply-chain-productieplanner-at-linkedtalent-4456924962,https://nl.linkedin.com/company/linkedtalent,4456924962
Linkedtalent,Logistiek Medewerker – Verkoper,Genemuiden,2026-07-31,supply chain medewerker webshop,nee,https://nl.linkedin.com/jobs/view/logistiek-medewerker-%E2%80%93-verkoper-at-linkedtalent-4456920875,https://nl.linkedin.com/company/linkedtalent,4456920875
Linkedtalent,Productieplanner,Zwartewaterland,2026-07-31,supply chain medewerker webshop,nee,https://nl.linkedin.com/jobs/view/productieplanner-at-linkedtalent-4456940792,https://nl.linkedin.com/company/linkedtalent,4456940792
Linkedtalent,LOGISTIEK MEDEWERKER MET VERKOOPTALENT,Zwolle,2026-07-31,supply chain medewerker webshop,nee,https://nl.linkedin.com/jobs/view/logistiek-medewerker-met-verkooptalent-at-linkedtalent-4456924964,https://nl.linkedin.com/company/linkedtalent,4456924964
Linkedtalent,Commercieel Medewerker Binnendienst,Zwolle,2026-07-31,medewerker verkoop binnendienst webshop,nee,https://nl.linkedin.com/jobs/view/commercieel-medewerker-binnendienst-at-linkedtalent-4456927878,https://nl.linkedin.com/company/linkedtalent,4456927878
Linkedtalent,Medewerker Inside Sales,Zwartewaterland,2026-07-31,medewerker verkoop binnendienst webshop,nee,https://nl.linkedin.com/jobs/view/medewerker-inside-sales-at-linkedtalent-4456931919,https://nl.linkedin.com/company/linkedtalent,4456931919
Linkedtalent,Orderpicker,Zwartewaterland,2026-08-11,supply chain medewerker webshop,nee,https://nl.linkedin.com/jobs/view/orderpicker-at-linkedtalent-4456942791,https://nl.linkedin.com/company/linkedtalent,4456942791
Linkedtalent,Orderpicker Genemuiden,Genemuiden,2026-08-13,supply chain medewerker webshop,nee,https://nl.linkedin.com/jobs/view/orderpicker-genemuiden-at-linkedtalent-4450488204,https://nl.linkedin.com/company/linkedtalent,4450488204
Linkedtalent,Junior Supply Chain Planner,Prinsenbeek,2026-08-14,supply chain medewerker webshop,nee,https://nl.linkedin.com/jobs/view/junior-supply-chain-planner-at-linkedtalent-4456935844,https://nl.linkedin.com/company/linkedtalent,4456935844
Linkedtalent,Customer Order Specialist,Etten-Leur,2026-08-14,supply chain medewerker webshop,nee,https://nl.linkedin.com/jobs/view/customer-order-specialist-at-linkedtalent-4456943823,https://nl.linkedin.com/company/linkedtalent,4456943823
Linkedtalent,Medewerker Inside Sales,Dronten,2026-08-15,conversie specialist,nee,https://nl.linkedin.com/jobs/view/medewerker-inside-sales-at-linkedtalent-4464148228,https://nl.linkedin.com/company/linkedtalent,4464148228
Linkedtalent,Commerciële Binnendienst Vloeren,Genemuiden,2026-08-15,medewerker verkoop binnendienst webshop,nee,https://nl.linkedin.com/jobs/view/commerci%C3%ABle-binnendienst-vloeren-at-linkedtalent-4464128909,https://nl.linkedin.com/company/linkedtalent,4464128909
Linkedtalent,Coördinator Commerciële Binnendienst,Zwartewaterland,2026-08-21,medewerker verkoop binnendienst webshop,nee,https://nl.linkedin.com/jobs/view/co%C3%B6rdinator-commerci%C3%ABle-binnendienst-at-linkedtalent-4464129530,https://nl.linkedin.com/company/linkedtalent,4464129530
Linkedtalent,Communicatiemedewerker,Utrecht,2026-08-28,social media medewerker webshop,nee,https://nl.linkedin.com/jobs/view/communicatiemedewerker-at-linkedtalent-4458454027,https://nl.linkedin.com/company/linkedtalent,4458454027
Little Dutch,Digitaal ontwerper,Berkel en Rodenrijs,2026-09-08,inkoper webshop,nee,https://nl.linkedin.com/jobs/view/digitaal-ontwerper-at-little-dutch-4463258174,https://nl.linkedin.com/company/littledutch,4463258174
LKQ Netherlands,Supportmedewerker,Heerlen,2026-09-11,after sales medewerker,nee,https://nl.linkedin.com/jobs/view/supportmedewerker-at-lkq-netherlands-4466348327,https://nl.linkedin.com/company/lkqnetherlands,4466348327
Local Taste,Community &amp; Support Medewerker,Breda,2026-09-16,social media medewerker webshop,nee,https://nl.linkedin.com/jobs/view/community-support-medewerker-at-local-taste-4467988723,https://nl.linkedin.com/company/localtastenl,4467988723
LocalClicks | Online Marketingbureau,Webdeveloper,Almere,2026-08-28,inkoper webshop,nee,https://nl.linkedin.com/jobs/view/webdeveloper-at-localclicks-online-marketingbureau-4458952268,https://nl.linkedin.com/company/localclicksnl,4458952268
LogicMonitor,Sr. AI Growth Strategist,Amsterdam,2026-09-18,customer succes,nee,https://nl.linkedin.com/jobs/view/sr-ai-growth-strategist-at-logicmonitor-4466695735,https://www.linkedin.com/company/logicmonitor,4466695735
Logisnext Europe,IT Servicedesk Automation Specialist,Enschede,2026-09-09,servicedesk medewerker webshop,nee,https://nl.linkedin.com/jobs/view/it-servicedesk-automation-specialist-at-logisnext-europe-4465073153,https://nl.linkedin.com/company/logisnext-europe,4465073153
Logitech,Global Digital Innovation Manager,Utrecht,2026-09-09,product owner webshop,nee,https://nl.linkedin.com/jobs/view/global-digital-innovation-manager-at-logitech-4445713441,https://www.linkedin.com/company/logitech,4445713441
Loket,Supportdesk Medewerker Loket,"Noord-Brabant, Nederland",2026-09-09,servicedesk medewerker webshop,nee,https://nl.linkedin.com/jobs/view/supportdesk-medewerker-loket-at-loket-4463019514,https://nl.linkedin.com/company/loket-nl,4463019514
Lonza,Logistics Associate – Warehouse,Geleen,2026-09-11,fulfilment medewerker,nee,https://nl.linkedin.com/jobs/view/logistics-associate-%E2%80%93-warehouse-at-lonza-4447144770,https://ch.linkedin.com/company/lonza,4447144770
Loods 5,Magazijnmedewerker / Logistiek medewerker - Loods 5 Halfweg,Halfweg,2026-07-21,supply chain medewerker webshop,nee,https://nl.linkedin.com/jobs/view/magazijnmedewerker-logistiek-medewerker-loods-5-halfweg-at-loods-5-4440412118,https://nl.linkedin.com/company/loods-5,4440412118
Loopper.com,Sales Binnendienst / Junior Accountmanager,Amsterdam,2026-09-16,medewerker verkoop binnendienst webshop,nee,https://nl.linkedin.com/jobs/view/sales-binnendienst-junior-accountmanager-at-loopper-com-4468204148,https://nl.linkedin.com/company/loopper,4468204148
LouwersHanique,Magazijn Medewerker,Hapert,2026-08-28,fulfilment medewerker,nee,https://nl.linkedin.com/jobs/view/magazijn-medewerker-at-louwershanique-4458420714,https://nl.linkedin.com/company/louwershanique,4458420714
Loyal Interim,Conversiespecialist,Leiden,2026-09-18,conversie specialist,nee,https://nl.linkedin.com/jobs/view/conversiespecialist-at-loyal-interim-4467856129,https://nl.linkedin.com/company/loyal-interim-b.v.,4467856129
Lucardi Juwelier,Social Growth Marketeer 38 uur | Hoofdkantoor Den Haag,Den Haag,2026-07-10,social media medewerker webshop,nee,https://nl.linkedin.com/jobs/view/social-growth-marketeer-38-uur-hoofdkantoor-den-haag-at-lucardi-juwelier-4435932394,https://nl.linkedin.com/company/lucardi-juwelier,4435932394
Lucid Motors,Customer Care Representative – German Speaking,Amsterdam,2026-07-13,klantsupport,nee,https://nl.linkedin.com/jobs/view/customer-care-representative-%E2%80%93-german-speaking-at-lucid-motors-4439415412,https://www.linkedin.com/company/lucidmotors,4439415412
Lumiforte,Specialist digitale marketing,Baarle-Nassau,2026-09-22,email marketeer webshop,nee,https://nl.linkedin.com/jobs/view/specialist-digitale-marketing-at-lumiforte-4470279677,https://nl.linkedin.com/company/lumiforte,4470279677
LUMZ,Commercieel medewerker binnendienst,IJsselstein,2026-07-10,medewerker verkoop binnendienst webshop,nee,https://nl.linkedin.com/jobs/view/commercieel-medewerker-binnendienst-at-lumz-4439023555,https://nl.linkedin.com/company/lumz-bv,4439023555
Lupo Recruitment,Supply Chain Planner,Leusden,2026-08-27,supply chain medewerker webshop,nee,https://nl.linkedin.com/jobs/view/supply-chain-planner-at-lupo-recruitment-4459686179,https://nl.linkedin.com/company/lupo-recruitment,4459686179
Lupo Recruitment,Customer Service Medewerker,Huizen,2026-09-21,supply chain medewerker webshop,nee,https://nl.linkedin.com/jobs/view/customer-service-medewerker-at-lupo-recruitment-4469892301,https://nl.linkedin.com/company/lupo-recruitment,4469892301
Luscii - an OMRON Healthcare service,2nd Line Support Specialist,Nederland,2026-08-21,after sales medewerker,nee,https://nl.linkedin.com/jobs/view/2nd-line-support-specialist-at-luscii-an-omron-healthcare-service-4457302113,https://nl.linkedin.com/company/luscii,4457302113
Luvion Premium Babyproducts,Stock &amp; Buying Coordinator,Delft,2026-09-09,supply chain medewerker webshop,nee,https://nl.linkedin.com/jobs/view/stock-buying-coordinator-at-luvion-premium-babyproducts-4453569939,https://nl.linkedin.com/company/luvion-premium-babyproducts,4453569939
LYNX Beleggen,Trading Support Representative (Finnish Speaking),Amsterdam,2026-08-28,klantsupport,nee,https://nl.linkedin.com/jobs/view/trading-support-representative-finnish-speaking-at-lynx-beleggen-4458990751,https://nl.linkedin.com/company/lynx,4458990751
Lyreco Group,Customer Service Medewerker,Sliedrecht,2026-09-17,after sales medewerker,nee,https://nl.linkedin.com/jobs/view/customer-service-medewerker-at-lyreco-group-4468685349,https://fr.linkedin.com/company/lyreco-group,4468685349
MADA Connect,Medewerker verkoopondersteuning,Voorhout,2026-09-10,medewerker verkoop binnendienst webshop,nee,https://nl.linkedin.com/jobs/view/medewerker-verkoopondersteuning-at-mada-connect-4465805056,https://nl.linkedin.com/company/mada-connect,4465805056
MAG45,Senior Warehouse Employee,Eindhoven,2026-09-11,fulfilment medewerker,nee,https://nl.linkedin.com/jobs/view/senior-warehouse-employee-at-mag45-4464869794,https://nl.linkedin.com/company/mag45,4464869794
Magnet.me,Customer Success Manager,Rotterdam,2026-09-08,customer succes,nee,https://nl.linkedin.com/jobs/view/customer-success-manager-at-magnet-me-4464481159,https://nl.linkedin.com/company/magnet-me,4464481159
Maiburg,Online Performance Marketeer,Waalwijk,2026-08-26,email marketeer webshop,nee,https://nl.linkedin.com/jobs/view/online-performance-marketeer-at-maiburg-4459308136,https://nl.linkedin.com/company/maiburg,4459308136
mail.de,eine(n) Mitarbeiter(in) (m/w/d) für den deutschsprachigen Kunden-Support,s-Hertogenbosch Area,2026-08-01,servicedesk medewerker webshop,nee,https://nl.linkedin.com/jobs/view/eine-n-mitarbeiter-in-m-w-d-f%C3%BCr-den-deutschsprachigen-kunden-support-at-mail-de-4447496884,https://de.linkedin.com/company/mailde,4447496884
Mainfreight,Operational Account Manager,Tilburg,2026-09-13,customer succes,nee,https://nl.linkedin.com/jobs/view/operational-account-manager-at-mainfreight-europe-4465490351,https://nl.linkedin.com/company/mainfreight-europe,4465490351
Mainfreight,Operational Account Manager Benelux,'s-Heerenberg,2026-09-13,customer succes,nee,https://nl.linkedin.com/jobs/view/operational-account-manager-benelux-at-mainfreight-europe-4465702273,https://nl.linkedin.com/company/mainfreight-europe,4465702273
Make Marketing Magic,B2B Online marketeer,Amsterdam,2026-09-22,email marketeer webshop,nee,https://nl.linkedin.com/jobs/view/b2b-online-marketeer-at-make-marketing-magic-4470486951,https://nl.linkedin.com/company/make-marketing-magic,4470486951
Make Marketing Magic,HubSpot Specialist,Amsterdam,2026-09-22,email marketeer webshop,nee,https://nl.linkedin.com/jobs/view/hubspot-specialist-at-make-marketing-magic-4470602165,https://nl.linkedin.com/company/make-marketing-magic,4470602165
Makker Hoortoestellen,Frontoffice Medewerker,Soest,2025-09-18,servicedesk medewerker webshop,nee,https://nl.linkedin.com/jobs/view/frontoffice-medewerker-at-makker-hoortoestellen-4302434073,https://nl.linkedin.com/company/makker-hoortoestellen,4302434073
MAM Benelux,Marketing and Consumer Coordinator,Amsterdam Area,2026-09-17,social media medewerker webshop,nee,https://nl.linkedin.com/jobs/view/marketing-and-consumer-coordinator-at-mam-benelux-4468386834,https://www.linkedin.com/company/mam-baby-benelux,4468386834
MANN+HUMMEL,S&amp;M IAM Customer Service,Nieuwegein,2026-06-23,klantsupport,nee,https://nl.linkedin.com/jobs/view/s-m-iam-customer-service-at-mann%2Bhummel-4430433324,https://de.linkedin.com/company/mannhummel,4430433324
Mantel,Service Adviseur Fietstechniek,Arnhem,2026-08-15,customer service parttime,nee,https://nl.linkedin.com/jobs/view/service-adviseur-fietstechniek-at-mantel-4465020193,https://nl.linkedin.com/company/mantel-com,4465020193
Manuel,Customer Success Manager — installatiebranche,Winterswijk,2026-09-22,customer succes,nee,https://nl.linkedin.com/jobs/view/customer-success-manager-%E2%80%94-installatiebranche-at-manuel-4470410163,https://nl.linkedin.com/company/manuelai,4470410163
MARC INBANE® Official,E-commerce Manager,Tilburg,2026-08-24,inkoper webshop,nee,https://nl.linkedin.com/jobs/view/e-commerce-manager-at-marc-inbane-b-v-4456893823,https://nl.linkedin.com/company/marc-inbane-b-v-,4456893823
Marie-Stella-Maris (B Corp),E-commerce Specialist,Amsterdam,2026-09-09,email marketeer webshop,nee,https://nl.linkedin.com/jobs/view/e-commerce-specialist-at-marie-stella-maris-b-corp-4465099318,https://nl.linkedin.com/company/marie-stella-maris,4465099318
Marktplaats,Principal Product Manager - SMBs,Amsterdam,2026-09-02,product owner webshop,nee,https://nl.linkedin.com/jobs/view/principal-product-manager-smbs-at-marktplaats-4443110972,https://nl.linkedin.com/company/marktplaats-nl,4443110972
Mastermate,E-commerce Manager,Apeldoorn,2026-07-29,product owner webshop,nee,https://nl.linkedin.com/jobs/view/e-commerce-manager-at-mastermate-4446581501,https://nl.linkedin.com/company/mastermate,4446581501
MatchWornShirt,Shirts Operations Specialist,Zaandam,2026-08-18,inkoper webshop,nee,https://nl.linkedin.com/jobs/view/shirts-operations-specialist-at-matchwornshirt-4459809277,https://nl.linkedin.com/company/match-worn-shirt,4459809277
MatchWornShirt,Senior CRM Specialist,Amsterdam,2026-09-21,email marketeer webshop,nee,https://nl.linkedin.com/jobs/view/senior-crm-specialist-at-matchwornshirt-4469896849,https://nl.linkedin.com/company/match-worn-shirt,4469896849
Matt Sleeps,E-commerce &amp; CRO specialist,Amsterdam,2026-05-29,email marketeer webshop,ja,https://nl.linkedin.com/jobs/view/e-commerce-cro-specialist-at-matt-sleeps-4420925045,https://nl.linkedin.com/company/matt-sleeps,4420925045
Matt Sleeps,Designer,Amsterdam,2026-05-29,email marketeer webshop,ja,https://nl.linkedin.com/jobs/view/designer-at-matt-sleeps-4420928047,https://nl.linkedin.com/company/matt-sleeps,4420928047
Matt Sleeps,Creative Content Manager,Amsterdam,2026-05-29,social media medewerker webshop,ja,https://nl.linkedin.com/jobs/view/creative-content-manager-at-matt-sleeps-4420919180,https://nl.linkedin.com/company/matt-sleeps,4420919180
Matt Sleeps,AI performance marketeer,Amsterdam,2026-06-03,email marketeer webshop,ja,https://nl.linkedin.com/jobs/view/ai-performance-marketeer-at-matt-sleeps-4422987876,https://nl.linkedin.com/company/matt-sleeps,4422987876
Matt Sleeps,Senior Customer Support Agent,Amsterdam,2026-07-23,after sales medewerker,ja,https://nl.linkedin.com/jobs/view/senior-customer-support-agent-at-matt-sleeps-4444459103,https://nl.linkedin.com/company/matt-sleeps,4444459103
Maven Securities,Campus Recruitment &amp; HR Specialist,Amsterdam,2026-08-21,conversie specialist,nee,https://nl.linkedin.com/jobs/view/campus-recruitment-hr-specialist-at-maven-securities-4456251560,https://uk.linkedin.com/company/maven-securities,4456251560
Maxxton B.V.,Product Manager,Amsterdam Area,2026-08-04,product owner webshop,nee,https://nl.linkedin.com/jobs/view/product-manager-at-maxxton-b-v-4449040213,https://www.linkedin.com/company/maxxton-b.v.,4449040213
McFly &amp; Brown,Inkoper,"Flevoland, Nederland",2026-09-10,supply chain medewerker webshop,nee,https://nl.linkedin.com/jobs/view/inkoper-at-mcfly-brown-4463466637,https://nl.linkedin.com/company/mcfly-&amp;-brown,4463466637
MCI,Remote Customer Service Agent,Middelburg,2025-10-27,klantsupport,nee,https://nl.linkedin.com/jobs/view/remote-customer-service-agent-at-mci-4318059417,https://www.linkedin.com/company/mci-bpo,4318059417
MCI,Remote Customer Service Agent,Middelburg,2025-10-27,klantsupport,nee,https://nl.linkedin.com/jobs/view/remote-customer-service-agent-at-mci-4318048446,https://www.linkedin.com/company/mci-bpo,4318048446
MCI,Remote Customer Service Agent,Middelburg,2025-10-27,klantsupport,nee,https://nl.linkedin.com/jobs/view/remote-customer-service-agent-at-mci-4318053390,https://www.linkedin.com/company/mci-bpo,4318053390
MCI,Remote Call Center Representative,Middelburg,2025-10-27,conversie specialist,nee,https://nl.linkedin.com/jobs/view/remote-call-center-representative-at-mci-4318058361,https://www.linkedin.com/company/mci-bpo,4318058361
MCI,Remote Call Center Representative,Middelburg,2025-10-27,conversie specialist,nee,https://nl.linkedin.com/jobs/view/remote-call-center-representative-at-mci-4318065357,https://www.linkedin.com/company/mci-bpo,4318065357
MCI,Remote Customer Service Agent,Middelburg,2025-10-31,klantsupport,nee,https://nl.linkedin.com/jobs/view/remote-customer-service-agent-at-mci-4331761143,https://www.linkedin.com/company/mci-bpo,4331761143
MCI,Remote Customer Service Agent,Middelburg,2025-10-31,klantsupport,nee,https://nl.linkedin.com/jobs/view/remote-customer-service-agent-at-mci-4331746962,https://www.linkedin.com/company/mci-bpo,4331746962
MCI,Remote Call Center Representative,Middelburg,2025-10-31,conversie specialist,nee,https://nl.linkedin.com/jobs/view/remote-call-center-representative-at-mci-4331757234,https://www.linkedin.com/company/mci-bpo,4331757234
MCI,Remote Call Center Representative,Middelburg,2025-10-31,conversie specialist,nee,https://nl.linkedin.com/jobs/view/remote-call-center-representative-at-mci-4331760167,https://www.linkedin.com/company/mci-bpo,4331760167
Media Vacatures,Multi Ratio: Marketingmedewerker,Zutphen,2026-02-23,social media medewerker webshop,nee,https://nl.linkedin.com/jobs/view/multi-ratio-marketingmedewerker-at-media-vacatures-4377014816,https://nl.linkedin.com/company/mediavacatures,4377014816
Media Vacatures,EO socials: Contentmaker,Zutphen,2026-02-26,social media medewerker webshop,nee,https://nl.linkedin.com/jobs/view/eo-socials-contentmaker-at-media-vacatures-4378633432,https://nl.linkedin.com/company/mediavacatures,4378633432
MediaMarkt Benelux,Social Advertising Specialist,Rotterdam,2026-09-10,social media medewerker webshop,nee,https://nl.linkedin.com/jobs/view/social-advertising-specialist-at-mediamarkt-benelux-4444134982,https://nl.linkedin.com/company/mediamarkt-benelux,4444134982
MediaMarkt Benelux,Customer Solution Expert,Rotterdam,2026-09-15,after sales medewerker,nee,https://nl.linkedin.com/jobs/view/customer-solution-expert-at-mediamarkt-benelux-4456517815,https://nl.linkedin.com/company/mediamarkt-benelux,4456517815
MediaMarkt Benelux,Customer Care Specialist Marketplace,Rotterdam,2026-09-17,after sales medewerker,nee,https://nl.linkedin.com/jobs/view/customer-care-specialist-marketplace-at-mediamarkt-benelux-4448057233,https://nl.linkedin.com/company/mediamarkt-benelux,4448057233
MediaMarkt Nederland,Winkelmedewerker Kassa &amp; Service Almere,Almere,2026-09-04,customer service parttime,nee,https://nl.linkedin.com/jobs/view/winkelmedewerker-kassa-service-almere-at-mediamarkt-nederland-4461168880,https://nl.linkedin.com/company/media-markt-saturn-nederland,4461168880
MediaMarkt Nederland,Reparatie &amp; Servicemedewerker Elektronica Breda,Breda,2026-09-08,servicedesk medewerker webshop,nee,https://nl.linkedin.com/jobs/view/reparatie-servicemedewerker-elektronica-breda-at-mediamarkt-nederland-4462292808,https://nl.linkedin.com/company/media-markt-saturn-nederland,4462292808
MediaMarkt Nederland,Winkelmedewerker Kassa &amp; Service Amsterdam West,Amsterdam,2026-09-08,servicedesk medewerker webshop,nee,https://nl.linkedin.com/jobs/view/winkelmedewerker-kassa-service-amsterdam-west-at-mediamarkt-nederland-4452272479,https://nl.linkedin.com/company/media-markt-saturn-nederland,4452272479
MediaMarkt Nederland,Winkelmedewerker Kassa &amp; Service Breda,Breda,2026-09-10,servicedesk medewerker webshop,nee,https://nl.linkedin.com/jobs/view/winkelmedewerker-kassa-service-breda-at-mediamarkt-nederland-4453475197,https://nl.linkedin.com/company/media-markt-saturn-nederland,4453475197
MediaMarkt Nederland,Winkelmedewerker Kassa &amp; Service Middelburg,Middelburg,2026-09-10,servicedesk medewerker webshop,nee,https://nl.linkedin.com/jobs/view/winkelmedewerker-kassa-service-middelburg-at-mediamarkt-nederland-4444141808,https://nl.linkedin.com/company/media-markt-saturn-nederland,4444141808
MediaMarkt Nederland,Winkelmedewerker Kassa &amp; Service Amersfoort,Amersfoort,2026-09-10,servicedesk medewerker webshop,nee,https://nl.linkedin.com/jobs/view/winkelmedewerker-kassa-service-amersfoort-at-mediamarkt-nederland-4434536086,https://nl.linkedin.com/company/media-markt-saturn-nederland,4434536086
MediaMarkt Nederland,Winkelmedewerker Kassa &amp; Service Hoofddorp,Hoofddorp,2026-09-11,customer service parttime,nee,https://nl.linkedin.com/jobs/view/winkelmedewerker-kassa-service-hoofddorp-at-mediamarkt-nederland-4464233213,https://nl.linkedin.com/company/media-markt-saturn-nederland,4464233213
MediaMarkt Nederland,Winkelmedewerker Kassa &amp; Service Bergen op Zoom,Bergen op Zoom,2026-09-16,customer service parttime,nee,https://nl.linkedin.com/jobs/view/winkelmedewerker-kassa-service-bergen-op-zoom-at-mediamarkt-nederland-4445886592,https://nl.linkedin.com/company/media-markt-saturn-nederland,4445886592
MediaMarkt Nederland,Winkelmedewerker Kassa &amp; Service Tilburg,Tilburg,2026-09-19,customer service parttime,nee,https://nl.linkedin.com/jobs/view/winkelmedewerker-kassa-service-tilburg-at-mediamarkt-nederland-4448794937,https://nl.linkedin.com/company/media-markt-saturn-nederland,4448794937
MediaMarkt Nederland,Winkelmedewerker Kassa &amp; Service Nijmegen,Nijmegen,2026-09-22,customer service parttime,nee,https://nl.linkedin.com/jobs/view/winkelmedewerker-kassa-service-nijmegen-at-mediamarkt-nederland-4458889825,https://nl.linkedin.com/company/media-markt-saturn-nederland,4458889825
MediaMarkt Nederland,Winkelmedewerker Kassa &amp; Service Venlo,Venlo,2026-09-22,customer service parttime,nee,https://nl.linkedin.com/jobs/view/winkelmedewerker-kassa-service-venlo-at-mediamarkt-nederland-4459227138,https://nl.linkedin.com/company/media-markt-saturn-nederland,4459227138
MediaMarkt Nederland,Winkelmedewerker Kassa &amp; Service Utrecht The Wall,Utrecht,2026-09-22,customer service parttime,nee,https://nl.linkedin.com/jobs/view/winkelmedewerker-kassa-service-utrecht-the-wall-at-mediamarkt-nederland-4458881942,https://nl.linkedin.com/company/media-markt-saturn-nederland,4458881942
MediaMarkt Nederland,Winkelmedewerker Kassa &amp; Service Amsterdam Arena,Amsterdam,2026-09-23,customer service parttime,nee,https://nl.linkedin.com/jobs/view/winkelmedewerker-kassa-service-amsterdam-arena-at-mediamarkt-nederland-4449860607,https://nl.linkedin.com/company/media-markt-saturn-nederland,4449860607
MediaMarkt Nederland,Winkelmedewerker Kassa &amp; Service Nieuwegein,Nieuwegein,2026-09-23,customer service parttime,nee,https://nl.linkedin.com/jobs/view/winkelmedewerker-kassa-service-nieuwegein-at-mediamarkt-nederland-4449563242,https://nl.linkedin.com/company/media-markt-saturn-nederland,4449563242
Medipoint,Magazijnmedewerker Goederenontvangst,Amsterdam,2026-06-12,fulfilment medewerker,nee,https://nl.linkedin.com/jobs/view/magazijnmedewerker-goederenontvangst-at-medipoint-4427932594,https://nl.linkedin.com/company/medipoint,4427932594
Medipoint,Logistiek medewerker,Amsterdam,2026-08-31,fulfilment medewerker,nee,https://nl.linkedin.com/jobs/view/logistiek-medewerker-at-medipoint-4461208529,https://nl.linkedin.com/company/medipoint,4461208529
Mediq Nederland,Logistiek Medewerker Goederenontvangst,Bleiswijk,2026-09-05,fulfilment medewerker,nee,https://nl.linkedin.com/jobs/view/logistiek-medewerker-goederenontvangst-at-mediq-nederland-4436718213,https://nl.linkedin.com/company/mediq-nv,4436718213
Mediq Nederland,Medewerker Customer Care - afdeling Special Care,De Meern,2026-09-12,after sales medewerker,nee,https://nl.linkedin.com/jobs/view/medewerker-customer-care-afdeling-special-care-at-mediq-nederland-4446908808,https://nl.linkedin.com/company/mediq-nv,4446908808
Mediq Nederland,Customer Care Specialist,Utrecht,2026-09-14,after sales medewerker,nee,https://nl.linkedin.com/jobs/view/customer-care-specialist-at-mediq-nederland-4446917798,https://nl.linkedin.com/company/mediq-nv,4446917798
Mediq Nederland,Customer Care Medewerker Klanttevredenheid,De Meern,2026-09-16,customer service parttime,nee,https://nl.linkedin.com/jobs/view/customer-care-medewerker-klanttevredenheid-at-mediq-nederland-4350885827,https://nl.linkedin.com/company/mediq-nv,4350885827
Medtronic,Customer Care Representative - Service &amp; Repair,Heerlen,2026-08-26,after sales medewerker,nee,https://nl.linkedin.com/jobs/view/customer-care-representative-service-repair-at-medtronic-4459331258,https://www.linkedin.com/company/medtronic,4459331258
Medtronic,"Patient Services Representative Dutch, German and English",Heerlen,2026-08-27,after sales medewerker,nee,https://nl.linkedin.com/jobs/view/patient-services-representative-dutch-german-and-english-at-medtronic-4458321507,https://www.linkedin.com/company/medtronic,4458321507
Medtronic,Customer Care Representative with Dutch language,Heerlen,2026-09-08,after sales medewerker,nee,https://nl.linkedin.com/jobs/view/customer-care-representative-with-dutch-language-at-medtronic-4464347358,https://www.linkedin.com/company/medtronic,4464347358
Medtronic,Customer Care Representative – Service &amp; Repair - English Speaker,Heerlen,2026-09-09,after sales medewerker,nee,https://nl.linkedin.com/jobs/view/customer-care-representative-%E2%80%93-service-repair-english-speaker-at-medtronic-4464665528,https://www.linkedin.com/company/medtronic,4464665528
Medtronic,Material handler / Magazijn beheerder,Geleen,2026-09-14,fulfilment medewerker,nee,https://nl.linkedin.com/jobs/view/material-handler-magazijn-beheerder-at-medtronic-4467019073,https://www.linkedin.com/company/medtronic,4467019073
Medux,Stage content en social media,Utrecht,2026-09-16,social media medewerker webshop,nee,https://nl.linkedin.com/jobs/view/stage-content-en-social-media-at-medux-4458222500,https://www.linkedin.com/company/medux,4458222500
Medux,BBL Stage content en social media,Utrecht,2026-09-16,social media medewerker webshop,nee,https://nl.linkedin.com/jobs/view/bbl-stage-content-en-social-media-at-medux-4458216543,https://www.linkedin.com/company/medux,4458216543
MegaGroup,Warehouse Employee,Veghel,2026-09-07,fulfilment medewerker,nee,https://nl.linkedin.com/jobs/view/warehouse-employee-at-megagroup-4462935158,https://nl.linkedin.com/company/megagroup,4462935158
Megawatt,Social Creative,Eindhoven,2026-07-17,social media medewerker webshop,nee,https://nl.linkedin.com/jobs/view/social-creative-at-megawatt-4441340566,https://nl.linkedin.com/company/megawatt,4441340566
Megawatt Advertising &amp; Fieldmarketing,Social Creative,Eindhoven,2026-09-02,social media medewerker webshop,nee,https://nl.linkedin.com/jobs/view/social-creative-at-megawatt-advertising-fieldmarketing-4462160651,https://www.linkedin.com/company/megawatt-advertising-&amp;-fieldmarketing,4462160651
Meltwater,Customer Success Manager,Amsterdam Area,2026-09-01,customer succes,nee,https://nl.linkedin.com/jobs/view/customer-success-manager-at-meltwater-4460672135,https://www.linkedin.com/company/meltwater,4460672135
Mensink Schoenen,Stagiair(e) Online Marketing Mensink Schoenen en Sport,Denekamp,2026-09-06,social media medewerker webshop,nee,https://nl.linkedin.com/jobs/view/stagiair-e-online-marketing-mensink-schoenen-en-sport-at-mensink-schoenen-4461810514,https://www.linkedin.com/company/mensink-schoenen,4461810514
Mercell,Join our Customer Service teams!,Utrecht,2026-07-04,after sales medewerker,nee,https://nl.linkedin.com/jobs/view/join-our-customer-service-teams%21-at-mercell-4435706727,https://no.linkedin.com/company/mercell-group,4435706727
Metapic,Client Success Manager – Creator Marketing,Rotterdam,2026-09-18,customer succes,nee,https://nl.linkedin.com/jobs/view/client-success-manager-%E2%80%93-creator-marketing-at-metapic-4469151140,https://se.linkedin.com/company/metapic,4469151140
Metyis,Data Product Owner Lead,Amsterdam,2026-09-02,product owner webshop,nee,https://nl.linkedin.com/jobs/view/data-product-owner-lead-at-metyis-4405366729,https://ch.linkedin.com/company/metyis,4405366729
Micazu,Product Owner,Den Haag,2026-09-21,product owner webshop,nee,https://nl.linkedin.com/jobs/view/product-owner-at-micazu-4468216885,https://nl.linkedin.com/company/micazu,4468216885
Michael Page,Customer service medewerker,Rotterdam,2026-09-14,klantsupport,nee,https://nl.linkedin.com/jobs/view/customer-service-medewerker-at-michael-page-4466118500,https://uk.linkedin.com/company/michael-page,4466118500
Michael Page,Customer Service,Berkel en Rodenrijs,2026-09-14,klantsupport,nee,https://nl.linkedin.com/jobs/view/customer-service-at-michael-page-4466135337,https://uk.linkedin.com/company/michael-page,4466135337
Michael Page,Customer service medewerker,Rotterdam,2026-09-14,supply chain medewerker webshop,nee,https://nl.linkedin.com/jobs/view/customer-service-medewerker-at-michael-page-4465786609,https://uk.linkedin.com/company/michael-page,4465786609
Michael Page,Customer Service Medewerker,Rotterdam,2026-09-15,klantsupport,nee,https://nl.linkedin.com/jobs/view/customer-service-medewerker-at-michael-page-4466524462,https://uk.linkedin.com/company/michael-page,4466524462
Michael Page,IT Support Medewerker,Rotterdam,2026-09-15,servicedesk medewerker webshop,nee,https://nl.linkedin.com/jobs/view/it-support-medewerker-at-michael-page-4466526412,https://uk.linkedin.com/company/michael-page,4466526412
Michael Page,Logistiek Medewerker Magazijn,Rotterdam,2026-09-15,supply chain medewerker webshop,nee,https://nl.linkedin.com/jobs/view/logistiek-medewerker-magazijn-at-michael-page-4467786772,https://uk.linkedin.com/company/michael-page,4467786772
Michael Page,Customer Service medewerker,Zevenhuizen,2026-09-16,klantsupport,nee,https://nl.linkedin.com/jobs/view/customer-service-medewerker-at-michael-page-4466894967,https://uk.linkedin.com/company/michael-page,4466894967
Michael Page,Medewerker Bedrijfsbureau Logistiek (Ede / 36K-41K),Veenendaal,2026-09-16,supply chain medewerker webshop,nee,https://nl.linkedin.com/jobs/view/medewerker-bedrijfsbureau-logistiek-ede-36k-41k-at-michael-page-4466893999,https://uk.linkedin.com/company/michael-page,4466893999
Michael Page,Campagne Marketeer,Rotterdam,2026-09-17,email marketeer webshop,nee,https://nl.linkedin.com/jobs/view/campagne-marketeer-at-michael-page-4467809221,https://uk.linkedin.com/company/michael-page,4467809221
Michael Page,IT Support Medewerker,Rotterdam,2026-09-18,servicedesk medewerker webshop,nee,https://nl.linkedin.com/jobs/view/it-support-medewerker-at-michael-page-4468012927,https://uk.linkedin.com/company/michael-page,4468012927
Michael Page,Customer Service Logistics,Den Bosch,2026-09-20,supply chain medewerker webshop,nee,https://nl.linkedin.com/jobs/view/customer-service-logistics-at-michael-page-4468432369,https://uk.linkedin.com/company/michael-page,4468432369
Michael Page,Customer Service Medewerker,Eindhoven,2026-09-21,klantsupport,nee,https://nl.linkedin.com/jobs/view/customer-service-medewerker-at-michael-page-4469970674,https://uk.linkedin.com/company/michael-page,4469970674
Michael Page,Expeditie medewerker,Dordrecht,2026-09-21,supply chain medewerker webshop,nee,https://nl.linkedin.com/jobs/view/expeditie-medewerker-at-michael-page-4469982010,https://uk.linkedin.com/company/michael-page,4469982010
Michael Page,Customer service,Rotterdam,2026-09-22,klantsupport,nee,https://nl.linkedin.com/jobs/view/customer-service-at-michael-page-4469043893,https://uk.linkedin.com/company/michael-page,4469043893
Microsoft,Customer Success Account Manager - Education,Schiphol,2026-09-09,customer succes,nee,https://nl.linkedin.com/jobs/view/customer-success-account-manager-education-at-microsoft-4465047431,https://www.linkedin.com/company/microsoft,4465047431
Mijndomein,Customer Success Specialist,Almere,2026-08-31,after sales medewerker,nee,https://nl.linkedin.com/jobs/view/customer-success-specialist-at-mijndomein-4461083661,https://nl.linkedin.com/company/mijndomein,4461083661
Mila Health,Customer success lead,Amsterdam,2026-07-21,customer succes,nee,https://nl.linkedin.com/jobs/view/customer-success-lead-at-mila-health-4441009278,https://nl.linkedin.com/company/milahealth-co,4441009278
Mila Health,Marketing Intern,Amsterdam,2026-08-19,social media medewerker webshop,nee,https://nl.linkedin.com/jobs/view/marketing-intern-at-mila-health-4453475942,https://nl.linkedin.com/company/milahealth-co,4453475942
Mindray,Procurement &amp; Supply Chain Support Coordinator,Hoevelaken,2026-09-06,supply chain medewerker webshop,nee,https://nl.linkedin.com/jobs/view/procurement-supply-chain-support-coordinator-at-mindray-4450272131,https://cn.linkedin.com/company/mindray,4450272131
MiniMed,Patient Services Representative (Dutch and English),Heerlen,2026-09-04,after sales medewerker,nee,https://nl.linkedin.com/jobs/view/patient-services-representative-dutch-and-english-at-minimed-4462800776,https://www.linkedin.com/company/minimed-diabetes,4462800776
Ministerie van Defensie,Onderofficier Communication &amp; Engagement,Apeldoorn,2026-09-16,conversie specialist,nee,https://nl.linkedin.com/jobs/view/onderofficier-communication-engagement-at-ministerie-van-defensie-4303031265,https://nl.linkedin.com/company/ministerie-van-defensie,4303031265
Misset Uitgeverij,Stage E-mailmarketing &amp; Conversie,Doetinchem,2026-07-21,email marketeer webshop,nee,https://nl.linkedin.com/jobs/view/stage-e-mailmarketing-conversie-at-misset-uitgeverij-4442683706,https://nl.linkedin.com/company/misset-uitgeverij,4442683706
Mistral,"Customer Success, EMEA",Amsterdam,2026-09-21,customer succes,nee,https://nl.linkedin.com/jobs/view/customer-success-emea-at-mistral-4469896754,https://fr.linkedin.com/company/mistralai,4469896754
MK Digital,Commercieel Medewerker Binnendienst,Amsterdam Area,2026-09-17,medewerker verkoop binnendienst webshop,nee,https://nl.linkedin.com/jobs/view/commercieel-medewerker-binnendienst-at-mk-digital-4466631254,https://nl.linkedin.com/company/mkdigitalwervingenselectie,4466631254
MODINT,Marketing &amp; Communicatie Medewerker,Zeist,2026-09-10,social media medewerker webshop,nee,https://nl.linkedin.com/jobs/view/marketing-communicatie-medewerker-at-modint-4458172744,https://nl.linkedin.com/company/modint,4458172744
MOLANO,Magazijnmedewerker,Haarlem,2026-09-21,fulfilment medewerker,nee,https://nl.linkedin.com/jobs/view/magazijnmedewerker-at-molano-4469906009,https://nl.linkedin.com/company/molano,4469906009
Mollie,Technical Support Specialist,Maastricht,2026-09-11,servicedesk medewerker webshop,nee,https://nl.linkedin.com/jobs/view/technical-support-specialist-at-mollie-4456729735,https://nl.linkedin.com/company/mollie,4456729735
Mollie,Business Support Specialist - Dutch,Maastricht,2026-09-19,after sales medewerker,nee,https://nl.linkedin.com/jobs/view/business-support-specialist-dutch-at-mollie-4409407333,https://nl.linkedin.com/company/mollie,4409407333
Mollie,Customer Success Manager - Benelux,Amsterdam,2026-09-21,customer succes,nee,https://nl.linkedin.com/jobs/view/customer-success-manager-benelux-at-mollie-4469895606,https://nl.linkedin.com/company/mollie,4469895606
Momo Medical,Customer Support Specialist,Delft,2026-09-11,after sales medewerker,nee,https://nl.linkedin.com/jobs/view/customer-support-specialist-at-momo-medical-4464862454,https://nl.linkedin.com/company/momo-medical,4464862454
Monday Merch,Content Marketing Internship 2026 | Fast growing scale-up,Rotterdam,2026-06-10,social media medewerker webshop,nee,https://nl.linkedin.com/jobs/view/content-marketing-internship-2026-fast-growing-scale-up-at-monday-merch-4437111881,https://nl.linkedin.com/company/mondaymerch,4437111881
Monday Merch,Technical Lead - Merch Platform &amp; ERP - Fast Growing Scale Up,Rotterdam,2026-07-11,product owner webshop,nee,https://nl.linkedin.com/jobs/view/technical-lead-merch-platform-erp-fast-growing-scale-up-at-monday-merch-4449923388,https://nl.linkedin.com/company/mondaymerch,4449923388
Monday Merch,Warehouse Help | Picking &amp; Packing of Merchandise | Rotterdam,Rotterdam,2026-07-24,supply chain medewerker webshop,nee,https://nl.linkedin.com/jobs/view/warehouse-help-picking-packing-of-merchandise-rotterdam-at-monday-merch-4444921686,https://nl.linkedin.com/company/mondaymerch,4444921686
Monetate,Technical Customer Success Manager - EMEA,"Utrecht, Nederland",2026-09-18,customer succes,nee,https://nl.linkedin.com/jobs/view/technical-customer-success-manager-emea-at-monetate-4466924043,https://www.linkedin.com/company/monetate-,4466924043
MoneyMonk,Vacature Support Specialist,Utrecht,2026-06-25,after sales medewerker,nee,https://nl.linkedin.com/jobs/view/vacature-support-specialist-at-moneymonk-4432129542,https://nl.linkedin.com/company/moneymonk,4432129542
Monta,Inside Sales Medewerker,Breda,2026-09-09,supply chain medewerker webshop,nee,https://nl.linkedin.com/jobs/view/inside-sales-medewerker-at-monta-4465019812,https://nl.linkedin.com/company/monta-bv,4465019812
Moolenaar,Medewerker Verkoop Binnendienst,Voorhout,2026-09-10,medewerker verkoop binnendienst webshop,nee,https://nl.linkedin.com/jobs/view/medewerker-verkoop-binnendienst-at-moolenaar-4465033387,https://nl.linkedin.com/company/moolenaar-b-v-,4465033387
Moonpig,Brand &amp; Campaign Marketer (Dutch &amp; English Speaking),Amsterdam,2026-08-19,email marketeer webshop,nee,https://nl.linkedin.com/jobs/view/brand-campaign-marketer-dutch-english-speaking-at-moonpig-4453468060,https://uk.linkedin.com/company/moonpig-com,4453468060
More Recruitment,Customer Service Specialist,Amsterdam,2026-08-31,after sales medewerker,nee,https://nl.linkedin.com/jobs/view/customer-service-specialist-at-more-recruitment-4461213083,https://nl.linkedin.com/company/more-recruitment-b-v-,4461213083
More Recruitment,Customer Service Specialist,Amsterdam Area,2026-09-04,after sales medewerker,nee,https://nl.linkedin.com/jobs/view/customer-service-specialist-at-more-recruitment-4463347668,https://nl.linkedin.com/company/more-recruitment-b-v-,4463347668
More Recruitment,Customer Service Specialist,Amsterdam,2026-09-14,after sales medewerker,nee,https://nl.linkedin.com/jobs/view/customer-service-specialist-at-more-recruitment-4455273272,https://nl.linkedin.com/company/more-recruitment-b-v-,4455273272
Morgan Stanley,Investment Management - EMEA Client Relationship Management - Vice President,Amsterdam,2026-09-09,customer succes,nee,https://nl.linkedin.com/jobs/view/investment-management-emea-client-relationship-management-vice-president-at-morgan-stanley-4463832383,https://www.linkedin.com/company/morgan-stanley,4463832383
Morningstar,"Senior Associate, Customer Success (ESG &amp; Sustainable Investment)",Amsterdam,2026-08-25,customer succes,nee,https://nl.linkedin.com/jobs/view/senior-associate-customer-success-esg-sustainable-investment-at-morningstar-4456377188,https://www.linkedin.com/company/morningstar,4456377188
Morrison Express,Warehouse Operator (Loading),Eindhoven,2026-08-31,fulfilment medewerker,nee,https://nl.linkedin.com/jobs/view/warehouse-operator-loading-at-morrison-express-4451197240,https://tw.linkedin.com/company/morrison-express,4451197240
MostWare | Inspireren met IT,IT Servicedesk Medewerker,Leiden,2026-08-26,after sales medewerker,nee,https://nl.linkedin.com/jobs/view/it-servicedesk-medewerker-at-mostware-4459179252,https://nl.linkedin.com/company/mostware,4459179252
"Movado Group, Inc",Digital Product Manager,Rijswijk,2026-08-07,product owner webshop,nee,https://nl.linkedin.com/jobs/view/digital-product-manager-at-movado-group-inc-4441523069,https://www.linkedin.com/company/movado-group-inc,4441523069
MPM International Oil Company B.V.,Customer Service Representative,Delft,2026-08-31,klantsupport,nee,https://nl.linkedin.com/jobs/view/customer-service-representative-at-mpm-international-oil-company-b-v-4461052787,https://nl.linkedin.com/company/mpm-oil,4461052787
MR MARVIS,Social Media &amp; Community Specialist,Amsterdam,2026-09-17,social media medewerker webshop,nee,https://nl.linkedin.com/jobs/view/social-media-community-specialist-at-mr-marvis-4467548665,https://nl.linkedin.com/company/mrmarvis,4467548665
MR MARVIS,CRM Specialist,Amsterdam,2026-09-22,email marketeer webshop,nee,https://nl.linkedin.com/jobs/view/crm-specialist-at-mr-marvis-4468552827,https://nl.linkedin.com/company/mrmarvis,4468552827
MR MARVIS,CRM Specialist,Amsterdam Area,2026-09-22,email marketeer webshop,nee,https://nl.linkedin.com/jobs/view/crm-specialist-at-mr-marvis-4470299333,https://nl.linkedin.com/company/mrmarvis,4470299333
MSD Animal Health Nederland,Logistiek Operator (2-Ploegen),Boxmeer,2026-09-10,fulfilment medewerker,nee,https://nl.linkedin.com/jobs/view/logistiek-operator-2-ploegen-at-msd-animal-health-nederland-4465646075,https://nl.linkedin.com/company/msd-animal-health-nederland,4465646075
MSD Nederland,Logistiek Operator (2-Ploegen),Boxmeer,2026-09-09,fulfilment medewerker,nee,https://nl.linkedin.com/jobs/view/logistiek-operator-2-ploegen-at-msd-netherlands-4465349090,https://nl.linkedin.com/company/msd-netherlands,4465349090
Mujin,Supply Chain Specialist,Best,2026-07-31,supply chain medewerker webshop,nee,https://nl.linkedin.com/jobs/view/supply-chain-specialist-at-mujin-4447705435,https://jp.linkedin.com/company/mujin-global,4447705435
Multilingual Jobs Worldwide,Airline Customer Service Agent,Amsterdam Area,2026-09-04,klantsupport,nee,https://nl.linkedin.com/jobs/view/airline-customer-service-agent-at-multilingual-jobs-worldwide-4463321665,https://no.linkedin.com/company/multilingualjobsworldwide,4463321665
MultiTankcard,Customer Service Specialist,Schiphol-Rijk,2026-06-18,after sales medewerker,nee,https://nl.linkedin.com/jobs/view/customer-service-specialist-at-multitankcard-4439777523,https://nl.linkedin.com/company/multitankcard,4439777523
Município de Araricá,SUPORTE TÉCNICO,Emmeloord,2026-08-05,servicedesk medewerker webshop,nee,https://nl.linkedin.com/jobs/view/suporte-t%C3%A9cnico-at-munic%C3%ADpio-de-araric%C3%A1-4449619680,https://br.linkedin.com/company/munic%C3%ADpio-de-araric%C3%A1,4449619680
MV Kantoor,Sales support,Zeist,2026-08-18,medewerker verkoop binnendienst webshop,nee,https://nl.linkedin.com/jobs/view/sales-support-at-mv-kantoor-4455584392,https://nl.linkedin.com/company/mv-kantoor,4455584392
MV Kantoor,Medewerker Sales Support / Verkoop binnendienst,Zeist,2026-09-14,medewerker verkoop binnendienst webshop,nee,https://nl.linkedin.com/jobs/view/medewerker-sales-support-verkoop-binnendienst-at-mv-kantoor-4467064418,https://nl.linkedin.com/company/mv-kantoor,4467064418
My Jewellery,Data analist e-commerce,'s-Hertogenbosch,2026-09-19,product owner webshop,nee,https://nl.linkedin.com/jobs/view/data-analist-e-commerce-at-my-jewellery-4468094821,https://nl.linkedin.com/company/my-jewellery,4468094821
My Jewellery,Voorraadbeheerder,'s-Hertogenbosch,2026-09-20,supply chain medewerker webshop,nee,https://nl.linkedin.com/jobs/view/voorraadbeheerder-at-my-jewellery-4468459447,https://nl.linkedin.com/company/my-jewellery,4468459447
myenergi bv,Marketing &amp; Communications Specialist Europe,Maastricht,2026-09-23,conversie specialist,nee,https://nl.linkedin.com/jobs/view/marketing-communications-specialist-europe-at-myenergi-bv-4468942826,https://nl.linkedin.com/company/myenergi-bv,4468942826
N-able,Customer Success Manager - French Speaking,Utrecht,2026-09-18,customer succes,nee,https://nl.linkedin.com/jobs/view/customer-success-manager-french-speaking-at-n-able-4448073751,https://www.linkedin.com/company/n-able,4448073751
Na-Nomi B.V.,Customer Service Professional,Elst,2026-08-12,customer service parttime,nee,https://nl.linkedin.com/jobs/view/customer-service-professional-at-na-nomi-b-v-4443686739,https://nl.linkedin.com/company/na-nomi,4443686739
NAME IT,Store Manager NAME IT Rotterdam Alexandrium,Rotterdam,2026-08-19,inkoper webshop,nee,https://nl.linkedin.com/jobs/view/store-manager-name-it-rotterdam-alexandrium-at-name-it-4456196931,https://dk.linkedin.com/company/nameitofficial,4456196931
Nature's Pride,Logistiek Medewerker Inbound,Maasdijk,2026-08-17,fulfilment medewerker,nee,https://nl.linkedin.com/jobs/view/logistiek-medewerker-inbound-at-nature-s-pride-4454029034,https://nl.linkedin.com/company/nature's-pride,4454029034
NCR Voyix,Customer Success Manager - Amsterdam,Amsterdam,2026-09-18,customer succes,nee,https://nl.linkedin.com/jobs/view/customer-success-manager-amsterdam-at-ncr-voyix-4401623072,https://www.linkedin.com/company/ncrvoyix,4401623072
Nebius,Help Desk Technician (Tier 1),Amsterdam,2026-07-30,servicedesk medewerker webshop,nee,https://nl.linkedin.com/jobs/view/help-desk-technician-tier-1-at-nebius-4437672335,https://nl.linkedin.com/company/nebius,4437672335
Nebul,Technical Account Manager,Leiden,2026-09-15,customer succes,nee,https://nl.linkedin.com/jobs/view/technical-account-manager-at-nebul-4466168893,https://nl.linkedin.com/company/nebul,4466168893
Nedap,Product Owner - Business Platform .,Groenlo,2026-09-08,product owner webshop,nee,https://nl.linkedin.com/jobs/view/product-owner-business-platform-at-nedap-4464344317,https://nl.linkedin.com/company/nedap,4464344317
Nedap,Product Owner Business Platform,Groenlo,2026-09-15,product owner webshop,nee,https://nl.linkedin.com/jobs/view/product-owner-business-platform-at-nedap-4462956485,https://nl.linkedin.com/company/nedap,4462956485
Nedap Beveiligingstechniek B.V.,Communication Specialist,Groenlo,2026-08-05,conversie specialist,nee,https://nl.linkedin.com/jobs/view/communication-specialist-at-nedap-beveiligingstechniek-b-v-4447383848,https://www.linkedin.com/company/nedap-beveiligingstechniek-b.v.,4447383848
Nedap Beveiligingstechniek B.V.,Junior Technical Support Engineer,Groenlo,2026-08-24,after sales medewerker,nee,https://nl.linkedin.com/jobs/view/junior-technical-support-engineer-at-nedap-beveiligingstechniek-b-v-4456533247,https://www.linkedin.com/company/nedap-beveiligingstechniek-b.v.,4456533247
Nedap Beveiligingstechniek B.V.,Product Owner - Business Platform,Groenlo,2026-09-07,product owner webshop,nee,https://nl.linkedin.com/jobs/view/product-owner-business-platform-at-nedap-beveiligingstechniek-b-v-4462239552,https://www.linkedin.com/company/nedap-beveiligingstechniek-b.v.,4462239552
Nedelko,Performance Marketeer (B2B),Barendrecht,2026-09-04,email marketeer webshop,nee,https://nl.linkedin.com/jobs/view/performance-marketeer-b2b-at-nedelko-4463318935,https://nl.linkedin.com/company/nedelko,4463318935
Nederlandse Loterij,Technical Product Owner Casino,Rijswijk,2026-09-09,product owner webshop,nee,https://nl.linkedin.com/jobs/view/technical-product-owner-casino-at-nederlandse-loterij-4465019264,https://nl.linkedin.com/company/nederlandse-loterij,4465019264
Nederlandse Loterij,Social Creative TOTO,Rijswijk,2026-09-16,social media medewerker webshop,nee,https://nl.linkedin.com/jobs/view/social-creative-toto-at-nederlandse-loterij-4467985904,https://nl.linkedin.com/company/nederlandse-loterij,4467985904
Neele-Vat,IT Support Engineer,Rotterdam,2026-09-04,servicedesk medewerker webshop,nee,https://nl.linkedin.com/jobs/view/it-support-engineer-at-neele-vat-4463615224,https://nl.linkedin.com/company/neelevat,4463615224
Neele-Vat,Medewerker Customer Service,Rotterdam,2026-09-04,supply chain medewerker webshop,nee,https://nl.linkedin.com/jobs/view/medewerker-customer-service-at-neele-vat-4463364231,https://nl.linkedin.com/company/neelevat,4463364231
Neele-Vat,Inbound Medewerker Shipspares,Hoofddorp,2026-09-07,supply chain medewerker webshop,nee,https://nl.linkedin.com/jobs/view/inbound-medewerker-shipspares-at-neele-vat-4464343624,https://nl.linkedin.com/company/neelevat,4464343624
Neele-Vat,IT Support,Pernis,2026-09-20,servicedesk medewerker webshop,nee,https://nl.linkedin.com/jobs/view/it-support-at-neele-vat-4468464124,https://nl.linkedin.com/company/neelevat,4468464124
Nefab,Medewerker Goederenontvangst,Nijkerk,2026-09-14,fulfilment medewerker,nee,https://nl.linkedin.com/jobs/view/medewerker-goederenontvangst-at-nefab-4467216100,https://se.linkedin.com/company/nefab,4467216100
Nelson Schoenen BV,Medewerker klantenservice (bijbaan),Hoofddorp,2026-09-14,customer service parttime,nee,https://nl.linkedin.com/jobs/view/medewerker-klantenservice-bijbaan-at-nelson-schoenen-bv-4441969658,https://nl.linkedin.com/company/nelson-schoenen-bv,4441969658
Neonsfeer,Email Marketeer / Klaviyo Specialist,'s-Hertogenbosch,2026-08-24,email marketeer webshop,nee,https://nl.linkedin.com/jobs/view/email-marketeer-klaviyo-specialist-at-neonsfeer-4455758899,https://www.linkedin.com/company/neonsfeer,4455758899
Netwerk,Sales support medewerker (key accounts),Dordrecht,2026-05-27,medewerker verkoop binnendienst webshop,nee,https://nl.linkedin.com/jobs/view/sales-support-medewerker-key-accounts-at-netwerk-nv-4419595965,https://nl.linkedin.com/company/netwerk-nv,4419595965
New Balance,Retail Associate (Part-time 30h/Week) - Westfield Mall of The Netherlands,Leidschendam,2026-09-08,customer service parttime,nee,https://nl.linkedin.com/jobs/view/retail-associate-part-time-30h-week-westfield-mall-of-the-netherlands-at-new-balance-4443558781,https://www.linkedin.com/company/new-balance,4443558781
New Balance,Retail Associate - Part Time (16h) - Amsterdam,Amsterdam,2026-09-17,customer service parttime,nee,https://nl.linkedin.com/jobs/view/retail-associate-part-time-16h-amsterdam-at-new-balance-4459607054,https://www.linkedin.com/company/new-balance,4459607054
New Black,Support Engineer,Almere,2026-08-27,servicedesk medewerker webshop,nee,https://nl.linkedin.com/jobs/view/support-engineer-at-new-black-4459684644,https://nl.linkedin.com/company/newblackio,4459684644
New Black,React Developer,Almere,2026-08-27,inkoper webshop,nee,https://nl.linkedin.com/jobs/view/react-developer-at-new-black-4459880452,https://nl.linkedin.com/company/newblackio,4459880452
New Black,Business Analyst - Fiscalization &amp; Compliance,Almere,2026-09-21,inkoper webshop,nee,https://nl.linkedin.com/jobs/view/business-analyst-fiscalization-compliance-at-new-black-4469171171,https://nl.linkedin.com/company/newblackio,4469171171
New Flag GmbH,Junior E-Commerce Manager,Haarlem,2026-09-01,inkoper webshop,nee,https://nl.linkedin.com/jobs/view/junior-e-commerce-manager-at-new-flag-gmbh-4460363795,https://de.linkedin.com/company/new-flag-gmbh,4460363795
New Story,Ervaren Online Marketeer,Noordwijk,2026-07-13,email marketeer webshop,nee,https://nl.linkedin.com/jobs/view/ervaren-online-marketeer-at-new-story-4450720658,https://nl.linkedin.com/company/new-story-agency,4450720658
Next Force,IT Support - Microsoft,"Utrecht, Nederland",2026-09-15,after sales medewerker,nee,https://nl.linkedin.com/jobs/view/it-support-microsoft-at-next-force-recruitment-4466549368,https://nl.linkedin.com/company/next-force-recruitment,4466549368
Next Force,Product Owner - Microsoft Dynamics 365 CE,"Utrecht, Nederland",2026-09-22,product owner webshop,nee,https://nl.linkedin.com/jobs/view/product-owner-microsoft-dynamics-365-ce-at-next-force-recruitment-4468747931,https://nl.linkedin.com/company/next-force-recruitment,4468747931
Next Ground,Social Media &amp; Content Stagiair (meewerkstage),Utrecht,2026-02-02,social media medewerker webshop,nee,https://nl.linkedin.com/jobs/view/social-media-content-stagiair-meewerkstage-at-next-ground-4357393944,https://nl.linkedin.com/company/nextground,4357393944
Next Ground,Digital Transformation Consultant,Utrecht,2026-06-02,product owner webshop,nee,https://nl.linkedin.com/jobs/view/digital-transformation-consultant-at-next-ground-4419602036,https://nl.linkedin.com/company/nextground,4419602036
NEXT Handling Solutions,Medewerker supplychain,Deurne,2026-09-21,supply chain medewerker webshop,nee,https://nl.linkedin.com/jobs/view/medewerker-supplychain-at-next-handling-solutions-4469840792,https://nl.linkedin.com/company/next-handling-solutions,4469840792
NextEnergy,Klantenservice medewerker,Utrecht,2026-02-24,customer service parttime,nee,https://nl.linkedin.com/jobs/view/klantenservice-medewerker-at-nextenergy-4386168042,https://nl.linkedin.com/company/nextenergynl,4386168042
NIBHV,Medewerker Verkoop &amp; Advies,Rotterdam,2026-07-25,medewerker verkoop binnendienst webshop,nee,https://nl.linkedin.com/jobs/view/medewerker-verkoop-advies-at-nibhv-4440532018,https://nl.linkedin.com/company/nibhv,4440532018
Nictiz,Product Owner Informatiestandaarden,Den Haag,2026-09-07,product owner webshop,nee,https://nl.linkedin.com/jobs/view/product-owner-informatiestandaarden-at-nictiz-4462217159,https://nl.linkedin.com/company/nictiz,4462217159
Nilfisk,Customer Service Employee,Almere,2026-09-05,klantsupport,nee,https://nl.linkedin.com/jobs/view/customer-service-employee-at-nilfisk-4463724526,https://dk.linkedin.com/company/nilfisk,4463724526
NIXZ.,Customer Success Manager Recruitment Software (32-40 uur),Rotterdam,2026-08-22,customer succes,nee,https://nl.linkedin.com/jobs/view/customer-success-manager-recruitment-software-32-40-uur-at-nixz-4434459464,https://nl.linkedin.com/company/nixzio,4434459464
Nmbrs,Product Owner,Veenendaal,2026-09-16,product owner webshop,nee,https://nl.linkedin.com/jobs/view/product-owner-at-nmbrs-4467978626,https://nl.linkedin.com/company/nmbrs-software,4467978626
Nmbrs Reporting,Customer Support Expert,Veenendaal,2026-09-09,after sales medewerker,nee,https://nl.linkedin.com/jobs/view/customer-support-expert-at-nmbrs-reporting-4464635110,https://nl.linkedin.com/showcase/nmbrs-reporting/,4464635110
No Isolation,Vergroot je impact in het onderwijs: Customer Success Manager,Nederland,2026-09-07,customer succes,nee,https://nl.linkedin.com/jobs/view/vergroot-je-impact-in-het-onderwijs-customer-success-manager-at-no-isolation-4462937963,https://no.linkedin.com/company/noisolation,4462937963
No Waste Army,Content Creator,Breda,2026-07-24,social media medewerker webshop,nee,https://nl.linkedin.com/jobs/view/content-creator-at-no-waste-army-4444936706,https://nl.linkedin.com/company/no-waste-army,4444936706
No Waste Army,Content Creator,Breda,2026-09-04,social media medewerker webshop,nee,https://nl.linkedin.com/jobs/view/content-creator-at-no-waste-army-4460773083,https://nl.linkedin.com/company/no-waste-army,4460773083
NOBEARS,Delivery Manager,Heusden,2026-09-21,product owner webshop,nee,https://nl.linkedin.com/jobs/view/delivery-manager-at-nobears-4469847441,https://nl.linkedin.com/company/nobears,4469847441
Nobel Biocare,Warehouse Employee,Venlo,2026-09-14,fulfilment medewerker,nee,https://nl.linkedin.com/jobs/view/warehouse-employee-at-nobel-biocare-4465232057,https://ch.linkedin.com/company/nobel-biocare,4465232057
Nobel Biocare,Warehouse Employee,Venlo,2026-09-14,fulfilment medewerker,nee,https://nl.linkedin.com/jobs/view/warehouse-employee-at-nobel-biocare-4465218862,https://ch.linkedin.com/company/nobel-biocare,4465218862
Nobel Biocare,Warehouse Employee,Venlo,2026-09-15,fulfilment medewerker,nee,https://nl.linkedin.com/jobs/view/warehouse-employee-at-nobel-biocare-4465598169,https://ch.linkedin.com/company/nobel-biocare,4465598169
Nobel Biocare,Warehouse Employee,Venlo,2026-09-15,fulfilment medewerker,nee,https://nl.linkedin.com/jobs/view/warehouse-employee-at-nobel-biocare-4465581303,https://ch.linkedin.com/company/nobel-biocare,4465581303
Nobel Recruitment,German-speaking Partner Success Manager / 45K-65K,Amsterdam,2026-09-15,customer succes,nee,https://nl.linkedin.com/jobs/view/german-speaking-partner-success-manager-45k-65k-at-nobel-recruitment-4466189079,https://nl.linkedin.com/company/nobelrecruitment,4466189079
Nodefy,E-commerce Marketeer,Amsterdam,2026-04-24,email marketeer webshop,nee,https://nl.linkedin.com/jobs/view/e-commerce-marketeer-at-nodefy-4406617891,https://nl.linkedin.com/company/nodefyio,4406617891
NORNORM,Customer Success Coordinator,Amsterdam Area,2026-08-28,customer succes,nee,https://nl.linkedin.com/jobs/view/customer-success-coordinator-at-nornorm-4460356148,https://dk.linkedin.com/company/nornorm,4460356148
Notuleerservice Nederland,Soliciteer vandaag!,Capelle aan den IJssel,2026-08-09,product owner webshop,nee,https://nl.linkedin.com/jobs/view/soliciteer-vandaag%21-at-notuleerservice-nederland-4451349028,https://nl.linkedin.com/company/notuleerservice-nederland,4451349028
Notuly.,Customer succes &amp; support medewerker,Deventer,2026-08-26,after sales medewerker,nee,https://nl.linkedin.com/jobs/view/customer-succes-support-medewerker-at-notuly-4459189122,https://nl.linkedin.com/company/notuly,4459189122
NRF (Nederlandse Radiateuren Fabriek),Customer Service Representative,Mill,2026-09-17,klantsupport,nee,https://nl.linkedin.com/jobs/view/customer-service-representative-at-nrf-nederlandse-radiateuren-fabriek-4467190041,https://nl.linkedin.com/company/nederlandse-radiateuren-fabriek,4467190041
NTT Global Data Centers,Client Success Manager (m/f/d),Amsterdam Area,2026-07-21,customer succes,nee,https://nl.linkedin.com/jobs/view/client-success-manager-m-f-d-at-ntt-global-data-centers-4442646498,https://uk.linkedin.com/company/ntt-global-data-centers,4442646498
Numsy,Customer Care (24-32 uur),'s-Hertogenbosch,2026-09-18,customer service parttime,nee,https://nl.linkedin.com/jobs/view/customer-care-24-32-uur-at-numsy-4469117986,https://nl.linkedin.com/company/numsy,4469117986
NUNC Capital,Content &amp; Growth Marketer,Amsterdam,2026-07-28,conversie specialist,nee,https://nl.linkedin.com/jobs/view/content-growth-marketer-at-nunc-capital-4455007988,https://nl.linkedin.com/company/nunc-capital,4455007988
Nutanix,"Senior Staff Customer Experience Manager, Dutch speaker",Amsterdam,2026-09-09,customer succes,nee,https://nl.linkedin.com/jobs/view/senior-staff-customer-experience-manager-dutch-speaker-at-nutanix-4461295968,https://www.linkedin.com/company/nutanix,4461295968
Nutanix,"Senior Staff Customer Experience Manager, Dutch speaker",Hoofddorp,2026-09-09,customer succes,nee,https://nl.linkedin.com/jobs/view/senior-staff-customer-experience-manager-dutch-speaker-at-nutanix-4461503838,https://www.linkedin.com/company/nutanix,4461503838
nVent,Logistics Material Handler,Drachten,2026-09-08,fulfilment medewerker,nee,https://nl.linkedin.com/jobs/view/logistics-material-handler-at-nvent-4455324291,https://www.linkedin.com/company/nvent,4455324291
NXT Level Nutrition,Social Media Creator,Hoofddorp,2026-09-21,social media medewerker webshop,nee,https://nl.linkedin.com/jobs/view/social-media-creator-at-nxt-level-nutrition-4467624021,https://nl.linkedin.com/company/nxt-level-nutrition,4467624021
NXT Level Nutrition,Senior Social Media Manager,Hoofddorp,2026-09-21,social media medewerker webshop,nee,https://nl.linkedin.com/jobs/view/senior-social-media-manager-at-nxt-level-nutrition-4467604869,https://nl.linkedin.com/company/nxt-level-nutrition,4467604869
Nyenrode Business Universiteit,Marketeer,Breukelen,2026-09-11,social media medewerker webshop,nee,https://nl.linkedin.com/jobs/view/marketeer-at-nyenrode-business-university-4466302985,https://nl.linkedin.com/school/nyenrode/,4466302985
O My Bag Amsterdam,Operations Lead,Amsterdam,2026-09-09,inkoper webshop,nee,https://nl.linkedin.com/jobs/view/operations-lead-at-o-my-bag-amsterdam-4464991556,https://nl.linkedin.com/company/o-my-bag-amsterdam,4464991556
Oakwell Hampton Group,Product Owner,Delft,2026-09-02,product owner webshop,nee,https://nl.linkedin.com/jobs/view/product-owner-at-oakwell-hampton-group-4462180054,https://uk.linkedin.com/company/oakwell-hampton,4462180054
Oakwell Hampton Group,Client Success Manager,Amsterdam Area,2026-09-10,customer succes,nee,https://nl.linkedin.com/jobs/view/client-success-manager-at-oakwell-hampton-group-4465805104,https://uk.linkedin.com/company/oakwell-hampton,4465805104
Octiva,Head of Customer Success,Breda,2026-05-04,customer succes,nee,https://nl.linkedin.com/jobs/view/head-of-customer-success-at-octiva-4420942347,https://be.linkedin.com/company/octiva,4420942347
Octiva,Head of Customer Success,Asten,2026-05-04,customer succes,nee,https://nl.linkedin.com/jobs/view/head-of-customer-success-at-octiva-4420951180,https://be.linkedin.com/company/octiva,4420951180
OfficeGrip,On-site Skilled Support Engineer,Roosendaal,2026-06-03,servicedesk medewerker webshop,nee,https://nl.linkedin.com/jobs/view/on-site-skilled-support-engineer-at-officegrip-b-v-4422993760,https://nl.linkedin.com/company/officegrip-b.v.,4422993760
OfficeGrip,Skilled Support Engineer,Oud Gastel,2026-09-01,servicedesk medewerker webshop,nee,https://nl.linkedin.com/jobs/view/skilled-support-engineer-at-officegrip-b-v-4461581718,https://nl.linkedin.com/company/officegrip-b.v.,4461581718
OGD ict-diensten,IT Servicedeskmedewerker,Utrecht,2026-08-01,servicedesk medewerker webshop,nee,https://nl.linkedin.com/jobs/view/it-servicedeskmedewerker-at-ogd-ict-diensten-4459300238,https://nl.linkedin.com/company/ogd-ict-diensten,4459300238
OGD ict-diensten,IT Servicedeskmedewerker,Delft,2026-08-01,servicedesk medewerker webshop,nee,https://nl.linkedin.com/jobs/view/it-servicedeskmedewerker-at-ogd-ict-diensten-4459311080,https://nl.linkedin.com/company/ogd-ict-diensten,4459311080
OGD ict-diensten,IT Servicedeskmedewerker,Amsterdam,2026-08-01,servicedesk medewerker webshop,nee,https://nl.linkedin.com/jobs/view/it-servicedeskmedewerker-at-ogd-ict-diensten-4459190318,https://nl.linkedin.com/company/ogd-ict-diensten,4459190318
OGD ict-diensten,IT Servicedeskmedewerker,Eindhoven,2026-08-01,servicedesk medewerker webshop,nee,https://nl.linkedin.com/jobs/view/it-servicedeskmedewerker-at-ogd-ict-diensten-4459303206,https://nl.linkedin.com/company/ogd-ict-diensten,4459303206
OGD ict-diensten,IT Servicedeskmedewerker,Enschede,2026-08-01,servicedesk medewerker webshop,nee,https://nl.linkedin.com/jobs/view/it-servicedeskmedewerker-at-ogd-ict-diensten-4459310129,https://nl.linkedin.com/company/ogd-ict-diensten,4459310129
OH Solutions,Customer Experience Specialist,Almere,2026-09-11,klantsupport,nee,https://nl.linkedin.com/jobs/view/customer-experience-specialist-at-oh-solutions-4440950989,https://www.linkedin.com/company/oh-solutions-nl,4440950989
OH Solutions,Medewerker Inkoop &amp; Orderverwerking,Almere,2026-09-11,supply chain medewerker webshop,nee,https://nl.linkedin.com/jobs/view/medewerker-inkoop-orderverwerking-at-oh-solutions-4453138668,https://www.linkedin.com/company/oh-solutions-nl,4453138668
"Oikotechno Japan Co., Ltd",Desktop Support / IT Support-L2-Netherland,Hoofddorp,2026-09-16,servicedesk medewerker webshop,nee,https://nl.linkedin.com/jobs/view/desktop-support-it-support-l2-netherland-at-oikotechno-japan-co-ltd-4466859988,https://jp.linkedin.com/company/oikotechno,4466859988
"Oikotechno Japan Co., Ltd",Desktop Support / IT Support-L2-Netherland,Zoetermeer,2026-09-16,servicedesk medewerker webshop,nee,https://nl.linkedin.com/jobs/view/desktop-support-it-support-l2-netherland-at-oikotechno-japan-co-ltd-4466881066,https://jp.linkedin.com/company/oikotechno,4466881066
"Oikotechno Japan Co., Ltd",Desktop Support / IT Support-L2-Netherland,Rijswijk,2026-09-16,servicedesk medewerker webshop,nee,https://nl.linkedin.com/jobs/view/desktop-support-it-support-l2-netherland-at-oikotechno-japan-co-ltd-4466874151,https://jp.linkedin.com/company/oikotechno,4466874151
"Oikotechno Japan Co., Ltd",Desktop Support / IT Support-L2-Netherland,Utrecht,2026-09-16,servicedesk medewerker webshop,nee,https://nl.linkedin.com/jobs/view/desktop-support-it-support-l2-netherland-at-oikotechno-japan-co-ltd-4466862598,https://jp.linkedin.com/company/oikotechno,4466862598
"Oikotechno Japan Co., Ltd",Desktop Support / IT Support-L2-Netherland,Amsterdam,2026-09-16,servicedesk medewerker webshop,nee,https://nl.linkedin.com/jobs/view/desktop-support-it-support-l2-netherland-at-oikotechno-japan-co-ltd-4466868221,https://jp.linkedin.com/company/oikotechno,4466868221
OK Nederland,Commercieel Administratief Medewerker | OK Staphorst,Staphorst,2026-09-11,inkoper webshop,nee,https://nl.linkedin.com/jobs/view/commercieel-administratief-medewerker-ok-staphorst-at-ok-nederland-4466045339,https://nl.linkedin.com/company/ok-nederland,4466045339
OKTOBER,(Senior) Retention Manager (gn) – Email Marketing | Dutch-speaking | Remote worldwide,Nederland,2026-06-29,email marketeer webshop,nee,https://nl.linkedin.com/jobs/view/senior-retention-manager-gn-%E2%80%93-email-marketing-dutch-speaking-remote-worldwide-at-oktober-4434496095,https://nl.linkedin.com/company/oktoberagencycom,4434496095
OKTOBER,(Senior) Retention Manager (gn) – Email Marketing | Dutch-speaking | Remote worldwide,Amsterdam,2026-06-29,email marketeer webshop,nee,https://nl.linkedin.com/jobs/view/senior-retention-manager-gn-%E2%80%93-email-marketing-dutch-speaking-remote-worldwide-at-oktober-4434483806,https://nl.linkedin.com/company/oktoberagencycom,4434483806
OKTOBER,Direct Response Copywriter | gn | Email Retention | Dutch-speaking | Remote,Nederland,2026-08-17,inkoper webshop,nee,https://nl.linkedin.com/jobs/view/direct-response-copywriter-gn-email-retention-dutch-speaking-remote-at-oktober-4455374379,https://nl.linkedin.com/company/oktoberagencycom,4455374379
OKTOBER,Direct Response Copywriter | gn | Email Retention | Dutch-speaking | Remote,Amsterdam,2026-08-17,inkoper webshop,nee,https://nl.linkedin.com/jobs/view/direct-response-copywriter-gn-email-retention-dutch-speaking-remote-at-oktober-4455352929,https://nl.linkedin.com/company/oktoberagencycom,4455352929
OKTOBER,Email Copywriter &amp; Account Coordinator | Dutch-speaking | gn | Remote,Nederland,2026-08-24,email marketeer webshop,nee,https://nl.linkedin.com/jobs/view/email-copywriter-account-coordinator-dutch-speaking-gn-remote-at-oktober-4458288496,https://nl.linkedin.com/company/oktoberagencycom,4458288496
OKTOBER,Email Copywriter &amp; Account Coordinator | Dutch-speaking | gn | Remote,Amsterdam,2026-08-24,email marketeer webshop,nee,https://nl.linkedin.com/jobs/view/email-copywriter-account-coordinator-dutch-speaking-gn-remote-at-oktober-4458295352,https://nl.linkedin.com/company/oktoberagencycom,4458295352
OKTOBER,Head of Retention,Amsterdam Area,2026-09-02,email marketeer webshop,nee,https://nl.linkedin.com/jobs/view/head-of-retention-at-oktober-4462165880,https://nl.linkedin.com/company/oktoberagencycom,4462165880
Oliehoorn UK | Certified B Corp,Logistiek Medewerker,Zwaag,2026-09-03,supply chain medewerker webshop,nee,https://nl.linkedin.com/jobs/view/logistiek-medewerker-at-oliehoorn-uk-certified-b-corp-4463149514,https://uk.linkedin.com/company/oliehoorn-uk,4463149514
Olyslager,Customer Success Manager,Bunschoten-Spakenburg,2026-09-18,customer succes,nee,https://nl.linkedin.com/jobs/view/customer-success-manager-at-olyslager-4430926312,https://nl.linkedin.com/company/olyslager-organisation-bv,4430926312
Oneleet,Community Event &amp; Engagement Manager,Amsterdam,2026-08-18,conversie specialist,nee,https://nl.linkedin.com/jobs/view/community-event-engagement-manager-at-oneleet-4455571409,https://www.linkedin.com/company/oneleet,4455571409
OneStream Software,Customer Success Manager (Commercial Accounts EMEA),Nederland,2026-09-16,customer succes,nee,https://nl.linkedin.com/jobs/view/customer-success-manager-commercial-accounts-emea-at-onestream-software-4466245162,https://www.linkedin.com/company/onestream-software,4466245162
Oneway Bike,Service Specialist Fietsen,Rotterdam,2026-09-07,after sales medewerker,nee,https://nl.linkedin.com/jobs/view/service-specialist-fietsen-at-oneway-bike-4462932063,https://nl.linkedin.com/company/oneway-bike,4462932063
Oneway Bike,Inside Sales Medewerker,Rotterdam,2026-09-07,inkoper webshop,nee,https://nl.linkedin.com/jobs/view/inside-sales-medewerker-at-oneway-bike-4462936055,https://nl.linkedin.com/company/oneway-bike,4462936055
Oneway Bike,Teamleider Werkplaats,Rotterdam,2026-09-07,inkoper webshop,nee,https://nl.linkedin.com/jobs/view/teamleider-werkplaats-at-oneway-bike-4462930058,https://nl.linkedin.com/company/oneway-bike,4462930058
Oneway Bike,Inside Sales Coordinator,Rotterdam,2026-09-07,inkoper webshop,nee,https://nl.linkedin.com/jobs/view/inside-sales-coordinator-at-oneway-bike-4462942025,https://nl.linkedin.com/company/oneway-bike,4462942025
Online Payment Platform,Customer Support Medewerker,Delft,2026-09-14,after sales medewerker,nee,https://nl.linkedin.com/jobs/view/customer-support-medewerker-at-online-payment-platform-4466106901,https://nl.linkedin.com/company/online-payment-platform,4466106901
Onlineverf.nl,Medewerker klantenservice,Hengelo,2026-09-11,servicedesk medewerker webshop,nee,https://nl.linkedin.com/jobs/view/medewerker-klantenservice-at-onlineverf-nl-4466058358,https://nl.linkedin.com/company/onlineverf,4466058358
Oogfonds,Senior Online Marketeer (32 uur),Maarssen,2026-09-17,email marketeer webshop,nee,https://nl.linkedin.com/jobs/view/senior-online-marketeer-32-uur-at-stichting-oogfonds-nederland-4466087981,https://nl.linkedin.com/company/stichting-oogfonds-nederland,4466087981
Oogvoororen,Helpdeskmedewerker Hoortoestellen Tilburg,Tilburg,2026-09-10,after sales medewerker,nee,https://nl.linkedin.com/jobs/view/helpdeskmedewerker-hoortoestellen-tilburg-at-oogvoororen-4463479290,https://nl.linkedin.com/company/oogvoororen-nl,4463479290
Oogvoororen,Helpdeskmedewerker Audiologie Spijkenisse,Spijkenisse,2026-09-10,servicedesk medewerker webshop,nee,https://nl.linkedin.com/jobs/view/helpdeskmedewerker-audiologie-spijkenisse-at-oogvoororen-4463481271,https://nl.linkedin.com/company/oogvoororen-nl,4463481271
Oojo x Dreampass,Marketing Intern,Amsterdam,2026-09-08,email marketeer webshop,nee,https://nl.linkedin.com/jobs/view/marketing-intern-at-oojo-x-dreampass-4463232714,https://nl.linkedin.com/company/oojoflights,4463232714
Open (YC W24),CSM (Customer Success Manager),Amsterdam,2026-06-14,customer succes,nee,https://nl.linkedin.com/jobs/view/csm-customer-success-manager-at-open-yc-w24-4428634335,https://www.linkedin.com/company/opencx,4428634335
Open (YC W24),Head of Customer Success and Implementation,Nederland,2026-07-05,customer succes,nee,https://nl.linkedin.com/jobs/view/head-of-customer-success-and-implementation-at-open-yc-w24-4437106458,https://www.linkedin.com/company/opencx,4437106458
OPEN32,Storemanager bij OPEN32 Zwolle,Zwolle,2026-09-14,inkoper webshop,nee,https://nl.linkedin.com/jobs/view/storemanager-bij-open32-zwolle-at-open32-4467086076,https://nl.linkedin.com/company/open32,4467086076
OPEN32,Teamleider Logistiek bij OPEN32,Arnhem,2026-09-21,inkoper webshop,nee,https://nl.linkedin.com/jobs/view/teamleider-logistiek-bij-open32-at-open32-4469875329,https://nl.linkedin.com/company/open32,4469875329
Openclaims,Customer Success &amp; Growth Manager – Dealers &amp; Schadeherstellers,Amsterdam,2026-07-29,customer succes,nee,https://nl.linkedin.com/jobs/view/customer-success-growth-manager-%E2%80%93-dealers-schadeherstellers-at-openclaims-4446814064,https://nl.linkedin.com/company/openclaims,4446814064
OPENRED,Customer Succes Lead,Rotterdam,2026-08-13,customer succes,nee,https://nl.linkedin.com/jobs/view/customer-succes-lead-at-openred-4453604681,https://nl.linkedin.com/company/openred,4453604681
Operai,Marketplace Seller Account Manager (English),Eindhoven Area,2026-07-12,inkoper webshop,nee,https://nl.linkedin.com/jobs/view/marketplace-seller-account-manager-english-at-operai-4438950843,https://nl.linkedin.com/company/operai,4438950843
Oppo Merchandise Group,Stagiair(e) Social Media/ Content,Roelofarendsveen,2026-03-11,social media medewerker webshop,nee,https://nl.linkedin.com/jobs/view/stagiair-e-social-media-content-at-oppo-merchandise-group-4383265674,https://nl.linkedin.com/company/oppomerchandisegroup,4383265674
Oppo Merchandise Group,Social Media &amp; PR Manager,Roelofarendsveen,2026-09-05,social media medewerker webshop,nee,https://nl.linkedin.com/jobs/view/social-media-pr-manager-at-oppo-merchandise-group-4462657272,https://nl.linkedin.com/company/oppomerchandisegroup,4462657272
Opus Recruitment Solutions,Customer Success Consultant,Amsterdam Area,2026-09-07,customer succes,nee,https://nl.linkedin.com/jobs/view/customer-success-consultant-at-opus-recruitment-solutions-4462964465,https://uk.linkedin.com/company/opus-recruitment-solutions,4462964465
Orange Gaming,CRM Strategist,Randstad,2026-06-11,email marketeer webshop,nee,https://nl.linkedin.com/jobs/view/crm-strategist-at-orange-gaming-4427505912,https://www.linkedin.com/company/orangegaming,4427505912
Orange Juice,Online marketeer,Arnhem,2026-09-09,email marketeer webshop,nee,https://nl.linkedin.com/jobs/view/online-marketeer-at-orange-juice-4463873160,https://nl.linkedin.com/company/orangejuice-nl,4463873160
Orangebag.nl,Social Media &amp; Influencer Specialist,Rotterdam,2026-07-23,social media medewerker webshop,nee,https://nl.linkedin.com/jobs/view/social-media-influencer-specialist-at-orangebag-nl-4443909803,https://nl.linkedin.com/company/orangebag-nl-b-v-,4443909803
Organic Assistance,Customer Service and Sales Assistant,Barneveld,2026-08-19,medewerker verkoop binnendienst webshop,nee,https://nl.linkedin.com/jobs/view/customer-service-and-sales-assistant-at-organic-assistance-4454996102,https://www.linkedin.com/company/organic-assistance,4454996102
Organic Assistance,Customer Service en Sales Assistant,Barneveld,2026-08-19,medewerker verkoop binnendienst webshop,nee,https://nl.linkedin.com/jobs/view/customer-service-en-sales-assistant-at-organic-assistance-4455414024,https://www.linkedin.com/company/organic-assistance,4455414024
Oribi,Service Engineer,Vijfhuizen,2026-09-21,after sales medewerker,nee,https://nl.linkedin.com/jobs/view/service-engineer-at-oribi-4469849833,https://nl.linkedin.com/company/oribi-id,4469849833
Orion Engineering,Logistiek medewerker,Eindhoven,2026-08-28,fulfilment medewerker,nee,https://nl.linkedin.com/jobs/view/logistiek-medewerker-at-orion-engineering-4460304190,https://nl.linkedin.com/company/orion-engineering-,4460304190
Orion Recruitment,Ecommerce Manager,Amsterdam-Centrum,2026-09-22,inkoper webshop,nee,https://nl.linkedin.com/jobs/view/ecommerce-manager-at-orion-recruitment-4470443336,https://nl.linkedin.com/company/orion-recruitment-nl,4470443336
Orisha,Customer Support Specialist,Zwolle,2026-09-23,after sales medewerker,nee,https://nl.linkedin.com/jobs/view/customer-support-specialist-at-orisha-4470911310,https://fr.linkedin.com/company/orisha-group,4470911310
Orisha,Customer Success Manager,Zwolle,2026-09-23,customer succes,nee,https://nl.linkedin.com/jobs/view/customer-success-manager-at-orisha-4470915057,https://fr.linkedin.com/company/orisha-group,4470915057
OT design BV,Junior accountmanager,Nieuwegein,2026-09-10,medewerker verkoop binnendienst webshop,nee,https://nl.linkedin.com/jobs/view/junior-accountmanager-at-ot-design-bv-4465682951,https://nl.linkedin.com/company/ot-design-bv,4465682951
Otherside at Work,Business Product Manager,s-Hertogenbosch Area,2026-08-27,product owner webshop,nee,https://nl.linkedin.com/jobs/view/business-product-manager-at-otherside-at-work-4444524657,https://nl.linkedin.com/company/othersideatwork,4444524657
Otolift Academy,Klantenservice medewerker,Bergambacht,2026-09-21,klantsupport,nee,https://nl.linkedin.com/jobs/view/klantenservice-medewerker-at-otolift-academy-4469877371,https://nl.linkedin.com/company/otolift-academy,4469877371
OverheidZZP,Senior Product Owner Team Impuls,Den Haag,2026-09-18,product owner webshop,nee,https://nl.linkedin.com/jobs/view/senior-product-owner-team-impuls-at-overheidzzp-4469167308,https://nl.linkedin.com/company/overheidzzp,4469167308
OWOW,Social media internship,Eindhoven,2026-08-10,social media medewerker webshop,nee,https://nl.linkedin.com/jobs/view/social-media-internship-at-owow-4451400574,https://nl.linkedin.com/company/owow-agency,4451400574
OWOW,Junior Product Manager,Eindhoven,2026-09-01,inkoper webshop,nee,https://nl.linkedin.com/jobs/view/junior-product-manager-at-owow-4460624174,https://nl.linkedin.com/company/owow-agency,4460624174
OWOW,Senior Commercieel productmanager,Eindhoven,2026-09-17,inkoper webshop,nee,https://nl.linkedin.com/jobs/view/senior-commercieel-productmanager-at-owow-4467585122,https://nl.linkedin.com/company/owow-agency,4467585122
OWOW,Senior Technical Product Manager,Eindhoven,2026-09-17,product owner webshop,nee,https://nl.linkedin.com/jobs/view/senior-technical-product-manager-at-owow-4467576224,https://nl.linkedin.com/company/owow-agency,4467576224
Oxford Global Resources,"Klantenservice Medewerker - Frans, Nederlands, Engels",Amsterdam,2026-08-31,klantsupport,nee,https://nl.linkedin.com/jobs/view/klantenservice-medewerker-frans-nederlands-engels-at-oxford-global-resources-4459792285,https://www.linkedin.com/company/oxford-global-resources,4459792285
OZ-Hami,Logistiek medewerker bloemenexport,Aalsmeer,2025-05-27,supply chain medewerker webshop,nee,https://nl.linkedin.com/jobs/view/logistiek-medewerker-bloemenexport-at-oz-hami-4235881740,https://nl.linkedin.com/company/oz-hami,4235881740
OZ-Hami,Medewerker logistiek Verdeling,Aalsmeer,2026-09-11,supply chain medewerker webshop,nee,https://nl.linkedin.com/jobs/view/medewerker-logistiek-verdeling-at-oz-hami-4465104041,https://nl.linkedin.com/company/oz-hami,4465104041
OZ-Hami,Medewerker logistiek Verdeling,Uithoorn,2026-09-15,supply chain medewerker webshop,nee,https://nl.linkedin.com/jobs/view/medewerker-logistiek-verdeling-at-oz-hami-4466332498,https://nl.linkedin.com/company/oz-hami,4466332498
P1,Klantenservice medewerker Meldkamer,Voorburg,2026-09-14,customer service parttime,nee,https://nl.linkedin.com/jobs/view/klantenservice-medewerker-meldkamer-at-p1-4467037635,https://nl.linkedin.com/company/p1,4467037635
Packsize,Technical Support Engineer,Amsterdam,2026-09-11,after sales medewerker,nee,https://nl.linkedin.com/jobs/view/technical-support-engineer-at-packsize-4463968794,https://www.linkedin.com/company/packsize,4463968794
Pageking® - Full Swing Digital Agency,Front-End Developer (Junior/Starter),Breda,2025-09-02,inkoper webshop,nee,https://nl.linkedin.com/jobs/view/front-end-developer-junior-starter-at-pageking%C2%AE-full-swing-digital-agency-4306048978,https://nl.linkedin.com/company/pageking,4306048978
Pageking® - Full Swing Digital Agency,UX &amp;amp; Digital Designer (vervuld),Breda,2026-04-17,inkoper webshop,nee,https://nl.linkedin.com/jobs/view/ux-amp-digital-designer-vervuld-at-pageking%C2%AE-full-swing-digital-agency-4403513688,https://nl.linkedin.com/company/pageking,4403513688
Pageking® - Full Swing Digital Agency,UX &amp;amp; Digital Designer (vervuld),Breda,2026-06-15,inkoper webshop,nee,https://nl.linkedin.com/jobs/view/ux-amp-digital-designer-vervuld-at-pageking%C2%AE-full-swing-digital-agency-4439002995,https://nl.linkedin.com/company/pageking,4439002995
Pageking® - Full Swing Digital Agency,Open sollicitatie,Breda,2026-07-10,inkoper webshop,nee,https://nl.linkedin.com/jobs/view/open-sollicitatie-at-pageking%C2%AE-full-swing-digital-agency-4439006943,https://nl.linkedin.com/company/pageking,4439006943
Palo Alto Networks,Staff Customer Success Engineer - Cloud,Amsterdam,2026-09-09,customer succes,nee,https://nl.linkedin.com/jobs/view/staff-customer-success-engineer-cloud-at-palo-alto-networks-4433979798,https://www.linkedin.com/company/palo-alto-networks,4433979798
Palo Alto Networks,Staff Customer Success Engineer,Amsterdam,2026-09-18,customer succes,nee,https://nl.linkedin.com/jobs/view/staff-customer-success-engineer-at-palo-alto-networks-4466683134,https://www.linkedin.com/company/palo-alto-networks,4466683134
Pampling,NEW STORE OPENING: Sales Assistant |Grupo Pampling |Pampling&amp;Co Amsterdam Nieuwendijk,Amsterdam,2026-09-01,customer service parttime,nee,https://nl.linkedin.com/jobs/view/new-store-opening-sales-assistant-grupo-pampling-pampling-co-amsterdam-nieuwendijk-at-pampling-4459285341,https://es.linkedin.com/company/pampling,4459285341
Panda International,Logistics Associate (Warehouse),Sittard-Geleen,2026-08-27,supply chain medewerker webshop,nee,https://nl.linkedin.com/jobs/view/logistics-associate-warehouse-at-panda-international-4459677395,https://nl.linkedin.com/company/panda-international,4459677395
PANGAEA Digital Agency,DIGITAL PROJECT OWNER,Den Haag,2026-04-16,product owner webshop,nee,https://nl.linkedin.com/jobs/view/digital%0Aproject%0Aowner-at-pangaea-digital-agency-4403101917,https://nl.linkedin.com/company/pangaea-internet-marketing,4403101917
PANGAEA Digital Agency,TECHNICAL PROJECT OWNER,Den Haag,2026-04-16,product owner webshop,nee,https://nl.linkedin.com/jobs/view/technical%0Aproject%0Aowner-at-pangaea-digital-agency-4403110730,https://nl.linkedin.com/company/pangaea-internet-marketing,4403110730
PANGAEA Digital Agency,PROJECT MANAGER,Den Haag,2026-04-16,product owner webshop,nee,https://nl.linkedin.com/jobs/view/project%0Amanager-at-pangaea-digital-agency-4403108860,https://nl.linkedin.com/company/pangaea-internet-marketing,4403108860
PANGAEA Digital Agency,MARKETING PROJECT OWNER,Den Haag,2026-04-16,product owner webshop,nee,https://nl.linkedin.com/jobs/view/marketing%0Aproject%0Aowner-at-pangaea-digital-agency-4403121554,https://nl.linkedin.com/company/pangaea-internet-marketing,4403121554
Paperclicks,Full time Online Marketeer,Best,2026-08-04,email marketeer webshop,nee,https://nl.linkedin.com/jobs/view/full-time-online-marketeer-at-paperclicks-4448556728,https://nl.linkedin.com/company/paperclicksnl,4448556728
Paradox EN,🇫🇷 Senior Social Media Manager - French Fluent,Amsterdam,2026-07-21,social media medewerker webshop,nee,https://nl.linkedin.com/jobs/view/%F0%9F%87%AB%F0%9F%87%B7-senior-social-media-manager-french-fluent-at-paradox-en-4443549761,https://fr.linkedin.com/company/weareparadox-eng,4443549761
Parfumerie Douglas Nederland,Franstalige Customer Service Agent,Nijmegen,2025-01-16,klantsupport,nee,https://nl.linkedin.com/jobs/view/franstalige-customer-service-agent-at-parfumerie-douglas-nederland-4125917811,https://nl.linkedin.com/company/parfumerie-douglas-nederland,4125917811
ParfumWebshop,CRM &amp; Campagne Specialist (26–30 uur),Nieuw-Vennep,2026-09-01,email marketeer webshop,nee,https://nl.linkedin.com/jobs/view/crm-campagne-specialist-26%E2%80%9330-uur-at-parfumwebshop-4462001872,https://nl.linkedin.com/company/parfumwebshop,4462001872
Patagonia,Ecommerce and CRM Marketing Manager (f/m/d),Amsterdam,2026-09-15,email marketeer webshop,nee,https://nl.linkedin.com/jobs/view/ecommerce-and-crm-marketing-manager-f-m-d-at-patagonia-4447983547,https://www.linkedin.com/company/patagonia_2,4447983547
Paul Roescher,Medewerker Service Desk,Rijssen,2026-08-05,servicedesk medewerker webshop,nee,https://nl.linkedin.com/jobs/view/medewerker-service-desk-at-paul-roescher-4448995292,https://nl.linkedin.com/company/paul-roescher,4448995292
Peacock Garden Supports BV,Inkoop &amp; Supplychain Specialist (24-40u p/wk) Tuinproducten,Oirschot,2026-09-09,supply chain medewerker webshop,nee,https://nl.linkedin.com/jobs/view/inkoop-supplychain-specialist-24-40u-p-wk-tuinproducten-at-peacock-garden-supports-bv-4465066031,https://www.linkedin.com/company/peacock-garden-supports-b.v.,4465066031
Peaks,Customer Service Representative,Amsterdam,2026-03-27,conversie specialist,nee,https://nl.linkedin.com/jobs/view/customer-service-representative-at-peaks-4391584462,https://nl.linkedin.com/company/peaks-app,4391584462
Pensify,Customer Success Manager,Amsterdam,2026-09-10,customer succes,nee,https://nl.linkedin.com/jobs/view/customer-success-manager-at-pensify-4465684096,https://nl.linkedin.com/company/pensify,4465684096
PepsiCo,Sodastream:Production Planning &amp; Scheduling Assistant Analyst,Tilburg,2026-09-10,supply chain medewerker webshop,nee,https://nl.linkedin.com/jobs/view/sodastream-production-planning-scheduling-assistant-analyst-at-pepsico-4453466354,https://www.linkedin.com/company/pepsico,4453466354
Perk,Enterprise Account Management - Benelux,Amsterdam,2026-09-15,customer succes,nee,https://nl.linkedin.com/jobs/view/enterprise-account-management-benelux-at-perk-4466520644,https://www.linkedin.com/company/perk,4466520644
Permobil,Customer Support Representative,Oisterwijk,2026-09-06,after sales medewerker,nee,https://nl.linkedin.com/jobs/view/customer-support-representative-at-permobil-4400388875,https://se.linkedin.com/company/permobil,4400388875
Personato,Logistiek medewerker,Oostrum,2026-09-14,supply chain medewerker webshop,nee,https://nl.linkedin.com/jobs/view/logistiek-medewerker-at-personato-4467088156,https://nl.linkedin.com/company/personato,4467088156
Personato,Operations Coördinator,Deurne,2026-09-17,supply chain medewerker webshop,nee,https://nl.linkedin.com/jobs/view/operations-co%C3%B6rdinator-at-personato-4468386063,https://nl.linkedin.com/company/personato,4468386063
Personato,Commercieel Medewerker Binnendienst,Eindhoven,2026-09-18,medewerker verkoop binnendienst webshop,nee,https://nl.linkedin.com/jobs/view/commercieel-medewerker-binnendienst-at-personato-4469105894,https://nl.linkedin.com/company/personato,4469105894
PeterPrint,Tech Lead (lead developer),Groningen,2026-09-15,inkoper webshop,nee,https://nl.linkedin.com/jobs/view/tech-lead-lead-developer-at-peterprint-4465258198,https://nl.linkedin.com/company/peterprint,4465258198
Peterson Energies,Medewerker Goederenontvangst- HUB Den Helder,Den Helder,2026-08-26,fulfilment medewerker,nee,https://nl.linkedin.com/jobs/view/medewerker-goederenontvangst-hub-den-helder-at-peterson-energies-4459169235,https://nl.linkedin.com/company/petersonenergies,4459169235
PGGM,Klantcontact medewerker BPF Schilders,Zeist,2026-09-17,klantsupport,nee,https://nl.linkedin.com/jobs/view/klantcontact-medewerker-bpf-schilders-at-pggm-4468602316,https://nl.linkedin.com/company/pggm,4468602316
PharmaPartners,Customer Care Specialist,Oosterhout,2026-09-19,after sales medewerker,nee,https://nl.linkedin.com/jobs/view/customer-care-specialist-at-pharmapartners-4455856177,https://nl.linkedin.com/company/pharmapartners,4455856177
Philips,Logistiek Medewerker &amp; Warehouse Coördinator 7T MR,Best,2026-09-02,fulfilment medewerker,nee,https://nl.linkedin.com/jobs/view/logistiek-medewerker-warehouse-co%C3%B6rdinator-7t-mr-at-philips-4460983149,https://nl.linkedin.com/company/philips,4460983149
Picnic Technologies,Creative Designer,Amsterdam,2026-09-02,social media medewerker webshop,nee,https://nl.linkedin.com/jobs/view/creative-designer-at-picnic-technologies-4231528333,https://nl.linkedin.com/company/picnictechnologies,4231528333
Picnic Technologies,Working Student Content Creator,Amsterdam,2026-09-07,social media medewerker webshop,nee,https://nl.linkedin.com/jobs/view/working-student-content-creator-at-picnic-technologies-4298285229,https://nl.linkedin.com/company/picnictechnologies,4298285229
Picnic Technologies,Inbound Supply Chain Coordinator,Amsterdam,2026-09-11,supply chain medewerker webshop,nee,https://nl.linkedin.com/jobs/view/inbound-supply-chain-coordinator-at-picnic-technologies-4438261843,https://nl.linkedin.com/company/picnictechnologies,4438261843
Picnic Technologies,Product Manager - Consumer App,Amsterdam,2026-09-12,product owner webshop,nee,https://nl.linkedin.com/jobs/view/product-manager-consumer-app-at-picnic-technologies-4238787922,https://nl.linkedin.com/company/picnictechnologies,4238787922
Picnic Technologies,Graduate Product Manager - Picnic App,Amsterdam,2026-09-12,product owner webshop,nee,https://nl.linkedin.com/jobs/view/graduate-product-manager-picnic-app-at-picnic-technologies-4331347194,https://nl.linkedin.com/company/picnictechnologies,4331347194
Picnic Technologies,Graduate Product Manager - Supply Chain,Amsterdam,2026-09-15,product owner webshop,nee,https://nl.linkedin.com/jobs/view/graduate-product-manager-supply-chain-at-picnic-technologies-4440004973,https://nl.linkedin.com/company/picnictechnologies,4440004973
Picnic Technologies,Working Student Content Editor,Amsterdam,2026-09-18,social media medewerker webshop,nee,https://nl.linkedin.com/jobs/view/working-student-content-editor-at-picnic-technologies-4450602285,https://nl.linkedin.com/company/picnictechnologies,4450602285
Picnic Technologies,Campaign Manager,Amsterdam,2026-09-22,email marketeer webshop,nee,https://nl.linkedin.com/jobs/view/campaign-manager-at-picnic-technologies-4384847658,https://nl.linkedin.com/company/picnictechnologies,4384847658
Pijper Media,Redacteur / marketeer koopkompas.nl en voordeelpas.nl,Groningen,2026-06-01,inkoper webshop,nee,https://nl.linkedin.com/jobs/view/redacteur-marketeer-koopkompas-nl-en-voordeelpas-nl-at-pijper-media-4418783831,https://nl.linkedin.com/company/pijper-media,4418783831
Pijper Media,Social en online redacteur Ouders van Nu,Groningen,2026-06-03,social media medewerker webshop,nee,https://nl.linkedin.com/jobs/view/social-en-online-redacteur-ouders-van-nu-at-pijper-media-4420129804,https://nl.linkedin.com/company/pijper-media,4420129804
PinDirect by Cyber &amp; Mason,Medewerker Customer Support,Amersfoort,2026-09-14,after sales medewerker,nee,https://nl.linkedin.com/jobs/view/medewerker-customer-support-at-pindirect-by-cyber-mason-4467070749,https://nl.linkedin.com/company/pindirect,4467070749
PINK,SEO Specialist,Groningen,2026-08-23,inkoper webshop,nee,https://nl.linkedin.com/jobs/view/seo-specialist-at-pink-4468391905,https://nl.linkedin.com/company/pinkagencynl,4468391905
Planet,"Customer Success Manager, Civil Government",Haarlem,2026-09-19,customer succes,nee,https://nl.linkedin.com/jobs/view/customer-success-manager-civil-government-at-planet-4460374379,https://www.linkedin.com/company/planet-labs,4460374379
Plieger,Verkoopmedewerker Amsterdam Wenckebachweg,Amsterdam,2026-02-12,medewerker verkoop binnendienst webshop,nee,https://nl.linkedin.com/jobs/view/verkoopmedewerker-amsterdam-wenckebachweg-at-plieger-4363088812,https://nl.linkedin.com/company/plieger,4363088812
Plieger,IT Support Medewerker,Zaltbommel,2026-06-17,servicedesk medewerker webshop,nee,https://nl.linkedin.com/jobs/view/it-support-medewerker-at-plieger-4426882717,https://nl.linkedin.com/company/plieger,4426882717
Pluripharm Groep,Medewerker Customer Services,Alkmaar,2026-09-13,klantsupport,nee,https://nl.linkedin.com/jobs/view/medewerker-customer-services-at-pluripharm-groep-4439035928,https://nl.linkedin.com/company/pluripharm,4439035928
PLUS Retail,E-mail Marketeer,Utrecht,2026-09-03,email marketeer webshop,nee,https://nl.linkedin.com/jobs/view/e-mail-marketeer-at-plus-retail-4434621877,https://nl.linkedin.com/company/plus-retail,4434621877
PLUS Retail,Medewerker Winkel Helpdesk,Utrecht,2026-09-04,after sales medewerker,nee,https://nl.linkedin.com/jobs/view/medewerker-winkel-helpdesk-at-plus-retail-4340155657,https://nl.linkedin.com/company/plus-retail,4340155657
Pluvo,Customer Success Manager,Amsterdam Area,2026-09-11,customer succes,nee,https://nl.linkedin.com/jobs/view/customer-success-manager-at-pluvo-4466060567,https://nl.linkedin.com/company/pluvo,4466060567
Podimo,Social Media Specialist,Amsterdam,2026-08-13,social media medewerker webshop,nee,https://nl.linkedin.com/jobs/view/social-media-specialist-at-podimo-4455672666,https://dk.linkedin.com/company/podimo,4455672666
Podimo,Social Media Specialist,Amsterdam Area,2026-09-11,social media medewerker webshop,nee,https://nl.linkedin.com/jobs/view/social-media-specialist-at-podimo-4456005580,https://dk.linkedin.com/company/podimo,4456005580
Pomeroy,Information Technology Support Technician,Venlo,2026-09-17,servicedesk medewerker webshop,nee,https://nl.linkedin.com/jobs/view/information-technology-support-technician-at-pomeroy-4466181940,https://www.linkedin.com/company/pomeroy,4466181940
Port of Rotterdam,Product Owner Data Platforms,Rotterdam,2026-09-09,product owner webshop,nee,https://nl.linkedin.com/jobs/view/product-owner-data-platforms-at-port-of-rotterdam-4465063195,https://nl.linkedin.com/company/port-of-rotterdam,4465063195
Postcode Loterij,Senior Retentie Marketeer Postcode Loterij,Amsterdam,2026-09-09,email marketeer webshop,nee,https://nl.linkedin.com/jobs/view/senior-retentie-marketeer-postcode-loterij-at-postcode-loterij-4455752375,https://nl.linkedin.com/company/postcodeloterij,4455752375
Postcode Loterij,Leads Marketeer,Amsterdam,2026-09-10,email marketeer webshop,nee,https://nl.linkedin.com/jobs/view/leads-marketeer-at-postcode-loterij-4465691835,https://nl.linkedin.com/company/postcodeloterij,4465691835
Postcode Loterij,Klantenservice Medewerker - Parttime,Amsterdam,2026-09-14,customer service parttime,nee,https://nl.linkedin.com/jobs/view/klantenservice-medewerker-parttime-at-postcode-loterij-4402505615,https://nl.linkedin.com/company/postcodeloterij,4402505615
Postcode Loterij,Klantenservice Medewerker - Student,Amsterdam,2026-09-14,customer service parttime,nee,https://nl.linkedin.com/jobs/view/klantenservice-medewerker-student-at-postcode-loterij-4402515098,https://nl.linkedin.com/company/postcodeloterij,4402515098
Postcode Loterij,Klantenservice Medewerker,Amsterdam,2026-09-14,customer service parttime,nee,https://nl.linkedin.com/jobs/view/klantenservice-medewerker-at-postcode-loterij-4402501682,https://nl.linkedin.com/company/postcodeloterij,4402501682
Postex DACH,Customer Success &amp; Support Consultant (40 uur),Gouda,2026-07-28,customer succes,nee,https://nl.linkedin.com/jobs/view/customer-success-support-consultant-40-uur-at-postex-dach-4446002322,https://de.linkedin.com/company/postex-dach,4446002322
Powerfleet,Account Manager,Utrecht,2026-09-19,customer succes,nee,https://nl.linkedin.com/jobs/view/account-manager-at-powerfleet-4403647250,https://www.linkedin.com/company/powerfleetaiot,4403647250
PowerKraut,Product Owner,Doetinchem,2026-09-08,product owner webshop,nee,https://nl.linkedin.com/jobs/view/product-owner-at-powerkraut-4464488897,https://nl.linkedin.com/company/powerkrautnl,4464488897
PPG,Administratief medewerker supply chain,Tiel,2026-05-22,supply chain medewerker webshop,nee,https://nl.linkedin.com/jobs/view/administratief-medewerker-supply-chain-at-ppg-4418159678,https://www.linkedin.com/company/ppg,4418159678
PPG,Technical Support Medewerker,Amsterdam,2026-09-08,after sales medewerker,nee,https://nl.linkedin.com/jobs/view/technical-support-medewerker-at-ppg-4464481383,https://www.linkedin.com/company/ppg,4464481383
PQR | Rustmakers in IT,IT Support Specialist,Utrecht,2026-06-26,servicedesk medewerker webshop,nee,https://nl.linkedin.com/jobs/view/it-support-specialist-at-pqr-rustmakers-in-it-4433818937,https://nl.linkedin.com/company/pqr,4433818937
PQR | Rustmakers in IT,IT Support Specialist,Utrecht,2026-06-26,servicedesk medewerker webshop,nee,https://nl.linkedin.com/jobs/view/it-support-specialist-at-pqr-rustmakers-in-it-4433811406,https://nl.linkedin.com/company/pqr,4433811406
PQR | Rustmakers in IT,Support Engineer,Utrecht,2026-09-04,servicedesk medewerker webshop,nee,https://nl.linkedin.com/jobs/view/support-engineer-at-pqr-rustmakers-in-it-4461143942,https://nl.linkedin.com/company/pqr,4461143942
Praxis,Marketplace Platform Specialist,Amsterdam,2026-08-25,product owner webshop,nee,https://nl.linkedin.com/jobs/view/marketplace-platform-specialist-at-praxis-4458743287,https://nl.linkedin.com/company/praxis-diy,4458743287
Premier Tech,Distribution &amp; Logistics Administrator,Eersel,2026-01-28,supply chain medewerker webshop,nee,https://nl.linkedin.com/jobs/view/distribution-logistics-administrator-at-premier-tech-4366935471,https://ca.linkedin.com/company/premier-tech,4366935471
Premier Tech,Magazijnmedewerker,Eersel,2026-04-21,fulfilment medewerker,nee,https://nl.linkedin.com/jobs/view/magazijnmedewerker-at-premier-tech-4404922308,https://ca.linkedin.com/company/premier-tech,4404922308
Premier Tech,Magazijnmedewerker,Hapert,2026-04-21,fulfilment medewerker,nee,https://nl.linkedin.com/jobs/view/magazijnmedewerker-at-premier-tech-4404934093,https://ca.linkedin.com/company/premier-tech,4404934093
Pricewise,CRM &amp; Customer Data Specialist,Amsterdam Area,2026-09-11,email marketeer webshop,nee,https://nl.linkedin.com/jobs/view/crm-customer-data-specialist-at-pricewise-4464887401,https://nl.linkedin.com/company/pricewisenl,4464887401
Prijsvrij Vakanties,CRO Specialist,'s-Hertogenbosch,2026-09-02,email marketeer webshop,nee,https://nl.linkedin.com/jobs/view/cro-specialist-at-prijsvrij-vakanties-4462171539,https://nl.linkedin.com/company/prijsvrij,4462171539
Print&amp;Bind,Print Support | Klantenservicemedewerker,Amsterdam,2026-04-20,customer service parttime,nee,https://nl.linkedin.com/jobs/view/print-support-klantenservicemedewerker-at-print-bind-4415388252,https://nl.linkedin.com/company/printenbind,4415388252
Print.com,Klantenservice medewerker,Deventer,2025-09-02,after sales medewerker,nee,https://nl.linkedin.com/jobs/view/klantenservice-medewerker-at-print-com-4294221522,https://nl.linkedin.com/company/printdotcom,4294221522
Print.com,Customer Retention Specialist,Deventer,2026-03-30,email marketeer webshop,nee,https://nl.linkedin.com/jobs/view/customer-retention-specialist-at-print-com-4392901510,https://nl.linkedin.com/company/printdotcom,4392901510
Print.com,Customer Success Specialist,Deventer,2026-05-20,customer succes,nee,https://nl.linkedin.com/jobs/view/customer-success-specialist-at-print-com-4416192903,https://nl.linkedin.com/company/printdotcom,4416192903
Print.com,After Sales Specialist - Klantrelatie &amp; Complaints,Deventer,2026-09-10,conversie specialist,nee,https://nl.linkedin.com/jobs/view/after-sales-specialist-klantrelatie-complaints-at-print-com-4465607153,https://nl.linkedin.com/company/printdotcom,4465607153
Prinzen BV,Product Owner Software,Aalten,2026-07-23,product owner webshop,nee,https://nl.linkedin.com/jobs/view/product-owner-software-at-prinzen-bv-4444447694,https://nl.linkedin.com/company/prinzen-bv,4444447694
PrivacyPerfect,Customer Success &amp; Implementation Manager.,Rotterdam,2026-08-26,customer succes,nee,https://nl.linkedin.com/jobs/view/customer-success-implementation-manager-at-grcperfect-4459181250,https://nl.linkedin.com/company/privacyperfect,4459181250
Pro Warehouse ,Klantenservicemedewerker,Amsterdam,2026-09-04,after sales medewerker,nee,https://nl.linkedin.com/jobs/view/klantenservicemedewerker-at-pro-warehouse-%EF%A3%BF-4463370329,https://nl.linkedin.com/company/pro-warehouse,4463370329
Productowner.nl,Product owner,Amsterdam,2026-09-10,product owner webshop,nee,https://nl.linkedin.com/jobs/view/product-owner-at-productowner-nl-4465657019,https://nl.linkedin.com/company/productownernl,4465657019
Proefdiervrij,Digitale marketeer,'s-Gravenhage,2026-09-21,email marketeer webshop,nee,https://nl.linkedin.com/jobs/view/digitale-marketeer-at-proefdiervrij-4469914221,https://nl.linkedin.com/company/proefdiervrij,4469914221
PROFI-SEC Security &amp; Crowdmanagement,Marketingspecialist,'s-Hertogenbosch,2026-09-15,conversie specialist,nee,https://nl.linkedin.com/jobs/view/marketingspecialist-at-profi-sec-security-crowdmanagement-4466160598,https://nl.linkedin.com/company/profi-sec-security-bv,4466160598
Profit4SF an Eviden business,Salesforce Marketing Cloud Consultant,Utrecht,2026-07-09,email marketeer webshop,nee,https://nl.linkedin.com/jobs/view/salesforce-marketing-cloud-consultant-at-profit4sf-4437908657,https://www.linkedin.com/company/profit4sf,4437908657
Proforto®,Logistiek Medewerker bij Proforto,Oosterhout,2026-06-23,supply chain medewerker webshop,nee,https://nl.linkedin.com/jobs/view/logistiek-medewerker-bij-proforto-at-proforto%C2%AE-4431235377,https://nl.linkedin.com/company/proforto,4431235377
Progressive,Supply Chain Planner - Dutch Required!!!,Maastricht,2026-08-25,supply chain medewerker webshop,nee,https://nl.linkedin.com/jobs/view/supply-chain-planner-dutch-required%21%21%21-at-progressive-4458702224,https://uk.linkedin.com/company/progressive-recruitment,4458702224
Progressive,Supply Chain Coördinator,Noordwijk-Binnen,2026-09-21,supply chain medewerker webshop,nee,https://nl.linkedin.com/jobs/view/supply-chain-co%C3%B6rdinator-at-progressive-4469858274,https://uk.linkedin.com/company/progressive-recruitment,4469858274
Progressive,IT Servicedesk Medewerker | Zorg | Woerden,Woerden,2026-09-22,servicedesk medewerker webshop,nee,https://nl.linkedin.com/jobs/view/it-servicedesk-medewerker-zorg-woerden-at-progressive-4453117246,https://uk.linkedin.com/company/progressive-recruitment,4453117246
project44,Customer Success Manager,Amsterdam,2026-09-15,customer succes,nee,https://nl.linkedin.com/jobs/view/customer-success-manager-at-project44-4465266062,https://www.linkedin.com/company/project-44,4465266062
Promidata,Customer succes manager / Implementor,Kerkrade,2026-09-10,customer succes,nee,https://nl.linkedin.com/jobs/view/customer-succes-manager-implementor-at-promidata-4463060542,https://nl.linkedin.com/company/promidata-b.v.,4463060542
Prominent,Marketing Automation Specialist,Nunspeet,2026-09-05,email marketeer webshop,nee,https://nl.linkedin.com/jobs/view/marketing-automation-specialist-at-prominent-comfortproducten-bv-4441480549,https://nl.linkedin.com/company/prominent-comfortproducten-bv,4441480549
Propeller,"Customer Success Manager (Based in: Germany, the Netherlands, the UK or Spain)",Nederland,2026-09-10,customer succes,nee,https://nl.linkedin.com/jobs/view/customer-success-manager-based-in-germany-the-netherlands-the-uk-or-spain-at-propeller-4464180745,https://au.linkedin.com/company/propeller-aero,4464180745
Proprli,Customer Support Professional at team Proprli (NL),Heerde,2026-07-17,after sales medewerker,nee,https://nl.linkedin.com/jobs/view/customer-support-professional%0Aat-team-proprli-nl-at-proprli-4441325540,https://nl.linkedin.com/company/proprli-terminal,4441325540
Prowise NL,Logistiek medewerker,Budel,2026-07-22,supply chain medewerker webshop,nee,https://nl.linkedin.com/jobs/view/logistiek-medewerker-at-prowise-nl-4441029064,https://nl.linkedin.com/company/prowise-nl,4441029064
Prowise NL,Senior Inkoper,Budel,2026-08-25,inkoper webshop,nee,https://nl.linkedin.com/jobs/view/senior-inkoper-at-prowise-nl-4456541164,https://nl.linkedin.com/company/prowise-nl,4456541164
Prowise NL,Customer Service Medewerker (Duitstalig),Budel,2026-09-19,servicedesk medewerker webshop,nee,https://nl.linkedin.com/jobs/view/customer-service-medewerker-duitstalig-at-prowise-nl-4466934866,https://nl.linkedin.com/company/prowise-nl,4466934866
Proxsys,Skilled Servicedesk Medewerker,Rotterdam,2026-06-18,after sales medewerker,nee,https://nl.linkedin.com/jobs/view/skilled-servicedesk-medewerker-at-proxsys-4439773635,https://nl.linkedin.com/company/proxsys-nl,4439773635
Prénatal,Logistiek coördinator,Amersfoort,2026-09-01,supply chain medewerker webshop,nee,https://nl.linkedin.com/jobs/view/logistiek-co%C3%B6rdinator-at-prenatal-moeder-en-kind-b-v-4459512475,https://nl.linkedin.com/company/prenatal-moeder-en-kind-b.v.,4459512475
PSA BDP,Logistics Service Coordinator Ocean Import - LLP,Rotterdam,2026-09-17,supply chain medewerker webshop,nee,https://nl.linkedin.com/jobs/view/logistics-service-coordinator-ocean-import-llp-at-psa-bdp-4428959542,https://www.linkedin.com/company/psabdp,4428959542
Publicis Re:Sources,"Senior Associate, Onsite Tech Support",Amsterdam,2026-09-05,servicedesk medewerker webshop,nee,https://nl.linkedin.com/jobs/view/senior-associate-onsite-tech-support-at-publicis-re-sources-4444326392,https://fr.linkedin.com/company/publicisresources,4444326392
Publitas.com,Senior Customer Success Manager ( SaaS / Remote / Dutch),Nederland,2026-09-08,customer succes,nee,https://nl.linkedin.com/jobs/view/senior-customer-success-manager-saas-remote-dutch-at-publitas-com-4458166743,https://nl.linkedin.com/company/publitas-com,4458166743
PXR Media,E-mail Marketeer,Amsterdam,2026-06-26,email marketeer webshop,nee,https://nl.linkedin.com/jobs/view/e-mail-marketeer-at-pxr-media-4430282901,https://nl.linkedin.com/company/pxr-nl,4430282901
PXR Media,Women's Health Social Media stage,Amsterdam,2026-06-26,social media medewerker webshop,nee,https://nl.linkedin.com/jobs/view/women-s-health-social-media-stage-at-pxr-media-4430282902,https://nl.linkedin.com/company/pxr-nl,4430282902
Q-logic,Product Owner,Hoevelaken,2026-09-03,product owner webshop,nee,https://nl.linkedin.com/jobs/view/product-owner-at-q-logic-anders-werken-samen-groeien-4462834239,https://nl.linkedin.com/company/q-logic-b-v-,4462834239
Qargo TMS,Account Manager (NL),Utrecht,2026-09-04,customer succes,nee,https://nl.linkedin.com/jobs/view/account-manager-nl-at-qargo-tms-4461987156,https://uk.linkedin.com/company/qargo-tms,4461987156
Qargo TMS,Account Manager (NL) - German Speaking,Utrecht,2026-09-09,customer succes,nee,https://nl.linkedin.com/jobs/view/account-manager-nl-german-speaking-at-qargo-tms-4463883154,https://uk.linkedin.com/company/qargo-tms,4463883154
QLS,Logistiek Medewerker,Alblasserdam,2025-06-24,supply chain medewerker webshop,nee,https://nl.linkedin.com/jobs/view/logistiek-medewerker-at-qls-4253945811,https://nl.linkedin.com/company/qls-nl,4253945811
QLS,Junior Accountmanager,Dordrecht,2026-05-15,customer succes,nee,https://nl.linkedin.com/jobs/view/junior-accountmanager-at-qls-4287659751,https://nl.linkedin.com/company/qls-nl,4287659751
QLS,Fashion Medewerker,Dordrecht,2026-06-19,fulfilment medewerker,nee,https://nl.linkedin.com/jobs/view/fashion-medewerker-at-qls-4412024459,https://nl.linkedin.com/company/qls-nl,4412024459
QLS,Product Owner,Dordrecht,2026-07-09,product owner webshop,nee,https://nl.linkedin.com/jobs/view/product-owner-at-qls-4414026106,https://nl.linkedin.com/company/qls-nl,4414026106
QLS,Junior Marketeer,Dordrecht,2026-09-14,social media medewerker webshop,nee,https://nl.linkedin.com/jobs/view/junior-marketeer-at-qls-4454637924,https://nl.linkedin.com/company/qls-nl,4454637924
QLS,Senior Marketeer,Dordrecht,2026-09-22,email marketeer webshop,nee,https://nl.linkedin.com/jobs/view/senior-marketeer-at-qls-4454646890,https://nl.linkedin.com/company/qls-nl,4454646890
Qobee,Servicedesk Consultant,Breda,2026-09-03,servicedesk medewerker webshop,nee,https://nl.linkedin.com/jobs/view/servicedesk-consultant-at-qobee-4420439795,https://be.linkedin.com/company/qobee,4420439795
Qogita,Senior Product Manager,Amsterdam,2026-07-29,product owner webshop,nee,https://nl.linkedin.com/jobs/view/senior-product-manager-at-qogita-4446801093,https://uk.linkedin.com/company/qogita,4446801093
Qogita,Sales Development Representative (Business Development),Amsterdam,2026-09-21,conversie specialist,nee,https://nl.linkedin.com/jobs/view/sales-development-representative-business-development-at-qogita-4450629310,https://uk.linkedin.com/company/qogita,4450629310
Qogita,Paid Social &amp; Creative Manager,Amsterdam,2026-09-21,social media medewerker webshop,nee,https://nl.linkedin.com/jobs/view/paid-social-creative-manager-at-qogita-4458717142,https://uk.linkedin.com/company/qogita,4458717142
Qooling,Product Manager,'s-Gravenhage,2026-09-14,product owner webshop,nee,https://nl.linkedin.com/jobs/view/product-manager-at-qooling-4452829389,https://nl.linkedin.com/company/qooling,4452829389
Quality Contacts,INBOUND KLANTADVISEUR,Zwolle,2026-07-10,conversie specialist,nee,https://nl.linkedin.com/jobs/view/inbound-klantadviseur-at-quality-contacts-4439311110,https://nl.linkedin.com/company/quality-contacts,4439311110
Quantore B.V.,Medewerker klantenservice,Beuningen,2026-09-17,customer service parttime,nee,https://nl.linkedin.com/jobs/view/medewerker-klantenservice-at-quantore-b-v-4466283002,https://nl.linkedin.com/company/quantore-bv,4466283002
Quatt,Sales Support,Amsterdam,2026-07-17,conversie specialist,nee,https://nl.linkedin.com/jobs/view/sales-support-at-quatt-4449126242,https://nl.linkedin.com/company/quatt-heat,4449126242
Quatt,Customer Success Manager - Installations,Amsterdam,2026-09-08,customer succes,nee,https://nl.linkedin.com/jobs/view/customer-success-manager-installations-at-quatt-4462418926,https://nl.linkedin.com/company/quatt-heat,4462418926
Quistor,Western Europe Broadpin - Junior First Line Support,Nederland,2026-06-16,servicedesk medewerker webshop,nee,https://nl.linkedin.com/jobs/view/western-europe-broadpin-junior-first-line-support-at-quistor-4426819705,https://nl.linkedin.com/company/quistor,4426819705
Quooker,Customer service medewerker,Ridderkerk,2026-07-13,after sales medewerker,nee,https://nl.linkedin.com/jobs/view/customer-service-medewerker-at-quooker-4450082726,https://nl.linkedin.com/company/quooker,4450082726
Quooker,Customer service medewerker,Ridderkerk,2026-08-31,after sales medewerker,nee,https://nl.linkedin.com/jobs/view/customer-service-medewerker-at-quooker-4461067449,https://nl.linkedin.com/company/quooker,4461067449
Quooker,Applicatie Manager Marketing &amp; Ecommerce,Ridderkerk,2026-09-01,inkoper webshop,nee,https://nl.linkedin.com/jobs/view/applicatie-manager-marketing-ecommerce-at-quooker-4461560850,https://nl.linkedin.com/company/quooker,4461560850
Quooker,Applicatiebeheerder,Ridderkerk,2026-09-01,product owner webshop,nee,https://nl.linkedin.com/jobs/view/applicatiebeheerder-at-quooker-4461557867,https://nl.linkedin.com/company/quooker,4461557867
Quooker,Supply chain planner,Ridderkerk,2026-09-09,supply chain medewerker webshop,nee,https://nl.linkedin.com/jobs/view/supply-chain-planner-at-quooker-4465054435,https://nl.linkedin.com/company/quooker,4465054435
Quooker,Supply chain planner,Ridderkerk,2026-09-11,supply chain medewerker webshop,nee,https://nl.linkedin.com/jobs/view/supply-chain-planner-at-quooker-4466073178,https://nl.linkedin.com/company/quooker,4466073178
Quooker,Information Technology Support Specialist,Ridderkerk,2026-09-16,servicedesk medewerker webshop,nee,https://nl.linkedin.com/jobs/view/information-technology-support-specialist-at-quooker-4455729021,https://nl.linkedin.com/company/quooker,4455729021
Quooker,Business Analyst,Ridderkerk,2026-09-16,email marketeer webshop,nee,https://nl.linkedin.com/jobs/view/business-analyst-at-quooker-4430799961,https://nl.linkedin.com/company/quooker,4430799961
QWIC,Purchaser | BREKR &amp; QWIC | Fulltime,Amsterdam,2026-07-29,inkoper webshop,ja,https://nl.linkedin.com/jobs/view/purchaser-brekr-qwic-fulltime-at-qwic-4441968010,https://nl.linkedin.com/company/qwic,4441968010
QWIC,Head of IT,Amsterdam,2026-09-18,inkoper webshop,ja,https://nl.linkedin.com/jobs/view/head-of-it-at-qwic-4469154053,https://nl.linkedin.com/company/qwic,4469154053
Rabobank,Adviseur Klantenservice Midden -en Kleinbedrijf (MKB) - Omgeving Utrecht,Zeist,2026-09-03,klantsupport,nee,https://nl.linkedin.com/jobs/view/adviseur-klantenservice-midden-en-kleinbedrijf-mkb-omgeving-utrecht-at-rabobank-4404841495,https://nl.linkedin.com/company/rabobank,4404841495
Rabobank,Medewerker Klantenservice Particulieren Regio Tilburg,Tilburg,2026-09-04,klantsupport,nee,https://nl.linkedin.com/jobs/view/medewerker-klantenservice-particulieren-regio-tilburg-at-rabobank-4463345061,https://nl.linkedin.com/company/rabobank,4463345061
Rabobank,Medewerker Klantenservice Particulieren,Utrecht,2026-09-18,klantsupport,nee,https://nl.linkedin.com/jobs/view/medewerker-klantenservice-particulieren-at-rabobank-4441959772,https://nl.linkedin.com/company/rabobank,4441959772
Rabobank,Adviseur Klantenservice Midden -en Kleinbedrijf (MKB) - Regio Twente en Apeldoorn,Apeldoorn,2026-09-18,klantsupport,nee,https://nl.linkedin.com/jobs/view/adviseur-klantenservice-midden-en-kleinbedrijf-mkb-regio-twente-en-apeldoorn-at-rabobank-4404825716,https://nl.linkedin.com/company/rabobank,4404825716
Rabobank,Medewerker Klantenservice Particulieren Regio Eindhoven,Eindhoven,2026-09-21,klantsupport,nee,https://nl.linkedin.com/jobs/view/medewerker-klantenservice-particulieren-regio-eindhoven-at-rabobank-4451355910,https://nl.linkedin.com/company/rabobank,4451355910
Rabobank,Adviseur Klantenservice Midden -en Kleinbedrijf (MKB) Alkmaar,Alkmaar,2026-09-21,klantsupport,nee,https://nl.linkedin.com/jobs/view/adviseur-klantenservice-midden-en-kleinbedrijf-mkb-alkmaar-at-rabobank-4366383122,https://nl.linkedin.com/company/rabobank,4366383122
Rabobank,Adviseur Klantenservice Midden -en Kleinbedrijf (MKB) Landelijk,Utrecht,2026-09-21,klantsupport,nee,https://nl.linkedin.com/jobs/view/adviseur-klantenservice-midden-en-kleinbedrijf-mkb-landelijk-at-rabobank-4366376645,https://nl.linkedin.com/company/rabobank,4366376645
Radancy,Customer Success Manager,Capelle aan den IJssel,2026-09-02,customer succes,nee,https://nl.linkedin.com/jobs/view/customer-success-manager-at-radancy-4459960455,https://www.linkedin.com/company/radancy,4459960455
Radancy,Content Creator,Capelle aan den IJssel,2026-09-20,social media medewerker webshop,nee,https://nl.linkedin.com/jobs/view/content-creator-at-radancy-4167999688,https://www.linkedin.com/company/radancy,4167999688
Rail-Flow,Senior Customer Success Manager - SaaS (m/f/x),Rotterdam,2026-06-12,customer succes,nee,https://nl.linkedin.com/jobs/view/senior-customer-success-manager-saas-m-f-x-at-rail-flow-4425317073,https://de.linkedin.com/company/rail-flow,4425317073
RE The Agency,Social Media &amp; Content Marketing Stage,Rotterdam and The Hague,2026-08-05,social media medewerker webshop,nee,https://nl.linkedin.com/jobs/view/social-media-content-marketing-stage-at-re-the-agency-4449490248,https://nl.linkedin.com/company/re-the-agency,4449490248
Recruitment Masters = oud-topsporters in Sales Recruitment,Customer Support - tot € 3.400 p/m - Friesland 💻☎️,"Friesland, Nederland",2026-09-21,servicedesk medewerker webshop,nee,https://nl.linkedin.com/jobs/view/customer-support-tot-%E2%82%AC-3-400-p-m-friesland-%F0%9F%92%BB%E2%98%8E%EF%B8%8F-at-recruitment-masters-4469873956,https://nl.linkedin.com/company/recruitment-masters,4469873956
Redcare Pharmacy,Lagermitarbeiter Schwerpunkt Wareneingang (m/w/d) Vollzeit,Sevenum,2026-09-17,fulfilment medewerker,nee,https://nl.linkedin.com/jobs/view/lagermitarbeiter-schwerpunkt-wareneingang-m-w-d-vollzeit-at-redcare-pharmacy-4457782034,https://nl.linkedin.com/company/redcare-pharmacy-com,4457782034
Redcare Pharmacy,Magazijnmedewerker (m/v/x) Fulltime in Sevenum,Sevenum,2026-09-18,fulfilment medewerker,nee,https://nl.linkedin.com/jobs/view/magazijnmedewerker-m-v-x-fulltime-in-sevenum-at-redcare-pharmacy-4466672636,https://nl.linkedin.com/company/redcare-pharmacy-com,4466672636
RedCarpet®,Klantenservicemedewerker met ervaring,Amsterdam,2026-09-22,klantsupport,nee,https://nl.linkedin.com/jobs/view/klantenservicemedewerker-met-ervaring-at-redcarpet%C2%AE-4470290922,https://nl.linkedin.com/company/redcarpet-careers,4470290922
REEF,Online marketeer,Eindhoven,2026-09-08,email marketeer webshop,nee,https://nl.linkedin.com/jobs/view/online-marketeer-at-reef-4453076071,https://nl.linkedin.com/company/reef,4453076071
Remeha,Customer Support Specialist,Apeldoorn,2026-09-11,after sales medewerker,nee,https://nl.linkedin.com/jobs/view/customer-support-specialist-at-remeha-4466088520,https://nl.linkedin.com/company/remeha,4466088520
Rensa Family Company,E-Commerce Search &amp; Merchandising Specialist,Doetinchem,2026-09-08,product owner webshop,nee,https://nl.linkedin.com/jobs/view/e-commerce-search-merchandising-specialist-at-rensa-family-company-4464454587,https://nl.linkedin.com/company/rensa-family-company,4464454587
Rensa Verwarming + Ventilatie,Senior Product Owner IT Supply Chain,Doetinchem,2026-03-31,product owner webshop,nee,https://nl.linkedin.com/jobs/view/senior-product-owner-it-supply-chain-at-rensa-verwarming-%2B-ventilatie-4392443154,https://nl.linkedin.com/company/rensa,4392443154
Rensa Verwarming + Ventilatie,Logistiekmedewerker (dagdienst) - Weert,Weert,2026-07-08,fulfilment medewerker,nee,https://nl.linkedin.com/jobs/view/logistiekmedewerker-dagdienst-weert-at-rensa-verwarming-%2B-ventilatie-4437001223,https://nl.linkedin.com/company/rensa,4437001223
Rensa Verwarming + Ventilatie,E-Commerce Search &amp; Merchandising Specialist,Doetinchem,2026-09-01,product owner webshop,nee,https://nl.linkedin.com/jobs/view/e-commerce-search-merchandising-specialist-at-rensa-verwarming-%2B-ventilatie-4460236851,https://nl.linkedin.com/company/rensa,4460236851
RevoData,Technical Instructor,Amsterdam,2026-05-20,conversie specialist,nee,https://nl.linkedin.com/jobs/view/technical-instructor-at-revodata-4417329597,https://nl.linkedin.com/company/revodata,4417329597
RevoData,(Databricks) AI Instructor,Amsterdam,2026-08-11,conversie specialist,nee,https://nl.linkedin.com/jobs/view/databricks-ai-instructor-at-revodata-4463749272,https://nl.linkedin.com/company/revodata,4463749272
Rex.zone,Product Generalist,Nederland,2026-09-23,product owner webshop,nee,https://nl.linkedin.com/jobs/view/product-generalist-at-rex-zone-4470681993,https://www.linkedin.com/company/rex-zone,4470681993
Rheinmetall,Warehouse Employee / Orderpicker,Ede,2026-06-03,fulfilment medewerker,nee,https://nl.linkedin.com/jobs/view/warehouse-employee-orderpicker-at-rheinmetall-4419695758,https://de.linkedin.com/company/rheinmetall,4419695758
Rijk Zwaan,Allround Logistiek Medewerker,De Lier,2026-07-02,fulfilment medewerker,nee,https://nl.linkedin.com/jobs/view/allround-logistiek-medewerker-at-rijk-zwaan-4435060371,https://nl.linkedin.com/company/rijk-zwaan,4435060371
RINSMA MODEPLEIN,Stagiair Social Media,Beetsterzwaag,2026-08-25,social media medewerker webshop,nee,https://nl.linkedin.com/jobs/view/stagiair-social-media-at-rinsma-modeplein-4458758135,https://nl.linkedin.com/company/rinsma-modeplein,4458758135
RISE works,IT-TRAINEE,Randstad,2026-06-26,servicedesk medewerker webshop,nee,https://nl.linkedin.com/jobs/view/it-trainee-at-rise-works-4434013544,https://nl.linkedin.com/company/riseworksit,4434013544
Ritchie Bros.,IT Support Center Analyst,Breda,2026-09-16,servicedesk medewerker webshop,nee,https://nl.linkedin.com/jobs/view/it-support-center-analyst-at-ritchie-bros-4465957870,https://www.linkedin.com/company/ritchie-bros,4465957870
Rituals (B Corp™),Customer Relations Ambassador Dutch – CHO EDGE Amsterdam | 32-40h,Amsterdam,2026-09-15,conversie specialist,nee,https://nl.linkedin.com/jobs/view/customer-relations-ambassador-dutch-%E2%80%93-cho-edge-amsterdam-32-40h-at-rituals-b-corp%E2%84%A2-4458201673,https://nl.linkedin.com/company/rituals,4458201673
Rituals (B Corp™),Customer Relations and Sales Ambassador Swedish – CHO EDGE Amsterdam | 32-40h,Amsterdam,2026-09-15,customer service parttime,nee,https://nl.linkedin.com/jobs/view/customer-relations-and-sales-ambassador-swedish-%E2%80%93-cho-edge-amsterdam-32-40h-at-rituals-b-corp%E2%84%A2-4458747387,https://nl.linkedin.com/company/rituals,4458747387
Roadsoft,Customer Success Specialist (Onboarding &amp; Support),Amsterdam,2026-09-17,customer succes,nee,https://nl.linkedin.com/jobs/view/customer-success-specialist-onboarding-support-at-roadsoft-4468663286,https://nl.linkedin.com/company/roadsoft,4468663286
Robert Half,Information Technology Support Analyst,Amsterdam,2026-09-21,servicedesk medewerker webshop,nee,https://nl.linkedin.com/jobs/view/information-technology-support-analyst-at-robert-half-4467606692,https://www.linkedin.com/company/robert-half-international,4467606692
Robert Walters,Product &amp; Application Manager,Almere,2026-09-15,product owner webshop,nee,https://nl.linkedin.com/jobs/view/product-application-manager-at-robert-walters-4466194382,https://uk.linkedin.com/company/robert-walters,4466194382
Robin Radar Systems,Customer Success Manager - CUAS,Delft,2026-09-10,customer succes,nee,https://nl.linkedin.com/jobs/view/customer-success-manager-cuas-at-robin-radar-systems-4438199452,https://nl.linkedin.com/company/robin-radar-systems-b-v-,4438199452
Robin Radar Systems,Manager Customer Success - C-UAS,Delft,2026-09-11,customer succes,nee,https://nl.linkedin.com/jobs/view/manager-customer-success-c-uas-at-robin-radar-systems-4429909732,https://nl.linkedin.com/company/robin-radar-systems-b-v-,4429909732
Robin Radar Systems,Customer Success Manager - AVIAN,Delft,2026-09-17,customer succes,nee,https://nl.linkedin.com/jobs/view/customer-success-manager-avian-at-robin-radar-systems-4449473745,https://nl.linkedin.com/company/robin-radar-systems-b-v-,4449473745
ROCKWOOL Group,Customer Service Representative,Roermond,2026-09-10,klantsupport,nee,https://nl.linkedin.com/jobs/view/customer-service-representative-at-rockwool-group-4465686734,https://dk.linkedin.com/company/rockwool-group,4465686734
ROCKWOOL Group,Customer Services Employee,Roermond,2026-09-14,klantsupport,nee,https://nl.linkedin.com/jobs/view/customer-services-employee-at-rockwool-group-4467030929,https://dk.linkedin.com/company/rockwool-group,4467030929
ROCKWOOL Technical Insulation,Customer Service Employee German (24-28 hours),Roermond,2026-09-13,customer service parttime,nee,https://nl.linkedin.com/jobs/view/customer-service-employee-german-24-28-hours-at-rockwool-technical-insulation-4447528582,https://www.linkedin.com/company/rockwool-technical-insulation,4447528582
Rols Machineonderdelen B.V.,Expeditiemedewerker,Valkenswaard,2026-04-20,fulfilment medewerker,nee,https://nl.linkedin.com/jobs/view/expeditiemedewerker-at-rols-machineonderdelen-b-v-4403388069,https://nl.linkedin.com/company/rols-machine-onderdelen-b.v.,4403388069
Ron Gastrobar Groep,Content &amp; Social Media Stage – Ron Gastrobar Groep (September 2027),Diemen,2026-09-11,social media medewerker webshop,nee,https://nl.linkedin.com/jobs/view/content-social-media-stage-%E2%80%93-ron-gastrobar-groep-september-2027-at-ron-gastrobar-groep-4466038925,https://nl.linkedin.com/company/ron-blaauw,4466038925
Root3,Apple Technical Support Engineer,Halfweg,2026-02-14,servicedesk medewerker webshop,nee,https://nl.linkedin.com/jobs/view/apple-technical-support-engineer-at-root3-4372927686,https://nl.linkedin.com/company/root3,4372927686
ROSEN,Allround Logistiek Medewerker (Packer),Oldenzaal,2026-09-17,fulfilment medewerker,nee,https://nl.linkedin.com/jobs/view/allround-logistiek-medewerker-packer-at-rosen-4467572046,https://ch.linkedin.com/company/rosen,4467572046
Rosewood Amsterdam,Guest Service Agent,Amsterdam,2026-09-22,customer service parttime,nee,https://nl.linkedin.com/jobs/view/guest-service-agent-at-rosewood-amsterdam-4470445329,https://nl.linkedin.com/company/rosewood-amsterdam,4470445329
Rotom Nederland B.V.,Customer Service Medewerker Webshop,Eerbeek,2026-04-07,supply chain medewerker webshop,nee,https://nl.linkedin.com/jobs/view/customer-service-medewerker-webshop-at-rotom-nederland-b-v-4395476141,https://nl.linkedin.com/company/rotom-nederland-b.v.,4395476141
Roularta Media Group,Marketeer,Amsterdam Area,2026-09-17,email marketeer webshop,nee,https://nl.linkedin.com/jobs/view/marketeer-at-roularta-media-group-4456490958,https://be.linkedin.com/company/roularta-media-group,4456490958
RouteVision Nederland,Growth Marketing Specialist (32-40 uur · Rotterdam),Rotterdam,2026-07-27,email marketeer webshop,nee,https://nl.linkedin.com/jobs/view/growth-marketing-specialist-32-40-uur-%C2%B7-rotterdam-at-routevision-nederland-4445903527,https://nl.linkedin.com/company/routevision,4445903527
Roxit,Commercial Customer Succes Specialist - Productlijn Initiatieven,Zwolle,2026-08-28,customer succes,nee,https://nl.linkedin.com/jobs/view/commercial-customer-succes-specialist-productlijn-initiatieven-at-roxit-4460341749,https://nl.linkedin.com/company/roxit,4460341749
Roxit,Product Owner Nazca,Zwolle,2026-09-22,product owner webshop,nee,https://nl.linkedin.com/jobs/view/product-owner-nazca-at-roxit-4468565193,https://nl.linkedin.com/company/roxit,4468565193
Roxit,Product Owner Nazca,Nieuwegein,2026-09-22,product owner webshop,nee,https://nl.linkedin.com/jobs/view/product-owner-nazca-at-roxit-4468567101,https://nl.linkedin.com/company/roxit,4468567101
Roxit,Product Owner Nazca,Arnhem,2026-09-22,product owner webshop,nee,https://nl.linkedin.com/jobs/view/product-owner-nazca-at-roxit-4468545919,https://nl.linkedin.com/company/roxit,4468545919
Royal A-ware,Medewerker Customer Care,Almere,2026-09-07,after sales medewerker,nee,https://nl.linkedin.com/jobs/view/medewerker-customer-care-at-royal-a-ware-4425632190,https://nl.linkedin.com/company/a-ware-food-group-b-v-,4425632190
Royal A-ware,Medewerker Customer Care,Almere,2026-09-07,supply chain medewerker webshop,nee,https://nl.linkedin.com/jobs/view/medewerker-customer-care-at-royal-a-ware-4337138666,https://nl.linkedin.com/company/a-ware-food-group-b-v-,4337138666
Royal A-ware,Medewerker Customer Care,Almere,2026-09-09,supply chain medewerker webshop,nee,https://nl.linkedin.com/jobs/view/medewerker-customer-care-at-royal-a-ware-4465069656,https://nl.linkedin.com/company/a-ware-food-group-b-v-,4465069656
Royal A-ware,Customer Care Medewerker Logistics,Deventer,2026-09-15,supply chain medewerker webshop,nee,https://nl.linkedin.com/jobs/view/customer-care-medewerker-logistics-at-royal-a-ware-4467715563,https://nl.linkedin.com/company/a-ware-food-group-b-v-,4467715563
Royal Brinkman,Logistiek medewerker,'s-Gravenzande,2026-03-07,fulfilment medewerker,nee,https://nl.linkedin.com/jobs/view/logistiek-medewerker-at-royal-brinkman-4382375835,https://nl.linkedin.com/company/brinkman-agro-b-v-,4382375835
Royal Brinkman,Traineeship E-commerce,'s-Gravenzande,2026-06-30,email marketeer webshop,nee,https://nl.linkedin.com/jobs/view/traineeship-e-commerce-at-royal-brinkman-4431924589,https://nl.linkedin.com/company/brinkman-agro-b-v-,4431924589
Royal Dutch LV Logistics,ICT SUPPORT ENGINEER,Maasvlakte,2026-09-08,servicedesk medewerker webshop,nee,https://nl.linkedin.com/jobs/view/ict-support-engineer-at-royal-dutch-lv-logistics-4464622267,https://nl.linkedin.com/company/lv-logistics,4464622267
Royal FloraHolland,Product Support Medewerker,Honselersdijk,2026-07-17,after sales medewerker,nee,https://nl.linkedin.com/jobs/view/product-support-medewerker-at-royal-floraholland-4452443158,https://nl.linkedin.com/company/floraholland,4452443158
Runner's World Nederland,E-MAIL MARKETEER,Amsterdam,2026-08-02,email marketeer webshop,nee,https://nl.linkedin.com/jobs/view/e-mail-marketeer-at-runner-s-world-nederland-4447868860,https://nl.linkedin.com/company/runner-s-world-nederland,4447868860
Runner's World Nederland,WOMEN'S HEALTH SOCIAL MEDIA STAGE,Amsterdam,2026-08-02,social media medewerker webshop,nee,https://nl.linkedin.com/jobs/view/women-s-health-social-media-stage-at-runner-s-world-nederland-4447876101,https://nl.linkedin.com/company/runner-s-world-nederland,4447876101
Runner's World Nederland,BICYCLING SOCIAL MEDIA STAGE,Amsterdam,2026-08-02,social media medewerker webshop,nee,https://nl.linkedin.com/jobs/view/bicycling-social-media-stage-at-runner-s-world-nederland-4447866925,https://nl.linkedin.com/company/runner-s-world-nederland,4447866925
RX Group,CUSTOMER SUCCESS COORDINATOR GEZOCHT,Gemert,2026-08-27,customer succes,nee,https://nl.linkedin.com/jobs/view/customer-success-coordinator-gezocht-at-rx-group-4459696607,https://nl.linkedin.com/company/rx-group,4459696607
S&amp;you Nederland,Commercieel Medewerker Binnendienst,Alblasserdam,2026-09-03,medewerker verkoop binnendienst webshop,nee,https://nl.linkedin.com/jobs/view/commercieel-medewerker-binnendienst-at-s-you-nederland-4462788064,https://nl.linkedin.com/company/sandyou-nederland,4462788064
S-Recruitment - Fashion &amp; Lifestyle,E-commercemanager,'s-Hertogenbosch,2026-09-04,social media medewerker webshop,nee,https://nl.linkedin.com/jobs/view/e-commercemanager-at-s-recruitment-4461184009,https://nl.linkedin.com/company/s-recruitment-fashion-&amp;-lifestyle-recruitment-,4461184009
S4D,Customer Success Specialist (Nederlands),Amsterdam,2026-06-30,customer succes,nee,https://nl.linkedin.com/jobs/view/customer-success-specialist-nederlands-at-s4d-4434981284,https://nl.linkedin.com/company/solutions4delivery,4434981284
S4D,Customer Success Manager (Nederlands),Amsterdam,2026-06-30,customer succes,nee,https://nl.linkedin.com/jobs/view/customer-success-manager-nederlands-at-s4d-4434986304,https://nl.linkedin.com/company/solutions4delivery,4434986304
S4D,Customer Success Executive (International),Amsterdam,2026-07-08,customer succes,nee,https://nl.linkedin.com/jobs/view/customer-success-executive-international-at-s4d-4438226031,https://nl.linkedin.com/company/solutions4delivery,4438226031
Saga,Legal AI Growth Manager,Amsterdam,2026-09-15,conversie specialist,nee,https://nl.linkedin.com/jobs/view/legal-ai-growth-manager-at-saga-4467704720,https://nl.linkedin.com/company/sagalegal-io,4467704720
Saga,People Operations Specialist | International Scale-up,Amsterdam,2026-09-16,conversie specialist,nee,https://nl.linkedin.com/jobs/view/people-operations-specialist-international-scale-up-at-saga-4467978216,https://nl.linkedin.com/company/sagalegal-io,4467978216
Saleslift Studio,Go-to-market Engineer (NL),Amsterdam Area,2026-07-31,email marketeer webshop,nee,https://nl.linkedin.com/jobs/view/go-to-market-engineer-nl-at-saleslift-studio-4447599371,https://nl.linkedin.com/company/saleslift-studio,4447599371
Salesrecruiters,Hoofd van Klantensucces,"Utrecht, Nederland",2026-08-26,customer succes,nee,https://nl.linkedin.com/jobs/view/hoofd-van-klantensucces-at-salesrecruiters-4459301787,https://nl.linkedin.com/company/salesrecruiters,4459301787
Salta Group,Customer Success Manager,Hilversum,2026-09-03,customer succes,nee,https://nl.linkedin.com/jobs/view/customer-success-manager-at-salta-group-4462870093,https://nl.linkedin.com/company/saltagroup,4462870093
Salta Group,Technisch Support Medewerker,Hilversum,2026-09-04,servicedesk medewerker webshop,nee,https://nl.linkedin.com/jobs/view/technisch-support-medewerker-at-salta-group-4454398830,https://nl.linkedin.com/company/saltagroup,4454398830
Saniweb,Trainee E-commerce Automation &amp; AI,Waalwijk,2026-09-14,inkoper webshop,nee,https://nl.linkedin.com/jobs/view/trainee-e-commerce-automation-ai-at-saniweb-4467065782,https://nl.linkedin.com/company/saniweb,4467065782
SAP,Customer Success Manager - SAP Academy for Customer Success - Netherlands (Hybrid),'s-Hertogenbosch,2026-09-15,customer succes,nee,https://nl.linkedin.com/jobs/view/customer-success-manager-sap-academy-for-customer-success-netherlands-hybrid-at-sap-4448537130,https://de.linkedin.com/company/sap,4448537130
Satechi,Order Fulfillment Specialist,Nederland,2026-08-24,supply chain medewerker webshop,nee,https://nl.linkedin.com/jobs/view/order-fulfillment-specialist-at-satechi-4458531021,https://www.linkedin.com/company/satechi,4458531021
SAUR,IT Support Officer,Doetinchem,2026-06-30,servicedesk medewerker webshop,nee,https://nl.linkedin.com/jobs/view/it-support-officer-at-saur-4434358255,https://fr.linkedin.com/company/saur,4434358255
Sawiday,Senior online marketeer,Rosmalen,2026-09-17,email marketeer webshop,nee,https://nl.linkedin.com/jobs/view/senior-online-marketeer-at-sawiday-4468642022,https://nl.linkedin.com/company/sawiday,4468642022
Schipper Accountants,Mede­werker Marke­ting &amp; Commu­nicatie,Goes,2026-09-02,social media medewerker webshop,nee,https://nl.linkedin.com/jobs/view/mede%C2%ADwerker-marke%C2%ADting-commu%C2%ADnicatie-at-schipper-accountants-4461325637,https://nl.linkedin.com/company/schipperaccountants,4461325637
Schoenfabriek Wed. J.P. van Bommel bv,Orderpicker / Allround Magazijn medewerker,Moergestel,2026-09-04,supply chain medewerker webshop,nee,https://nl.linkedin.com/jobs/view/orderpicker-allround-magazijn-medewerker-at-schoenfabriek-wed-j-p-van-bommel-bv-4461172889,https://nl.linkedin.com/company/schoenfabriek-wed.-j.p.-van-bommel-bv,4461172889
Scholt Energy,Product Owner ERP,Eindhoven,2026-09-04,product owner webshop,nee,https://nl.linkedin.com/jobs/view/product-owner-erp-at-scholt-energy-4285649062,https://nl.linkedin.com/company/scholt-energy,4285649062
Schoolinkoop,Junior inkoper,'s-Hertogenbosch,2026-09-22,inkoper webshop,nee,https://nl.linkedin.com/jobs/view/junior-inkoper-at-schoolinkoop-4470439859,https://nl.linkedin.com/company/schoolinkoop,4470439859
Schoonderwoerd Vlees,Magazijnmedewerker,De Bilt,2024-12-05,fulfilment medewerker,nee,https://nl.linkedin.com/jobs/view/magazijnmedewerker-at-schoonderwoerd-vlees-4091409238,https://www.linkedin.com/company/schoonderwoerd-vlees,4091409238
Schuit Totaal Wonen,Backofficemedewerker,Putten,2026-09-22,medewerker verkoop binnendienst webshop,nee,https://nl.linkedin.com/jobs/view/backofficemedewerker-at-schuit-totaal-wonen-1708382084,https://nl.linkedin.com/company/schuit-totaal-wonen,1708382084
Schuitemaker,Stage/afstuderen: E-commerce &amp; Digital Commerce (MBO/HBO),Rijssen,2026-08-11,inkoper webshop,nee,https://nl.linkedin.com/jobs/view/stage-afstuderen-e-commerce-digital-commerce-mbo-hbo-at-schuitemaker-4452106308,https://www.linkedin.com/company/schuitemaker-excellent-winter-management,4452106308
Schwalbe Benelux,Logistiek medewerker,Hoofddorp,2026-07-14,supply chain medewerker webshop,nee,https://nl.linkedin.com/jobs/view/logistiek-medewerker-at-schwalbe-benelux-4440579131,https://nl.linkedin.com/company/schwalbe-nederland-bv,4440579131
Scope Cycling,Supply Chain Coordinator,Eindhoven,2026-08-20,supply chain medewerker webshop,nee,https://nl.linkedin.com/jobs/view/supply-chain-coordinator-at-scope-cycling-4456459471,https://nl.linkedin.com/company/scope-cycling,4456459471
SD Worx Jobs Nederland,Klantenservicemedewerker,Hengelo,2026-09-21,supply chain medewerker webshop,nee,https://nl.linkedin.com/jobs/view/klantenservicemedewerker-at-sd-worx-jobs-nederland-4468491998,https://nl.linkedin.com/company/sd-worx-jobs-nederland,4468491998
SDIM » Digital Marketing Agency,Digital creative - 2+ jaar ervaring,Haarlem,2026-09-07,social media medewerker webshop,nee,https://nl.linkedin.com/jobs/view/digital-creative-2%2B-jaar-ervaring-at-sdim-%C2%BB-digital-marketing-agency-4462935333,https://nl.linkedin.com/company/sdim-digital-marketing,4462935333
Search X Recruitment,Marketing Specialist,Leiden,2026-09-22,conversie specialist,nee,https://nl.linkedin.com/jobs/view/marketing-specialist-at-search-x-recruitment-4468547459,https://nl.linkedin.com/company/search-x-recruitment,4468547459
Search-On B.V.,Category Manager E-commerce,"Noord-Holland, Nederland",2026-09-21,inkoper webshop,nee,https://nl.linkedin.com/jobs/view/category-manager-e-commerce-at-search-on-b-v-4469902784,https://nl.linkedin.com/company/search-on,4469902784
Searchability®,Product Owner,Amsterdam,2026-09-02,product owner webshop,nee,https://nl.linkedin.com/jobs/view/product-owner-at-searchability%C2%AE-4462425500,https://uk.linkedin.com/company/searchability,4462425500
SearchApi,Developer Advocate 🥑,Nederland,2026-06-29,conversie specialist,nee,https://nl.linkedin.com/jobs/view/developer-advocate-%F0%9F%A5%91-at-searchapi-4434436809,https://www.linkedin.com/company/searchapi,4434436809
Seatchamp,Productmanager,Amsterdam,2026-09-15,product owner webshop,nee,https://nl.linkedin.com/jobs/view/productmanager-at-seatchamp-4467739229,https://nl.linkedin.com/company/seatchamp,4467739229
SECRID,CRM Expert,Den Haag,2026-09-15,email marketeer webshop,nee,https://nl.linkedin.com/jobs/view/crm-expert-at-secrid-4465545465,https://nl.linkedin.com/company/secrid,4465545465
SECRID,Senior CRM Strategist,Randstad,2026-09-15,email marketeer webshop,nee,https://nl.linkedin.com/jobs/view/senior-crm-strategist-at-secrid-4467706683,https://nl.linkedin.com/company/secrid,4467706683
Secure Design Webdevelopment,"Vacature front-end developer (mbo / hbo, Leiden, 32-40 uur)",Leiden,2026-07-09,servicedesk medewerker webshop,nee,https://nl.linkedin.com/jobs/view/vacature-front-end-developer-mbo-hbo-leiden-32-40-uur-at-secure-design-webdevelopment-4448391541,https://nl.linkedin.com/company/secure-design-webdevelopment,4448391541
Secure Design Webdevelopment,"Vacature online marketeer (hbo, 16-24 uur)",Leiden,2026-07-09,email marketeer webshop,nee,https://nl.linkedin.com/jobs/view/vacature-online-marketeer-hbo-16-24-uur-at-secure-design-webdevelopment-4448601209,https://nl.linkedin.com/company/secure-design-webdevelopment,4448601209
Secure Design Webdevelopment,"Vacature online marketeer (hbo, 32-36 uur)",Leiden,2026-07-09,social media medewerker webshop,nee,https://nl.linkedin.com/jobs/view/vacature-online-marketeer-hbo-32-36-uur-at-secure-design-webdevelopment-4448604202,https://nl.linkedin.com/company/secure-design-webdevelopment,4448604202
Secure Logistics BV,Medewerker Customer Service,Rotterdam,2026-09-08,customer service parttime,nee,https://nl.linkedin.com/jobs/view/medewerker-customer-service-at-secure-logistics-4464487656,https://nl.linkedin.com/company/secure-logistics-netherlands,4464487656
Seeders,Digital PR Specialist,Zwolle,2026-09-08,conversie specialist,nee,https://nl.linkedin.com/jobs/view/digital-pr-specialist-at-seeders-4463547631,https://nl.linkedin.com/company/seeders,4463547631
Seeders,Senior Digital PR Specialist,Zwolle,2026-09-08,conversie specialist,nee,https://nl.linkedin.com/jobs/view/senior-digital-pr-specialist-at-seeders-4463531733,https://nl.linkedin.com/company/seeders,4463531733
Seeders,Outbound Sales Specialist,Amsterdam-Duivendrecht,2026-09-19,conversie specialist,nee,https://nl.linkedin.com/jobs/view/outbound-sales-specialist-at-seeders-4468053409,https://nl.linkedin.com/company/seeders,4468053409
Seenons,Bijbaan: Customer Support,Amsterdam,2026-08-18,customer service parttime,nee,https://nl.linkedin.com/jobs/view/bijbaan-customer-support-at-seenons-4455706567,https://nl.linkedin.com/company/seenons,4455706567
SEIN - Expertisecentrum voor epilepsie en slaapgeneeskunde,Communicatie adviseur,Heemstede,2026-09-23,conversie specialist,nee,https://nl.linkedin.com/jobs/view/communicatie-adviseur-at-sein-expertisecentrum-voor-epilepsie-en-slaapgeneeskunde-4469414880,https://nl.linkedin.com/company/sein-expertisecentrum-epilepsie-slaapgeneeskunde,4469414880
Select Courier International B.V.,CUSTOMER SERVICE,Rotterdam,2026-07-21,klantsupport,nee,https://nl.linkedin.com/jobs/view/customer-service-at-select-courier-international-b-v-4442661805,https://nl.linkedin.com/company/select-courier-international,4442661805
Sendcloud,Growth Marketeer (Customer Base),Eindhoven,2026-09-11,email marketeer webshop,nee,https://nl.linkedin.com/jobs/view/growth-marketeer-customer-base-at-sendcloud-4446910311,https://nl.linkedin.com/company/sendcloud,4446910311
Sendcloud,Senior Product Manager,Eindhoven,2026-09-17,product owner webshop,nee,https://nl.linkedin.com/jobs/view/senior-product-manager-at-sendcloud-4448554728,https://nl.linkedin.com/company/sendcloud,4448554728
Sendcloud,Customer Support Consultant - Benelux,Eindhoven,2026-09-22,after sales medewerker,nee,https://nl.linkedin.com/jobs/view/customer-support-consultant-benelux-at-sendcloud-4460023105,https://nl.linkedin.com/company/sendcloud,4460023105
Sensara,Service Engineer Zorgtechnologie - scale-up,Rotterdam,2026-09-18,after sales medewerker,nee,https://nl.linkedin.com/jobs/view/service-engineer-zorgtechnologie-scale-up-at-sensara-4469189611,https://nl.linkedin.com/company/sensara,4469189611
Sense Company,Customer Care Specialist,Tilburg,2026-09-16,after sales medewerker,nee,https://nl.linkedin.com/jobs/view/customer-care-specialist-at-sense-company-4467079261,https://nl.linkedin.com/company/sense-company,4467079261
Sensitech,Junior Technical Support Specialist,Sassenheim,2026-09-21,conversie specialist,nee,https://nl.linkedin.com/jobs/view/junior-technical-support-specialist-at-sensitech-4469956801,https://www.linkedin.com/company/sensitech,4469956801
Sensorfact,Fulfilment Center Assistant,Utrecht,2026-08-25,fulfilment medewerker,nee,https://nl.linkedin.com/jobs/view/fulfilment-center-assistant-at-sensorfact-4458794751,https://nl.linkedin.com/company/sensorfact,4458794751
Sentry,Senior Technical Customer Success Manager,Amsterdam,2026-09-06,customer succes,nee,https://nl.linkedin.com/jobs/view/senior-technical-customer-success-manager-at-sentry-4409102494,https://www.linkedin.com/company/getsentry,4409102494
Service Best International B.V.,Medewerker Customer Relations (32 tot 40 uur),Eindhoven,2026-09-07,after sales medewerker,nee,https://nl.linkedin.com/jobs/view/medewerker-customer-relations-32-tot-40-uur-at-service-best-international-b-v-4464306303,https://nl.linkedin.com/company/service-best-international-b.v.,4464306303
Servicepunt Arbeid Den Haag,Communicatie medewerker,Den Haag,2026-07-21,social media medewerker webshop,nee,https://nl.linkedin.com/jobs/view/communicatie-medewerker-at-servicepunt-arbeid-den-haag-4440459944,https://nl.linkedin.com/company/servicepunt-arbeid-den-haag,4440459944
Shift4,Refund Operator,Amsterdam,2026-09-11,customer service parttime,nee,https://nl.linkedin.com/jobs/view/refund-operator-at-shift4-4466081054,https://www.linkedin.com/company/shift4,4466081054
Shine,"Customer Service &amp; Operations Specialist, NL Accounting &amp; Banking",Amsterdam,2026-09-04,klantsupport,nee,https://nl.linkedin.com/jobs/view/customer-service-operations-specialist-nl-accounting-banking-at-shine-4461194369,https://dk.linkedin.com/company/shine-global-tools,4461194369
ShipBob,Inventory Control Specialist (ICQA) - Fulfillment,Waddinxveen,2026-09-10,supply chain medewerker webshop,nee,https://nl.linkedin.com/jobs/view/inventory-control-specialist-icqa-fulfillment-at-shipbob-4428098055,https://www.linkedin.com/company/shipbob,4428098055
ShipBob,Operations Manager – Fulfillment,Waddinxveen,2026-09-13,inkoper webshop,nee,https://nl.linkedin.com/jobs/view/operations-manager-%E2%80%93-fulfillment-at-shipbob-4447148420,https://www.linkedin.com/company/shipbob,4447148420
ShipBob,Operations Manager – Fulfillment,Rilland,2026-09-17,inkoper webshop,nee,https://nl.linkedin.com/jobs/view/operations-manager-%E2%80%93-fulfillment-at-shipbob-4467560533,https://www.linkedin.com/company/shipbob,4467560533
Shockbyte,Support Associate,Eindhoven,2026-09-10,after sales medewerker,nee,https://nl.linkedin.com/jobs/view/support-associate-at-shockbyte-4465658497,https://au.linkedin.com/company/shockbyte,4465658497
Shoeby,Customer Service Medewerker,'s-Hertogenbosch,2026-08-27,customer service parttime,nee,https://nl.linkedin.com/jobs/view/customer-service-medewerker-at-shoeby-4459691018,https://nl.linkedin.com/company/shoeby-franchise,4459691018
Shoparize,Product Manager,Amsterdam,2026-09-07,product owner webshop,nee,https://nl.linkedin.com/jobs/view/product-manager-at-shoparize-4462224021,https://nl.linkedin.com/company/shoparize,4462224021
ShopForward,Junior Online Marketeer,Boxtel,2026-04-21,inkoper webshop,nee,https://nl.linkedin.com/jobs/view/junior-online-marketeer-at-shopforward-4404587839,https://nl.linkedin.com/company/shopforward,4404587839
ShopForward,Marketing Solutions Specialist,Boxtel,2026-04-27,email marketeer webshop,nee,https://nl.linkedin.com/jobs/view/marketing-solutions-specialist-at-shopforward-4418067712,https://nl.linkedin.com/company/shopforward,4418067712
ShopForward,Technical Product Owner,Boxtel,2026-05-22,product owner webshop,nee,https://nl.linkedin.com/jobs/view/technical-product-owner-at-shopforward-4429228713,https://nl.linkedin.com/company/shopforward,4429228713
ShopForward,Senior Campaign Manager,Boxtel,2026-06-18,email marketeer webshop,nee,https://nl.linkedin.com/jobs/view/senior-campaign-manager-at-shopforward-4429035003,https://nl.linkedin.com/company/shopforward,4429035003
ShopForward,Campaign Manager,Boxtel,2026-06-18,email marketeer webshop,nee,https://nl.linkedin.com/jobs/view/campaign-manager-at-shopforward-4429010965,https://nl.linkedin.com/company/shopforward,4429010965
Shoppartners B.V.,Logistiek medewerker,Heerhugowaard,2025-07-04,supply chain medewerker webshop,nee,https://nl.linkedin.com/jobs/view/logistiek-medewerker-at-shoppartners-b-v-4260696224,https://nl.linkedin.com/company/shoppartners,4260696224
Shoppartners B.V.,Klantenservice medewerker - parttime/fulltime,Heerhugowaard,2026-08-20,medewerker verkoop binnendienst webshop,nee,https://nl.linkedin.com/jobs/view/klantenservice-medewerker-parttime-fulltime-at-shoppartners-b-v-4455642292,https://nl.linkedin.com/company/shoppartners,4455642292
Shoppartners B.V.,Junior Content medewerker - 32 tot 40 uur per week,Heerhugowaard,2026-09-11,email marketeer webshop,nee,https://nl.linkedin.com/jobs/view/junior-content-medewerker-32-tot-40-uur-per-week-at-shoppartners-b-v-4465148462,https://nl.linkedin.com/company/shoppartners,4465148462
Shoppartners B.V.,Medior Content medewerker - 32 tot 40 uur per week,Heerhugowaard,2026-09-11,email marketeer webshop,nee,https://nl.linkedin.com/jobs/view/medior-content-medewerker-32-tot-40-uur-per-week-at-shoppartners-b-v-4465155507,https://nl.linkedin.com/company/shoppartners,4465155507
Shopware,Director International Sales (m/f/d),Amsterdam,2026-09-18,inkoper webshop,nee,https://nl.linkedin.com/jobs/view/director-international-sales-m-f-d-at-shopware-4467841970,https://de.linkedin.com/company/shopware-ag,4467841970
ShoreTension,Logistiek Medewerker,Rotterdam,2026-06-05,supply chain medewerker webshop,nee,https://nl.linkedin.com/jobs/view/logistiek-medewerker-at-shoretension-4424705930,https://nl.linkedin.com/company/shoretension,4424705930
SICK Sensor Intelligence,Technical Support Specialist,Bilthoven,2026-08-26,after sales medewerker,nee,https://nl.linkedin.com/jobs/view/technical-support-specialist-at-sick-sensor-intelligence-4459363122,https://de.linkedin.com/company/sicksensorintelligence,4459363122
Sidekix,CALL AGENT,Uden,2026-09-03,customer service parttime,nee,https://nl.linkedin.com/jobs/view/call-agent-at-sidekix-4460728363,https://nl.linkedin.com/company/sidekixnl,4460728363
Sidekix,ORDERPICKER E-FULFILMENT,Uden,2026-09-11,supply chain medewerker webshop,nee,https://nl.linkedin.com/jobs/view/orderpicker-e-fulfilment-at-sidekix-4463996411,https://nl.linkedin.com/company/sidekixnl,4463996411
Silk'n | Beautiful Technology,Global Content &amp; Copy Specialist (Omnichannel),Rotterdam,2026-08-27,email marketeer webshop,nee,https://nl.linkedin.com/jobs/view/global-content-copy-specialist-omnichannel-at-silk-n-beautiful-technology-4458638058,https://nl.linkedin.com/company/silkn,4458638058
Silverflow,Account Manager,Amsterdam,2026-09-18,customer succes,nee,https://nl.linkedin.com/jobs/view/account-manager-at-silverflow-4466687038,https://nl.linkedin.com/company/silverflow,4466687038
Simac,Customer Experience Manager Retail,Utrecht,2026-02-27,customer succes,nee,https://nl.linkedin.com/jobs/view/customer-experience-manager-retail-at-simac-4377944359,https://nl.linkedin.com/company/simac-it-group,4377944359
Simac,Customer Experience Manager Healthcare (regio Den Haag/Rotterdam),Utrecht,2026-02-27,customer succes,nee,https://nl.linkedin.com/jobs/view/customer-experience-manager-healthcare-regio-den-haag-rotterdam-at-simac-4377933710,https://nl.linkedin.com/company/simac-it-group,4377933710
Simplicate,Support Consultant,Groningen en omgeving,2026-09-15,conversie specialist,nee,https://nl.linkedin.com/jobs/view/support-consultant-at-simplicate-4417743109,https://nl.linkedin.com/company/simplicate,4417743109
Simvia,Junior Customer Success Specialist - Benelux - Growing Impact Scale Up,Amsterdam,2026-08-13,customer succes,nee,https://nl.linkedin.com/jobs/view/junior-customer-success-specialist-benelux-growing-impact-scale-up-at-simvia-4462919236,https://nl.linkedin.com/company/simvia-suppychain,4462919236
Simvia,Junior Customer Success Specialist - Benelux - Growing Impact Scale Up,Amsterdam,2026-09-16,conversie specialist,nee,https://nl.linkedin.com/jobs/view/junior-customer-success-specialist-benelux-growing-impact-scale-up-at-simvia-4467970325,https://nl.linkedin.com/company/simvia-suppychain,4467970325
Simvia,Business Development Associate - DACH - Growing Impact Scale Up,Amsterdam,2026-09-16,conversie specialist,nee,https://nl.linkedin.com/jobs/view/business-development-associate-dach-growing-impact-scale-up-at-simvia-4467978237,https://nl.linkedin.com/company/simvia-suppychain,4467978237
Simvia,Business Development Associate - Benelux - Growing Impact Scale Up,Amsterdam,2026-09-16,conversie specialist,nee,https://nl.linkedin.com/jobs/view/business-development-associate-benelux-growing-impact-scale-up-at-simvia-4467967307,https://nl.linkedin.com/company/simvia-suppychain,4467967307
Simvia,Customer Success Manager - Benelux - Growing Impact Scale Up,Amsterdam,2026-09-21,conversie specialist,nee,https://nl.linkedin.com/jobs/view/customer-success-manager-benelux-growing-impact-scale-up-at-simvia-4469842764,https://nl.linkedin.com/company/simvia-suppychain,4469842764
Sircle Collection,Night Front Office Agent PT (m/f/d),Amsterdam,2026-08-20,customer service parttime,nee,https://nl.linkedin.com/jobs/view/night-front-office-agent-pt-m-f-d-at-sircle-collection-4444479043,https://nl.linkedin.com/company/sircle-collection,4444479043
Sircle Collection,Night Front Office Agent PT (m/f/d),Amsterdam,2026-08-31,customer service parttime,nee,https://nl.linkedin.com/jobs/view/night-front-office-agent-pt-m-f-d-at-sircle-collection-4461088930,https://nl.linkedin.com/company/sircle-collection,4461088930
SKIM,Marketing Project Manager,Rotterdam,2026-08-14,email marketeer webshop,nee,https://nl.linkedin.com/jobs/view/marketing-project-manager-at-skim-4454521599,https://nl.linkedin.com/company/skim,4454521599
skydreams,Senior Product Manager - Homedeal,Utrecht,2026-08-17,product owner webshop,nee,https://nl.linkedin.com/jobs/view/senior-product-manager-homedeal-at-skydreams-4455355862,https://nl.linkedin.com/company/skydreams,4455355862
skydreams,Senior Product Manager - Moving24,Utrecht,2026-08-30,product owner webshop,nee,https://nl.linkedin.com/jobs/view/senior-product-manager-moving24-at-skydreams-4460865837,https://nl.linkedin.com/company/skydreams,4460865837
Slaapwereld B.V.,Stagiair online marketing,Woerden,2026-07-23,email marketeer webshop,nee,https://nl.linkedin.com/jobs/view/stagiair-online-marketing-at-slaapwereld-b-v-4444025168,https://nl.linkedin.com/company/slaapwereld,4444025168
Sligro Food Group,Medewerker orderstroomplanner,Veghel,2026-09-08,supply chain medewerker webshop,nee,https://nl.linkedin.com/jobs/view/medewerker-orderstroomplanner-at-sligro-food-group-4463297926,https://nl.linkedin.com/company/sligro-food-group,4463297926
Sligro Food Group,Medewerker Customer Care,Breda,2026-09-22,klantsupport,nee,https://nl.linkedin.com/jobs/view/medewerker-customer-care-at-sligro-food-group-4470293178,https://nl.linkedin.com/company/sligro-food-group,4470293178
slijterij wijnhandel madeira,Medewerker winkel &amp; bestellingen,'s-Gravenzande,2026-09-22,supply chain medewerker webshop,nee,,,4470488998
Smart Health,Online marketeer,Rotterdam,2026-04-07,email marketeer webshop,nee,https://nl.linkedin.com/jobs/view/online-marketeer-at-smart-health-4398376296,https://nl.linkedin.com/company/smarthealthnl,4398376296
Smartphonehoesjes.nl,Customer Journey Specialist,Leusden,2026-06-16,product owner webshop,nee,https://nl.linkedin.com/jobs/view/customer-journey-specialist-at-smartphonehoesjes-nl-4429546635,https://nl.linkedin.com/company/smartphonehoesjes-nl,4429546635
Smartphonehoesjes.nl,E-mail Marketeer,Leusden,2026-06-23,email marketeer webshop,nee,https://nl.linkedin.com/jobs/view/e-mail-marketeer-at-smartphonehoesjes-nl-4432281767,https://nl.linkedin.com/company/smartphonehoesjes-nl,4432281767
Smartphonehoesjes.nl,UX Designer,Leusden,2026-09-10,product owner webshop,nee,https://nl.linkedin.com/jobs/view/ux-designer-at-smartphonehoesjes-nl-4465697474,https://nl.linkedin.com/company/smartphonehoesjes-nl,4465697474
Smartphonehoesjes.nl,Junior accountmanager,Leusden,2026-09-22,medewerker verkoop binnendienst webshop,nee,https://nl.linkedin.com/jobs/view/junior-accountmanager-at-smartphonehoesjes-nl-4470277504,https://nl.linkedin.com/company/smartphonehoesjes-nl,4470277504
Smartwares Group,Customer Contact Specialist (E-commerce),Tilburg,2026-09-08,after sales medewerker,nee,https://nl.linkedin.com/jobs/view/customer-contact-specialist-e-commerce-at-smartwares-group-4462505766,https://nl.linkedin.com/company/smartwaresgroup,4462505766
Smartwares Group,Sales Support Employee,Tilburg,2026-09-08,supply chain medewerker webshop,nee,https://nl.linkedin.com/jobs/view/sales-support-employee-at-smartwares-group-4462509609,https://nl.linkedin.com/company/smartwaresgroup,4462509609
Smollan Netherlands,Customer Succes Manager,Amsterdam,2026-09-15,customer succes,nee,https://nl.linkedin.com/jobs/view/customer-succes-manager-at-smollan-netherlands-4467724608,https://www.linkedin.com/company/smollan-netherlands,4467724608
SMS Intermediair,Marketing Communicatie Specialist,Almere,2026-08-31,conversie specialist,nee,https://nl.linkedin.com/jobs/view/marketing-communicatie-specialist-at-sms-intermediair-recruitment-specialist-4461049663,https://nl.linkedin.com/company/sms-intermediair,4461049663
SMTgroup.,Email Marketeer - Klaviyo,IJsselstein,2026-09-18,email marketeer webshop,nee,https://nl.linkedin.com/jobs/view/email-marketeer-klaviyo-at-smtgroup-4463331805,https://nl.linkedin.com/company/smtgroupnl,4463331805
Snackpilot,Sales Representative (m/f/d) - Full-time or Part-time Remote,Nederland,2026-08-24,medewerker verkoop binnendienst webshop,nee,https://nl.linkedin.com/jobs/view/sales-representative-m-f-d-full-time-or-part-time-remote-at-snackpilot-4456505809,https://www.linkedin.com/company/snackpilot,4456505809
Snelstart,Klantenservice Medewerker Amersfoort,Amersfoort,2026-08-25,after sales medewerker,nee,https://nl.linkedin.com/jobs/view/klantenservice-medewerker-amersfoort-at-snelstart-4447533157,https://nl.linkedin.com/company/snelstart,4447533157
Snelstart,Klantadviseur,Amersfoort,2026-08-25,after sales medewerker,nee,https://nl.linkedin.com/jobs/view/klantadviseur-at-snelstart-4445465941,https://nl.linkedin.com/company/snelstart,4445465941
Snelstart,Marketing Automation Specialist,Amersfoort,2026-08-25,email marketeer webshop,nee,https://nl.linkedin.com/jobs/view/marketing-automation-specialist-at-snelstart-4445456991,https://nl.linkedin.com/company/snelstart,4445456991
Snelstart,Accountmanager Binnendienst Amersfoort,Amersfoort,2026-08-25,medewerker verkoop binnendienst webshop,nee,https://nl.linkedin.com/jobs/view/accountmanager-binnendienst-amersfoort-at-snelstart-4447532688,https://nl.linkedin.com/company/snelstart,4447532688
Snowcountry,Logistiek Medewerker - Fulltime in Amersfoort,Amersfoort,2026-07-24,supply chain medewerker webshop,nee,https://nl.linkedin.com/jobs/view/logistiek-medewerker-fulltime-in-amersfoort-at-snowcountry-4444924601,https://nl.linkedin.com/company/snowcountry,4444924601
Snowcountry,Bijbaan: Klantenservice medewerker Ski / Snowboard (8-24u),Amersfoort,2026-08-13,customer service parttime,nee,https://nl.linkedin.com/jobs/view/bijbaan-klantenservice-medewerker-ski-snowboard-8-24u-at-snowcountry-4453682949,https://nl.linkedin.com/company/snowcountry,4453682949
Social Deal,Medior Product Owner,'s-Hertogenbosch,2026-04-24,product owner webshop,nee,https://nl.linkedin.com/jobs/view/medior-product-owner-at-social-deal-4416653764,https://nl.linkedin.com/company/social-deal,4416653764
Social Deal,Klantenservice Medewerker (parttime/fulltime),'s-Hertogenbosch,2026-05-13,after sales medewerker,nee,https://nl.linkedin.com/jobs/view/klantenservice-medewerker-parttime-fulltime-at-social-deal-4413991785,https://nl.linkedin.com/company/social-deal,4413991785
Social Deal,Klantenservice Medewerker (bijbaan),'s-Hertogenbosch,2026-07-10,customer service parttime,nee,https://nl.linkedin.com/jobs/view/klantenservice-medewerker-bijbaan-at-social-deal-4448829616,https://nl.linkedin.com/company/social-deal,4448829616
Social Deal,Teamlead Product Owner,'s-Hertogenbosch,2026-07-15,product owner webshop,nee,https://nl.linkedin.com/jobs/view/teamlead-product-owner-at-social-deal-4440906860,https://nl.linkedin.com/company/social-deal,4440906860
Social Media Helden,Creative Content Hero,Almere,2026-06-25,social media medewerker webshop,nee,https://nl.linkedin.com/jobs/view/creative-content-hero-at-social-media-helden-4433312822,https://www.linkedin.com/company/socialmediahelden,4433312822
Social Media Helden,Stage Social Media Hero,Almere,2026-08-21,social media medewerker webshop,nee,https://nl.linkedin.com/jobs/view/stage-social-media-hero-at-social-media-helden-4457345913,https://www.linkedin.com/company/socialmediahelden,4457345913
Socials,Marketing and Customer Success Intern,Rotterdam,2026-09-18,social media medewerker webshop,nee,https://nl.linkedin.com/jobs/view/marketing-and-customer-success-intern-at-socials-4469122699,https://be.linkedin.com/company/yosocials,4469122699
Sockshouse,Inkoopmedewerker,'s-Hertogenbosch,2026-09-08,inkoper webshop,nee,https://nl.linkedin.com/jobs/view/inkoopmedewerker-at-sockshouse-4464456614,https://nl.linkedin.com/company/sockshouse2,4464456614
SoftwareOne,Customer Success Manager (gn),Amsterdam,2026-08-31,customer succes,nee,https://nl.linkedin.com/jobs/view/customer-success-manager-gn-at-softwareone-4460006533,https://ch.linkedin.com/company/softwareone,4460006533
SoftwareOne,Starters functie in de Software branche,Amsterdam,2026-09-07,customer succes,nee,https://nl.linkedin.com/jobs/view/starters-functie-in-de-software-branche-at-softwareone-4462932858,https://ch.linkedin.com/company/softwareone,4462932858
SoftwareOne,Klantenservice,Amsterdam,2026-09-08,after sales medewerker,nee,https://nl.linkedin.com/jobs/view/klantenservice-at-softwareone-4463245596,https://ch.linkedin.com/company/softwareone,4463245596
SoftwareOne,Binnendienst,Amsterdam,2026-09-08,customer succes,nee,https://nl.linkedin.com/jobs/view/binnendienst-at-softwareone-4463239599,https://ch.linkedin.com/company/softwareone,4463239599
SoftwareOne,Trainee Sales Support,Amsterdam,2026-09-08,customer succes,nee,https://nl.linkedin.com/jobs/view/trainee-sales-support-at-softwareone-4463230847,https://ch.linkedin.com/company/softwareone,4463230847
SoftwareOne,Customer Success Manager,Amsterdam,2026-09-21,customer succes,nee,https://nl.linkedin.com/jobs/view/customer-success-manager-at-softwareone-4468775473,https://ch.linkedin.com/company/softwareone,4468775473
Solcon,Medewerker Support,Dronten,2026-08-04,after sales medewerker,nee,https://nl.linkedin.com/jobs/view/medewerker-support-at-solcon-4448278562,https://nl.linkedin.com/company/solcon,4448278562
Soleo Groep,Klantenservice Medewerker Klantbehoud | Goede Doelen Loterij,Arnhem,2026-08-19,customer service parttime,nee,https://nl.linkedin.com/jobs/view/klantenservice-medewerker-klantbehoud-goede-doelen-loterij-at-soleo-groep-4456322578,https://nl.linkedin.com/company/soleo-contact-centers,4456322578
Soleo Groep,Klantenservice Medewerker VGZ,Almere,2026-08-22,after sales medewerker,nee,https://nl.linkedin.com/jobs/view/klantenservice-medewerker-vgz-at-soleo-groep-4457814999,https://nl.linkedin.com/company/soleo-contact-centers,4457814999
"Solera Holdings, LLC.",Junior Customer Success Representative,Den Haag,2026-08-02,conversie specialist,nee,https://nl.linkedin.com/jobs/view/junior-customer-success-representative-at-solera-holdings-llc-4402372368,https://www.linkedin.com/company/solera,4402372368
Solid Partners ICT Groep,ServiceDesk Medewerker (IT Support Engineer),Raalte,2026-07-23,servicedesk medewerker webshop,nee,https://nl.linkedin.com/jobs/view/servicedesk-medewerker-it-support-engineer-at-solid-partners-ict-groep-4441553368,https://nl.linkedin.com/company/solid-partners-ict-groep,4441553368
Solide Intermediair BV,Magazijnmedewerker Warehouse Operator,Lelystad,2025-04-03,fulfilment medewerker,nee,https://nl.linkedin.com/jobs/view/magazijnmedewerker-warehouse-operator-at-solide-intermediair-bv-4198178622,https://nl.linkedin.com/company/solide-intermediair,4198178622
Solide Intermediair BV,Magazijnmedewerker,Lelystad,2026-05-19,fulfilment medewerker,nee,https://nl.linkedin.com/jobs/view/magazijnmedewerker-at-solide-intermediair-bv-4415762030,https://nl.linkedin.com/company/solide-intermediair,4415762030
Solide Intermediair BV,Magazijnmedewerker 08:00 17:00 (40 upw),Lelystad,2026-05-19,fulfilment medewerker,nee,https://nl.linkedin.com/jobs/view/magazijnmedewerker-08-00-17-00-40-upw-at-solide-intermediair-bv-4415742613,https://nl.linkedin.com/company/solide-intermediair,4415742613
Solide Intermediair BV,Expeditiemedewerker Magazijn,Lelystad,2026-08-15,fulfilment medewerker,nee,https://nl.linkedin.com/jobs/view/expeditiemedewerker-magazijn-at-solide-intermediair-bv-4453792470,https://nl.linkedin.com/company/solide-intermediair,4453792470
Solide Intermediair BV,Magazijnmedewerker 08:00 - 17:00,Lelystad,2026-08-15,fulfilment medewerker,nee,https://nl.linkedin.com/jobs/view/magazijnmedewerker-08-00-17-00-at-solide-intermediair-bv-4453799449,https://nl.linkedin.com/company/solide-intermediair,4453799449
Solvari,CRO Specialist,"Utrecht, Nederland",2026-09-21,conversie specialist,nee,https://nl.linkedin.com/jobs/view/cro-specialist-at-solvari-4468726139,https://nl.linkedin.com/company/solvari,4468726139
Solvimon,Junior Solution Engineer,Utrecht,2026-09-04,conversie specialist,nee,https://nl.linkedin.com/jobs/view/junior-solution-engineer-at-solvimon-4460754978,https://nl.linkedin.com/company/solvimon,4460754978
Somention,Social Creative,Rotterdam,2026-05-13,social media medewerker webshop,nee,https://nl.linkedin.com/jobs/view/social-creative-at-somention-4410336025,https://nl.linkedin.com/company/somention,4410336025
Somention,Social Advertising Specialist,Rotterdam,2026-08-05,social media medewerker webshop,nee,https://nl.linkedin.com/jobs/view/social-advertising-specialist-at-somention-4447309405,https://nl.linkedin.com/company/somention,4447309405
SomnoMed France,Customer service Medewerker (Dutch fluent),Arnhem,2026-01-08,after sales medewerker,nee,https://nl.linkedin.com/jobs/view/customer-service-medewerker-dutch-fluent-at-somnomed-france-4330913083,https://fr.linkedin.com/company/somnomedfrance,4330913083
Somnox,Klantenservicemedewerker - NL,Rotterdam,2026-08-19,customer service parttime,ja,https://nl.linkedin.com/jobs/view/klantenservicemedewerker-nl-at-somnox-4438650920,https://nl.linkedin.com/company/somnox,4438650920
Sonova Group,Medewerker Customer Care,Vianen,2026-09-13,after sales medewerker,nee,https://nl.linkedin.com/jobs/view/medewerker-customer-care-at-sonova-group-4411206975,https://ch.linkedin.com/company/sonovagroup,4411206975
Sonova Group,Customer Service employee,Vianen,2026-09-18,after sales medewerker,nee,https://nl.linkedin.com/jobs/view/customer-service-employee-at-sonova-group-4383396850,https://ch.linkedin.com/company/sonovagroup,4383396850
SoTalent,CRM Manager,Amsterdam,2026-09-23,email marketeer webshop,nee,https://nl.linkedin.com/jobs/view/crm-manager-at-sotalent-4468978640,https://www.linkedin.com/company/sotalentjobs,4468978640
Sound,Product Owner,Amsterdam,2026-05-04,product owner webshop,nee,https://nl.linkedin.com/jobs/view/product-owner-at-sound-4410213936,https://nl.linkedin.com/company/soundcompany,4410213936
Source Intelligence,Support Coordinator,Arnhem,2026-07-14,servicedesk medewerker webshop,nee,https://nl.linkedin.com/jobs/view/support-coordinator-at-source-intelligence-4439826416,https://www.linkedin.com/company/source-intelligence,4439826416
Source Intelligence,Support Coordinator,Arnhem,2026-09-10,servicedesk medewerker webshop,nee,https://nl.linkedin.com/jobs/view/support-coordinator-at-source-intelligence-4464502293,https://www.linkedin.com/company/source-intelligence,4464502293
Soverin,Sales Development Representative,Amsterdam,2026-09-15,conversie specialist,nee,https://nl.linkedin.com/jobs/view/sales-development-representative-at-soverin-4465525917,https://nl.linkedin.com/company/soverin,4465525917
Spacewell,Customer Success Manager,Arnhem,2026-04-30,customer succes,nee,https://nl.linkedin.com/jobs/view/customer-success-manager-at-spacewell-4408796947,https://be.linkedin.com/company/spacewell-a-nemetschek-company,4408796947
Specialized Bicycle Components,Digital Merchandising Specialist EMEA,Arnhem,2026-09-17,product owner webshop,nee,https://nl.linkedin.com/jobs/view/digital-merchandising-specialist-emea-at-specialized-bicycle-components-4459178706,https://www.linkedin.com/company/specialized-bicycle-components,4459178706
Spectrum Equity,"EMEA Customer Success Manager, Nordic Speaker",Amsterdam,2026-09-15,customer succes,nee,https://nl.linkedin.com/jobs/view/emea-customer-success-manager-nordic-speaker-at-spectrum-equity-4465563415,https://www.linkedin.com/company/spectrum-equity,4465563415
Spend Cloud,Full-stack Data Specialist (32-40H),Haarlem,2026-08-18,conversie specialist,nee,https://nl.linkedin.com/jobs/view/full-stack-data-specialist-32-40h-at-spend-cloud-4454445659,https://nl.linkedin.com/company/visma-proactive,4454445659
Spilberg IT Dev Careers,Product Owner Procesmanagement &amp; Digitalisering,Almelo,2026-09-22,product owner webshop,nee,https://nl.linkedin.com/jobs/view/product-owner-procesmanagement-digitalisering-at-spilberg-4470403251,https://nl.linkedin.com/company/spilberg-development,4470403251
SPINO Managed Services,Medewerker Servicedesk,Nieuwegein,2026-08-18,servicedesk medewerker webshop,nee,https://nl.linkedin.com/jobs/view/medewerker-servicedesk-at-spino-managed-services-4455720453,https://nl.linkedin.com/company/spinomanagedservices,4455720453
Spoed Energie,Verkoop,Valkenswaard,2026-09-10,medewerker verkoop binnendienst webshop,nee,https://nl.linkedin.com/jobs/view/verkoop-at-spoed-energie-4465835224,https://nl.linkedin.com/company/spoed-energie,4465835224
Sprints &amp; Sneakers | Growth Marketing Agency | Bcorp,CRM Growth Engineer,Amsterdam,2026-07-21,email marketeer webshop,nee,https://nl.linkedin.com/jobs/view/crm-growth-engineer-at-sprints-sneakers-growth-marketing-agency-bcorp-4443325939,https://nl.linkedin.com/company/sprintsandsneakers,4443325939
Sprints &amp; Sneakers | Growth Marketing Agency | Bcorp,Performance Marketeer (Paid Social),Amsterdam,2026-07-21,social media medewerker webshop,nee,https://nl.linkedin.com/jobs/view/performance-marketeer-paid-social-at-sprints-sneakers-growth-marketing-agency-bcorp-4443349198,https://nl.linkedin.com/company/sprintsandsneakers,4443349198
Sprints &amp; Sneakers | Growth Marketing Agency | Bcorp,Senior Content &amp; Campaign Marketeer B2B,Amsterdam,2026-07-21,social media medewerker webshop,nee,https://nl.linkedin.com/jobs/view/senior-content-campaign-marketeer-b2b-at-sprints-sneakers-growth-marketing-agency-bcorp-4442626273,https://nl.linkedin.com/company/sprintsandsneakers,4442626273
Sprints &amp; Sneakers | Growth Marketing Agency | Bcorp,Performance Marketeer (Paid Social),Groningen,2026-07-21,social media medewerker webshop,nee,https://nl.linkedin.com/jobs/view/performance-marketeer-paid-social-at-sprints-sneakers-growth-marketing-agency-bcorp-4443354049,https://nl.linkedin.com/company/sprintsandsneakers,4443354049
Sprints &amp; Sneakers | Growth Marketing Agency | Bcorp,Revenue Operations Marketeer (B2B),Amsterdam,2026-09-18,email marketeer webshop,nee,https://nl.linkedin.com/jobs/view/revenue-operations-marketeer-b2b-at-sprints-sneakers-growth-marketing-agency-bcorp-4469234076,https://nl.linkedin.com/company/sprintsandsneakers,4469234076
SPRNT,Marketing Content Specialist,Genemuiden,2026-09-03,social media medewerker webshop,nee,https://nl.linkedin.com/jobs/view/marketing-content-specialist-at-sprnt-4460482919,https://nl.linkedin.com/company/sprnt-nl,4460482919
SPS Commerce,Customer Success Manager III,Breukelen,2026-09-03,customer succes,nee,https://nl.linkedin.com/jobs/view/customer-success-manager-iii-at-sps-commerce-4461695365,https://www.linkedin.com/company/sps-commerce,4461695365
SPS IT GROUP,Support Medewerker,Bodegraven-Reeuwijk,2026-09-17,servicedesk medewerker webshop,nee,https://nl.linkedin.com/jobs/view/support-medewerker-at-sps-it-group-4444454015,https://nl.linkedin.com/company/sps-it,4444454015
SRS,Retail Support Agent,Almere,2025-09-29,servicedesk medewerker webshop,nee,https://nl.linkedin.com/jobs/view/retail-support-agent-at-srs-4305383527,https://nl.linkedin.com/company/srsretail,4305383527
SRS,Software Support Specialist,Almere,2026-06-04,servicedesk medewerker webshop,nee,https://nl.linkedin.com/jobs/view/software-support-specialist-at-srs-4424440925,https://nl.linkedin.com/company/srsretail,4424440925
Start People,Commercieel administratief medewerker,Borculo,2026-08-24,medewerker verkoop binnendienst webshop,nee,https://nl.linkedin.com/jobs/view/commercieel-administratief-medewerker-at-start-people-4458194538,https://nl.linkedin.com/company/start-people,4458194538
Start People,Commercieel medewerker binnendienst,Leusden,2026-09-15,medewerker verkoop binnendienst webshop,nee,https://nl.linkedin.com/jobs/view/commercieel-medewerker-binnendienst-at-start-people-4467715006,https://nl.linkedin.com/company/start-people,4467715006
Stayokay,Stage (Online) Marketing &amp; Communicatie,Amsterdam,2026-08-31,email marketeer webshop,nee,https://nl.linkedin.com/jobs/view/stage-online-marketing-communicatie-at-stayokay-4461216547,https://nl.linkedin.com/company/stayokay,4461216547
Steam-connect | empowering conversations,Ben jij onze volgende Support Engineer?,Beverwijk,2026-08-07,after sales medewerker,nee,https://nl.linkedin.com/jobs/view/ben-jij-onze-volgende-support-engineer%3F-at-steam-connect-empowering-conversations-4437775989,https://nl.linkedin.com/company/steamconnect,4437775989
stichd,Customer Service Representative (Formula 1 &amp; Football),'s-Hertogenbosch,2026-09-17,klantsupport,nee,https://nl.linkedin.com/jobs/view/customer-service-representative-formula-1-football-at-stichd-4468608843,https://nl.linkedin.com/company/stichdofficial,4468608843
Stichting Rolderpers (Rolderpost.nl),Magazijnmedewerker,Ekehaar,2026-08-04,fulfilment medewerker,nee,https://nl.linkedin.com/jobs/view/magazijnmedewerker-at-stichting-rolderpers-rolderpost-nl-4446689472,https://nl.linkedin.com/company/rolderpers,4446689472
Stichting Thuisgekookt,Matchmaker Callcenter,Utrecht,2026-07-13,conversie specialist,nee,https://nl.linkedin.com/jobs/view/matchmaker-callcenter-at-stichting-thuisgekookt-4440022659,https://nl.linkedin.com/company/thuisgekookt,4440022659
Stierman De Leeuw,Allround After Sales &amp; Customer Service Officer,Apeldoorn,2026-08-25,after sales medewerker,nee,https://nl.linkedin.com/jobs/view/allround-after-sales-customer-service-officer-at-stierman-de-leeuw-4456929164,https://nl.linkedin.com/company/stierman-de-leeuw,4456929164
STILL,Digital Marketing Specialist,Hendrik-Ido-Ambacht,2026-09-02,email marketeer webshop,nee,https://nl.linkedin.com/jobs/view/digital-marketing-specialist-at-still-4434131238,https://de.linkedin.com/company/stillintralogistics,4434131238
STOX Energy Socks,Customer Service Specialist,Amsterdam,2026-09-04,after sales medewerker,nee,https://nl.linkedin.com/jobs/view/customer-service-specialist-at-stox-energy-socks-4463382019,https://nl.linkedin.com/company/stox-energy-socks,4463382019
STOX Energy Socks,Performance Marketer,Amsterdam,2026-09-18,email marketeer webshop,nee,https://nl.linkedin.com/jobs/view/performance-marketer-at-stox-energy-socks-4465029662,https://nl.linkedin.com/company/stox-energy-socks,4465029662
Stroom Recruitment,Supply Chain Coördinator,Amsterdam,2026-09-09,supply chain medewerker webshop,nee,https://nl.linkedin.com/jobs/view/supply-chain-co%C3%B6rdinator-at-stroom-recruitment-4465058634,https://www.linkedin.com/company/stroom-recruitment,4465058634
Struck,Customer Success Lead,Amsterdam,2026-09-22,customer succes,nee,https://nl.linkedin.com/jobs/view/customer-success-lead-at-struck-4470463405,https://nl.linkedin.com/company/struckbuild,4470463405
Studenten.net,Zakelijke klantenservice medewerker Bol,Utrecht,2026-08-02,servicedesk medewerker webshop,nee,https://nl.linkedin.com/jobs/view/zakelijke-klantenservice-medewerker-bol-at-studenten-net-4447881511,https://nl.linkedin.com/company/studenten-net,4447881511
Studenten.net,Content Marketeer ASA &amp; Easy Way,Nijmegen,2026-08-02,social media medewerker webshop,nee,https://nl.linkedin.com/jobs/view/content-marketeer-asa-easy-way-at-studenten-net-4447889439,https://nl.linkedin.com/company/studenten-net,4447889439
Studenten.net,Klantenservice Medewerker Bol,Amersfoort,2026-08-02,customer service parttime,nee,https://nl.linkedin.com/jobs/view/klantenservice-medewerker-bol-at-studenten-net-4447890403,https://nl.linkedin.com/company/studenten-net,4447890403
Studenten.net,Klantenservice medewerker Bol Parttime,'s-Hertogenbosch,2026-08-05,customer service parttime,nee,https://nl.linkedin.com/jobs/view/klantenservice-medewerker-bol-parttime-at-studenten-net-4449934310,https://nl.linkedin.com/company/studenten-net,4449934310
Studenten.net,Klantenservice Medewerker Bol,Amersfoort,2026-08-11,customer service parttime,nee,https://nl.linkedin.com/jobs/view/klantenservice-medewerker-bol-at-studenten-net-4452688678,https://nl.linkedin.com/company/studenten-net,4452688678
Studenten.net,Klantenservice Medewerker Bol,Nieuwegein,2026-08-11,customer service parttime,nee,https://nl.linkedin.com/jobs/view/klantenservice-medewerker-bol-at-studenten-net-4452445019,https://nl.linkedin.com/company/studenten-net,4452445019
Studenten.net,Klantenservice Medewerker Bol,'s-Hertogenbosch,2026-08-11,customer service parttime,nee,https://nl.linkedin.com/jobs/view/klantenservice-medewerker-bol-at-studenten-net-4452446001,https://nl.linkedin.com/company/studenten-net,4452446001
Studenten.net,Creatieve Klantenservice Medewerker Bol,Amersfoort,2026-08-18,customer service parttime,nee,https://nl.linkedin.com/jobs/view/creatieve-klantenservice-medewerker-bol-at-studenten-net-4455708525,https://nl.linkedin.com/company/studenten-net,4455708525
Studenten.net,Creatieve Klantenservice Medewerker Bol,Nieuwegein,2026-08-18,customer service parttime,nee,https://nl.linkedin.com/jobs/view/creatieve-klantenservice-medewerker-bol-at-studenten-net-4455717443,https://nl.linkedin.com/company/studenten-net,4455717443
Studenten.net,Klantenservice Medewerker Bol,'s-Hertogenbosch,2026-08-18,customer service parttime,nee,https://nl.linkedin.com/jobs/view/klantenservice-medewerker-bol-at-studenten-net-4455702574,https://nl.linkedin.com/company/studenten-net,4455702574
Studenten.net,Klantenservice medewerker B2B Bol,Arnhem,2026-08-19,servicedesk medewerker webshop,nee,https://nl.linkedin.com/jobs/view/klantenservice-medewerker-b2b-bol-at-studenten-net-4456173913,https://nl.linkedin.com/company/studenten-net,4456173913
Studenten.net,Klantadviseur B2B BOL,Utrecht,2026-08-19,servicedesk medewerker webshop,nee,https://nl.linkedin.com/jobs/view/klantadviseur-b2b-bol-at-studenten-net-4456172834,https://nl.linkedin.com/company/studenten-net,4456172834
Studenten.net,Klantadviseur Zakelijk E-Commerce,'s-Hertogenbosch,2026-08-19,inkoper webshop,nee,https://nl.linkedin.com/jobs/view/klantadviseur-zakelijk-e-commerce-at-studenten-net-4456180800,https://nl.linkedin.com/company/studenten-net,4456180800
Studenten.net,Zakelijke klantenservice E-Commerce,Arnhem,2026-08-19,medewerker verkoop binnendienst webshop,nee,https://nl.linkedin.com/jobs/view/zakelijke-klantenservice-e-commerce-at-studenten-net-4456181838,https://nl.linkedin.com/company/studenten-net,4456181838
Studenten.net,Klantenservice Medewerker Bol Parttime,Amersfoort,2026-08-27,customer service parttime,nee,https://nl.linkedin.com/jobs/view/klantenservice-medewerker-bol-parttime-at-studenten-net-4460106776,https://nl.linkedin.com/company/studenten-net,4460106776
Studenten.net,Klantenservice Medewerker Bol,Nieuwegein,2026-08-27,customer service parttime,nee,https://nl.linkedin.com/jobs/view/klantenservice-medewerker-bol-at-studenten-net-4460122599,https://nl.linkedin.com/company/studenten-net,4460122599
Studenten.net,Klantenservice Medewerker Bol Hybride,'s-Hertogenbosch,2026-08-27,customer service parttime,nee,https://nl.linkedin.com/jobs/view/klantenservice-medewerker-bol-hybride-at-studenten-net-4460128175,https://nl.linkedin.com/company/studenten-net,4460128175
Studenten.net,Logistiek Medewerker,Groningen,2026-09-02,supply chain medewerker webshop,nee,https://nl.linkedin.com/jobs/view/logistiek-medewerker-at-studenten-net-4462494130,https://nl.linkedin.com/company/studenten-net,4462494130
Studenten.net,Sales en binnendienst medewerker,Groningen,2026-09-02,medewerker verkoop binnendienst webshop,nee,https://nl.linkedin.com/jobs/view/sales-en-binnendienst-medewerker-at-studenten-net-4462483672,https://nl.linkedin.com/company/studenten-net,4462483672
Studenten.net,Klantadviseur overheid in Groningen,Groningen,2026-09-02,customer service parttime,nee,https://nl.linkedin.com/jobs/view/klantadviseur-overheid-in-groningen-at-studenten-net-4462153879,https://nl.linkedin.com/company/studenten-net,4462153879
Studenten.net,Klantadviseur overheid in Leeuwarden,Leeuwarden,2026-09-02,customer service parttime,nee,https://nl.linkedin.com/jobs/view/klantadviseur-overheid-in-leeuwarden-at-studenten-net-4462496099,https://nl.linkedin.com/company/studenten-net,4462496099
Studenten.net,Klantenservice medewerker UWV Leeuwarden,Leeuwarden,2026-09-02,customer service parttime,nee,https://nl.linkedin.com/jobs/view/klantenservice-medewerker-uwv-leeuwarden-at-studenten-net-4462498044,https://nl.linkedin.com/company/studenten-net,4462498044
Studenten.net,Klantadviseur uitkeringen Groningen,Groningen,2026-09-02,customer service parttime,nee,https://nl.linkedin.com/jobs/view/klantadviseur-uitkeringen-groningen-at-studenten-net-4462497078,https://nl.linkedin.com/company/studenten-net,4462497078
Studenten.net,Klantenservice medewerker overheid in Leeuwarden,Leeuwarden,2026-09-02,customer service parttime,nee,https://nl.linkedin.com/jobs/view/klantenservice-medewerker-overheid-in-leeuwarden-at-studenten-net-4462496072,https://nl.linkedin.com/company/studenten-net,4462496072
Studenten.net,Klantenservice medewerker Bol,Nieuwegein,2026-09-02,customer service parttime,nee,https://nl.linkedin.com/jobs/view/klantenservice-medewerker-bol-at-studenten-net-4462498042,https://nl.linkedin.com/company/studenten-net,4462498042
Studenten.net,Klantenservice medewerker uitkeringen bij UWV in Groningen,Groningen,2026-09-02,customer service parttime,nee,https://nl.linkedin.com/jobs/view/klantenservice-medewerker-uitkeringen-bij-uwv-in-groningen-at-studenten-net-4462492153,https://nl.linkedin.com/company/studenten-net,4462492153
Studenten.net,Commercieel binnendienst en sales medewerker,Groningen,2026-09-03,medewerker verkoop binnendienst webshop,nee,https://nl.linkedin.com/jobs/view/commercieel-binnendienst-en-sales-medewerker-at-studenten-net-4463126877,https://nl.linkedin.com/company/studenten-net,4463126877
Studenten.net,Klantenservice medewerker b2b,Arnhem,2026-09-04,servicedesk medewerker webshop,nee,https://nl.linkedin.com/jobs/view/klantenservice-medewerker-b2b-at-studenten-net-4461402787,https://nl.linkedin.com/company/studenten-net,4461402787
Studenten.net,Klantenservice medewerker b2b,Utrecht,2026-09-04,servicedesk medewerker webshop,nee,https://nl.linkedin.com/jobs/view/klantenservice-medewerker-b2b-at-studenten-net-4461401872,https://nl.linkedin.com/company/studenten-net,4461401872
Studenten.net,Klantenservice Medewerker b2b,Utrecht,2026-09-04,customer service parttime,nee,https://nl.linkedin.com/jobs/view/klantenservice-medewerker-b2b-at-studenten-net-4461196906,https://nl.linkedin.com/company/studenten-net,4461196906
Studenten.net,Key Account Manager DHL Express,Arnhem,2026-09-09,customer succes,nee,https://nl.linkedin.com/jobs/view/key-account-manager-dhl-express-at-studenten-net-4463070518,https://nl.linkedin.com/company/studenten-net,4463070518
Studenten.net,Key Account Manager DHL Express,Utrecht,2026-09-10,customer succes,nee,https://nl.linkedin.com/jobs/view/key-account-manager-dhl-express-at-studenten-net-4465649204,https://nl.linkedin.com/company/studenten-net,4465649204
Studenten.net,Key Account Manager DHL Express,Amersfoort,2026-09-10,customer succes,nee,https://nl.linkedin.com/jobs/view/key-account-manager-dhl-express-at-studenten-net-4465644664,https://nl.linkedin.com/company/studenten-net,4465644664
Studenten.net,Key Account Customer Service DHL Express,Nijmegen,2026-09-11,customer succes,nee,https://nl.linkedin.com/jobs/view/key-account-customer-service-dhl-express-at-studenten-net-4466083005,https://nl.linkedin.com/company/studenten-net,4466083005
Studenten.net,Customerservice Bol,Nieuwegein,2026-09-15,customer service parttime,nee,https://nl.linkedin.com/jobs/view/customerservice-bol-at-studenten-net-4467701914,https://nl.linkedin.com/company/studenten-net,4467701914
Studenten.net,Klantenservice specialist Bol,Amersfoort,2026-09-15,customer service parttime,nee,https://nl.linkedin.com/jobs/view/klantenservice-specialist-bol-at-studenten-net-4467717134,https://nl.linkedin.com/company/studenten-net,4467717134
Studenten.net,Medewerker klantenservice parttime,Zeist,2026-09-16,customer service parttime,nee,https://nl.linkedin.com/jobs/view/medewerker-klantenservice-parttime-at-studenten-net-4467983934,https://nl.linkedin.com/company/studenten-net,4467983934
Studenten.net,Klantadviseur Boekenwinkel,Nijmegen,2026-09-16,customer service parttime,nee,https://nl.linkedin.com/jobs/view/klantadviseur-boekenwinkel-at-studenten-net-4467988088,https://nl.linkedin.com/company/studenten-net,4467988088
Studenten.net,Klantenservice Hybride,Utrecht,2026-09-16,customer service parttime,nee,https://nl.linkedin.com/jobs/view/klantenservice-hybride-at-studenten-net-4467981915,https://nl.linkedin.com/company/studenten-net,4467981915
Studenten.net,Klantenservice hybride,Zeist,2026-09-16,customer service parttime,nee,https://nl.linkedin.com/jobs/view/klantenservice-hybride-at-studenten-net-4467982942,https://nl.linkedin.com/company/studenten-net,4467982942
Studenten.net,Klantenservice,Utrecht,2026-09-16,customer service parttime,nee,https://nl.linkedin.com/jobs/view/klantenservice-at-studenten-net-4467978921,https://nl.linkedin.com/company/studenten-net,4467978921
Studenten.net,Zakelijke klantenservice Bol,Zeist,2026-09-16,customer service parttime,nee,https://nl.linkedin.com/jobs/view/zakelijke-klantenservice-bol-at-studenten-net-4468315014,https://nl.linkedin.com/company/studenten-net,4468315014
Studenten.net,Service &amp; informatie Medewerker,Nijmegen,2026-09-16,customer service parttime,nee,https://nl.linkedin.com/jobs/view/service-informatie-medewerker-at-studenten-net-4467989101,https://nl.linkedin.com/company/studenten-net,4467989101
Studenten.net,Account Specialist DHL Express,Arnhem,2026-09-16,customer service parttime,nee,https://nl.linkedin.com/jobs/view/account-specialist-dhl-express-at-studenten-net-4468302930,https://nl.linkedin.com/company/studenten-net,4468302930
Studenten.net,B2B Klantenservice Bol,Nieuwegein,2026-09-16,customer service parttime,nee,https://nl.linkedin.com/jobs/view/b2b-klantenservice-bol-at-studenten-net-4468296926,https://nl.linkedin.com/company/studenten-net,4468296926
Studenten.net,Partnerservice,Amersfoort,2026-09-16,customer service parttime,nee,https://nl.linkedin.com/jobs/view/partnerservice-at-studenten-net-4467988087,https://nl.linkedin.com/company/studenten-net,4467988087
Studenten.net,Klantadviseur Key Account Amersfoort,Hilversum,2026-09-17,customer succes,nee,https://nl.linkedin.com/jobs/view/klantadviseur-key-account-amersfoort-at-studenten-net-4468824591,https://nl.linkedin.com/company/studenten-net,4468824591
Studenten.net,e-commerce klantenservice bol,Amersfoort,2026-09-17,customer service parttime,nee,https://nl.linkedin.com/jobs/view/e-commerce-klantenservice-bol-at-studenten-net-4468826498,https://nl.linkedin.com/company/studenten-net,4468826498
Studenten.net,Klantenservice medewerker B2B Bol,Nieuwegein,2026-09-17,customer service parttime,nee,https://nl.linkedin.com/jobs/view/klantenservice-medewerker-b2b-bol-at-studenten-net-4468832396,https://nl.linkedin.com/company/studenten-net,4468832396
Studenten.net,B2B Klantenservice Bol | Hybride,Utrecht,2026-09-17,customer service parttime,nee,https://nl.linkedin.com/jobs/view/b2b-klantenservice-bol-hybride-at-studenten-net-4468607178,https://nl.linkedin.com/company/studenten-net,4468607178
Studenten.net,Klantenservice medewerker BOL,Zeist,2026-09-17,customer service parttime,nee,https://nl.linkedin.com/jobs/view/klantenservice-medewerker-bol-at-studenten-net-4468844190,https://nl.linkedin.com/company/studenten-net,4468844190
Studenten.net,Klantenservice medewerker B2B,Zeist,2026-09-17,customer service parttime,nee,https://nl.linkedin.com/jobs/view/klantenservice-medewerker-b2b-at-studenten-net-4468844194,https://nl.linkedin.com/company/studenten-net,4468844194
Studenten.net,Klantenservice B2B | (deels) thuiswerken,Zeist,2026-09-18,customer service parttime,nee,https://nl.linkedin.com/jobs/view/klantenservice-b2b-deels-thuiswerken-at-studenten-net-4469239918,https://nl.linkedin.com/company/studenten-net,4469239918
Studenten.net,Zakelijke support medewerker,Nieuwegein,2026-09-18,customer service parttime,nee,https://nl.linkedin.com/jobs/view/zakelijke-support-medewerker-at-studenten-net-4469247760,https://nl.linkedin.com/company/studenten-net,4469247760
Studenten.net,klantenservice B2B,Amersfoort,2026-09-19,customer service parttime,nee,https://nl.linkedin.com/jobs/view/klantenservice-b2b-at-studenten-net-4469551956,https://nl.linkedin.com/company/studenten-net,4469551956
Studenten.net,B2B Klantenservice Bol | Hybride,Zeist,2026-09-19,customer service parttime,nee,https://nl.linkedin.com/jobs/view/b2b-klantenservice-bol-hybride-at-studenten-net-4469558362,https://nl.linkedin.com/company/studenten-net,4469558362
Studenten.net,Klantenservice medewerker,Utrecht,2026-09-19,customer service parttime,nee,https://nl.linkedin.com/jobs/view/klantenservice-medewerker-at-studenten-net-4469550913,https://nl.linkedin.com/company/studenten-net,4469550913
Studenten.net,Accountmanager Check-out,Utrecht,2026-09-22,inkoper webshop,nee,https://nl.linkedin.com/jobs/view/accountmanager-check-out-at-studenten-net-4470618987,https://nl.linkedin.com/company/studenten-net,4470618987
Studenten.net,Partnerspecialist Zakelijk E-Commerce,'s-Hertogenbosch,2026-09-22,medewerker verkoop binnendienst webshop,nee,https://nl.linkedin.com/jobs/view/partnerspecialist-zakelijk-e-commerce-at-studenten-net-4468567891,https://nl.linkedin.com/company/studenten-net,4468567891
Studenten.net,Zakelijke Klantenservice E-Commerce,Utrecht,2026-09-22,medewerker verkoop binnendienst webshop,nee,https://nl.linkedin.com/jobs/view/zakelijke-klantenservice-e-commerce-at-studenten-net-4468567887,https://nl.linkedin.com/company/studenten-net,4468567887
Studenten.net,Klantenservice medewerker Bol,Utrecht,2026-09-22,customer service parttime,nee,https://nl.linkedin.com/jobs/view/klantenservice-medewerker-bol-at-studenten-net-4470626741,https://nl.linkedin.com/company/studenten-net,4470626741
Studenten.net,Klantenservice medewerker e-commerce,Nieuwegein,2026-09-22,customer service parttime,nee,https://nl.linkedin.com/jobs/view/klantenservice-medewerker-e-commerce-at-studenten-net-4470633487,https://nl.linkedin.com/company/studenten-net,4470633487
Studenten.net,Klantenservice medewerker Bol,Utrecht,2026-09-22,customer service parttime,nee,https://nl.linkedin.com/jobs/view/klantenservice-medewerker-bol-at-studenten-net-4470629549,https://nl.linkedin.com/company/studenten-net,4470629549
Studenten.net,Customer service medewerker Bol,Amersfoort,2026-09-22,customer service parttime,nee,https://nl.linkedin.com/jobs/view/customer-service-medewerker-bol-at-studenten-net-4470618986,https://nl.linkedin.com/company/studenten-net,4470618986
Studio Noos,E-commerce Product Owner,Amsterdam,2026-09-03,product owner webshop,nee,https://nl.linkedin.com/jobs/view/e-commerce-product-owner-at-studio-noos-4462761492,https://nl.linkedin.com/company/studio-noos,4462761492
Studio Noos,Performance Marketeer,Amsterdam,2026-09-17,social media medewerker webshop,nee,https://nl.linkedin.com/jobs/view/performance-marketeer-at-studio-noos-4468611419,https://nl.linkedin.com/company/studio-noos,4468611419
STUDIOVEGTER,Wholesale Operations &amp; Customer Support Coördinator,Utrecht Area,2026-07-05,supply chain medewerker webshop,nee,https://nl.linkedin.com/jobs/view/wholesale-operations-customer-support-co%C3%B6rdinator-at-studiovegter-4436991174,https://nl.linkedin.com/company/studiovegter,4436991174
STUDIOVEGTER,Administratief Medewerker Finance &amp; E-commerce,Utrecht Area,2026-07-16,servicedesk medewerker webshop,nee,https://nl.linkedin.com/jobs/view/administratief-medewerker-finance-e-commerce-at-studiovegter-4441642212,https://nl.linkedin.com/company/studiovegter,4441642212
SucceedIT,ERP Support Specialist,Amersfoort,2026-09-01,servicedesk medewerker webshop,nee,https://nl.linkedin.com/jobs/view/erp-support-specialist-at-succeedit-4459524486,https://nl.linkedin.com/company/succeedit,4459524486
Succesfactor,Growth Marketeer (Inhouse),Deventer,2026-09-13,email marketeer webshop,nee,https://nl.linkedin.com/jobs/view/growth-marketeer-inhouse-at-succesfactor-4464740388,https://nl.linkedin.com/company/succesfactor-nu,4464740388
SUITSUIT | Certified B Corp,Marketplace Specialist,Randstad,2026-09-02,social media medewerker webshop,nee,https://nl.linkedin.com/jobs/view/marketplace-specialist-at-suitsuit-certified-b-corp-4459969550,https://nl.linkedin.com/company/suitsuit,4459969550
Suitsupply,Product Manager - Customer Operations,Amsterdam,2026-09-03,product owner webshop,nee,https://nl.linkedin.com/jobs/view/product-manager-customer-operations-at-suitsupply-4443177787,https://nl.linkedin.com/company/suitsupply,4443177787
Suitsupply,Junior Product Manager POS,Amsterdam,2026-09-15,product owner webshop,nee,https://nl.linkedin.com/jobs/view/junior-product-manager-pos-at-suitsupply-4465901977,https://nl.linkedin.com/company/suitsupply,4465901977
Suitsupply,Customer Service Specialist,Amsterdam,2026-09-22,klantsupport,nee,https://nl.linkedin.com/jobs/view/customer-service-specialist-at-suitsupply-4326536412,https://nl.linkedin.com/company/suitsupply,4326536412
Sumitomo Heavy Industries (Europe),IT First Level Support,Amstelveen,2026-09-22,servicedesk medewerker webshop,nee,https://nl.linkedin.com/jobs/view/it-first-level-support-at-sumitomo-heavy-industries-europe-4470439752,https://nl.linkedin.com/company/sumitomo-heavy-industries-europe,4470439752
Sumitomo Heavy Industries (Europe),IT First Level Support,Amstelveen,2026-09-23,servicedesk medewerker webshop,nee,https://nl.linkedin.com/jobs/view/it-first-level-support-at-sumitomo-heavy-industries-europe-4470662688,https://nl.linkedin.com/company/sumitomo-heavy-industries-europe,4470662688
Summa,"Content Marketeer/ Creator (Eindhoven, 0,8 – 1,0 fte)",Eindhoven,2026-09-22,conversie specialist,nee,https://nl.linkedin.com/jobs/view/content-marketeer-creator-eindhoven-0-8-%E2%80%93-1-0-fte-at-summa-4470618757,https://nl.linkedin.com/school/summa/,4470618757
SumUp,Customer Support Agent,Amsterdam,2026-09-02,after sales medewerker,nee,https://nl.linkedin.com/jobs/view/customer-support-agent-at-sumup-4421965211,https://uk.linkedin.com/company/sumup,4421965211
Sunny Cars,Customer Service Expert (24-40 uur),Haarlem,2026-09-09,klantsupport,nee,https://nl.linkedin.com/jobs/view/customer-service-expert-24-40-uur-at-sunny-cars-4465026977,https://nl.linkedin.com/company/sunny-cars-nederland,4465026977
Sunware,Marketplace Specialist (32 - 40 uur),Tilburg,2026-09-14,email marketeer webshop,nee,https://nl.linkedin.com/jobs/view/marketplace-specialist-32-40-uur-at-sunware-4467048859,https://nl.linkedin.com/company/sunware-perfectlyorganised,4467048859
Supermicro,Technical Account Manager,'s-Hertogenbosch,2026-09-04,customer succes,nee,https://nl.linkedin.com/jobs/view/technical-account-manager-at-supermicro-4426525953,https://www.linkedin.com/company/supermicro,4426525953
Supermicro,IT Support Engineer,'s-Hertogenbosch,2026-09-09,servicedesk medewerker webshop,nee,https://nl.linkedin.com/jobs/view/it-support-engineer-at-supermicro-4446129789,https://www.linkedin.com/company/supermicro,4446129789
Supermicro,Technical Account Manager,'s-Hertogenbosch,2026-09-17,customer succes,nee,https://nl.linkedin.com/jobs/view/technical-account-manager-at-supermicro-4440055432,https://www.linkedin.com/company/supermicro,4440055432
SUPERP,IT Servicedesk Medewerker,De Meern,2026-09-16,servicedesk medewerker webshop,nee,https://nl.linkedin.com/jobs/view/it-servicedesk-medewerker-at-superp-4456701473,https://nl.linkedin.com/company/superp,4456701473
Superyoga,Social Media &amp; Performance Marketeer,Amstelveen,2026-09-01,social media medewerker webshop,nee,https://nl.linkedin.com/jobs/view/social-media-performance-marketeer-at-superyoga-4461705564,https://nl.linkedin.com/company/superyoga,4461705564
Surebird,Customer Service Medewerker (Student),Amsterdam,2026-09-04,customer service parttime,nee,https://nl.linkedin.com/jobs/view/customer-service-medewerker-student-at-surebird-4463194789,https://nl.linkedin.com/company/surebird,4463194789
SV.CO,Medewerker Logistiek,De Lier,2026-08-23,supply chain medewerker webshop,nee,https://nl.linkedin.com/jobs/view/medewerker-logistiek-at-sv-co-4466272331,https://nl.linkedin.com/company/sv-co,4466272331
SVO vakopleider food,Verkoopmedewerkster,Middelburg,2026-08-21,medewerker verkoop binnendienst webshop,nee,https://nl.linkedin.com/jobs/view/verkoopmedewerkster-at-svo-vakopleider-food-4456238104,https://nl.linkedin.com/school/svo/,4456238104
Swap,Director of Product,Amsterdam,2026-09-11,product owner webshop,nee,https://nl.linkedin.com/jobs/view/director-of-product-at-swap-4437035911,https://uk.linkedin.com/company/sw-ap,4437035911
swapwork,Logistiek medewerker bloemen Aalsmeer,Aalsmeer,2026-09-16,supply chain medewerker webshop,nee,https://nl.linkedin.com/jobs/view/logistiek-medewerker-bloemen-aalsmeer-at-swapwork-4465995169,https://de.linkedin.com/company/swapwork,4465995169
swapwork,Logistiek medewerker / orderpicker dagdienst Alkmaar,Alkmaar,2026-09-16,supply chain medewerker webshop,nee,https://nl.linkedin.com/jobs/view/logistiek-medewerker-orderpicker-dagdienst-alkmaar-at-swapwork-4465989167,https://de.linkedin.com/company/swapwork,4465989167
Swiss Sense,Magazijnmedewerker Allround (2 Ploegendienst),Uden,2026-09-10,fulfilment medewerker,nee,https://nl.linkedin.com/jobs/view/magazijnmedewerker-allround-2-ploegendienst-at-swiss-sense-4456463427,https://nl.linkedin.com/company/swisssense,4456463427
Swiss Sense,Web Analist,Uden,2026-09-14,conversie specialist,nee,https://nl.linkedin.com/jobs/view/web-analist-at-swiss-sense-4467094489,https://nl.linkedin.com/company/swisssense,4467094489
Swydo,Creative Graphic Designer,Hilversum,2026-09-10,social media medewerker webshop,nee,https://nl.linkedin.com/jobs/view/creative-graphic-designer-at-swydo-4465029594,https://nl.linkedin.com/company/swydo,4465029594
Symbis,Eerstelijns Servicedesk Engineer,Alblasserdam,2026-07-20,servicedesk medewerker webshop,nee,https://nl.linkedin.com/jobs/view/eerstelijns-servicedesk-engineer-at-symbis-4442205573,https://nl.linkedin.com/company/symbis,4442205573
Symbis,Microsoft 365 Adoptieconsultant,Alblasserdam,2026-07-23,conversie specialist,nee,https://nl.linkedin.com/jobs/view/microsoft-365-adoptieconsultant-at-symbis-4444019128,https://nl.linkedin.com/company/symbis,4444019128
Syntegon,Magazijnmedewerker - Expeditie,Weert,2026-09-21,fulfilment medewerker,nee,https://nl.linkedin.com/jobs/view/magazijnmedewerker-expeditie-at-syntegon-4459782457,https://de.linkedin.com/company/syntegon,4459782457
Syntegon,Warehouse Operator - Shipping,Weert,2026-09-22,fulfilment medewerker,nee,https://nl.linkedin.com/jobs/view/warehouse-operator-shipping-at-syntegon-4460048302,https://de.linkedin.com/company/syntegon,4460048302
SystemRapid,"1st/2nd Line Desktop Support Engineer - Rotterdam, Holland, Netherlands",Rotterdam,2026-09-16,servicedesk medewerker webshop,nee,https://nl.linkedin.com/jobs/view/1st-2nd-line-desktop-support-engineer-rotterdam-holland-netherlands-at-systemrapid-4465573610,https://uk.linkedin.com/company/systemrapid,4465573610
T-Systems Nederland B.V.,Cloud Adoption Manager – T Cloud Public (Customer Success | Sovereign Cloud),"Utrecht, Nederland",2026-09-11,customer succes,nee,https://nl.linkedin.com/jobs/view/cloud-adoption-manager-%E2%80%93-t-cloud-public-customer-success-sovereign-cloud-at-t-systems-nederland-b-v-4441960121,https://nl.linkedin.com/company/t-systems-nederland,4441960121
TAGGRS,Lifecycle Marketeer (Part-time/Fulltime),Heerenveen,2026-09-15,email marketeer webshop,nee,https://nl.linkedin.com/jobs/view/lifecycle-marketeer-part-time-fulltime-at-taggrs-4465539367,https://nl.linkedin.com/company/taggrs,4465539367
Talent&amp;Pro,Traineeship Communicatie,Den Haag,2026-09-02,conversie specialist,nee,https://nl.linkedin.com/jobs/view/traineeship-communicatie-at-talent-pro-4204809160,https://nl.linkedin.com/company/talentenpro,4204809160
TalentForge Ltd,Customer Support Clerk,Eindhoven,2026-09-21,after sales medewerker,nee,https://nl.linkedin.com/jobs/view/customer-support-clerk-at-talentforge-ltd-4469867018,https://www.linkedin.com/company/talentforge-ltd,4469867018
TalentForge Ltd,Computer User Support Specialist,Rotterdam,2026-09-21,after sales medewerker,nee,https://nl.linkedin.com/jobs/view/computer-user-support-specialist-at-talentforge-ltd-4469852788,https://www.linkedin.com/company/talentforge-ltd,4469852788
TalentForge Ltd,Warehouse Operations Specialist,Amsterdam,2026-09-21,fulfilment medewerker,nee,https://nl.linkedin.com/jobs/view/warehouse-operations-specialist-at-talentforge-ltd-4469850903,https://www.linkedin.com/company/talentforge-ltd,4469850903
Talentix,Customer Success Manager,Haarlem,2026-08-05,customer succes,nee,https://nl.linkedin.com/jobs/view/customer-success-manager-at-talentix-4448048486,https://nl.linkedin.com/company/talentix-ai,4448048486
Tandem Health,Customer Success Specialist - Netherlands,Leiden,2026-09-04,customer succes,nee,https://nl.linkedin.com/jobs/view/customer-success-specialist-netherlands-at-tandem-health-4461749093,https://se.linkedin.com/company/tandem-health,4461749093
Tandem Health,Customer Success Specialist - Netherlands,Leiden,2026-09-04,customer succes,nee,https://nl.linkedin.com/jobs/view/customer-success-specialist-netherlands-at-tandem-health-4461745151,https://se.linkedin.com/company/tandem-health,4461745151
Tangent,Entry level Customer Success Manager (€30-€60k salary + commission),Amsterdam Area,2026-09-04,customer succes,nee,https://nl.linkedin.com/jobs/view/entry-level-customer-success-manager-%E2%82%AC30-%E2%82%AC60k-salary-%2B-commission-at-tangent-4463361874,https://uk.linkedin.com/company/jointangent,4463361874
Tap Electric,Stagiair(e) Social Media &amp; Community Marketing,Amsterdam,2026-08-26,social media medewerker webshop,nee,https://nl.linkedin.com/jobs/view/stagiair-e-social-media-community-marketing-at-tap-electric-4459315014,https://nl.linkedin.com/company/tap-electric-app,4459315014
Tarkett,Customer Service Representative,Waalwijk,2026-06-26,klantsupport,nee,https://nl.linkedin.com/jobs/view/customer-service-representative-at-tarkett-4431709604,https://fr.linkedin.com/company/tarkett,4431709604
TBAuctions,Junior IT Support Medewerker,Amsterdam,2026-09-22,servicedesk medewerker webshop,nee,https://nl.linkedin.com/jobs/view/junior-it-support-medewerker-at-tbauctions-4470414172,https://nl.linkedin.com/company/tbauctions,4470414172
TCC smart IT solutions,Customer Success Manager,Tilburg,2026-02-26,customer succes,nee,https://nl.linkedin.com/jobs/view/customer-success-manager-at-tcc-smart-it-solutions-4375282443,https://nl.linkedin.com/company/tcc-smart-it-solutions,4375282443
TD SYNNEX Netherlands,Inside Sales Microsoft Copilot,Bodegraven,2026-09-17,conversie specialist,nee,https://nl.linkedin.com/jobs/view/inside-sales-microsoft-copilot-at-td-synnex-netherlands%E2%80%8B-4466276752,https://nl.linkedin.com/company/tdsynnexnetherlands,4466276752
TEAM LEWIS,Junior PR Adviseur,Eindhoven,2026-09-08,conversie specialist,nee,https://nl.linkedin.com/jobs/view/junior-pr-adviseur-at-team-lewis-4445132844,https://uk.linkedin.com/company/teamlewis,4445132844
team.blue,Agent - Customer Support,Leiden,2026-09-18,after sales medewerker,nee,https://nl.linkedin.com/jobs/view/agent-customer-support-at-team-blue-4469171885,https://be.linkedin.com/company/teamblue,4469171885
team5pm,influencer campaign manager L'Oréal,Amsterdam,2026-09-03,social media medewerker webshop,nee,https://nl.linkedin.com/jobs/view/influencer-campaign-manager-l-or%C3%A9al-at-team5pm-4462840956,https://nl.linkedin.com/company/team5pm,4462840956
Tech Rise,Head of Customer Success,Amsterdam,2026-09-22,customer succes,nee,https://nl.linkedin.com/jobs/view/head-of-customer-success-at-tech-rise-4456583876,https://nl.linkedin.com/company/techrisepeople,4456583876
Technische Unie,Customer Service Medewerker,Eindhoven,2026-08-24,klantsupport,nee,https://nl.linkedin.com/jobs/view/customer-service-medewerker-at-technische-unie-4458474159,https://nl.linkedin.com/company/technische-unie,4458474159
Technische Unie,Customer Service Medewerker,Dordrecht,2026-09-16,klantsupport,nee,https://nl.linkedin.com/jobs/view/customer-service-medewerker-at-technische-unie-4466953716,https://nl.linkedin.com/company/technische-unie,4466953716
Technische Unie,Customer Service Medewerker,Zwolle,2026-09-17,klantsupport,nee,https://nl.linkedin.com/jobs/view/customer-service-medewerker-at-technische-unie-4466956665,https://nl.linkedin.com/company/technische-unie,4466956665
TechoneNL,1e Lijn Support Engineer,Rotterdam,2026-08-27,servicedesk medewerker webshop,nee,https://nl.linkedin.com/jobs/view/1e-lijn-support-engineer-at-techonenl-4458009378,https://nl.linkedin.com/company/techonenl,4458009378
Teelor,Producteigenaar,Rotterdam,2026-08-27,product owner webshop,nee,https://nl.linkedin.com/jobs/view/producteigenaar-at-teelor-4457748404,https://nl.linkedin.com/company/teelor,4457748404
Tegeltje.nl,Sales medewerker B2B (24-40 uur),Bodegraven,2026-09-18,medewerker verkoop binnendienst webshop,nee,https://nl.linkedin.com/jobs/view/sales-medewerker-b2b-24-40-uur-at-tegeltje-nl-4469197217,https://www.linkedin.com/company/tegeltje.nl,4469197217
Teifi Digital,Future Opportunities,Rijswijk,2026-01-14,inkoper webshop,nee,https://nl.linkedin.com/jobs/view/future-opportunities-at-teifi-digital-4361559405,https://ca.linkedin.com/company/teifidigital,4361559405
Telco Accessories Group,Medewerker Order- en Voorraadmanagement,Houten,2026-09-03,supply chain medewerker webshop,nee,https://nl.linkedin.com/jobs/view/medewerker-order-en-voorraadmanagement-at-telco-accessories-group-4460493576,https://nl.linkedin.com/company/telco-accessories-group,4460493576
Telco Accessories Group,Klantenservicemedewerker,Houten,2026-09-21,klantsupport,nee,https://nl.linkedin.com/jobs/view/klantenservicemedewerker-at-telco-accessories-group-4467395413,https://nl.linkedin.com/company/telco-accessories-group,4467395413
Telco Accessories Group,Klantenservicemedewerker,Lichtenvoorde,2026-09-21,klantsupport,nee,https://nl.linkedin.com/jobs/view/klantenservicemedewerker-at-telco-accessories-group-4467383708,https://nl.linkedin.com/company/telco-accessories-group,4467383708
Teledyne Technologies Incorporated,Logistiek Medewerker,Eindhoven,2026-06-30,fulfilment medewerker,nee,https://nl.linkedin.com/jobs/view/logistiek-medewerker-at-teledyne-technologies-incorporated-4433836634,https://www.linkedin.com/company/teledyne-technologies-incorporated,4433836634
Tellent,Customer Success Manager - DACH,Amsterdam,2026-09-07,customer succes,nee,https://nl.linkedin.com/jobs/view/customer-success-manager-dach-at-tellent-4462200150,https://nl.linkedin.com/company/tellenthq,4462200150
Tellent,Customer Success Manager - Benelux,Amsterdam,2026-09-15,customer succes,nee,https://nl.linkedin.com/jobs/view/customer-success-manager-benelux-at-tellent-4446638429,https://nl.linkedin.com/company/tellenthq,4446638429
Tellent,Digital Customer Success Manager - Benelux,Amsterdam,2026-09-21,customer succes,nee,https://nl.linkedin.com/jobs/view/digital-customer-success-manager-benelux-at-tellent-4467383612,https://nl.linkedin.com/company/tellenthq,4467383612
TenderB,Customer Success Manager,Eindhoven,2026-09-23,customer succes,nee,https://nl.linkedin.com/jobs/view/customer-success-manager-at-tenderb-4470910316,https://nl.linkedin.com/company/tenderb,4470910316
Termeer Groep,Webshopmedewerker (maandag),Tilburg,2026-09-16,supply chain medewerker webshop,nee,https://nl.linkedin.com/jobs/view/webshopmedewerker-maandag-at-termeer-groep-4371879320,https://nl.linkedin.com/company/termeergroep,4371879320
terStal,E-Commerce Manager,Almelo,2026-07-30,product owner webshop,nee,https://nl.linkedin.com/jobs/view/e-commerce-manager-at-terstal-4447081089,https://nl.linkedin.com/company/ter-stal-textiel-bv,4447081089
Tether.io,Expansion Event Coordinator,Nederland,2026-06-08,conversie specialist,nee,https://nl.linkedin.com/jobs/view/expansion-event-coordinator-at-tether-io-4425485170,https://www.linkedin.com/company/tether,4425485170
"The Beauty Tech Group (CurrentBody, ZIIP, Tria)",Warehouse Operative,Enschede,2026-09-15,fulfilment medewerker,nee,https://nl.linkedin.com/jobs/view/warehouse-operative-at-the-beauty-tech-group-currentbody-ziip-tria-4466194637,https://uk.linkedin.com/company/thebeautytechgroup,4466194637
The Branding Club,Logistiek Medewerker,Utrecht,2026-08-28,supply chain medewerker webshop,nee,https://nl.linkedin.com/jobs/view/logistiek-medewerker-at-the-branding-club-4458086193,https://nl.linkedin.com/company/thebrandingclub,4458086193
The Builder Studios,Web Designer,Amsterdam Area,2026-07-26,inkoper webshop,nee,https://nl.linkedin.com/jobs/view/web-designer-at-the-builder-studios-4445366361,https://nl.linkedin.com/company/the-builder-studios,4445366361
The Chain Company,Medewerker Operationele Inkoop &amp; Planning,Deventer,2026-09-14,supply chain medewerker webshop,nee,https://nl.linkedin.com/jobs/view/medewerker-operationele-inkoop-planning-at-the-chain-company-4467052364,https://nl.linkedin.com/company/the-chain-company,4467052364
The Dare Company,Vacature online marketeer (junior/medior),Rotterdam,2026-07-10,email marketeer webshop,nee,https://nl.linkedin.com/jobs/view/vacature-online-marketeer-junior-medior-at-the-dare-company-4449069214,https://nl.linkedin.com/company/the-dare-company,4449069214
The Gift,Import Logistics Coördinator,Noord-Scharwoude,2026-09-22,supply chain medewerker webshop,nee,https://nl.linkedin.com/jobs/view/import-logistics-co%C3%B6rdinator-at-the-gift-groothandel-4470279721,https://nl.linkedin.com/company/thegift,4470279721
The Greenery Logistics,Logistiek Medewerker,Barendrecht,2026-08-27,fulfilment medewerker,nee,https://nl.linkedin.com/jobs/view/logistiek-medewerker-at-the-greenery-logistics-4422427546,https://nl.linkedin.com/company/the-greenery-logistics,4422427546
The Lemon Consulting,Klantenservicemedewerker,Amsterdam,2026-08-19,after sales medewerker,nee,https://nl.linkedin.com/jobs/view/klantenservicemedewerker-at-the-lemon-consulting-4455400755,https://www.linkedin.com/company/the-lemon-consulting,4455400755
The Lemon Consulting,Klantenservicemedewerker,Rotterdam,2026-08-19,after sales medewerker,nee,https://nl.linkedin.com/jobs/view/klantenservicemedewerker-at-the-lemon-consulting-4455401717,https://www.linkedin.com/company/the-lemon-consulting,4455401717
The Lemon Consulting,Klantenservicemedewerker,Arnhem,2026-08-19,after sales medewerker,nee,https://nl.linkedin.com/jobs/view/klantenservicemedewerker-at-the-lemon-consulting-4455417585,https://www.linkedin.com/company/the-lemon-consulting,4455417585
The Lemon Consulting,Klantenservicemedewerker,Den Haag,2026-08-19,after sales medewerker,nee,https://nl.linkedin.com/jobs/view/klantenservicemedewerker-at-the-lemon-consulting-4455411705,https://www.linkedin.com/company/the-lemon-consulting,4455411705
The Lemon Consulting,Klantenservicemedewerker,Haarlem,2026-08-19,after sales medewerker,nee,https://nl.linkedin.com/jobs/view/klantenservicemedewerker-at-the-lemon-consulting-4454995730,https://www.linkedin.com/company/the-lemon-consulting,4454995730
The Lemon Consulting,Klantenservicemedewerker,Eindhoven,2026-08-19,after sales medewerker,nee,https://nl.linkedin.com/jobs/view/klantenservicemedewerker-at-the-lemon-consulting-4454996801,https://www.linkedin.com/company/the-lemon-consulting,4454996801
The Lemon Consulting,Klantenservicemedewerker,Nijmegen,2026-08-19,after sales medewerker,nee,https://nl.linkedin.com/jobs/view/klantenservicemedewerker-at-the-lemon-consulting-4455415712,https://www.linkedin.com/company/the-lemon-consulting,4455415712
The Lemon Consulting,Klantenservicemedewerker,Utrecht,2026-08-19,after sales medewerker,nee,https://nl.linkedin.com/jobs/view/klantenservicemedewerker-at-the-lemon-consulting-4454998808,https://www.linkedin.com/company/the-lemon-consulting,4454998808
The Neon Company,Inside Sales Medewerker - Commerciële Binnendienst | €2.500–€3.200 + performance bonus.,Vianen,2026-08-20,medewerker verkoop binnendienst webshop,nee,https://nl.linkedin.com/jobs/view/inside-sales-medewerker-commerci%C3%ABle-binnendienst-%E2%82%AC2-500%E2%80%93%E2%82%AC3-200-%2B-performance-bonus-at-the-neon-company-4456719593,https://nl.linkedin.com/company/theneoncompany,4456719593
The Padellers,STAGIAIRE SOCIAL MEDIA,Amsterdam Area,2026-01-27,social media medewerker webshop,nee,https://nl.linkedin.com/jobs/view/stagiaire-social-media-at-the-padellers-4365987209,https://nl.linkedin.com/company/the-padellers,4365987209
The Photo Company,Winkelmedewerker (8-38 uur),Amersfoort,2026-09-13,inkoper webshop,nee,https://nl.linkedin.com/jobs/view/winkelmedewerker-8-38-uur-at-the-photo-company-4466771175,https://www.linkedin.com/company/uwfotozaak,4466771175
The Rent Company,Medewerker Klantenservice,'s-Hertogenbosch,2026-09-03,after sales medewerker,nee,https://nl.linkedin.com/jobs/view/medewerker-klantenservice-at-the-rent-company-4460421208,https://nl.linkedin.com/company/the-rent-company-bv,4460421208
The Rent Company,Team Lead Marketing &amp; Customer Journey,'s-Hertogenbosch,2026-09-15,email marketeer webshop,nee,https://nl.linkedin.com/jobs/view/team-lead-marketing-customer-journey-at-the-rent-company-4465268050,https://nl.linkedin.com/company/the-rent-company-bv,4465268050
The Schippers Group,E-Commerce Specialist,Hapert,2026-08-26,product owner webshop,nee,https://nl.linkedin.com/jobs/view/e-commerce-specialist-at-the-schippers-group-4457922027,https://nl.linkedin.com/company/theschippersgroup,4457922027
The Schippers Group,Product Owner E-Commerce,Hapert,2026-09-08,product owner webshop,nee,https://nl.linkedin.com/jobs/view/product-owner-e-commerce-at-the-schippers-group-4463253169,https://nl.linkedin.com/company/theschippersgroup,4463253169
The Social Hub (B Corp™),Connector,Rotterdam,2026-09-05,conversie specialist,nee,https://nl.linkedin.com/jobs/view/connector-at-the-social-hub-b-corp%E2%84%A2-4443532558,https://nl.linkedin.com/company/the-social-hub-global,4443532558
The Sting Companies,Product Owner HR,Breda-Tilburg Area,2026-09-14,product owner webshop,nee,https://nl.linkedin.com/jobs/view/product-owner-hr-at-the-sting-companies-4439430412,https://nl.linkedin.com/company/the-sting-companies,4439430412
The Wonder Weeks,Product Owner App,Arnhem,2026-09-17,product owner webshop,nee,https://nl.linkedin.com/jobs/view/product-owner-app-at-the-wonder-weeks-4468629593,https://nl.linkedin.com/company/oeiikgroei,4468629593
Thermaflex Nederland,Logistiek Medewerker Expeditie,Waalwijk,2026-09-22,fulfilment medewerker,nee,https://nl.linkedin.com/jobs/view/logistiek-medewerker-expeditie-at-thermaflex-nederland-4469009315,https://nl.linkedin.com/company/thermaflexnl,4469009315
Thermo Fisher Scientific,Material Handler II,Eindhoven,2026-09-04,fulfilment medewerker,nee,https://nl.linkedin.com/jobs/view/material-handler-ii-at-thermo-fisher-scientific-4461141841,https://www.linkedin.com/company/thermo-fisher-scientific,4461141841
Thermo Fisher Scientific,Marketing Automation Specialist,Landsmeer,2026-09-10,email marketeer webshop,nee,https://nl.linkedin.com/jobs/view/marketing-automation-specialist-at-thermo-fisher-scientific-4463426027,https://www.linkedin.com/company/thermo-fisher-scientific,4463426027
Thingsdata,Support employee – Amsterdam,Amsterdam,2025-12-16,after sales medewerker,nee,https://nl.linkedin.com/jobs/view/support-employee-%E2%80%93-amsterdam-at-thingsdata-4344024825,https://nl.linkedin.com/company/thingsdata,4344024825
Think Online,VACATURE: ONLINE MARKETEER,Breda-Tilburg Area,2026-06-27,inkoper webshop,nee,https://nl.linkedin.com/jobs/view/vacature-%0Aonline-marketeer-at-think-online-4434214925,https://nl.linkedin.com/company/think-online-bv,4434214925
Three Birds Recruitment,Specialist eCommerce,Aalsmeer,2026-08-28,product owner webshop,nee,https://nl.linkedin.com/jobs/view/specialist-ecommerce-at-three-birds-recruitment-4458065678,https://nl.linkedin.com/company/threebirdsrecruitment,4458065678
Tialda BV,Logistiek medewerker,Gorredijk,2026-09-01,fulfilment medewerker,nee,https://nl.linkedin.com/jobs/view/logistiek-medewerker-at-tialda-bv-4461556478,https://nl.linkedin.com/company/tialda-bv,4461556478
Tibber,Customer Support Specialist,Amsterdam,2026-09-08,after sales medewerker,nee,https://nl.linkedin.com/jobs/view/customer-support-specialist-at-tibber-4414816920,https://no.linkedin.com/company/tibber,4414816920
TikTok,TikTok Shop - Agency and Creator Manager,Amsterdam,2026-09-12,social media medewerker webshop,nee,https://nl.linkedin.com/jobs/view/tiktok-shop-agency-and-creator-manager-at-tiktok-4465425146,https://www.linkedin.com/company/tiktok,4465425146
Tilburg University,Medewerker IT support,Tilburg,2026-09-14,servicedesk medewerker webshop,nee,https://nl.linkedin.com/jobs/view/medewerker-it-support-at-tilburg-university-4465721716,https://nl.linkedin.com/school/tilburg-university/,4465721716
tiny | woonoplossingen,Junior Verkoper - Consumenten sales,Bunnik,2026-09-21,inkoper webshop,nee,https://nl.linkedin.com/jobs/view/junior-verkoper-consumenten-sales-at-tiny-woonoplossingen-4469880014,https://nl.linkedin.com/company/tiny-tiny-house,4469880014
Tools4ever B.V.,Inside Sales Medewerker,Baarn,2026-09-01,medewerker verkoop binnendienst webshop,nee,https://nl.linkedin.com/jobs/view/inside-sales-medewerker-at-tools4ever-b-v-4461704353,https://nl.linkedin.com/company/tools4ever-nederland,4461704353
Tools4ever B.V.,Inside Sales medewerker,Baarn,2026-09-10,medewerker verkoop binnendienst webshop,nee,https://nl.linkedin.com/jobs/view/inside-sales-medewerker-at-tools4ever-b-v-4464199622,https://nl.linkedin.com/company/tools4ever-nederland,4464199622
Top of Minds,Head of Marketing,Rijswijk,2026-09-16,email marketeer webshop,nee,https://nl.linkedin.com/jobs/view/head-of-marketing-at-top-of-minds-4466826982,https://nl.linkedin.com/company/top-of-minds,4466826982
TOPdesk,Customer Succes Manager (NL),Delft,2026-09-14,customer succes,nee,https://nl.linkedin.com/jobs/view/customer-succes-manager-nl-at-topdesk-4465762335,https://nl.linkedin.com/company/topdesk,4465762335
TOPdesk,Senior PR &amp; External Communications Specialist,Delft,2026-09-21,conversie specialist,nee,https://nl.linkedin.com/jobs/view/senior-pr-external-communications-specialist-at-topdesk-4469911490,https://nl.linkedin.com/company/topdesk,4469911490
TopParken,Medewerker ICT en Facilitaire ondersteuning,Lunteren,2026-09-22,servicedesk medewerker webshop,nee,https://nl.linkedin.com/jobs/view/medewerker-ict-en-facilitaire-ondersteuning-at-topparken-4469038962,https://nl.linkedin.com/company/topparken,4469038962
Toppy,E-commerce meewerkstage,Veghel,2026-04-07,inkoper webshop,nee,https://nl.linkedin.com/jobs/view/e-commerce-meewerkstage-at-toppy-4398365727,https://nl.linkedin.com/company/dastoppy,4398365727
Touch Incentive,PURCHASING &amp; STOCK CONTROL SPECIALIST,Rotterdam,2026-08-04,supply chain medewerker webshop,nee,https://nl.linkedin.com/jobs/view/purchasing-stock-control-specialist-at-touch-incentive-4446561571,https://nl.linkedin.com/company/touch-incentive,4446561571
Tradedoubler,Client Development Executive,Rotterdam,2026-08-25,email marketeer webshop,nee,https://nl.linkedin.com/jobs/view/client-development-executive-at-tradedoubler-4458788345,https://se.linkedin.com/company/tradedoubler,4458788345
Tradedoubler,Client Success Manager – Creator Marketing,Rotterdam,2026-09-17,customer succes,nee,https://nl.linkedin.com/jobs/view/client-success-manager-%E2%80%93-creator-marketing-at-tradedoubler-4466283368,https://se.linkedin.com/company/tradedoubler,4466283368
TradeTracker,Campaign manager,Almere,2025-09-23,email marketeer webshop,nee,https://nl.linkedin.com/jobs/view/campaign-manager-at-tradetracker-com-4302659229,https://nl.linkedin.com/company/tradetrackercom,4302659229
transferz,Partner Success Manager,Amsterdam,2026-07-17,customer succes,nee,https://nl.linkedin.com/jobs/view/partner-success-manager-at-transferz-4441945830,https://nl.linkedin.com/company/transferz,4441945830
Travelia,Sales medewerker binnendienst,Oldenzaal,2026-09-21,medewerker verkoop binnendienst webshop,nee,https://nl.linkedin.com/jobs/view/sales-medewerker-binnendienst-at-travelia-4464094511,https://nl.linkedin.com/company/travelia-app,4464094511
Treatwell,Customer Experience Specialist NL (32-40 hours),Amsterdam,2026-09-02,after sales medewerker,nee,https://nl.linkedin.com/jobs/view/customer-experience-specialist-nl-32-40-hours-at-treatwell-4462189897,https://uk.linkedin.com/company/treatwell-com,4462189897
Treatwell,Studentenbaan: Customer Experience Specialist (0-uren contract),Amsterdam,2026-09-09,customer service parttime,nee,https://nl.linkedin.com/jobs/view/studentenbaan-customer-experience-specialist-0-uren-contract-at-treatwell-4456329080,https://uk.linkedin.com/company/treatwell-com,4456329080
Treatwell,Marketing Lead - B2B,Amsterdam,2026-09-18,email marketeer webshop,nee,https://nl.linkedin.com/jobs/view/marketing-lead-b2b-at-treatwell-4469154235,https://uk.linkedin.com/company/treatwell-com,4469154235
Treatwell,Customer Success Manager NL,Amsterdam,2026-09-18,customer succes,nee,https://nl.linkedin.com/jobs/view/customer-success-manager-nl-at-treatwell-4469133608,https://uk.linkedin.com/company/treatwell-com,4469133608
Treatwell,B2B CRM Marketing Executive,Amsterdam,2026-09-21,email marketeer webshop,nee,https://nl.linkedin.com/jobs/view/b2b-crm-marketing-executive-at-treatwell-4468173453,https://uk.linkedin.com/company/treatwell-com,4468173453
Treatwell,Growth Marketing Manager - B2B,Amsterdam,2026-09-22,email marketeer webshop,nee,https://nl.linkedin.com/jobs/view/growth-marketing-manager-b2b-at-treatwell-4468554898,https://uk.linkedin.com/company/treatwell-com,4468554898
Trend People,Commercieel Medewerker Binnendienst,Capelle aan den IJssel,2026-09-02,medewerker verkoop binnendienst webshop,nee,https://nl.linkedin.com/jobs/view/commercieel-medewerker-binnendienst-at-trend-people-4462400895,https://nl.linkedin.com/company/trend-office-people,4462400895
Trengo - Smart Customer Engagement Platform,Customer Success Manager - Dutch speaking,Utrecht,2026-07-31,customer succes,nee,https://nl.linkedin.com/jobs/view/customer-success-manager-dutch-speaking-at-trengo-4447299663,https://nl.linkedin.com/company/trengo,4447299663
Trengo - Smart Customer Engagement Platform,Graduate AI &amp; Digital Success Specialist - Dutch speaking,Utrecht,2026-08-20,conversie specialist,nee,https://nl.linkedin.com/jobs/view/graduate-ai-digital-success-specialist-dutch-speaking-at-trengo-4456493779,https://nl.linkedin.com/company/trengo,4456493779
Trengo - Smart Customer Engagement Platform,Junior Digital Customer Success Manager - Dutch speaking,Utrecht,2026-08-20,customer succes,nee,https://nl.linkedin.com/jobs/view/junior-digital-customer-success-manager-dutch-speaking-at-trengo-4456483825,https://nl.linkedin.com/company/trengo,4456483825
Trengo - Smart Customer Engagement Platform,Customer Success Manager - Dutch speaking,Randstad,2026-08-28,customer succes,nee,https://nl.linkedin.com/jobs/view/customer-success-manager-dutch-speaking-at-trengo-4455875519,https://nl.linkedin.com/company/trengo,4455875519
Tribe CRM,Customer Care Officer (Dutch speaker),Utrecht,2026-09-10,after sales medewerker,nee,https://nl.linkedin.com/jobs/view/customer-care-officer-dutch-speaker-at-tribe-crm-4463431909,https://nl.linkedin.com/company/tribe-cr,4463431909
Tribe CRM,Customer Care Officer (Dutch speaker),Utrecht,2026-09-22,after sales medewerker,nee,https://nl.linkedin.com/jobs/view/customer-care-officer-dutch-speaker-at-tribe-crm-4468905051,https://nl.linkedin.com/company/tribe-cr,4468905051
Tribes Coffee,Commercieel Medewerker Binnendienst,Bathmen,2026-09-13,medewerker verkoop binnendienst webshop,nee,https://nl.linkedin.com/jobs/view/commercieel-medewerker-binnendienst-at-tribes-coffee-4466762076,https://nl.linkedin.com/company/tribes-coffee,4466762076
Triple A Internetshops GmbH,Store Assistant (alle genderidentiteiten welkom) – tot 34 € per uur - Satisfyer &amp; Geske Beauty Tech Store,'s-Hertogenbosch,2026-08-21,medewerker verkoop binnendienst webshop,nee,https://nl.linkedin.com/jobs/view/store-assistant-alle-genderidentiteiten-welkom-%E2%80%93-tot-34-%E2%82%AC-per-uur-satisfyer-geske-beauty-tech-store-at-triple-a-internetshops-gmbh-4454602473,https://de.linkedin.com/company/aaa-internetshops,4454602473
Triple A Internetshops GmbH,Store Assistant (alle genderidentiteiten welkom) – tot 34 € per uur - Satisfyer &amp; Geske Beauty Tech Store,Amsterdam,2026-08-21,medewerker verkoop binnendienst webshop,nee,https://nl.linkedin.com/jobs/view/store-assistant-alle-genderidentiteiten-welkom-%E2%80%93-tot-34-%E2%82%AC-per-uur-satisfyer-geske-beauty-tech-store-at-triple-a-internetshops-gmbh-4454602472,https://de.linkedin.com/company/aaa-internetshops,4454602472
Troostwijk Auctions,Klantenservice Medewerker,Amsterdam,2025-10-22,after sales medewerker,nee,https://nl.linkedin.com/jobs/view/klantenservice-medewerker-at-troostwijk-auctions-4317481945,https://nl.linkedin.com/company/troostwijk-auctions,4317481945
True Talent Recruitment,Product Owner - Business Applications &amp; AI,Utrecht,2026-09-21,product owner webshop,nee,https://nl.linkedin.com/jobs/view/product-owner-business-applications-ai-at-true-talent-recruitment-4469867348,https://nl.linkedin.com/company/truetalentrecruitment,4469867348
Trusted Shops,Customer Success Manager Benelux (f/m/d),Amsterdam,2026-09-07,customer succes,nee,https://nl.linkedin.com/jobs/view/customer-success-manager-benelux-f-m-d-at-trusted-shops-4461893682,https://de.linkedin.com/company/trustedshops,4461893682
Trustoo.nl,Product Lead,Amsterdam,2026-09-01,product owner webshop,nee,https://nl.linkedin.com/jobs/view/product-lead-at-trustoo-nl-4459290757,https://nl.linkedin.com/company/trustoo-de-beste-bedrijven-voor-jou,4459290757
Trustoo.nl,Junior Customer Success Manager,Amsterdam,2026-09-01,customer succes,nee,https://nl.linkedin.com/jobs/view/junior-customer-success-manager-at-trustoo-nl-4461719171,https://nl.linkedin.com/company/trustoo-de-beste-bedrijven-voor-jou,4461719171
Trustoo.nl,Customer Success Manager,Amsterdam,2026-09-03,customer succes,nee,https://nl.linkedin.com/jobs/view/customer-success-manager-at-trustoo-nl-4460735308,https://nl.linkedin.com/company/trustoo-de-beste-bedrijven-voor-jou,4460735308
Trustpilot,Enterprise Customer Success Manager - Benelux,Rotterdam,2026-09-04,customer succes,nee,https://nl.linkedin.com/jobs/view/enterprise-customer-success-manager-benelux-at-trustpilot-4416162109,https://dk.linkedin.com/company/trustpilot,4416162109
Trustpilot,Customer Success Manager,Amsterdam,2026-09-10,customer succes,nee,https://nl.linkedin.com/jobs/view/customer-success-manager-at-trustpilot-4437752165,https://dk.linkedin.com/company/trustpilot,4437752165
Trustpilot,Enterprise Customer Success Manager - Benelux,Amsterdam,2026-09-21,customer succes,nee,https://nl.linkedin.com/jobs/view/enterprise-customer-success-manager-benelux-at-trustpilot-4413949306,https://dk.linkedin.com/company/trustpilot,4413949306
Trustpilot Italia,Associate Customer Success Manager - Benelux Market,Amsterdam,2026-08-06,customer succes,nee,https://nl.linkedin.com/jobs/view/associate-customer-success-manager-benelux-market-at-trustpilot-italia-4450016093,https://it.linkedin.com/company/trustpilot-italia,4450016093
Trustpilot Italia,Enterprise Customer Success Manager - Benelux,Amsterdam,2026-08-06,customer succes,nee,https://nl.linkedin.com/jobs/view/enterprise-customer-success-manager-benelux-at-trustpilot-italia-4450014111,https://it.linkedin.com/company/trustpilot-italia,4450014111
Truvio,Product Manager,Venlo,2026-09-09,product owner webshop,nee,https://nl.linkedin.com/jobs/view/product-manager-at-truvio-4463002675,https://se.linkedin.com/company/truvio-official,4463002675
TSE,Communication specialist &amp; customer support,Enschede,2026-07-24,conversie specialist,nee,https://nl.linkedin.com/jobs/view/communication-specialist-customer-support-at-tse-4444962156,https://nl.linkedin.com/company/tse-bv,4444962156
TSE,Marketing specialist,Enschede,2026-08-25,conversie specialist,nee,https://nl.linkedin.com/jobs/view/marketing-specialist-at-tse-4458767715,https://nl.linkedin.com/company/tse-bv,4458767715
Turntwo,Marketing Technology &amp; Automation Consultant,Amsterdam,2026-08-04,email marketeer webshop,nee,https://nl.linkedin.com/jobs/view/marketing-technology-automation-consultant-at-turntwo-4448580918,https://nl.linkedin.com/company/turntwodigital,4448580918
TwoBirds Company,Head of Operations bij OKTOBER,Amsterdam,2026-09-17,inkoper webshop,nee,https://nl.linkedin.com/jobs/view/head-of-operations-bij-oktober-at-twobirds-company-4467565394,https://nl.linkedin.com/company/twobirdscompany,4467565394
TwynstraGudde,Servicedesk medewerker,Amersfoort,2026-08-31,servicedesk medewerker webshop,nee,https://nl.linkedin.com/jobs/view/servicedesk-medewerker-at-twynstragudde-4461048975,https://nl.linkedin.com/company/twynstragudde,4461048975
Udea BV,Stage Online Marketing en Communicatie,Veghel,2025-02-25,social media medewerker webshop,nee,https://nl.linkedin.com/jobs/view/stage-online-marketing-en-communicatie-at-udea-bv-4165086614,https://nl.linkedin.com/company/udea-bv,4165086614
Udea BV,Magazijnmedewerker fulltime,Veghel,2026-02-23,fulfilment medewerker,nee,https://nl.linkedin.com/jobs/view/magazijnmedewerker-fulltime-at-udea-bv-4376590091,https://nl.linkedin.com/company/udea-bv,4376590091
Udea BV,Klantenservice/Servicedesk Medewerker,Veghel,2026-05-08,customer service parttime,nee,https://nl.linkedin.com/jobs/view/klantenservice-servicedesk-medewerker-at-udea-bv-4411396024,https://nl.linkedin.com/company/udea-bv,4411396024
Ugam Solutions Pvt. Ltd.,CRM Campaign Manager,Rotterdam and The Hague,2026-09-04,email marketeer webshop,nee,https://nl.linkedin.com/jobs/view/crm-campaign-manager-at-ugam-solutions-pvt-ltd-4463621733,https://www.linkedin.com/company/ugam-solutions-pvt.-ltd.,4463621733
Uitgeverij Zwijsen,Commercieel Onderwijsadviseur Noord/Zuid Nederland,Tilburg,2026-09-21,inkoper webshop,nee,https://nl.linkedin.com/jobs/view/commercieel-onderwijsadviseur-noord-zuid-nederland-at-uitgeverij-zwijsen-bv-4469868748,https://nl.linkedin.com/company/uitgeverijzwijsen,4469868748
Ultimesh,E-commerce Medewerker,Hellevoetsluis,2026-09-11,email marketeer webshop,nee,https://nl.linkedin.com/jobs/view/e-commerce-medewerker-at-ultimesh-4466068170,https://nl.linkedin.com/company/ultimesh,4466068170
Unica,Product Owner,Hoevelaken,2026-07-09,product owner webshop,nee,https://nl.linkedin.com/jobs/view/product-owner-at-unica-4438665280,https://nl.linkedin.com/company/unicanl,4438665280
Unica Building Services,Tender Support Specialist,Hoevelaken,2026-09-04,conversie specialist,nee,https://nl.linkedin.com/jobs/view/tender-support-specialist-at-unica-building-services-4444991125,https://nl.linkedin.com/company/unica-building-services,4444991125
Unica Fire Safety,Product Owner Digital,Hoevelaken,2026-08-01,product owner webshop,nee,https://nl.linkedin.com/jobs/view/product-owner-digital-at-unica-fire-safety-4447744593,https://nl.linkedin.com/company/unica-fire-safety,4447744593
Unica ICT,Customer Succes Specialist,Lemelerveld,2026-01-22,conversie specialist,nee,https://nl.linkedin.com/jobs/view/customer-succes-specialist-at-unica-ict-4364690737,https://nl.linkedin.com/company/unica-ict,4364690737
Unica ICT,Customer Succes Specialist,Eindhoven,2026-01-22,conversie specialist,nee,https://nl.linkedin.com/jobs/view/customer-succes-specialist-at-unica-ict-4364820615,https://nl.linkedin.com/company/unica-ict,4364820615
Unidex,Orderpicker Warehouse,Noordwijk-Binnen,2025-06-19,fulfilment medewerker,nee,https://nl.linkedin.com/jobs/view/orderpicker-warehouse-at-unidex-4253245120,https://nl.linkedin.com/company/unidexholland,4253245120
Unilin,Logistiek medewerker,Ede,2026-09-08,fulfilment medewerker,nee,https://nl.linkedin.com/jobs/view/logistiek-medewerker-at-unilin-4454290802,https://be.linkedin.com/company/unilin,4454290802
Uniserver,Support Engineer (Junior / Medior),Alkmaar,2026-08-27,conversie specialist,nee,https://nl.linkedin.com/jobs/view/support-engineer-junior-medior-at-uniserver-4459805288,https://nl.linkedin.com/company/uniserverbv,4459805288
Uniserver,Product Owner Managed Services,Alkmaar,2026-08-27,product owner webshop,nee,https://nl.linkedin.com/jobs/view/product-owner-managed-services-at-uniserver-4459688395,https://nl.linkedin.com/company/uniserverbv,4459688395
Unisys,L2 Dutch-speaking Customer Service Representative,Leusden,2026-09-18,after sales medewerker,nee,https://nl.linkedin.com/jobs/view/l2-dutch-speaking-customer-service-representative-at-unisys-4460342577,https://www.linkedin.com/company/unisys,4460342577
United Petfood,Internal Sales Medewerker,Coevorden,2026-01-08,supply chain medewerker webshop,nee,https://nl.linkedin.com/jobs/view/internal-sales-medewerker-at-united-petfood-4359380644,https://be.linkedin.com/company/united-petfood,4359380644
United Petfood,Commercieel Medewerker Binnendienst,Waalwijk,2026-08-14,medewerker verkoop binnendienst webshop,nee,https://nl.linkedin.com/jobs/view/commercieel-medewerker-binnendienst-at-united-petfood-4454526510,https://be.linkedin.com/company/united-petfood,4454526510
Univé Stad en Land,Medewerker Klantcontact,Apeldoorn,2026-09-10,conversie specialist,nee,https://nl.linkedin.com/jobs/view/medewerker-klantcontact-at-univ%C3%A9-stad-en-land-4463428907,https://nl.linkedin.com/company/univ%C3%A9-stad-en-land,4463428907
UNOX S.p.A.,Service Experience,s-Hertogenbosch Area,2026-09-09,after sales medewerker,nee,https://nl.linkedin.com/jobs/view/service-experience-at-unox-s-p-a-4436255855,https://it.linkedin.com/company/unox-spa,4436255855
UWV,Productowner Klantreis Ik zoek werk,Amsterdam,2026-09-21,product owner webshop,nee,https://nl.linkedin.com/jobs/view/productowner-klantreis-ik-zoek-werk-at-uwv-4467607384,https://nl.linkedin.com/company/uwv,4467607384
UWV,Productowner Inkomensondersteuning en Werk,Amsterdam,2026-09-21,product owner webshop,nee,https://nl.linkedin.com/jobs/view/productowner-inkomensondersteuning-en-werk-at-uwv-4468720006,https://nl.linkedin.com/company/uwv,4468720006
UWV,Productowner Cluster Betalen en Innen,Amsterdam,2026-09-21,product owner webshop,nee,https://nl.linkedin.com/jobs/view/productowner-cluster-betalen-en-innen-at-uwv-4468496999,https://nl.linkedin.com/company/uwv,4468496999
UWV,Productowner Voorzieningen en Vergunningen,Amsterdam,2026-09-21,product owner webshop,nee,https://nl.linkedin.com/jobs/view/productowner-voorzieningen-en-vergunningen-at-uwv-4468714583,https://nl.linkedin.com/company/uwv,4468714583
valantic NL,E-commerce Solution Consultant,Rotterdam,2026-08-27,product owner webshop,nee,https://nl.linkedin.com/jobs/view/e-commerce-solution-consultant-at-valantic-nl-4431659692,https://nl.linkedin.com/company/valanticnl,4431659692
Valicare,Product Owner,Den Haag,2026-08-05,product owner webshop,nee,https://nl.linkedin.com/jobs/view/product-owner-at-valicare-4447322011,https://nl.linkedin.com/company/valicare,4447322011
Valuez Recruitment,Digital Marketeer,Amsterdam,2026-09-18,conversie specialist,nee,https://nl.linkedin.com/jobs/view/digital-marketeer-at-valuez-recruitment-4463982513,https://nl.linkedin.com/company/valuez-recruitment-bv,4463982513
Van Cranenbroek,CRM Marketeer – Loyalty &amp; Marketing Automation in Budel,Budel,2026-09-21,email marketeer webshop,nee,https://nl.linkedin.com/jobs/view/crm-marketeer-%E2%80%93-loyalty-marketing-automation-in-budel-at-van-cranenbroek-4454096066,https://nl.linkedin.com/company/van-cranenbroek,4454096066
Van de Socials,Social Media Manager / Projectmanager,Tilburg,2026-08-04,social media medewerker webshop,nee,https://nl.linkedin.com/jobs/view/social-media-manager-projectmanager-at-van-de-socials-4449084953,https://nl.linkedin.com/company/van-de-socials,4449084953
Van de Socials,Social Media Manager / Projectmanager,Apeldoorn,2026-08-05,social media medewerker webshop,nee,https://nl.linkedin.com/jobs/view/social-media-manager-projectmanager-at-van-de-socials-4449498092,https://nl.linkedin.com/company/van-de-socials,4449498092
Van den Bosch,Klantenservicemedewerker,Erp,2026-09-03,klantsupport,nee,https://nl.linkedin.com/jobs/view/klantenservicemedewerker-at-van-den-bosch-4462788081,https://nl.linkedin.com/company/van-den-bosch,4462788081
Van der Let &amp; Partners - marketing en webdevelopment,Product Owner (Vervuld),Heerenveen,2025-04-15,product owner webshop,nee,https://nl.linkedin.com/jobs/view/product-owner-vervuld-at-van-der-let-partners-marketing-en-webdevelopment-4207639806,https://nl.linkedin.com/company/van-der-let-en-partners,4207639806
Van der Let &amp; Partners - marketing en webdevelopment,Senior Online Marketeer,Heerenveen,2026-08-13,email marketeer webshop,nee,https://nl.linkedin.com/jobs/view/senior-online-marketeer-at-van-der-let-partners-marketing-en-webdevelopment-4450823447,https://nl.linkedin.com/company/van-der-let-en-partners,4450823447
Van der Sluis Technische Bedrijven,Medewerker Servicedesk Beheer en Onderhoud,Kampen,2026-09-22,servicedesk medewerker webshop,nee,https://nl.linkedin.com/jobs/view/medewerker-servicedesk-beheer-en-onderhoud-at-van-der-sluis-technische-bedrijven-4424729705,https://nl.linkedin.com/company/van-der-sluis-technische-bedrijven,4424729705
Van der Wal,Customer Service Specialist,Utrecht,2026-09-11,klantsupport,nee,https://nl.linkedin.com/jobs/view/customer-service-specialist-at-van-der-wal-4464869166,https://nl.linkedin.com/company/van-der-wal-transport,4464869166
van Deursen Diervoeders,Commercieel Binnendienst medewerker,Sint-Oedenrode,2026-09-10,medewerker verkoop binnendienst webshop,nee,https://nl.linkedin.com/jobs/view/commercieel-binnendienst-medewerker-at-van-deursen-diervoeders-4465632295,https://nl.linkedin.com/company/van-deursen-diervoeders,4465632295
Van Dijk Flora,Meewerkend Voorman Logistiek,Aalsmeer,2026-09-07,supply chain medewerker webshop,nee,https://nl.linkedin.com/jobs/view/meewerkend-voorman-logistiek-at-van-dijk-flora-bv-4452708042,https://nl.linkedin.com/company/van-dijk-flora-bv,4452708042
Van Dorp,Helpdeskmedewerker ICT | Nieuwegein,Nieuwegein,2026-07-10,servicedesk medewerker webshop,nee,https://nl.linkedin.com/jobs/view/helpdeskmedewerker-ict-nieuwegein-at-van-dorp-4435990557,https://nl.linkedin.com/company/van-dorp,4435990557
Van Driel Capital,Partnerships &amp; PR,Amsterdam,2026-09-14,conversie specialist,nee,https://nl.linkedin.com/jobs/view/partnerships-pr-at-van-driel-capital-4467039837,https://www.linkedin.com/company/van-driel-capital,4467039837
Van Geloven,Logistiek medewerker,Helmond,2026-09-07,fulfilment medewerker,nee,https://nl.linkedin.com/jobs/view/logistiek-medewerker-at-van-geloven-4435443769,https://nl.linkedin.com/company/vangeloven,4435443769
Van Geloven,Logistiek Medewerker,Maastricht,2026-09-09,fulfilment medewerker,nee,https://nl.linkedin.com/jobs/view/logistiek-medewerker-at-van-geloven-4463820590,https://nl.linkedin.com/company/vangeloven,4463820590
Van Herk Kaas,"Vacature: Backoffice medewerker – klantcontact, inkoop &amp; verkoop (Fulltime)",Bodegraven,2026-08-26,supply chain medewerker webshop,nee,https://nl.linkedin.com/jobs/view/vacature-backoffice-medewerker-%E2%80%93-klantcontact-inkoop-verkoop-fulltime-at-van-herk-kaas-4459316365,https://nl.linkedin.com/company/van-herk-kaas,4459316365
Van Kooten Tuin &amp; Buiten Leven International B.V.,Enthousiaste verkoopadviseur binnendienst gezocht!,Numansdorp,2026-09-14,medewerker verkoop binnendienst webshop,nee,https://nl.linkedin.com/jobs/view/enthousiaste-verkoopadviseur-binnendienst-gezocht%21-at-van-kooten-tuin-buiten-leven-international-b-v-4467030804,https://nl.linkedin.com/company/van-kooten-tuin-en-buiten-leven-international-b-v-,4467030804
Van Leeuwen Nederland,Logistiek Medewerker,Zwijndrecht,2026-06-12,fulfilment medewerker,nee,https://nl.linkedin.com/jobs/view/logistiek-medewerker-at-van-leeuwen-netherlands-4427998142,https://nl.linkedin.com/company/van-leeuwen-nederland,4427998142
Van Leeuwen Stainless,Inside Sales Medewerker,Beesd,2026-06-12,medewerker verkoop binnendienst webshop,nee,https://nl.linkedin.com/jobs/view/inside-sales-medewerker-at-van-leeuwen-stainless-4425967935,https://nl.linkedin.com/company/van-leeuwen-stainless,4425967935
Van Mierlo BV Technische Handelsonderneming,E-Commerce Coördinator,Helmond,2026-08-27,social media medewerker webshop,nee,https://nl.linkedin.com/jobs/view/e-commerce-co%C3%B6rdinator-at-van-mierlo-bv-technische-handelsonderneming-4459677154,https://nl.linkedin.com/company/van-mierlo-bv-technische-handelsonderneming,4459677154
Van Mossel Automotive Group,Klantenservice Medewerker,Zwolle,2026-07-23,klantsupport,nee,https://nl.linkedin.com/jobs/view/klantenservice-medewerker-at-van-mossel-automotive-group-4455308014,https://nl.linkedin.com/company/van-mossel-group,4455308014
Van Mossel Automotive Group,Klantenservice medewerker,Amsterdam-Zuid,2026-07-23,klantsupport,nee,https://nl.linkedin.com/jobs/view/klantenservice-medewerker-at-van-mossel-automotive-group-4455290901,https://nl.linkedin.com/company/van-mossel-group,4455290901
Van Mossel Automotive Group,Medewerker Klantenservice,Tilburg,2026-08-11,after sales medewerker,nee,https://nl.linkedin.com/jobs/view/medewerker-klantenservice-at-van-mossel-automotive-group-4455292954,https://nl.linkedin.com/company/van-mossel-group,4455292954
Van Mossel Automotive Group,Klantenservice medewerker,Zwolle,2026-08-27,customer service parttime,nee,https://nl.linkedin.com/jobs/view/klantenservice-medewerker-at-van-mossel-automotive-group-4459671692,https://nl.linkedin.com/company/van-mossel-group,4459671692
Van Mossel Automotive Group,Klantenservice medewerker,Waalwijk,2026-09-15,customer service parttime,nee,https://nl.linkedin.com/jobs/view/klantenservice-medewerker-at-van-mossel-automotive-group-4467498264,https://nl.linkedin.com/company/van-mossel-group,4467498264
Van Nieuwpoort Groep,Medewerker marketingcommunicatie,Gouda,2026-09-04,social media medewerker webshop,nee,https://nl.linkedin.com/jobs/view/medewerker-marketingcommunicatie-at-van-nieuwpoort-groep-4461171249,https://nl.linkedin.com/company/van-nieuwpoort-groep,4461171249
Van Nifterik Holland BV,Commercieel Medewerker Binnendienst,Ede,2026-09-21,medewerker verkoop binnendienst webshop,nee,https://nl.linkedin.com/jobs/view/commercieel-medewerker-binnendienst-at-van-nifterik-holland-bv-4469891044,https://nl.linkedin.com/company/van-nifterik-holland-bv,4469891044
Van Oers,IT Support Medewerker,Etten-Leur,2026-08-24,servicedesk medewerker webshop,nee,https://nl.linkedin.com/jobs/view/it-support-medewerker-at-van-oers-4458210658,https://nl.linkedin.com/company/vanoers,4458210658
Van Tilburg Mode &amp; Sport,Product Owner CRM,Nistelrode,2026-08-31,product owner webshop,nee,https://nl.linkedin.com/jobs/view/product-owner-crm-at-van-tilburg-mode-sport-4458892667,https://nl.linkedin.com/company/van-tilburg-mode-en-sport,4458892667
Van Vulpen,Junior Servicedesk Medewerker IT,Gorinchem,2026-09-04,servicedesk medewerker webshop,nee,https://nl.linkedin.com/jobs/view/junior-servicedesk-medewerker-it-at-van-vulpen-4461985459,https://nl.linkedin.com/company/vanvulpen,4461985459
Van Walraven,Magazijnmedewerker,Bussum,2026-02-11,supply chain medewerker webshop,nee,https://nl.linkedin.com/jobs/view/magazijnmedewerker-at-van-walraven-4371416276,https://nl.linkedin.com/company/walraven,4371416276
Van Walraven,Medewerker Verkoopbalie,Mijdrecht,2026-06-03,medewerker verkoop binnendienst webshop,nee,https://nl.linkedin.com/jobs/view/medewerker-verkoopbalie-at-van-walraven-4422929633,https://nl.linkedin.com/company/walraven,4422929633
Van Walraven,Logistiek Medewerker,Mijdrecht,2026-06-10,supply chain medewerker webshop,nee,https://nl.linkedin.com/jobs/view/logistiek-medewerker-at-van-walraven-4426792889,https://nl.linkedin.com/company/walraven,4426792889
Van Wijk Nieuwegein,Open sollicitatie,Nieuwegein,2025-04-16,inkoper webshop,nee,https://nl.linkedin.com/jobs/view/open-sollicitatie-at-van-wijk-nieuwegein-4211297925,https://nl.linkedin.com/company/vanwijknieuwegein,4211297925
Vandebron,Customer Service Medewerker,Amsterdam,2026-05-28,after sales medewerker,nee,https://nl.linkedin.com/jobs/view/customer-service-medewerker-at-vandebron-4431658020,https://nl.linkedin.com/company/vandebron,4431658020
Vandebron,Service Agent (bijbaan),Amsterdam,2026-06-26,customer service parttime,nee,https://nl.linkedin.com/jobs/view/service-agent-bijbaan-at-vandebron-4443513202,https://nl.linkedin.com/company/vandebron,4443513202
Vandebron,Customer Service Specialist,Amsterdam Area,2026-09-10,klantsupport,nee,https://nl.linkedin.com/jobs/view/customer-service-specialist-at-vandebron-4438644349,https://nl.linkedin.com/company/vandebron,4438644349
Vanderlande,Product Owner Networking,Veghel,2026-09-17,product owner webshop,nee,https://nl.linkedin.com/jobs/view/product-owner-networking-at-vanderlande-4457737519,https://nl.linkedin.com/company/vanderlande,4457737519
vanHaren Schoenen BV,CRM &amp; Loyalty Specialist,Waalwijk,2026-07-10,email marketeer webshop,nee,https://nl.linkedin.com/jobs/view/crm-loyalty-specialist-at-vanharen-schoenen-bv-4439074941,https://nl.linkedin.com/company/vanharenschoenen,4439074941
vanHaren Schoenen BV,Logistiek Medewerker Online Shop (avonddienst),Waalwijk,2026-07-30,supply chain medewerker webshop,nee,https://nl.linkedin.com/jobs/view/logistiek-medewerker-online-shop-avonddienst-at-vanharen-schoenen-bv-4447015362,https://nl.linkedin.com/company/vanharenschoenen,4447015362
vanHaren Schoenen BV,Logistiek Medewerker Online Shop,Waalwijk,2026-07-30,supply chain medewerker webshop,nee,https://nl.linkedin.com/jobs/view/logistiek-medewerker-online-shop-at-vanharen-schoenen-bv-4447020222,https://nl.linkedin.com/company/vanharenschoenen,4447020222
vanHaren Schoenen BV,CRM &amp; Loyality Specialist,Waalwijk,2026-09-09,email marketeer webshop,nee,https://nl.linkedin.com/jobs/view/crm-loyality-specialist-at-vanharen-schoenen-bv-4465097892,https://nl.linkedin.com/company/vanharenschoenen,4465097892
VAST.,Marketing en Communicatie Specialist Tech,Zevenaar,2026-09-22,conversie specialist,nee,https://nl.linkedin.com/jobs/view/marketing-en-communicatie-specialist-tech-at-vast-4470225787,https://nl.linkedin.com/company/vastnu,4470225787
VB Groep,ICT Servicedesk Medewerker,Son,2026-09-08,servicedesk medewerker webshop,nee,https://nl.linkedin.com/jobs/view/ict-servicedesk-medewerker-at-vb-groep-4463567178,https://nl.linkedin.com/company/vb-groep,4463567178
VB Groep,ICT Servicedesk Medewerker,Eindhoven,2026-09-08,servicedesk medewerker webshop,nee,https://nl.linkedin.com/jobs/view/ict-servicedesk-medewerker-at-vb-groep-4463573048,https://nl.linkedin.com/company/vb-groep,4463573048
VB Groep,ICT Servicedesk Medewerker,Breda,2026-09-08,servicedesk medewerker webshop,nee,https://nl.linkedin.com/jobs/view/ict-servicedesk-medewerker-at-vb-groep-4463575034,https://nl.linkedin.com/company/vb-groep,4463575034
VCSW - Specialist in sociale zekerheid,Inside sales medewerker,Den Haag,2026-09-05,conversie specialist,nee,https://nl.linkedin.com/jobs/view/inside-sales-medewerker-at-vcsw-4444416331,https://nl.linkedin.com/company/vcsw,4444416331
VCSW - Specialist in sociale zekerheid,Customer Excellence medewerker,Den Haag,2026-09-06,klantsupport,nee,https://nl.linkedin.com/jobs/view/customer-excellence-medewerker-at-vcsw-4444413436,https://nl.linkedin.com/company/vcsw,4444413436
VCSW - Specialist in sociale zekerheid,Klantadviseur,Amersfoort,2026-09-18,conversie specialist,nee,https://nl.linkedin.com/jobs/view/klantadviseur-at-vcsw-4459846348,https://nl.linkedin.com/company/vcsw,4459846348
VDL Agrotech,Magazijn Medewerker,Eindhoven,2026-09-02,fulfilment medewerker,nee,https://nl.linkedin.com/jobs/view/magazijn-medewerker-at-vdl-agrotech-4442762094,https://nl.linkedin.com/company/vdlagrotech,4442762094
VDL Fibertech Industries BV,Logistiek medewerker dagdienst,Hapert,2026-09-22,fulfilment medewerker,nee,https://nl.linkedin.com/jobs/view/logistiek-medewerker-dagdienst-at-vdl-fibertech-industries-bv-4451577037,https://nl.linkedin.com/company/vdl-fibertech-industries,4451577037
VDL Industrial Products B.V.,Logistiek Medewerker,Eersel,2026-09-02,fulfilment medewerker,nee,https://nl.linkedin.com/jobs/view/logistiek-medewerker-at-vdl-industrial-products-b-v-4442744931,https://nl.linkedin.com/company/vdl-industrial-products-b.v.,4442744931
VDL Laktechniek B.V.,Logistiek Medewerker.,Eindhoven,2026-09-16,fulfilment medewerker,nee,https://nl.linkedin.com/jobs/view/logistiek-medewerker-at-vdl-laktechniek-b-v-4458792722,https://www.linkedin.com/company/vdl-laktechniek-b.v.,4458792722
VDL MPC,Logistiek Medewerker,Amersfoort,2026-09-02,fulfilment medewerker,nee,https://nl.linkedin.com/jobs/view/logistiek-medewerker-at-vdl-mpc-4442758280,https://www.linkedin.com/company/vdl-mpc,4442758280
Veiligheidsregio Brabant-Zuidoost (VRBZO),Contentspecialist,Eindhoven,2026-09-21,conversie specialist,nee,https://nl.linkedin.com/jobs/view/contentspecialist-at-veiligheidsregio-brabant-zuidoost-vrbzo-4469876096,https://nl.linkedin.com/company/veiligheidsregio-brabant-zuidoost,4469876096
Veiligheidsregio Kennemerland,Meewerkstagiair(e) Social Media &amp; Contentcreatie,Haarlem,2026-09-03,social media medewerker webshop,nee,https://nl.linkedin.com/jobs/view/meewerkstagiair-e-social-media-contentcreatie-at-veiligheidsregio-kennemerland-4454027873,https://nl.linkedin.com/company/veiligheidsregio-kennemerland,4454027873
Veldwerk | Onderwijs,Service Delivery Engineer (Level 2),Eemnes,2026-02-05,servicedesk medewerker webshop,nee,https://nl.linkedin.com/jobs/view/service-delivery-engineer-level-2-at-veldwerk-onderwijs-4369165902,https://nl.linkedin.com/company/veldwerk-onderwijs,4369165902
VELORETTI,Logistiek medewerker | 32 - 40 uur,Almelo,2026-06-15,supply chain medewerker webshop,ja,https://nl.linkedin.com/jobs/view/logistiek-medewerker-32-40-uur-at-veloretti-4428804958,https://nl.linkedin.com/company/veloretti,4428804958
VELORETTI,Logistiek medewerker | 16 - 24 uur,Almelo,2026-06-26,supply chain medewerker webshop,ja,https://nl.linkedin.com/jobs/view/logistiek-medewerker-16-24-uur-at-veloretti-4432967447,https://nl.linkedin.com/company/veloretti,4432967447
VELORETTI,Product Owner Core Systems,Amsterdam,2026-07-22,product owner webshop,ja,https://nl.linkedin.com/jobs/view/product-owner-core-systems-at-veloretti-4443115017,https://nl.linkedin.com/company/veloretti,4443115017
Veloris Benelux. The Battery Partner.,Warehouse Employee,Rotterdam,2026-08-20,fulfilment medewerker,nee,https://nl.linkedin.com/jobs/view/warehouse-employee-at-veloris-benelux-the-battery-partner-4451500846,https://www.linkedin.com/company/veloris-batteries-benelux,4451500846
Veloris Benelux. The Battery Partner.,Customer Service Inside Sales/ Verkoopmedewerker Binnendienst,Rotterdam,2026-08-21,medewerker verkoop binnendienst webshop,nee,https://nl.linkedin.com/jobs/view/customer-service-inside-sales-verkoopmedewerker-binnendienst-at-veloris-benelux-the-battery-partner-4457315358,https://www.linkedin.com/company/veloris-batteries-benelux,4457315358
VELUX,Customer Service &amp; Support Professional,De Meern,2026-09-05,after sales medewerker,nee,https://nl.linkedin.com/jobs/view/customer-service-support-professional-at-velux-4445212191,https://dk.linkedin.com/company/velux,4445212191
VELUX,Customer Service Advisor,De Meern,2026-09-08,after sales medewerker,nee,https://nl.linkedin.com/jobs/view/customer-service-advisor-at-velux-4255717803,https://dk.linkedin.com/company/velux,4255717803
VELUX,Customer Service Professional met technische affiniteit,De Meern,2026-09-09,after sales medewerker,nee,https://nl.linkedin.com/jobs/view/customer-service-professional-met-technische-affiniteit-at-velux-4465054190,https://dk.linkedin.com/company/velux,4465054190
Veneta.com,Customer Service Specialist-Second Line,Zwolle,2026-07-22,after sales medewerker,nee,https://nl.linkedin.com/jobs/view/customer-service-specialist-second-line-at-veneta-com-4443147476,https://nl.linkedin.com/company/veneta-bv,4443147476
Veneta.com,Product Owner,Zwolle,2026-09-16,product owner webshop,nee,https://nl.linkedin.com/jobs/view/product-owner-at-veneta-com-4454749737,https://nl.linkedin.com/company/veneta-bv,4454749737
Venquis,Insurance Specialist - Broking,Rotterdam,2026-09-21,conversie specialist,nee,https://nl.linkedin.com/jobs/view/insurance-specialist-broking-at-venquis-4468728281,https://uk.linkedin.com/company/venquis-ltd,4468728281
Verano®,Commercieel medewerker binnendienst export,Best,2026-06-27,medewerker verkoop binnendienst webshop,nee,https://nl.linkedin.com/jobs/view/commercieel-medewerker-binnendienst-export-at-verano-b-v-4434223397,https://nl.linkedin.com/company/verano-b.v.,4434223397
Verathon,Customer Service Specialist,Amsterdam,2026-08-31,after sales medewerker,nee,https://nl.linkedin.com/jobs/view/customer-service-specialist-at-verathon-4460070748,https://www.linkedin.com/company/verathon,4460070748
Vereniging Eigen Huis,Digital Marketeer Eigen Huis Geldzaken,Amersfoort,2026-09-04,conversie specialist,nee,https://nl.linkedin.com/jobs/view/digital-marketeer-eigen-huis-geldzaken-at-vereniging-eigen-huis-4463328169,https://nl.linkedin.com/company/vereniging-eigen-huis,4463328169
Verisure,Technisch Support Medewerker,Amsterdam,2026-09-17,after sales medewerker,nee,https://nl.linkedin.com/jobs/view/technisch-support-medewerker-at-verisure-4466264179,https://ch.linkedin.com/company/verisure,4466264179
Verisure,Technische helpdesk medewerker,Amsterdam,2026-09-17,after sales medewerker,nee,https://nl.linkedin.com/jobs/view/technische-helpdesk-medewerker-at-verisure-4466269050,https://ch.linkedin.com/company/verisure,4466269050
Verisure,Klantenservice medewerker Inbound,Amsterdam,2026-09-17,after sales medewerker,nee,https://nl.linkedin.com/jobs/view/klantenservice-medewerker-inbound-at-verisure-4466254242,https://ch.linkedin.com/company/verisure,4466254242
Verisure,Klantbehoud medewerker,Amsterdam,2026-09-17,conversie specialist,nee,https://nl.linkedin.com/jobs/view/klantbehoud-medewerker-at-verisure-4466246423,https://ch.linkedin.com/company/verisure,4466246423
Verisure,Telesales Operator,Amsterdam,2026-09-22,conversie specialist,nee,https://nl.linkedin.com/jobs/view/telesales-operator-at-verisure-4468586732,https://ch.linkedin.com/company/verisure,4468586732
Vermaat,Medewerker Inkoop Support,IJsselstein,2026-08-25,supply chain medewerker webshop,nee,https://nl.linkedin.com/jobs/view/medewerker-inkoop-support-at-vermaat-4466940963,https://nl.linkedin.com/company/vermaat,4466940963
versAlert B.V.,Logistiek medewerker bij versAlert,Utrecht,2026-09-02,supply chain medewerker webshop,nee,https://nl.linkedin.com/jobs/view/logistiek-medewerker-bij-versalert-at-versalert-b-v-4459942391,https://www.linkedin.com/company/versalert-b.v.,4459942391
versAlert B.V.,Klantsupport medewerker,Utrecht,2026-09-10,after sales medewerker,nee,https://nl.linkedin.com/jobs/view/klantsupport-medewerker-at-versalert-b-v-4463455293,https://www.linkedin.com/company/versalert-b.v.,4463455293
Verzuimdata,Medewerker Service &amp; Support,Ridderkerk,2026-09-14,after sales medewerker,nee,https://nl.linkedin.com/jobs/view/medewerker-service-support-at-verzuimdata-b-v-4440557380,https://nl.linkedin.com/company/verzuimdata-b.v.,4440557380
Veynex Embedded Software,ICT Support Medewerker,Venlo,2026-07-03,servicedesk medewerker webshop,nee,https://nl.linkedin.com/jobs/view/ict-support-medewerker-at-veynex-embedded-software-4446500441,https://nl.linkedin.com/company/veynex,4446500441
Veynex Embedded Software,ICT Support Medewerker,Maastricht,2026-07-03,servicedesk medewerker webshop,nee,https://nl.linkedin.com/jobs/view/ict-support-medewerker-at-veynex-embedded-software-4446509258,https://nl.linkedin.com/company/veynex,4446509258
Veynex Embedded Software,ICT Support Medewerker,Eindhoven,2026-07-03,servicedesk medewerker webshop,nee,https://nl.linkedin.com/jobs/view/ict-support-medewerker-at-veynex-embedded-software-4446397517,https://nl.linkedin.com/company/veynex,4446397517
ViaJou werving &amp; selectie,Commercieel medewerker,Breda,2026-09-22,medewerker verkoop binnendienst webshop,nee,https://nl.linkedin.com/jobs/view/commercieel-medewerker-at-viajou-werving-selectie-4468529374,https://nl.linkedin.com/company/viajou-werving-en-selectie,4468529374
ViaJou werving &amp; selectie,Specialist eCommerce,Rijen,2026-09-23,inkoper webshop,nee,https://nl.linkedin.com/jobs/view/specialist-ecommerce-at-viajou-werving-selectie-4468973847,https://nl.linkedin.com/company/viajou-werving-en-selectie,4468973847
Viamanta,Partner Success Specialist (m/f/x),Amsterdam,2026-06-02,conversie specialist,nee,https://nl.linkedin.com/jobs/view/partner-success-specialist-m-f-x-at-viamanta-4423923357,https://nl.linkedin.com/company/viamanta,4423923357
Viattence,Communicatiemedewerker (tijdelijk),Vaassen,2026-09-09,social media medewerker webshop,nee,https://nl.linkedin.com/jobs/view/communicatiemedewerker-tijdelijk-at-viattence-wonen-zorg-en-welzijn-4464501571,https://nl.linkedin.com/company/viattence,4464501571
Vibe Group,IT Support Engineer,Amsterdam,2026-09-16,servicedesk medewerker webshop,nee,https://nl.linkedin.com/jobs/view/it-support-engineer-at-vibe-group-4467978022,https://nl.linkedin.com/company/vibe-group-global,4467978022
Victa - Business Intelligence,Business Intelligence Consultant,Borne,2026-07-06,conversie specialist,nee,https://nl.linkedin.com/jobs/view/business-intelligence-consultant-at-victa-business-intelligence-4445089031,https://nl.linkedin.com/company/victa-bi,4445089031
VIDARA,Supply Chain Coordinator VIDARA NL,Hoofddorp,2026-09-21,supply chain medewerker webshop,nee,https://nl.linkedin.com/jobs/view/supply-chain-coordinator-vidara-nl-at-vidara-4469866304,https://lu.linkedin.com/company/vidara-global,4469866304
Videojet Technologies,Customer Service Coordinator (hybrid),De Meern,2026-09-02,supply chain medewerker webshop,nee,https://nl.linkedin.com/jobs/view/customer-service-coordinator-hybrid-at-videojet-technologies-4452490802,https://www.linkedin.com/company/videojet,4452490802
Videojet Technologies,Orderpicker / Logistiek Medewerker (m/f/d),De Meern,2026-09-02,supply chain medewerker webshop,nee,https://nl.linkedin.com/jobs/view/orderpicker-logistiek-medewerker-m-f-d-at-videojet-technologies-4434785939,https://www.linkedin.com/company/videojet,4434785939
ViewSonic,Customer Success Coordinator German,Weesp,2026-09-04,after sales medewerker,nee,https://nl.linkedin.com/jobs/view/customer-success-coordinator-german-at-viewsonic-4461974451,https://www.linkedin.com/company/viewsonic,4461974451
Viking,AMSTERDAM - VIKING HOST (Part-time),Amsterdam,2026-09-16,customer service parttime,nee,https://nl.linkedin.com/jobs/view/amsterdam-viking-host-part-time-at-viking-4446655758,https://ch.linkedin.com/company/vikingcruises,4446655758
Viking Europe,Local Commercial Web Manager NLD,Venlo,2026-09-16,inkoper webshop,nee,https://nl.linkedin.com/jobs/view/local-commercial-web-manager-nld-at-viking-europe-4468262157,https://nl.linkedin.com/company/viking-europe,4468262157
Viking Europe,CRM Marketeer,Venlo,2026-09-16,email marketeer webshop,nee,https://nl.linkedin.com/jobs/view/crm-marketeer-at-viking-europe-4468266036,https://nl.linkedin.com/company/viking-europe,4468266036
Viking Nederland,Local Commercial Web Manager NLD,Venlo,2026-09-16,inkoper webshop,nee,https://nl.linkedin.com/jobs/view/local-commercial-web-manager-nld-at-viking-nederland-4468261625,https://nl.linkedin.com/company/vikingnederland,4468261625
Viking Nederland,CRM Marketeer,Venlo,2026-09-16,email marketeer webshop,nee,https://nl.linkedin.com/jobs/view/crm-marketeer-at-viking-nederland-4468265502,https://nl.linkedin.com/company/vikingnederland,4468265502
VIKTOR,Sales Development Representative,Rotterdam,2026-09-15,conversie specialist,nee,https://nl.linkedin.com/jobs/view/sales-development-representative-at-viktor-4467727110,https://nl.linkedin.com/company/viktor-ai,4467727110
VIKTOR,Customer Success Manager,Rotterdam,2026-09-15,customer succes,nee,https://nl.linkedin.com/jobs/view/customer-success-manager-at-viktor-4467494832,https://nl.linkedin.com/company/viktor-ai,4467494832
Vintage.com,German Customer Experience Agent,Duiven,2026-09-09,klantsupport,nee,https://nl.linkedin.com/jobs/view/german-customer-experience-agent-at-vintage-com-4464128593,https://nl.linkedin.com/company/vintage-com,4464128593
Vintage.com,French Customer Experience Agent,Duiven,2026-09-15,klantsupport,nee,https://nl.linkedin.com/jobs/view/french-customer-experience-agent-at-vintage-com-4464134036,https://nl.linkedin.com/company/vintage-com,4464134036
Vintage.com,French Customer Experience Agent,Arnhem,2026-09-15,klantsupport,nee,https://nl.linkedin.com/jobs/view/french-customer-experience-agent-at-vintage-com-4465596031,https://nl.linkedin.com/company/vintage-com,4465596031
Vinted,"Director of Engineering, Frontend technologies, Marketplace Technologies",Amsterdam,2026-09-22,inkoper webshop,nee,https://nl.linkedin.com/jobs/view/director-of-engineering-frontend-technologies-marketplace-technologies-at-vinted-4461227431,https://lt.linkedin.com/company/vinted,4461227431
Vion Food Group,Medewerker Backoffice,Leeuwarden,2026-08-18,supply chain medewerker webshop,nee,https://nl.linkedin.com/jobs/view/medewerker-backoffice-at-vion-food-group-4454710561,https://nl.linkedin.com/company/vion,4454710561
VIPS PMS,Customer Success &amp; Accountmanager VIPS PMS,Nieuwegein,2026-08-27,customer succes,nee,https://nl.linkedin.com/jobs/view/customer-success-accountmanager-vips-pms-at-vips-pms-4458962293,https://nl.linkedin.com/company/vips-pms,4458962293
Virtual Assistant Team,Digital Marketer with Click Funnels,Est,2025-04-03,email marketeer webshop,nee,https://nl.linkedin.com/jobs/view/digital-marketer-with-click-funnels-at-virtual-assistant-team-4197787540,https://au.linkedin.com/company/virtualassistantteam,4197787540
Virtual Vaults,Customer Success Onboarding Consultant,Rotterdam,2026-09-14,customer succes,nee,https://nl.linkedin.com/jobs/view/customer-success-onboarding-consultant-at-virtual-vaults-4467039960,https://nl.linkedin.com/company/virtualvaults,4467039960
Virtual Vaults,Customer Success Implementation Consultant,Rotterdam,2026-09-14,customer succes,nee,https://nl.linkedin.com/jobs/view/customer-success-implementation-consultant-at-virtual-vaults-4467051094,https://nl.linkedin.com/company/virtualvaults,4467051094
Virtual Vaults,Open sollicitatie - Customer Success,Rotterdam,2026-09-22,conversie specialist,nee,https://nl.linkedin.com/jobs/view/open-sollicitatie-customer-success-at-virtual-vaults-4469020532,https://nl.linkedin.com/company/virtualvaults,4469020532
Visa,Consulting Project Manager,Amsterdam,2026-08-31,conversie specialist,nee,https://nl.linkedin.com/jobs/view/consulting-project-manager-at-visa-4443039178,https://www.linkedin.com/company/visa,4443039178
Visma Circle,Customer Success Manager,Eindhoven,2026-06-17,conversie specialist,nee,https://nl.linkedin.com/jobs/view/customer-success-manager-at-visma-circle-4428741136,https://nl.linkedin.com/company/visma-circle,4428741136
Visser Duiven b.v.,Medewerker Customer Service &amp; Planning,Duiven,2026-07-31,supply chain medewerker webshop,nee,https://nl.linkedin.com/jobs/view/medewerker-customer-service-planning-at-visser-duiven-b-v-4447138252,https://nl.linkedin.com/company/visser-duiven-b.v.,4447138252
VistaPrint,"Case Manager - Venlo, NL (Hybrid)",Venlo,2026-09-08,conversie specialist,nee,https://nl.linkedin.com/jobs/view/case-manager-venlo-nl-hybrid-at-vistaprint-4455379469,https://www.linkedin.com/company/vistaprint,4455379469
Visual Workplace B.V.,Visual Project Assistant,Wijchen,2026-09-18,inkoper webshop,nee,https://nl.linkedin.com/jobs/view/visual-project-assistant-at-visual-workplace-b-v-4469106889,https://nl.linkedin.com/company/tnp-visual-workplace,4469106889
Vitamin Well Group,Online Community Coordinator - Vitamin Well Netherlands,Amsterdam,2026-09-18,social media medewerker webshop,nee,https://nl.linkedin.com/jobs/view/online-community-coordinator-vitamin-well-netherlands-at-vitamin-well-group-4468002962,https://se.linkedin.com/company/vitamin-well-group,4468002962
Vitaphone Nederland,E-mail Marketeer,Amsterdam,2026-07-30,email marketeer webshop,nee,https://nl.linkedin.com/jobs/view/e-mail-marketeer-at-vitaphone-netherlands-4447011089,https://nl.linkedin.com/company/vitaphone-netherlands,4447011089
Vitaphone Nederland,Women's Health Social Media stage,Amsterdam,2026-07-30,social media medewerker webshop,nee,https://nl.linkedin.com/jobs/view/women-s-health-social-media-stage-at-vitaphone-netherlands-4447005501,https://nl.linkedin.com/company/vitaphone-netherlands,4447005501
Vitaphone Nederland,Bicycling Social Media stage,Amsterdam,2026-07-30,social media medewerker webshop,nee,https://nl.linkedin.com/jobs/view/bicycling-social-media-stage-at-vitaphone-netherlands-4447008318,https://nl.linkedin.com/company/vitaphone-netherlands,4447008318
Vitestro,Customer Care Specialist (Field Service Engineer),Utrecht,2026-07-13,after sales medewerker,nee,https://nl.linkedin.com/jobs/view/customer-care-specialist-field-service-engineer-at-vitestro-4440018337,https://nl.linkedin.com/company/vitestro,4440018337
Vitestro,Customer Care Specialist (Field Service Engineer),"Utrecht, Nederland",2026-09-17,after sales medewerker,nee,https://nl.linkedin.com/jobs/view/customer-care-specialist-field-service-engineer-at-vitestro-4455635366,https://nl.linkedin.com/company/vitestro,4455635366
Vivid Resourcing,Customer Technical Support,Bilthoven,2026-09-14,after sales medewerker,nee,https://nl.linkedin.com/jobs/view/customer-technical-support-at-vivid-resourcing-4455705368,https://uk.linkedin.com/company/vivid-resourcing-ltd,4455705368
Vlaaibaar,Vacature Shopify developer.,Panningen,2026-08-02,inkoper webshop,nee,https://nl.linkedin.com/jobs/view/vacature-shopify-developer-at-vlaaibaar-4447651357,https://nl.linkedin.com/company/vlaaibaar,4447651357
VNOM | We get the job done,Servicedesk Medewerker,Delft,2026-09-23,servicedesk medewerker webshop,nee,https://nl.linkedin.com/jobs/view/servicedesk-medewerker-at-vnom-we-get-the-job-done-4470690502,https://nl.linkedin.com/company/vnomwegetthejobdone,4470690502
VNOM | We get the job done,Commercieel Medewerker Binnendienst,De Lier,2026-09-23,medewerker verkoop binnendienst webshop,nee,https://nl.linkedin.com/jobs/view/commercieel-medewerker-binnendienst-at-vnom-we-get-the-job-done-4470684839,https://nl.linkedin.com/company/vnomwegetthejobdone,4470684839
VNOM | We get the job done,Commercieel medewerker binnendienst,Rotterdam,2026-09-23,medewerker verkoop binnendienst webshop,nee,https://nl.linkedin.com/jobs/view/commercieel-medewerker-binnendienst-at-vnom-we-get-the-job-done-4470679954,https://nl.linkedin.com/company/vnomwegetthejobdone,4470679954
VodafoneZiggo,Verkoopmedewerker Purmerend,Purmerend,2026-09-07,medewerker verkoop binnendienst webshop,nee,https://nl.linkedin.com/jobs/view/verkoopmedewerker-purmerend-at-vodafoneziggo-4462231055,https://nl.linkedin.com/company/vodafoneziggo,4462231055
VodafoneZiggo,Medewerker Klantenservice Zakelijk,Groningen,2026-09-14,customer service parttime,nee,https://nl.linkedin.com/jobs/view/medewerker-klantenservice-zakelijk-at-vodafoneziggo-4465201215,https://nl.linkedin.com/company/vodafoneziggo,4465201215
VodafoneZiggo,Zakelijk Support Specialist (1e lijns),Maastricht,2026-09-17,after sales medewerker,nee,https://nl.linkedin.com/jobs/view/zakelijk-support-specialist-1e-lijns-at-vodafoneziggo-4466258464,https://nl.linkedin.com/company/vodafoneziggo,4466258464
VodafoneZiggo,Verkoopmedewerker Almere,Almere,2026-09-19,medewerker verkoop binnendienst webshop,nee,https://nl.linkedin.com/jobs/view/verkoopmedewerker-almere-at-vodafoneziggo-4458423035,https://nl.linkedin.com/company/vodafoneziggo,4458423035
Voetencentrum Wender,Medewerker Klantenservice,Zwolle,2026-06-01,customer service parttime,nee,https://nl.linkedin.com/jobs/view/medewerker-klantenservice-at-voetencentrum-wender-4421817297,https://nl.linkedin.com/company/voetencentrum-wender,4421817297
Voetencentrum Wender,Medewerker Servicedesk,Hengelo,2026-09-09,servicedesk medewerker webshop,nee,https://nl.linkedin.com/jobs/view/medewerker-servicedesk-at-voetencentrum-wender-4465058771,https://nl.linkedin.com/company/voetencentrum-wender,4465058771
Vogelaar Vredehof,Expeditiemedewerker,Kruiningen,2026-07-07,fulfilment medewerker,nee,https://nl.linkedin.com/jobs/view/expeditiemedewerker-at-vogelaar-vredehof-4437780848,https://nl.linkedin.com/company/vogelaar-vredehof,4437780848
VOIPZeker,Sales &amp; Customer Success Medewerker,Den Haag,2026-09-16,conversie specialist,nee,https://nl.linkedin.com/jobs/view/sales-customer-success-medewerker-at-voipzeker-4468218269,https://nl.linkedin.com/company/voipzeker,4468218269
Volaris Group,Growth Marketer,Rotterdam,2026-09-18,email marketeer webshop,nee,https://nl.linkedin.com/jobs/view/growth-marketer-at-volaris-group-4469160171,https://ca.linkedin.com/company/volaris-group,4469160171
VolkerWessels Infra Digital,Servicedeskmedewerker,Vianen,2026-07-08,servicedesk medewerker webshop,nee,https://nl.linkedin.com/jobs/view/servicedeskmedewerker-at-volkerwessels-infra-digital-4437066756,https://nl.linkedin.com/company/volkerwesselsinfradigital,4437066756
VolkerWessels Infra Digital,Product Owner Project Suite,Vianen,2026-08-13,product owner webshop,nee,https://nl.linkedin.com/jobs/view/product-owner-project-suite-at-volkerwessels-infra-digital-4451911080,https://nl.linkedin.com/company/volkerwesselsinfradigital,4451911080
Volkswagen Pon Financial Services,Klantadviseur Lease,Amersfoort,2026-09-04,klantsupport,nee,https://nl.linkedin.com/jobs/view/klantadviseur-lease-at-volkswagen-pon-financial-services-4463307063,https://nl.linkedin.com/company/volkswagen-pon-financial-services,4463307063
Voomy,E-commerce manager,Capelle aan den IJssel,2026-07-30,inkoper webshop,nee,https://nl.linkedin.com/jobs/view/e-commerce-manager-at-voomy-4447036033,https://nl.linkedin.com/company/voomyofficial,4447036033
Voordeeluitjes,E-mailmarketing &amp; CRM Specialist,Deventer,2026-06-06,email marketeer webshop,nee,https://nl.linkedin.com/jobs/view/e-mailmarketing-crm-specialist-at-voordeeluitjes-nl-4434609363,https://nl.linkedin.com/company/voordeeluitjes,4434609363
Voortman Steel Group,Support Engineer,Rijssen,2026-02-06,after sales medewerker,nee,https://nl.linkedin.com/jobs/view/support-engineer-at-voortman-steel-group-4369914920,https://nl.linkedin.com/company/voortman-careers,4369914920
Voortman Steel Group,ICT Support Engineer,Rijssen,2026-05-28,servicedesk medewerker webshop,nee,https://nl.linkedin.com/jobs/view/ict-support-engineer-at-voortman-steel-group-4420482190,https://nl.linkedin.com/company/voortman-careers,4420482190
Voortman Steel Group,Technisch Helpdesk Medewerker,Rijssen,2026-09-17,after sales medewerker,nee,https://nl.linkedin.com/jobs/view/technisch-helpdesk-medewerker-at-voortman-steel-group-4468605708,https://nl.linkedin.com/company/voortman-careers,4468605708
Vos Logistics,Orderpicker,Oss,2026-01-07,supply chain medewerker webshop,nee,https://nl.linkedin.com/jobs/view/orderpicker-at-vos-logistics-4351796359,https://nl.linkedin.com/company/vos-logistics,4351796359
Vos Logistics,Warehousemedewerker Value Added Logistics,Oss,2026-02-09,fulfilment medewerker,nee,https://nl.linkedin.com/jobs/view/warehousemedewerker-value-added-logistics-at-vos-logistics-4361841773,https://nl.linkedin.com/company/vos-logistics,4361841773
Vos Logistics,Allround Warehouse Medewerker,Kerkrade,2026-09-15,fulfilment medewerker,nee,https://nl.linkedin.com/jobs/view/allround-warehouse-medewerker-at-vos-logistics-4465515544,https://nl.linkedin.com/company/vos-logistics,4465515544
Vostermans Ventilation,Logistiek Medewerker,Venlo,2025-08-26,fulfilment medewerker,nee,https://nl.linkedin.com/jobs/view/logistiek-medewerker-at-vostermans-ventilation-4291640286,https://nl.linkedin.com/company/vostermans-ventilation,4291640286
VTS Track Solutions,Commercieel medewerker binnendienst,Maarheeze,2026-08-24,medewerker verkoop binnendienst webshop,nee,https://nl.linkedin.com/jobs/view/commercieel-medewerker-binnendienst-at-vts-track-solutions-4443233675,https://nl.linkedin.com/company/vts-tracksolutions,4443233675
Vulpes Goods,Customer Experience Specialist,Bunnik,2026-08-25,klantsupport,ja,https://nl.linkedin.com/jobs/view/customer-experience-specialist-at-vulpes-goods-4458599796,https://nl.linkedin.com/company/vulpes-goods,4458599796
Waldom,Customer Experience Specialist - German Speaking,Amsterdam Area,2026-09-21,klantsupport,nee,https://nl.linkedin.com/jobs/view/customer-experience-specialist-german-speaking-at-waldom-4467556585,https://www.linkedin.com/company/waldom,4467556585
Walibi Holland,"Medewerker Inkoop, Logistiek en Magazijn",Biddinghuizen,2026-09-02,inkoper webshop,nee,https://nl.linkedin.com/jobs/view/medewerker-inkoop-logistiek-en-magazijn-at-walibi-holland-4460947719,https://nl.linkedin.com/company/walibi-holland,4460947719
Walker International Transportation (Netherlands) BV,Administratief Logistiek Medewerker Venlo,Venlo,2026-09-21,supply chain medewerker webshop,nee,https://nl.linkedin.com/jobs/view/administratief-logistiek-medewerker-venlo-at-walker-international-transportation-netherlands-bv-4469882910,https://nl.linkedin.com/company/walker-international-transportation-netherlands-bv,4469882910
Walraven Nederland,Medewerker Internal Sales,Mijdrecht,2026-09-01,medewerker verkoop binnendienst webshop,nee,https://nl.linkedin.com/jobs/view/medewerker-internal-sales-at-walraven-nederland-4461743440,https://nl.linkedin.com/company/walraven-nl,4461743440
Warp VR,Customer Success Manager (NL),Nederland,2026-09-16,customer succes,nee,https://nl.linkedin.com/jobs/view/customer-success-manager-nl-at-warp-vr-4464313456,https://nl.linkedin.com/company/warpvr,4464313456
waterdrop®,Sales Assistant - Hydrista (w/m/d),Roermond,2026-08-28,medewerker verkoop binnendienst webshop,nee,https://nl.linkedin.com/jobs/view/sales-assistant-hydrista-w-m-d-at-waterdrop%C2%AE-4455346916,https://at.linkedin.com/company/waterdrop-official,4455346916
WATTSUN,Stagiair(e) Online Communicatie (sept. 2026),Arnhem,2026-06-17,social media medewerker webshop,nee,https://nl.linkedin.com/jobs/view/stagiair-e-online-communicatie-sept-2026-at-wattsun-net-4430124575,https://nl.linkedin.com/company/wattsun-net,4430124575
WaveWorks Recruitment,Customer Success Specialist | Up to €65k,"Zuid-Holland, Nederland",2026-08-27,customer succes,nee,https://nl.linkedin.com/jobs/view/customer-success-specialist-up-to-%E2%82%AC65k-at-waveworks-recruitment-4431482556,https://nl.linkedin.com/company/waveworks-recruitment,4431482556
We Are Social,Intern - Social Media Manager,Amsterdam,2026-09-05,social media medewerker webshop,nee,https://nl.linkedin.com/jobs/view/intern-social-media-manager-at-we-are-social-4454546748,https://uk.linkedin.com/company/we-are-social,4454546748
WE Fashion,PR &amp; Influencer Marketeer,"Utrecht, Nederland",2026-09-07,conversie specialist,nee,https://nl.linkedin.com/jobs/view/pr-influencer-marketeer-at-we-fashion-4441997094,https://nl.linkedin.com/company/wefashion,4441997094
WE Fashion,Online Category Manager,"Utrecht, Nederland",2026-09-16,product owner webshop,nee,https://nl.linkedin.com/jobs/view/online-category-manager-at-we-fashion-4467966994,https://nl.linkedin.com/company/wefashion,4467966994
WEB Eindhoven,Social Media Intern (EN &amp; NL),Eindhoven,2026-06-30,social media medewerker webshop,nee,https://nl.linkedin.com/jobs/view/social-media-intern-en-nl-at-web-eindhoven-4434187426,https://www.linkedin.com/company/web-eindhoven21fz,4434187426
WebElephant,Open sollicitatie,Breda,2025-05-24,inkoper webshop,nee,https://nl.linkedin.com/jobs/view/open-sollicitatie-at-webelephant-4234647037,https://nl.linkedin.com/company/webelephant,4234647037
Webgrade,WordPress Developer,Den Haag,2026-08-12,inkoper webshop,nee,https://nl.linkedin.com/jobs/view/wordpress-developer-at-webgrade-4450196396,https://nl.linkedin.com/company/webgradenl,4450196396
WebNL creative studios,Online marketeer,Zwolle,2025-10-23,inkoper webshop,nee,https://nl.linkedin.com/jobs/view/online-marketeer-at-webnl-creative-studios-4318780705,https://nl.linkedin.com/company/webnl,4318780705
WebNL creative studios,Social marketeer,"Utrecht, Nederland",2026-09-09,social media medewerker webshop,nee,https://nl.linkedin.com/jobs/view/social-marketeer-at-webnl-creative-studios-4465013771,https://nl.linkedin.com/company/webnl,4465013771
Webnode AG,Brand manager,Leidschendam,2026-09-15,inkoper webshop,nee,https://nl.linkedin.com/jobs/view/brand-manager-at-webnode-ag-4467725586,https://cz.linkedin.com/company/webnode-ag,4467725586
Webstijl B.V.,Traineeship/junior medewerker online marketing bij Webstijl,Alphen aan den Rijn,2026-07-03,inkoper webshop,nee,https://nl.linkedin.com/jobs/view/traineeship-junior-medewerker-online-marketing-bij-webstijl-at-webstijl-b-v-4436904592,https://nl.linkedin.com/company/webstijl-b-v-,4436904592
Webstijl B.V.,Projectmanager + (Plus),Alphen aan den Rijn,2026-07-03,inkoper webshop,nee,https://nl.linkedin.com/jobs/view/projectmanager-%2B-plus-at-webstijl-b-v-4436908446,https://nl.linkedin.com/company/webstijl-b-v-,4436908446
Webstijl B.V.,"Enthousiaste ervaren Online Marketeer die wil adviseren, uitvoeren, coachen én groeien",Alphen aan den Rijn,2026-07-03,inkoper webshop,nee,https://nl.linkedin.com/jobs/view/enthousiaste-ervaren-online-marketeer-die-wil-adviseren-uitvoeren-coachen-%C3%A9n-groeien-at-webstijl-b-v-4436796858,https://nl.linkedin.com/company/webstijl-b-v-,4436796858
Weeztix,Customer Succes Manager Cashless,Amsterdam,2026-08-19,customer succes,nee,https://nl.linkedin.com/jobs/view/customer-succes-manager-cashless-at-weeztix-4456157968,https://nl.linkedin.com/company/weeztix,4456157968
Wehkamp Retail Group,Buying Assistant Fashion (zwangerschapsvervanging),Zwolle,2026-09-17,inkoper webshop,nee,https://nl.linkedin.com/jobs/view/buying-assistant-fashion-zwangerschapsvervanging-at-wehkamp-retail-group-4466259105,https://nl.linkedin.com/company/wehkamp-retail-group,4466259105
Wehkamp Retail Group,Warehouse Operations Manager,Zwolle,2026-09-17,inkoper webshop,nee,https://nl.linkedin.com/jobs/view/warehouse-operations-manager-at-wehkamp-retail-group-4466251613,https://nl.linkedin.com/company/wehkamp-retail-group,4466251613
Welcom bij Kivits | Zakelijk,Verkoopmedewerker,Venray,2026-09-22,medewerker verkoop binnendienst webshop,nee,https://nl.linkedin.com/jobs/view/verkoopmedewerker-at-welcom-bij-kivits-zakelijk-4470427573,https://nl.linkedin.com/company/welcom-bij-kivits,4470427573
WELEDA Benelux 🌿 B Corp,Logistics Support,Zoetermeer,2026-09-10,supply chain medewerker webshop,nee,https://nl.linkedin.com/jobs/view/logistics-support-at-weleda-benelux-se-4465806621,https://nl.linkedin.com/company/weleda-benelux,4465806621
Welkoop,Projectmanager IT,Apeldoorn,2026-09-07,inkoper webshop,nee,https://nl.linkedin.com/jobs/view/projectmanager-it-at-welkoop-4464367997,https://nl.linkedin.com/company/welkoop,4464367997
Welkoop,Bedrijfsleider,Sneek,2026-09-07,inkoper webshop,nee,https://nl.linkedin.com/jobs/view/bedrijfsleider-at-welkoop-4436338865,https://nl.linkedin.com/company/welkoop,4436338865
Welkoop,Assistent Bedrijfsleider,Eemnes,2026-09-14,inkoper webshop,nee,https://nl.linkedin.com/jobs/view/assistent-bedrijfsleider-at-welkoop-4467092648,https://nl.linkedin.com/company/welkoop,4467092648
Wellis Health,Product Manager (Web &amp; App),Rotterdam,2026-08-21,product owner webshop,nee,https://nl.linkedin.com/jobs/view/product-manager-web-app-at-wellis-health-4466527678,https://nl.linkedin.com/company/wellis-health,4466527678
Wellis Health,Website &amp; SEO Marketeer,Rotterdam,2026-09-04,email marketeer webshop,nee,https://nl.linkedin.com/jobs/view/website-seo-marketeer-at-wellis-health-4463377250,https://nl.linkedin.com/company/wellis-health,4463377250
Wellis Health,Product Manager Web &amp; App,Rotterdam,2026-09-15,product owner webshop,nee,https://nl.linkedin.com/jobs/view/product-manager-web-app-at-wellis-health-4466562633,https://nl.linkedin.com/company/wellis-health,4466562633
Werken bij Dewulf Winsum,Magazijnmedewerker,Winsum,2026-08-17,fulfilment medewerker,nee,https://nl.linkedin.com/jobs/view/magazijnmedewerker-at-werken-bij-dewulf-winsum-4466074177,https://nl.linkedin.com/company/werken-bij-dewulf,4466074177
Werken bij Technische Unie,Verkoopmedewerker (winkel),Utrecht,2026-09-02,medewerker verkoop binnendienst webshop,nee,https://nl.linkedin.com/jobs/view/verkoopmedewerker-winkel-at-werken-bij-technische-unie-4443322775,https://www.linkedin.com/company/werken-bij-technische-unie,4443322775
Werken bij Technische Unie,Verkoopmedewerker (winkel),Alkmaar,2026-09-10,medewerker verkoop binnendienst webshop,nee,https://nl.linkedin.com/jobs/view/verkoopmedewerker-winkel-at-werken-bij-technische-unie-4465693990,https://www.linkedin.com/company/werken-bij-technische-unie,4465693990
Werken bij Technische Unie,Customer Service Medewerker,Eindhoven,2026-09-15,after sales medewerker,nee,https://nl.linkedin.com/jobs/view/customer-service-medewerker-at-werken-bij-technische-unie-4458177733,https://www.linkedin.com/company/werken-bij-technische-unie,4458177733
Werken bij Technische Unie,Verkoopmedewerker (winkel),Venlo,2026-09-15,medewerker verkoop binnendienst webshop,nee,https://nl.linkedin.com/jobs/view/verkoopmedewerker-winkel-at-werken-bij-technische-unie-4458208969,https://www.linkedin.com/company/werken-bij-technische-unie,4458208969
Werken bij Technische Unie,Customer Service Medewerker,Dordrecht,2026-09-16,after sales medewerker,nee,https://nl.linkedin.com/jobs/view/customer-service-medewerker-at-werken-bij-technische-unie-4468215955,https://www.linkedin.com/company/werken-bij-technische-unie,4468215955
Werken bij Technische Unie,Customer Service Medewerker,Zwolle,2026-09-17,after sales medewerker,nee,https://nl.linkedin.com/jobs/view/customer-service-medewerker-at-werken-bij-technische-unie-4467194467,https://www.linkedin.com/company/werken-bij-technische-unie,4467194467
Werken bij Technische Unie,Search and Merchandise E-commerce Specialist,Amstelveen,2026-09-18,product owner webshop,nee,https://nl.linkedin.com/jobs/view/search-and-merchandise-e-commerce-specialist-at-werken-bij-technische-unie-4459841269,https://www.linkedin.com/company/werken-bij-technische-unie,4459841269
Werken in Gelderland,Medewerker Servicedesk ICT,Nijmegen,2026-09-03,servicedesk medewerker webshop,nee,https://nl.linkedin.com/jobs/view/medewerker-servicedesk-ict-at-werken-in-gelderland-4461663040,https://nl.linkedin.com/company/werkeningelderland,4461663040
Werken in Gelderland,Consulent statushouders – inburgering 2x (m/v/x),Groesbeek,2026-09-10,conversie specialist,nee,https://nl.linkedin.com/jobs/view/consulent-statushouders-%E2%80%93-inburgering-2x-m-v-x-at-werken-in-gelderland-4464576800,https://nl.linkedin.com/company/werkeningelderland,4464576800
Werken in Gelderland,Communicatieadviseur,Zevenaar,2026-09-17,conversie specialist,nee,https://nl.linkedin.com/jobs/view/communicatieadviseur-at-werken-in-gelderland-4467540386,https://nl.linkedin.com/company/werkeningelderland,4467540386
Werkende BIJ,Commercieel Medewerker,Enschede,2026-06-29,medewerker verkoop binnendienst webshop,nee,https://nl.linkedin.com/jobs/view/commercieel-medewerker-at-werkende-bij-4434144313,https://www.linkedin.com/company/werkende-bij,4434144313
Werving op Maat,IT support specialist,Wijchen,2026-09-15,servicedesk medewerker webshop,nee,https://nl.linkedin.com/jobs/view/it-support-specialist-at-werving-op-maat-4445481709,https://nl.linkedin.com/company/werving-op-maat,4445481709
Wesco,Associate - Operations,Amsterdam,2026-09-18,supply chain medewerker webshop,nee,https://nl.linkedin.com/jobs/view/associate-operations-at-wesco-4450291288,https://www.linkedin.com/company/wesco,4450291288
Westfalen Medical BV,Customer Service medewerker Slaapapneu (24-40 uur/week),Deventer,2026-07-22,customer service parttime,nee,https://nl.linkedin.com/jobs/view/customer-service-medewerker-slaapapneu-24-40-uur-week-at-westfalen-medical-bv-4443905776,https://nl.linkedin.com/company/westfalen-medical-bv,4443905776
Westfalen Medical BV,Medewerker logistiek (40 uren/ week),Deventer,2026-08-28,supply chain medewerker webshop,nee,https://nl.linkedin.com/jobs/view/medewerker-logistiek-40-uren-week-at-westfalen-medical-bv-4460349078,https://nl.linkedin.com/company/westfalen-medical-bv,4460349078
WeTicket,Head of Marketing,Amsterdam,2026-08-04,inkoper webshop,nee,https://nl.linkedin.com/jobs/view/head-of-marketing-at-weticket-4449050790,https://nl.linkedin.com/company/we-ticket,4449050790
WeTravel,Senior Product Engineer - Booking Management,Amsterdam,2026-09-08,product owner webshop,nee,https://nl.linkedin.com/jobs/view/senior-product-engineer-booking-management-at-wetravel-4464613116,https://www.linkedin.com/company/wetravel,4464613116
WeTravel,Staff Product Manager - Trips,Amsterdam,2026-09-10,product owner webshop,nee,https://nl.linkedin.com/jobs/view/staff-product-manager-trips-at-wetravel-4456712884,https://www.linkedin.com/company/wetravel,4456712884
Whisk,Logistiek Manager | Sports Nutrition,Randstad,2026-09-15,inkoper webshop,nee,https://nl.linkedin.com/jobs/view/logistiek-manager-sports-nutrition-at-whisk-4467703787,https://nl.linkedin.com/company/whisk-health,4467703787
Whisk,Product Kwaliteit Specialist | Sports Nutrition (Nederlands sprekend),'s-Gravenhage,2026-09-15,inkoper webshop,nee,https://nl.linkedin.com/jobs/view/product-kwaliteit-specialist-sports-nutrition-nederlands-sprekend-at-whisk-4467713705,https://nl.linkedin.com/company/whisk-health,4467713705
Whisk,Senior Supply Chain Planner,'s-Gravenhage,2026-09-15,supply chain medewerker webshop,nee,https://nl.linkedin.com/jobs/view/senior-supply-chain-planner-at-whisk-4467713700,https://nl.linkedin.com/company/whisk-health,4467713700
Whiskybase,Content Producer,Rotterdam,2026-09-17,inkoper webshop,nee,https://nl.linkedin.com/jobs/view/content-producer-at-whiskybase-4467206587,https://nl.linkedin.com/company/whiskybase,4467206587
Whitevision,"Support Consultant SaaS, €2.800 - €3.800 | Breda",Breda,2026-09-23,after sales medewerker,nee,https://nl.linkedin.com/jobs/view/support-consultant-saas-%E2%82%AC2-800-%E2%82%AC3-800-breda-at-whitevision-4469426325,https://nl.linkedin.com/company/whitevision-b-v-,4469426325
WHY Search,Commercieel medewerker buiten/binnen,Tilburg,2026-09-07,medewerker verkoop binnendienst webshop,nee,https://nl.linkedin.com/jobs/view/commercieel-medewerker-buiten-binnen-at-why-search-4462939006,https://nl.linkedin.com/company/why-search,4462939006
Wibra,Inkoopassistent,Epe,2026-09-07,inkoper webshop,nee,https://nl.linkedin.com/jobs/view/inkoopassistent-at-wibra-4464305628,https://nl.linkedin.com/company/wibra,4464305628
Wibra,Designer,Epe,2026-09-10,inkoper webshop,nee,https://nl.linkedin.com/jobs/view/designer-at-wibra-4465676069,https://nl.linkedin.com/company/wibra,4465676069
wienerberger Nederland,Medewerker Expeditie | dagdienst | Elst,Elst,2026-09-14,fulfilment medewerker,nee,https://nl.linkedin.com/jobs/view/medewerker-expeditie-dagdienst-elst-at-wienerberger-nederland-4465250141,https://nl.linkedin.com/company/wienerberger-nederland,4465250141
Wijkopenautos.nl,Junior Inkoop Specialist - gem. €3000 OTE per maand,Arnhem,2026-08-20,inkoper webshop,nee,https://nl.linkedin.com/jobs/view/junior-inkoop-specialist-gem-%E2%82%AC3000-ote-per-maand-at-wijkopenautos-nl-4456484663,https://www.linkedin.com/company/wijkopenautos.nl,4456484663
Wijkopenautos.nl,"Auto Inkoper - gem. €3,400 OTE per maand",Arnhem,2026-08-20,inkoper webshop,nee,https://nl.linkedin.com/jobs/view/auto-inkoper-gem-%E2%82%AC3-400-ote-per-maand-at-wijkopenautos-nl-4456703635,https://www.linkedin.com/company/wijkopenautos.nl,4456703635
Wijkopenautos.nl,Regiomanager - Noord Nederland,Leeuwarden,2026-08-24,inkoper webshop,nee,https://nl.linkedin.com/jobs/view/regiomanager-noord-nederland-at-wijkopenautos-nl-4458253271,https://www.linkedin.com/company/wijkopenautos.nl,4458253271
Wijkopenautos.nl,Junior Pricing Manager,Arnhem,2026-08-27,inkoper webshop,nee,https://nl.linkedin.com/jobs/view/junior-pricing-manager-at-wijkopenautos-nl-4459803069,https://www.linkedin.com/company/wijkopenautos.nl,4459803069
Wijkopenautos.nl,(Junior) Pricing Manager,Amsterdam,2026-08-27,inkoper webshop,nee,https://nl.linkedin.com/jobs/view/junior-pricing-manager-at-wijkopenautos-nl-4459685321,https://www.linkedin.com/company/wijkopenautos.nl,4459685321
Wijkopenautos.nl,Administratief Medewerker,Amsterdam,2026-08-31,inkoper webshop,nee,https://nl.linkedin.com/jobs/view/administratief-medewerker-at-wijkopenautos-nl-4461230675,https://www.linkedin.com/company/wijkopenautos.nl,4461230675
Wijkopenautos.nl,Junior Occasion Manager,Amsterdam,2026-09-10,inkoper webshop,nee,https://nl.linkedin.com/jobs/view/junior-occasion-manager-at-wijkopenautos-nl-4465805676,https://www.linkedin.com/company/wijkopenautos.nl,4465805676
Wijkopenautos.nl,"Auto Inkoper - gem. €3,400 OTE per maand",Hoofddorp,2026-09-22,inkoper webshop,nee,https://nl.linkedin.com/jobs/view/auto-inkoper-gem-%E2%82%AC3-400-ote-per-maand-at-wijkopenautos-nl-4468575333,https://www.linkedin.com/company/wijkopenautos.nl,4468575333
Wijkopenautos.nl,"Auto Inkoper - gem. €3,400 OTE per maand",Dordrecht,2026-09-22,inkoper webshop,nee,https://nl.linkedin.com/jobs/view/auto-inkoper-gem-%E2%82%AC3-400-ote-per-maand-at-wijkopenautos-nl-4468584171,https://www.linkedin.com/company/wijkopenautos.nl,4468584171
WijnSpijs.nl,Production Coordinator - Content &amp; Creators,Haarlem,2026-09-07,inkoper webshop,nee,https://nl.linkedin.com/jobs/view/production-coordinator-content-creators-at-wijnspijs-nl-4464360109,https://nl.linkedin.com/company/wijnspijs,4464360109
Wildkamp,Vestigingsmanager,Heteren,2025-12-03,inkoper webshop,nee,https://nl.linkedin.com/jobs/view/vestigingsmanager-at-wildkamp-b-v-4325799477,https://nl.linkedin.com/company/wildkamp,4325799477
Wildkamp,Vestigingsmanager,Heiloo,2025-12-11,inkoper webshop,nee,https://nl.linkedin.com/jobs/view/vestigingsmanager-at-wildkamp-b-v-4326835216,https://nl.linkedin.com/company/wildkamp,4326835216
Wildkamp,Vestigingsmanager,Spijkenisse,2026-03-05,inkoper webshop,nee,https://nl.linkedin.com/jobs/view/vestigingsmanager-at-wildkamp-b-v-4384282854,https://nl.linkedin.com/company/wildkamp,4384282854
Wildkamp,Vestigingsmanager,Purmerend,2026-03-24,inkoper webshop,nee,https://nl.linkedin.com/jobs/view/vestigingsmanager-at-wildkamp-b-v-4390709543,https://nl.linkedin.com/company/wildkamp,4390709543
Wildkamp,Vestigingsmanager,Nieuw-Vennep,2026-03-26,inkoper webshop,nee,https://nl.linkedin.com/jobs/view/vestigingsmanager-at-wildkamp-b-v-4393410651,https://nl.linkedin.com/company/wildkamp,4393410651
Wildkamp,Inkoopmanager,Coevorden,2026-04-10,inkoper webshop,nee,https://nl.linkedin.com/jobs/view/inkoopmanager-at-wildkamp-b-v-4398182154,https://nl.linkedin.com/company/wildkamp,4398182154
Wildkamp,Vestigingsmanager,Groningen,2026-06-17,inkoper webshop,nee,https://nl.linkedin.com/jobs/view/vestigingsmanager-at-wildkamp-b-v-4428762352,https://nl.linkedin.com/company/wildkamp,4428762352
Wildkamp,Shiftmanager,Coevorden,2026-07-03,inkoper webshop,nee,https://nl.linkedin.com/jobs/view/shiftmanager-at-wildkamp-b-v-4445767938,https://nl.linkedin.com/company/wildkamp,4445767938
Wildkamp,Commercieel manager binnendienst,Coevorden,2026-09-11,inkoper webshop,nee,https://nl.linkedin.com/jobs/view/commercieel-manager-binnendienst-at-wildkamp-b-v-4465441143,https://nl.linkedin.com/company/wildkamp,4465441143
WilroffReitsma,Commercieel Medewerker Binnendienst,Halfweg,2026-09-10,medewerker verkoop binnendienst webshop,nee,https://nl.linkedin.com/jobs/view/commercieel-medewerker-binnendienst-at-wilroffreitsma-4464520981,https://nl.linkedin.com/company/wilroffreitsma,4464520981
WILVO,Operationeel Inkoper,Bergeyk,2026-09-07,inkoper webshop,nee,https://nl.linkedin.com/jobs/view/operationeel-inkoper-at-wilvo-4437162623,https://nl.linkedin.com/company/wilvo-metaalbewerking-b-v-,4437162623
WILVO,Logistiek Medewerker,Bergeyk,2026-09-07,supply chain medewerker webshop,nee,https://nl.linkedin.com/jobs/view/logistiek-medewerker-at-wilvo-4455329543,https://nl.linkedin.com/company/wilvo-metaalbewerking-b-v-,4455329543
WILVO,Logistiek Medewerker,Bergeyk,2026-09-07,fulfilment medewerker,nee,https://nl.linkedin.com/jobs/view/logistiek-medewerker-at-wilvo-4461781958,https://nl.linkedin.com/company/wilvo-metaalbewerking-b-v-,4461781958
WILVO,Logistiek Medewerker,Bergeyk,2026-09-09,fulfilment medewerker,nee,https://nl.linkedin.com/jobs/view/logistiek-medewerker-at-wilvo-4465085608,https://nl.linkedin.com/company/wilvo-metaalbewerking-b-v-,4465085608
WINGM,RevOps Specialist,Amsterdam,2026-08-27,inkoper webshop,nee,https://nl.linkedin.com/jobs/view/revops-specialist-at-wingm-4469897694,https://nl.linkedin.com/company/wingm,4469897694
WINGM,Executive Assistant to the CEO,Amsterdam,2026-09-21,inkoper webshop,nee,https://nl.linkedin.com/jobs/view/executive-assistant-to-the-ceo-at-wingm-4467606282,https://nl.linkedin.com/company/wingm,4467606282
Winkelstraat.nl,Meewerkstage Creative Content,Vianen,2025-11-26,social media medewerker webshop,nee,https://nl.linkedin.com/jobs/view/meewerkstage-creative-content-at-winkelstraat-nl-4347770929,https://nl.linkedin.com/company/winkelstraat-nl,4347770929
Winning Proposal,Product Owner Implementaties,s-Hertogenbosch Area,2026-09-16,product owner webshop,nee,https://nl.linkedin.com/jobs/view/product-owner-implementaties-at-winning-proposal-4462865001,https://nl.linkedin.com/company/winning-proposal,4462865001
Winparts,Customer Service Medewerker,Groningen,2026-06-02,customer service parttime,nee,https://nl.linkedin.com/jobs/view/customer-service-medewerker-at-winparts-4422391437,https://nl.linkedin.com/company/winpartsautomotive,4422391437
Winparts,Product Owner,Groningen,2026-08-24,product owner webshop,nee,https://nl.linkedin.com/jobs/view/product-owner-at-winparts-4458183908,https://nl.linkedin.com/company/winpartsautomotive,4458183908
Winparts,IT Project Manager,Groningen,2026-08-24,product owner webshop,nee,https://nl.linkedin.com/jobs/view/it-project-manager-at-winparts-4458202711,https://nl.linkedin.com/company/winpartsautomotive,4458202711
Winparts,Conversational AI Specialist,Groningen,2026-09-04,conversie specialist,nee,https://nl.linkedin.com/jobs/view/conversational-ai-specialist-at-winparts-4463349717,https://nl.linkedin.com/company/winpartsautomotive,4463349717
Winparts,CRM Specialist,Groningen,2026-09-15,email marketeer webshop,nee,https://nl.linkedin.com/jobs/view/crm-specialist-at-winparts-4467718687,https://nl.linkedin.com/company/winpartsautomotive,4467718687
WINSEARCH Netherlands,Hoofd operations,'s-Heerenberg,2026-08-26,inkoper webshop,nee,https://nl.linkedin.com/jobs/view/hoofd-operations-at-winsearch-netherlands-4457220686,https://nl.linkedin.com/company/winsearch-netherlands,4457220686
WINSEARCH Netherlands,Commercieel medewerker,Zwaag,2026-09-14,inkoper webshop,nee,https://nl.linkedin.com/jobs/view/commercieel-medewerker-at-winsearch-netherlands-4464786207,https://nl.linkedin.com/company/winsearch-netherlands,4464786207
WINSEARCH Netherlands,Magazijnmedewerker,Rilland,2026-09-21,inkoper webshop,nee,https://nl.linkedin.com/jobs/view/magazijnmedewerker-at-winsearch-netherlands-4467391920,https://nl.linkedin.com/company/winsearch-netherlands,4467391920
Wispex,Team Manager,Rijswijk,2026-04-07,inkoper webshop,nee,https://nl.linkedin.com/jobs/view/team-manager-at-wispex-4398530794,https://nl.linkedin.com/company/wispex-nl,4398530794
Witlof Skincare,Internship: Social Media UGC &amp; Affiliate manager,Amsterdam,2026-08-28,social media medewerker webshop,ja,https://nl.linkedin.com/jobs/view/internship-social-media-ugc-affiliate-manager-at-witlof-skincare-4460300862,https://nl.linkedin.com/company/witlof-skincare,4460300862
Witteveen+Bos,Product owner waterbehandeling,Rotterdam,2026-02-27,product owner webshop,nee,https://nl.linkedin.com/jobs/view/product-owner-waterbehandeling-at-witteveen%2Bbos-4375915266,https://nl.linkedin.com/company/witteveen-bos,4375915266
Witteveen+Bos,Product owner waterbehandeling,Deventer,2026-02-27,product owner webshop,nee,https://nl.linkedin.com/jobs/view/product-owner-waterbehandeling-at-witteveen%2Bbos-4375914322,https://nl.linkedin.com/company/witteveen-bos,4375914322
Witteveen+Bos,Product owner centrale datavoorziening,Deventer,2026-03-06,product owner webshop,nee,https://nl.linkedin.com/jobs/view/product-owner-centrale-datavoorziening-at-witteveen%2Bbos-4380811884,https://nl.linkedin.com/company/witteveen-bos,4380811884
Witteveen+Bos,Product owner centrale datavoorziening,Deventer,2026-09-21,product owner webshop,nee,https://nl.linkedin.com/jobs/view/product-owner-centrale-datavoorziening-at-witteveen%2Bbos-4469854234,https://nl.linkedin.com/company/witteveen-bos,4469854234
Witzand bouwmaterialen,VACATURE VERKOOP BINNENDIENST BOUWMATERIALEN ALMELO,Almelo,2026-09-16,medewerker verkoop binnendienst webshop,nee,https://nl.linkedin.com/jobs/view/vacature-verkoop-binnendienst-bouwmaterialen-almelo-at-witzand-bouwmaterialen-4466598513,https://nl.linkedin.com/company/witzand,4466598513
WJ Projects B.V.,Marketing &amp; Communicatie Medewerker,Amsterdam,2026-09-08,social media medewerker webshop,nee,https://nl.linkedin.com/jobs/view/marketing-communicatie-medewerker-at-wj-projects-b-v-4463545500,https://nl.linkedin.com/company/wj-projects-bv,4463545500
Woertman Nederland B.V.,Junior/Medior Marketeer,Nieuwegein,2026-09-10,social media medewerker webshop,nee,https://nl.linkedin.com/jobs/view/junior-medior-marketeer-at-woertman-nederland-b-v-4464095478,https://nl.linkedin.com/company/woertman-nederland-b.v.,4464095478
Woertman Nederland B.V.,Backoffice &amp; Operations Coördinator,Nieuwegein,2026-09-10,supply chain medewerker webshop,nee,https://nl.linkedin.com/jobs/view/backoffice-operations-co%C3%B6rdinator-at-woertman-nederland-b-v-4464095561,https://nl.linkedin.com/company/woertman-nederland-b.v.,4464095561
Wolf Steel Ltd,Technical Support Associate,Tiel,2026-06-11,after sales medewerker,nee,https://nl.linkedin.com/jobs/view/technical-support-associate-at-wolf-steel-ltd-4424830485,https://ca.linkedin.com/company/wolf-steel-ltd,4424830485
Wolters Kluwer,Product Manager,Hoevelaken,2026-09-10,product owner webshop,nee,https://nl.linkedin.com/jobs/view/product-manager-at-wolters-kluwer-4427758260,https://nl.linkedin.com/company/wolters-kluwer,4427758260
Womanly Jobs,Customer Support Specialist,Delft,2026-09-21,after sales medewerker,nee,https://nl.linkedin.com/jobs/view/customer-support-specialist-at-womanly-jobs-4468712438,https://nl.linkedin.com/company/womanlyjobs,4468712438
Womanly Jobs,Customer Support Specialist,Zwolle,2026-09-21,after sales medewerker,nee,https://nl.linkedin.com/jobs/view/customer-support-specialist-at-womanly-jobs-4468494736,https://nl.linkedin.com/company/womanlyjobs,4468494736
WongDoody,Product Designer,Amsterdam,2026-04-01,inkoper webshop,nee,https://nl.linkedin.com/jobs/view/product-designer-at-wongdoody-4396681039,https://www.linkedin.com/company/wongdoody,4396681039
Woolsocks - The money app,Intern Marketing &amp; Communication,Amsterdam,2026-09-14,email marketeer webshop,nee,https://nl.linkedin.com/jobs/view/intern-marketing-communication-at-woolsocks-the-money-app-4464791637,https://ch.linkedin.com/company/woolsocks,4464791637
WordPress bureau Sowmedia Rotterdam,WordPress lead developer,Rotterdam and The Hague,2026-07-17,inkoper webshop,nee,https://nl.linkedin.com/jobs/view/wordpress-lead-developer-at-wordpress-bureau-sowmedia-4441310930,https://nl.linkedin.com/company/sowmedia,4441310930
Workiva,Customer Success Manager - German Speaking,Amsterdam,2026-09-14,customer succes,nee,https://nl.linkedin.com/jobs/view/customer-success-manager-german-speaking-at-workiva-4465763814,https://www.linkedin.com/company/workiva,4465763814
Workiva,Customer Success Manager - German Speaking,Amsterdam Area,2026-09-14,customer succes,nee,https://nl.linkedin.com/jobs/view/customer-success-manager-german-speaking-at-workiva-4465766725,https://www.linkedin.com/company/workiva,4465766725
Workodo,Support medewerker,Amsterdam,2026-07-22,after sales medewerker,nee,https://nl.linkedin.com/jobs/view/support-medewerker-at-workodo-4443413393,https://nl.linkedin.com/company/workodo,4443413393
Workodo,Content marketeer,Amsterdam,2026-07-22,inkoper webshop,nee,https://nl.linkedin.com/jobs/view/content-marketeer-at-workodo-4443433325,https://nl.linkedin.com/company/workodo,4443433325
WorkplaceBuddy,Customer Success Manager (Dutch speaking),Amsterdam,2026-09-21,customer succes,nee,https://nl.linkedin.com/jobs/view/customer-success-manager-dutch-speaking-at-workplacebuddy-4469867784,https://nl.linkedin.com/company/workplacebuddy,4469867784
Workshop.nl,Marketing Manager,Amsterdam,2026-09-20,email marketeer webshop,nee,https://nl.linkedin.com/jobs/view/marketing-manager-at-workshop-nl-4468416836,https://nl.linkedin.com/company/workshopnederland,4468416836
Workspace 365,Senior Customer Succes Manager,Nijkerk,2026-07-28,customer succes,nee,https://nl.linkedin.com/jobs/view/senior-customer-succes-manager-at-workspace-365-4445701606,https://nl.linkedin.com/company/workspace-365,4445701606
Workspace 365,Senior Customer Success Manager,Nijkerk,2026-08-27,customer succes,nee,https://nl.linkedin.com/jobs/view/senior-customer-success-manager-at-workspace-365-4459690374,https://nl.linkedin.com/company/workspace-365,4459690374
Workspace 365,Senior Lead Customer Success,Nijkerk,2026-09-07,customer succes,nee,https://nl.linkedin.com/jobs/view/senior-lead-customer-success-at-workspace-365-4462240142,https://nl.linkedin.com/company/workspace-365,4462240142
Workspace 365,Senior Teamlead Customer Succes,Nijkerk,2026-09-10,customer succes,nee,https://nl.linkedin.com/jobs/view/senior-teamlead-customer-succes-at-workspace-365-4465606969,https://nl.linkedin.com/company/workspace-365,4465606969
Workwize,"Lead, Growth (leadership, organic + paid) | Amsterdam Hybrid",Amsterdam,2026-09-09,inkoper webshop,nee,https://nl.linkedin.com/jobs/view/lead-growth-leadership-organic-%2B-paid-amsterdam-hybrid-at-workwize-4455997932,https://nl.linkedin.com/company/work-wize,4455997932
Workwize,"Manager, Operations | Amsterdam Hybrid",Amsterdam,2026-09-11,inkoper webshop,nee,https://nl.linkedin.com/jobs/view/manager-operations-amsterdam-hybrid-at-workwize-4447074732,https://nl.linkedin.com/company/work-wize,4447074732
Workwize,Customer Success Manager | Amsterdam Hybrid,Amsterdam,2026-09-22,inkoper webshop,nee,https://nl.linkedin.com/jobs/view/customer-success-manager-amsterdam-hybrid-at-workwize-4470236194,https://nl.linkedin.com/company/work-wize,4470236194
World of Eichholtz,Assistent Inkoper,Noordwijkerhout,2026-09-11,inkoper webshop,nee,https://nl.linkedin.com/jobs/view/assistent-inkoper-at-world-of-eichholtz-4416888362,https://nl.linkedin.com/company/eichholtz,4416888362
World Wide Technology,Warehouse Associate,Oude Meer,2026-09-03,supply chain medewerker webshop,nee,https://nl.linkedin.com/jobs/view/warehouse-associate-at-world-wide-technology-4461650322,https://www.linkedin.com/company/world-wide-technology,4461650322
Worldstream - Solid IT. No Surprises.,TechCare Engineer,Naaldwijk,2026-08-04,servicedesk medewerker webshop,nee,https://nl.linkedin.com/jobs/view/techcare-engineer-at-worldstream-solid-it-no-surprises-4460827507,https://nl.linkedin.com/company/worldstream,4460827507
WP SEO AI,Wordpress Developer (German/Dutch Speaking),Amsterdam,2026-08-31,inkoper webshop,nee,https://nl.linkedin.com/jobs/view/wordpress-developer-german-dutch-speaking-at-wp-seo-ai-4461201969,https://nl.linkedin.com/company/seoai,4461201969
WPP Media,Senior Product Manager,Amsterdam,2026-06-26,product owner webshop,nee,https://nl.linkedin.com/jobs/view/senior-product-manager-at-wpp-media-4428251449,https://www.linkedin.com/company/wpp-media,4428251449
WPP Media,Senior Product Manager,Eindhoven,2026-06-26,product owner webshop,nee,https://nl.linkedin.com/jobs/view/senior-product-manager-at-wpp-media-4428241575,https://www.linkedin.com/company/wpp-media,4428241575
WPP Media,Social Paid Media Specialist,Amsterdam,2026-09-09,social media medewerker webshop,nee,https://nl.linkedin.com/jobs/view/social-paid-media-specialist-at-wpp-media-4459206336,https://www.linkedin.com/company/wpp-media,4459206336
WYwonen,Klantensevicemedewerker WYwonen,Roelofarendsveen,2026-09-22,customer service parttime,nee,https://nl.linkedin.com/jobs/view/klantensevicemedewerker-wywonen-at-wywonen-4470440262,https://www.linkedin.com/company/wywonen,4470440262
XSARUS | Digital Commerce,Senior PIM Implementatie Consultant,Middelharnis,2026-09-01,product owner webshop,nee,https://nl.linkedin.com/jobs/view/senior-pim-implementatie-consultant-at-xsarus-digital-commerce-4459529538,https://nl.linkedin.com/company/xsarus-e-development-&amp;-consulting,4459529538
Yehwang Wholesale,Marketing Internship,Ede,2026-07-08,social media medewerker webshop,nee,https://nl.linkedin.com/jobs/view/marketing-internship-at-yehwang-wholesale-4436892993,https://nl.linkedin.com/company/yehwang-sieraden-kleding-accessoires-groothandel,4436892993
yellow arrow,Microsoft cloud support engineer,Nunspeet,2026-07-06,servicedesk medewerker webshop,nee,https://nl.linkedin.com/jobs/view/microsoft-cloud-support-engineer-at-yellow-arrow-4437132375,https://nl.linkedin.com/company/yellowarrow,4437132375
Yellow Hive,ICT Support Engineer,Hoofddorp,2026-09-02,servicedesk medewerker webshop,nee,https://nl.linkedin.com/jobs/view/ict-support-engineer-at-yellow-hive-4425547559,https://nl.linkedin.com/company/yellowhive-company,4425547559
Yellowtail Conclusion,Junior AI Consultant,Naarden,2026-02-13,conversie specialist,nee,https://nl.linkedin.com/jobs/view/junior-ai-consultant-at-yellowtail-conclusion-4383768915,https://nl.linkedin.com/company/yellowtail,4383768915
Yellowtail Conclusion,Platform Reviewer,Naarden,2026-07-06,conversie specialist,nee,https://nl.linkedin.com/jobs/view/platform-reviewer-at-yellowtail-conclusion-4437408839,https://nl.linkedin.com/company/yellowtail,4437408839
Yellowtail Conclusion,Managing Productowner,Naarden,2026-08-19,product owner webshop,nee,https://nl.linkedin.com/jobs/view/managing-productowner-at-yellowtail-conclusion-4456338360,https://nl.linkedin.com/company/yellowtail,4456338360
Yex B.V.,Commercial Support Medewerker,Naaldwijk,2025-08-14,supply chain medewerker webshop,nee,https://nl.linkedin.com/jobs/view/commercial-support-medewerker-at-yex-b-v-4282866294,https://nl.linkedin.com/company/yex-b-v-,4282866294
Yezzer,Client Service Agent,Amsterdam,2025-06-17,after sales medewerker,nee,https://nl.linkedin.com/jobs/view/client-service-agent-at-yezzer-4252258561,https://nl.linkedin.com/company/yezzer,4252258561
Yielder,Sales Support Medewerker/ Inside Sales Specialist,Rijswijk,2026-07-18,conversie specialist,nee,https://nl.linkedin.com/jobs/view/sales-support-medewerker-inside-sales-specialist-at-yielder-4453136212,https://nl.linkedin.com/company/yieldergroup,4453136212
Yielder,1e lijn Telecom Support,Rijswijk,2026-09-03,after sales medewerker,nee,https://nl.linkedin.com/jobs/view/1e-lijn-telecom-support-at-yielder-4462798160,https://nl.linkedin.com/company/yieldergroup,4462798160
Ynvolve,Logistiek medewerker,Arnhem-Nijmegen en omgeving,2026-09-18,fulfilment medewerker,nee,https://nl.linkedin.com/jobs/view/logistiek-medewerker-at-ynvolve-4469106939,https://nl.linkedin.com/company/ynvolve-b-v-,4469106939
Yobo Mondzorg,Stagiair(e) Social Media,Arnhem-Nijmegen en omgeving,2026-08-05,social media medewerker webshop,nee,https://nl.linkedin.com/jobs/view/stagiair-e-social-media-at-yobo-mondzorg-4449479985,https://nl.linkedin.com/company/yobo-mondzorg,4449479985
Yoda Tech,Onsite IT Engineer,Almere,2026-07-20,servicedesk medewerker webshop,nee,https://nl.linkedin.com/jobs/view/onsite-it-engineer-at-yoda-tech-4442727704,https://sg.linkedin.com/company/yoda-tech-pte-ltd,4442727704
Yokogawa,Technical Support Specialist,Amersfoort,2026-09-18,servicedesk medewerker webshop,nee,https://nl.linkedin.com/jobs/view/technical-support-specialist-at-yokogawa-4469145941,https://jp.linkedin.com/company/yokogawa,4469145941
Yonder,Community &amp; Partnerships Manager,Amsterdam,2026-09-18,conversie specialist,nee,https://nl.linkedin.com/jobs/view/community-partnerships-manager-at-yonder-4467834428,https://uk.linkedin.com/company/yondercard,4467834428
You Sure,Customer Support Medewerker,Hoofddorp,2026-09-20,after sales medewerker,nee,https://nl.linkedin.com/jobs/view/customer-support-medewerker-at-you-sure-4372512433,https://nl.linkedin.com/company/you-sure,4372512433
Youké,Medewerker ICT Servicedesk,Zeist,2026-09-18,servicedesk medewerker webshop,nee,https://nl.linkedin.com/jobs/view/medewerker-ict-servicedesk-at-youk%C3%A9-4466955654,https://nl.linkedin.com/company/youke,4466955654
Young Perfect: Omnichannel Marketing &amp; Experiences,Social Content &amp; Campagne Marketeer,Breda,2026-03-04,social media medewerker webshop,nee,https://nl.linkedin.com/jobs/view/social-content-campagne-marketeer-at-young-perfect-omnichannel-marketing-experiences-4380023155,https://nl.linkedin.com/company/young-perfect,4380023155
Young Perfect: Omnichannel Marketing &amp; Experiences,MAGAZIJN MEDEWERKER,Breda,2026-06-16,fulfilment medewerker,nee,https://nl.linkedin.com/jobs/view/magazijn-medewerker-at-young-perfect-omnichannel-marketing-experiences-4429247711,https://nl.linkedin.com/company/young-perfect,4429247711
Yourhosting,Support Specialist Klantenservice,Zwolle,2026-03-14,after sales medewerker,nee,https://nl.linkedin.com/jobs/view/support-specialist-klantenservice-at-yourhosting-4399229955,https://nl.linkedin.com/company/yourhostingnl,4399229955
Yourhosting,Customer Support Specialist,Zwolle,2026-09-14,after sales medewerker,nee,https://nl.linkedin.com/jobs/view/customer-support-specialist-at-yourhosting-4465771377,https://nl.linkedin.com/company/yourhostingnl,4465771377
YourSurprise,Logistiek medewerker,Zierikzee,2026-08-20,fulfilment medewerker,ja,https://nl.linkedin.com/jobs/view/logistiek-medewerker-at-yoursurprise-4455480488,https://nl.linkedin.com/company/yoursurprise-com,4455480488
YourSurprise,Customer Service Medewerker,Zierikzee,2026-08-20,customer service parttime,ja,https://nl.linkedin.com/jobs/view/customer-service-medewerker-at-yoursurprise-4455683669,https://nl.linkedin.com/company/yoursurprise-com,4455683669
Youvia,Website &amp; Service Specialist,Amsterdam,2026-07-17,inkoper webshop,nee,https://nl.linkedin.com/jobs/view/website-service-specialist-at-youvia-4451630881,https://nl.linkedin.com/company/youvia,4451630881
Zebra Technologies,"Warehouse Associate, Support I",Heerenveen,2026-09-21,fulfilment medewerker,nee,https://nl.linkedin.com/jobs/view/warehouse-associate-support-i-at-zebra-technologies-4467696990,https://www.linkedin.com/company/zebra-technologies,4467696990
Zeekr Europe,Product Owner - Sales Operation,Amsterdam Area,2026-09-12,product owner webshop,nee,https://nl.linkedin.com/jobs/view/product-owner-sales-operation-at-zeekr-europe-4437420493,https://nl.linkedin.com/company/zeekreurope,4437420493
ZEEKR极氪,Product Owner - Sales Operation,Amsterdam,2026-07-26,product owner webshop,nee,https://nl.linkedin.com/jobs/view/product-owner-sales-operation-at-zeekr%E6%9E%81%E6%B0%AA-4455695590,https://cn.linkedin.com/company/%E6%9E%81%E6%B0%AA%E7%A7%91%E6%8A%80zeekr,4455695590
Zehnder Group Nederland B.V.,Medewerker After Sales Support,Zwolle,2026-08-26,after sales medewerker,nee,https://nl.linkedin.com/jobs/view/medewerker-after-sales-support-at-zehnder-group-nederland-4457238237,https://nl.linkedin.com/company/zehnder-group-nederland,4457238237
ZEISS Group,Customer Care Agent,Breda,2026-09-10,after sales medewerker,nee,https://nl.linkedin.com/jobs/view/customer-care-agent-at-zeiss-group-4465627197,https://de.linkedin.com/company/zeiss,4465627197
Zelesta,E-commerce Specialist,Soesterberg,2026-09-21,email marketeer webshop,nee,https://nl.linkedin.com/jobs/view/e-commerce-specialist-at-zelesta-4469874193,https://nl.linkedin.com/company/zelesta,4469874193
Zelesta,Copywriter,Soesterberg,2026-09-21,email marketeer webshop,nee,https://nl.linkedin.com/jobs/view/copywriter-at-zelesta-4469869316,https://nl.linkedin.com/company/zelesta,4469869316
Zelesta,Social Media Marketeer,Soesterberg,2026-09-21,social media medewerker webshop,nee,https://nl.linkedin.com/jobs/view/social-media-marketeer-at-zelesta-4469854940,https://nl.linkedin.com/company/zelesta,4469854940
Zelesta,Head of Social Media,Soesterberg,2026-09-21,social media medewerker webshop,nee,https://nl.linkedin.com/jobs/view/head-of-social-media-at-zelesta-4469873218,https://nl.linkedin.com/company/zelesta,4469873218
Zen-Works,Medewerker Servicebalie/ Werkplekbeheer,Den Haag,2026-08-31,servicedesk medewerker webshop,nee,https://nl.linkedin.com/jobs/view/medewerker-servicebalie-werkplekbeheer-at-zen-works-4461047945,https://nl.linkedin.com/company/zen-works23,4461047945
ZINN (Zorgorganisatie in Noord Nederland),Medewerker Servicedesk ICT,Haren,2026-09-04,servicedesk medewerker webshop,nee,https://nl.linkedin.com/jobs/view/medewerker-servicedesk-ict-at-zinn-zorgorganisatie-in-noord-nederland-4461947640,https://nl.linkedin.com/company/zinn-zorgorganisatie-in-noord-nederland-,4461947640
Zitmaxx Wonen,Klantenservice Medewerker / Administratief Medewerker,Ter Aar,2026-07-09,servicedesk medewerker webshop,nee,https://nl.linkedin.com/jobs/view/klantenservice-medewerker-administratief-medewerker-at-zitmaxx-wonen-4438586927,https://nl.linkedin.com/company/zitmaxx-wonen,4438586927
Zitmaxx Wonen,Klantenservice Medewerker,Ter Aar,2026-07-09,servicedesk medewerker webshop,nee,https://nl.linkedin.com/jobs/view/klantenservice-medewerker-at-zitmaxx-wonen-4438588826,https://nl.linkedin.com/company/zitmaxx-wonen,4438588826
Zitmaxx Wonen,Assistent Manager Photoshop,Ter Aar,2026-07-09,inkoper webshop,nee,https://nl.linkedin.com/jobs/view/assistent-manager-photoshop-at-zitmaxx-wonen-4438588827,https://nl.linkedin.com/company/zitmaxx-wonen,4438588827
Zitmaxx Wonen,Interieuradviseur,Ter Aar,2026-07-09,inkoper webshop,nee,https://nl.linkedin.com/jobs/view/interieuradviseur-at-zitmaxx-wonen-4438602424,https://nl.linkedin.com/company/zitmaxx-wonen,4438602424
Zitmaxx Wonen,Interieurstyliste,Ter Aar,2026-07-09,inkoper webshop,nee,https://nl.linkedin.com/jobs/view/interieurstyliste-at-zitmaxx-wonen-4438598525,https://nl.linkedin.com/company/zitmaxx-wonen,4438598525
Zitmaxx Wonen,Logistiek Medewerker,Ter Aar,2026-07-09,supply chain medewerker webshop,nee,https://nl.linkedin.com/jobs/view/logistiek-medewerker-at-zitmaxx-wonen-4438590804,https://nl.linkedin.com/company/zitmaxx-wonen,4438590804
Zitmaxx Wonen,Administratief Medewerker Logistiek,Ter Aar,2026-07-09,supply chain medewerker webshop,nee,https://nl.linkedin.com/jobs/view/administratief-medewerker-logistiek-at-zitmaxx-wonen-4438585951,https://nl.linkedin.com/company/zitmaxx-wonen,4438585951
Zitmaxx Wonen,Verkoopmedewerker Outlet / Logistiek Medewerker Outlet,Ter Aar,2026-07-15,inkoper webshop,nee,https://nl.linkedin.com/jobs/view/verkoopmedewerker-outlet-logistiek-medewerker-outlet-at-zitmaxx-wonen-4441256859,https://nl.linkedin.com/company/zitmaxx-wonen,4441256859
Zitmaxx Wonen,Magazijnmedewerker Fotostudio,Ter Aar,2026-07-27,inkoper webshop,nee,https://nl.linkedin.com/jobs/view/magazijnmedewerker-fotostudio-at-zitmaxx-wonen-4446143159,https://nl.linkedin.com/company/zitmaxx-wonen,4446143159
Zitmaxx Wonen,Product Content Specialist,Ter Aar,2026-08-11,inkoper webshop,nee,https://nl.linkedin.com/jobs/view/product-content-specialist-at-zitmaxx-wonen-4452686271,https://nl.linkedin.com/company/zitmaxx-wonen,4452686271
Zitmaxx Wonen,Magazijnbeheerder,Ter Aar,2026-08-11,inkoper webshop,nee,https://nl.linkedin.com/jobs/view/magazijnbeheerder-at-zitmaxx-wonen-4452674491,https://nl.linkedin.com/company/zitmaxx-wonen,4452674491
Zitmaxx Wonen,Medewerker Productcontent en Prijsbeheer,Ter Aar,2026-08-20,inkoper webshop,nee,https://nl.linkedin.com/jobs/view/medewerker-productcontent-en-prijsbeheer-at-zitmaxx-wonen-4457013131,https://nl.linkedin.com/company/zitmaxx-wonen,4457013131
Zitmaxx Wonen,Photoshopper / Beeldbewerker,Ter Aar,2026-09-15,inkoper webshop,nee,https://nl.linkedin.com/jobs/view/photoshopper-beeldbewerker-at-zitmaxx-wonen-4467778899,https://nl.linkedin.com/company/zitmaxx-wonen,4467778899
Zitmaxx Wonen,Photoshop &amp; AI-Specialist,Ter Aar,2026-09-18,inkoper webshop,nee,https://nl.linkedin.com/jobs/view/photoshop-ai-specialist-at-zitmaxx-wonen-4469139262,https://nl.linkedin.com/company/zitmaxx-wonen,4469139262
Zolemba B.V.,Customer Service Medewerker,Haaksbergen,2026-08-04,medewerker verkoop binnendienst webshop,nee,https://nl.linkedin.com/jobs/view/customer-service-medewerker-at-zolemba-b-v-4448556738,https://nl.linkedin.com/company/zolemba,4448556738
Zonneplan,Junior Service Specialist,Zwolle,2026-09-03,after sales medewerker,nee,https://nl.linkedin.com/jobs/view/junior-service-specialist-at-zonneplan-4443190588,https://nl.linkedin.com/company/zonneplan,4443190588
Zonneplan,Customer Support Specialist,Zwolle,2026-09-15,after sales medewerker,nee,https://nl.linkedin.com/jobs/view/customer-support-specialist-at-zonneplan-4324809529,https://nl.linkedin.com/company/zonneplan,4324809529
Zorg&amp;Co,Content Creator,Elsloo,2026-09-21,social media medewerker webshop,nee,https://nl.linkedin.com/jobs/view/content-creator-at-zorg-co-4469909386,https://nl.linkedin.com/company/zorg-&amp;-co,4469909386
Zuiver Media,Medior Social Media Specialist,Rotterdam,2026-08-25,social media medewerker webshop,nee,https://nl.linkedin.com/jobs/view/medior-social-media-specialist-at-zuiver-media-4456599864,https://nl.linkedin.com/company/zuiver-media,4456599864
zvoove Germany,Supportmedewerker,Amersfoort,2026-06-23,servicedesk medewerker webshop,nee,https://nl.linkedin.com/jobs/view/supportmedewerker-at-zvoove-4431242028,https://de.linkedin.com/company/zvoove-germany,4431242028
zvoove Germany,Medewerker Crediteurenadministratie (m/v/d),Ede,2026-07-29,inkoper webshop,nee,https://nl.linkedin.com/jobs/view/medewerker-crediteurenadministratie-m-v-d-at-zvoove-4444134476,https://de.linkedin.com/company/zvoove-germany,4444134476
zvoove Germany,Medewerker Debiteurenadministratie (m/v/d),Ede,2026-07-29,inkoper webshop,nee,https://nl.linkedin.com/jobs/view/medewerker-debiteurenadministratie-m-v-d-at-zvoove-4444125495,https://de.linkedin.com/company/zvoove-germany,4444125495
ZwolleDoet!,Vrijwilliger voor Social Media,Zwolle,2025-04-04,social media medewerker webshop,nee,https://nl.linkedin.com/jobs/view/vrijwilliger-voor-social-media-at-zwolledoet%21-4199309709,https://nl.linkedin.com/company/zwolledoet,4199309709
ZwolleDoet!,Social Media hulp,Zwolle,2026-06-15,social media medewerker webshop,nee,https://nl.linkedin.com/jobs/view/social-media-hulp-at-zwolledoet%21-4428844760,https://nl.linkedin.com/company/zwolledoet,4428844760
ZwolleDoet!,Word onze nieuwe Winkelmedewerker in Zwolle!,Zwolle,2026-08-05,inkoper webshop,nee,https://nl.linkedin.com/jobs/view/word-onze-nieuwe-winkelmedewerker-in-zwolle%21-at-zwolledoet%21-4447333272,https://nl.linkedin.com/company/zwolledoet,4447333272
ZwolleDoet!,Content Creator Villa Pinedo,Zwolle,2026-08-05,social media medewerker webshop,nee,https://nl.linkedin.com/jobs/view/content-creator-villa-pinedo-at-zwolledoet%21-4447334310,https://nl.linkedin.com/company/zwolledoet,4447334310
ZwolleDoet!,Vrijwilliger voor onze social media en website,Zwolle,2026-09-03,social media medewerker webshop,nee,https://nl.linkedin.com/jobs/view/vrijwilliger-voor-onze-social-media-en-website-at-zwolledoet%21-4462720944,https://nl.linkedin.com/company/zwolledoet,4462720944
ZwolleDoet!,Webredacteur voor IVN Zwolle,Zwolle,2026-09-13,inkoper webshop,nee,https://nl.linkedin.com/jobs/view/webredacteur-voor-ivn-zwolle-at-zwolledoet%21-4466765993,https://nl.linkedin.com/company/zwolledoet,4466765993
イントラロックスエルエルシー,CUSTOMER SERVICE ACCOUNT REPRESENTATIVE - DANISH SPEAKING,Amsterdam,2026-09-23,klantsupport,nee,https://nl.linkedin.com/jobs/view/customer-service-account-representative-danish-speaking-at-%E3%82%A4%E3%83%B3%E3%83%88%E3%83%A9%E3%83%AD%E3%83%83%E3%82%AF%E3%82%B9%E3%82%A8%E3%83%AB%E3%82%A8%E3%83%AB%E3%82%B7%E3%83%BC-4469410132,https://www.linkedin.com/company/%E3%82%A4%E3%83%B3%E3%83%88%E3%83%A9%E3%83%AD%E3%83%83%E3%82%AF%E3%82%B9%E3%82%A8%E3%83%AB%E3%82%A8%E3%83%AB%E3%82%B7%E3%83%BC,4469410132
