bedrijf,functie,plaats,datum,zoekterm,al_in_pool,vacature_url,bedrijf_linkedin,vacature_id
&amp;MOSS | Luxury Outdoor Furniture,Senior Online Marketeer,Nunspeet,2026-09-21,online marketeer webshop,nee,https://nl.linkedin.com/jobs/view/senior-online-marketeer-at-moss-luxury-outdoor-furniture-4469849630,https://nl.linkedin.com/company/nmoss-outdoor,4469849630
123inkt.nl,Junior Product Marketeer E-commerce,Almere,2026-09-01,e-commerce medewerker,nee,https://nl.linkedin.com/jobs/view/junior-product-marketeer-e-commerce-at-123inkt-nl-4462035540,https://nl.linkedin.com/company/123inkt-nl,4462035540
123inkt.nl,Data Entry Medewerker,Nederhorst den Berg,2026-09-01,e-commerce medewerker,nee,https://nl.linkedin.com/jobs/view/data-entry-medewerker-at-123inkt-nl-4451882106,https://nl.linkedin.com/company/123inkt-nl,4451882106
123inkt.nl,Product Marketeer E-commerce,Almere,2026-09-01,e-commerce medewerker,nee,https://nl.linkedin.com/jobs/view/product-marketeer-e-commerce-at-123inkt-nl-4462025724,https://nl.linkedin.com/company/123inkt-nl,4462025724
123inkt.nl,Commercieel Medewerker,Almere,2026-09-07,e-commerce medewerker,nee,https://nl.linkedin.com/jobs/view/commercieel-medewerker-at-123inkt-nl-4455283717,https://nl.linkedin.com/company/123inkt-nl,4455283717
123inkt.nl,Lead Category Manager E-commerce,Almere,2026-09-10,webshop beheerder,nee,https://nl.linkedin.com/jobs/view/lead-category-manager-e-commerce-at-123inkt-nl-4465696627,https://nl.linkedin.com/company/123inkt-nl,4465696627
123inkt.nl,Category Manager E-commerce,Nederhorst den Berg,2026-09-15,webshop beheerder,nee,https://nl.linkedin.com/jobs/view/category-manager-e-commerce-at-123inkt-nl-4467772331,https://nl.linkedin.com/company/123inkt-nl,4467772331
123inkt.nl,Magazijnmedewerker,Almere,2026-09-22,logistiek medewerker webshop,nee,https://nl.linkedin.com/jobs/view/magazijnmedewerker-at-123inkt-nl-4461754284,https://nl.linkedin.com/company/123inkt-nl,4461754284
123schoon.nl,Klantenservice Medewerker,Almere,2026-09-22,e-commerce medewerker,nee,https://nl.linkedin.com/jobs/view/klantenservice-medewerker-at-123schoon-nl-4470437712,https://nl.linkedin.com/company/123schoon.nl,4470437712
A.A.S. Schadeherstel,Content marketeer,Breda,2026-09-16,content specialist webshop,nee,https://nl.linkedin.com/jobs/view/content-marketeer-at-aas-schadeherstel-4285387132,https://nl.linkedin.com/company/aas-schadeherstel,4285387132
aalbers|indeko,Magazijnmedewerker,Renswoude,2026-04-16,logistiek medewerker webshop,nee,https://nl.linkedin.com/jobs/view/magazijnmedewerker-at-aalbers-indeko-4402130767,https://nl.linkedin.com/company/indeko-holland-bv,4402130767
Aarnink Vleeswaren,COMMERCIEEL MEDEWERKER BINNENDIENST (LOCHEM),Lochem,2026-08-05,orderverwerking,nee,https://nl.linkedin.com/jobs/view/commercieel-medewerker-binnendienst-lochem-at-aarnink-vleeswaren-4448900769,https://nl.linkedin.com/company/aarnink-dengerink-vleeswren,4448900769
ABENA,Order Entry &amp; Sales Support Medewerker,Haps,2026-09-03,orderverwerking,nee,https://nl.linkedin.com/jobs/view/order-entry-sales-support-medewerker-at-abena-4462837755,https://dk.linkedin.com/company/abena,4462837755
Abroad Experience International Recruitment,Order Manager,Amsterdam Area,2026-09-21,orderverwerking,nee,https://nl.linkedin.com/jobs/view/order-manager-at-abroad-experience-international-recruitment-4467602173,https://nl.linkedin.com/company/abroad-experience-bv,4467602173
"Access Bright, Inc.",越境EC事業責任者,Scherpenzeel,2026-07-23,webshop beheerder,nee,https://nl.linkedin.com/jobs/view/%E8%B6%8A%E5%A2%83ec%E4%BA%8B%E6%A5%AD%E8%B2%AC%E4%BB%BB%E8%80%85-at-access-bright-inc-4443467535,https://www.linkedin.com/company/access-bright-limited,4443467535
Ace &amp; Tate,E-Commerce Intern,Amsterdam,2026-09-21,webshop beheerder,nee,https://nl.linkedin.com/jobs/view/e-commerce-intern-at-ace-tate-4469857309,https://nl.linkedin.com/company/ace-&amp;-tate,4469857309
Action,E-commerce Planner,Zwaagdijk-Oost,2026-09-18,e-commerce medewerker,nee,https://nl.linkedin.com/jobs/view/e-commerce-planner-at-action-4458653488,https://nl.linkedin.com/company/action-bv,4458653488
Action,eCommerce Planner,Zwaagdijk-Oost,2026-09-19,e-commerce medewerker,nee,https://nl.linkedin.com/jobs/view/ecommerce-planner-at-action-4433346753,https://nl.linkedin.com/company/action-bv,4433346753
Adecco,Platform Operations Specialist,Hilversum,2026-09-14,e-commerce medewerker,nee,https://nl.linkedin.com/jobs/view/platform-operations-specialist-at-adecco-4465212261,https://ch.linkedin.com/company/adecco,4465212261
Adecco,Digital Operations Specialist,Hilversum,2026-09-14,e-commerce medewerker,nee,https://nl.linkedin.com/jobs/view/digital-operations-specialist-at-adecco-4465213209,https://ch.linkedin.com/company/adecco,4465213209
adidas,Senior UX Copywriter,Amsterdam,2026-09-07,content specialist webshop,nee,https://nl.linkedin.com/jobs/view/senior-ux-copywriter-at-adidas-4462203402,https://de.linkedin.com/company/adidas,4462203402
Adwise - Your Digital Brain,Merchandising &amp; Search Specialist,Enschede,2026-08-28,e-commerce medewerker,nee,https://nl.linkedin.com/jobs/view/merchandising-search-specialist-at-adwise-your-digital-brain-4470443044,https://nl.linkedin.com/company/adwise-yourdigitalbrain,4470443044
Adwise - Your Digital Brain,E-commerce &amp; CRO Specialist,Almelo,2026-08-28,e-commerce medewerker,nee,https://nl.linkedin.com/jobs/view/e-commerce-cro-specialist-at-adwise-your-digital-brain-4470437421,https://nl.linkedin.com/company/adwise-yourdigitalbrain,4470437421
Adwise - Your Digital Brain,E-commerce Manager,Oost-Vlieland,2026-08-28,webshop medewerker,nee,https://nl.linkedin.com/jobs/view/e-commerce-manager-at-adwise-your-digital-brain-4470423845,https://nl.linkedin.com/company/adwise-yourdigitalbrain,4470423845
Adwise - Your Digital Brain,Lead E-Commerce,Enschede,2026-08-28,webshop beheerder,nee,https://nl.linkedin.com/jobs/view/lead-e-commerce-at-adwise-your-digital-brain-4470429604,https://nl.linkedin.com/company/adwise-yourdigitalbrain,4470429604
Adwise - Your Digital Brain,Marketplaces marketeer,Almelo,2026-08-28,online marketeer webshop,nee,https://nl.linkedin.com/jobs/view/marketplaces-marketeer-at-adwise-your-digital-brain-4470425714,https://nl.linkedin.com/company/adwise-yourdigitalbrain,4470425714
Adwise - Your Digital Brain,Content Marketeer,Coevorden,2026-08-28,content specialist webshop,nee,https://nl.linkedin.com/jobs/view/content-marketeer-at-adwise-your-digital-brain-4470432482,https://nl.linkedin.com/company/adwise-yourdigitalbrain,4470432482
AEO DIRECT,Content &amp; AEO Specialist,Amsterdam Area,2026-08-04,content specialist webshop,nee,https://nl.linkedin.com/jobs/view/content-aeo-specialist-at-aeo-direct-4448559070,https://nl.linkedin.com/company/aeo-direct,4448559070
Albert Heijn,E-commerce Manager Vers,Zaandam,2026-09-11,e-commerce medewerker,nee,https://nl.linkedin.com/jobs/view/e-commerce-manager-vers-at-albert-heijn-4466300506,https://nl.linkedin.com/company/albert-heijn,4466300506
Albert Heijn,Social Media Specialist eCommerce,Zaandam,2026-09-21,e-commerce medewerker,nee,https://nl.linkedin.com/jobs/view/social-media-specialist-ecommerce-at-albert-heijn-4469904088,https://nl.linkedin.com/company/albert-heijn,4469904088
Alex Staff,Marketing Content Specialist,Rotterdam,2026-09-10,content specialist webshop,nee,https://nl.linkedin.com/jobs/view/marketing-content-specialist-at-alex-staff-4465626393,https://www.linkedin.com/company/alex-staff,4465626393
All About Work,Communicatiemedewerker,Stadskanaal,2026-09-11,content specialist webshop,nee,https://nl.linkedin.com/jobs/view/communicatiemedewerker-at-all-about-work-4466099513,https://nl.linkedin.com/company/allaboutwork,4466099513
Amacx Sports Nutrition,AI-Driven Email &amp; Marketplace Specialist,Noordwijk-Binnen,2026-08-21,e-commerce medewerker,nee,https://nl.linkedin.com/jobs/view/ai-driven-email-marketplace-specialist-at-amacx-sports-nutrition-4457346846,https://nl.linkedin.com/company/amacx-sports-nutrition,4457346846
Amazon,"Selling Partner Support Associate — Korean Speaker, Selling Partner Support",Middelburg,2026-09-18,e-commerce medewerker,nee,https://nl.linkedin.com/jobs/view/selling-partner-support-associate-%E2%80%94-korean-speaker-selling-partner-support-at-amazon-4469141601,https://www.linkedin.com/company/amazon,4469141601
Ambachtelijke slager Van der Zee,LEIDINGGEVENDE ORDERPICKER (38 UUR) – VENLO,Venlo,2026-09-02,orderverwerking,nee,https://nl.linkedin.com/jobs/view/leidinggevende-orderpicker-38-uur-%E2%80%93-venlo-at-ambachtelijke-slager-van-der-zee-4462493109,https://nl.linkedin.com/company/van-der-zee-vleesgrootverbruik-b-v-,4462493109
Ambachtelijke slager Van der Zee,ORDERPICKER SLAGERIJ AVOND (20-24 UUR) – VENLO,Venlo,2026-09-02,orderverwerking,nee,https://nl.linkedin.com/jobs/view/orderpicker-slagerij-avond-20-24-uur-%E2%80%93-venlo-at-ambachtelijke-slager-van-der-zee-4462491133,https://nl.linkedin.com/company/van-der-zee-vleesgrootverbruik-b-v-,4462491133
America Today,E-Commerce stagiaire,Diemen,2026-05-16,webshop beheerder,ja,https://nl.linkedin.com/jobs/view/e-commerce-stagiaire-at-america-today-4427022033,https://nl.linkedin.com/company/america-today,4427022033
American Eagle Outfitters Inc.,Customer Service Specialist,Amsterdam,2026-08-25,e-commerce medewerker,nee,https://nl.linkedin.com/jobs/view/customer-service-specialist-at-american-eagle-outfitters-inc-4456588466,https://www.linkedin.com/company/american-eagle-outfitters,4456588466
Amoria Bond,Customer Order Specialist,"Noord-Holland, Nederland",2026-09-22,orderverwerking,nee,https://nl.linkedin.com/jobs/view/customer-order-specialist-at-amoria-bond-4470439619,https://uk.linkedin.com/company/amoria-bond,4470439619
Amsterdam Warehouse Company,Customer Operations Specialist – Logistiek &amp; Warehousing,Amsterdam,2026-09-11,orderverwerking,nee,https://nl.linkedin.com/jobs/view/customer-operations-specialist-%E2%80%93-logistiek-warehousing-at-amsterdam-warehouse-company-4465688510,https://nl.linkedin.com/company/amsterdam-warehouse-company,4465688510
Anna van Toor,Teamleider,Vianen,2026-04-15,webshop beheerder,nee,https://nl.linkedin.com/jobs/view/teamleider-at-anna-van-toor-4402284348,https://nl.linkedin.com/company/anna-van-toor,4402284348
Aon,Junior Website Specialist,Rotterdam,2026-09-19,content specialist webshop,nee,https://nl.linkedin.com/jobs/view/junior-website-specialist-at-aon-4458595737,https://uk.linkedin.com/company/aon,4458595737
APL Logistics,Allround Logistiek Medewerker – Amsterdam,Amsterdam,2026-06-12,logistiek medewerker webshop,nee,https://nl.linkedin.com/jobs/view/allround-logistiek-medewerker-%E2%80%93-amsterdam-at-apl-logistics-4428144141,https://www.linkedin.com/company/apl-logistics,4428144141
Areti Group | B Corp™,"🌳 Delivery Director – Shopify Plus &amp; eCommerce 🌳 Netherlands | Remote-first | €80,000–€90,000 + Bonus + Car Allowance Enterprise Shopify | eCommerce | Digital Experience",Nederland,2026-09-04,webshop beheerder,nee,https://nl.linkedin.com/jobs/view/%F0%9F%8C%B3-delivery-director-%E2%80%93-shopify-plus-ecommerce-%F0%9F%8C%B3-netherlands-remote-first-%E2%82%AC80-000%E2%80%93%E2%82%AC90-000-%2B-bonus-%2B-car-allowance-enterprise-shopify-ecommerce-digital-experience-at-areti-group-b-corp%E2%84%A2-4463396229,https://uk.linkedin.com/company/aretigroup,4463396229
ARP Nederland B.V.,Sales Operations Medewerker,Maastricht,2026-09-03,e-commerce medewerker,nee,https://nl.linkedin.com/jobs/view/sales-operations-medewerker-at-arp-nederland-b-v-4433801725,https://nl.linkedin.com/company/arp-nederland,4433801725
ARP Nederland B.V.,Sales Support Medewerker,Maastricht,2026-09-22,e-commerce medewerker,nee,https://nl.linkedin.com/jobs/view/sales-support-medewerker-at-arp-nederland-b-v-4468589525,https://nl.linkedin.com/company/arp-nederland,4468589525
AS Watson Benelux,Click &amp; Collect Performance Lead,Renswoude,2026-09-15,webshop beheerder,nee,https://nl.linkedin.com/jobs/view/click-collect-performance-lead-at-as-watson-benelux-4466538783,https://nl.linkedin.com/company/aswatson-benelux,4466538783
AS Watson Benelux,Data Beheerder,Renswoude,2026-09-15,webshop beheerder,nee,https://nl.linkedin.com/jobs/view/data-beheerder-at-as-watson-benelux-4466558455,https://nl.linkedin.com/company/aswatson-benelux,4466558455
AS Watson Benelux,Logistiek Medewerker,Ede,2026-09-16,logistiek medewerker webshop,nee,https://nl.linkedin.com/jobs/view/logistiek-medewerker-at-as-watson-benelux-4466860594,https://nl.linkedin.com/company/aswatson-benelux,4466860594
AS Watson Benelux,Logistiek Medewerker,Heteren,2026-09-16,logistiek medewerker webshop,nee,https://nl.linkedin.com/jobs/view/logistiek-medewerker-at-as-watson-benelux-4466862254,https://nl.linkedin.com/company/aswatson-benelux,4466862254
Asgro,Logistiek medewerker,Vianen,2026-09-22,logistiek medewerker webshop,nee,https://nl.linkedin.com/jobs/view/logistiek-medewerker-at-asgro-4470419985,https://nl.linkedin.com/company/asgrocom,4470419985
Athora Netherlands,Copywriter,Amsterdam,2026-09-22,content specialist webshop,nee,https://nl.linkedin.com/jobs/view/copywriter-at-athora-netherlands-4442093198,https://nl.linkedin.com/company/athora-netherlands,4442093198
Atolls,Junior Editor (m/f/x) - Dutch Speaking,Amsterdam,2026-09-11,content specialist webshop,nee,https://nl.linkedin.com/jobs/view/junior-editor-m-f-x-dutch-speaking-at-atolls-4456723608,https://de.linkedin.com/company/atolls,4456723608
Atvise | Next Level E-commerce 🔥🚀,Magento developer,Noordwijk-Binnen,2026-04-10,webshop beheerder,nee,https://nl.linkedin.com/jobs/view/magento-developer-at-atvise-next-level-e-commerce-%F0%9F%94%A5%F0%9F%9A%80-4398189730,https://nl.linkedin.com/company/atvise,4398189730
Avenir Collective,Account Manager (Bol.com),"Utrecht, Nederland",2026-09-15,e-commerce medewerker,nee,https://nl.linkedin.com/jobs/view/account-manager-bol-com-at-avenir-collective-4465599184,https://uk.linkedin.com/company/avenir-collective,4465599184
Ayvens,Medewerker Digital Sales I,Rotterdam,2026-09-09,e-commerce medewerker,nee,https://nl.linkedin.com/jobs/view/medewerker-digital-sales-i-at-ayvens-4462243249,https://www.linkedin.com/company/ayvens,4462243249
Azerty,Logistiek medewerker allround,Raalte,2026-07-24,logistiek medewerker webshop,nee,https://nl.linkedin.com/jobs/view/logistiek-medewerker-allround-at-azerty-4444960361,https://nl.linkedin.com/company/azerty_2,4444960361
B&amp;S Media Internetmarketing,» Vacature Contentspecialist in Kampen,Kampen,2025-02-18,content specialist webshop,nee,https://nl.linkedin.com/jobs/view/%C2%BB-vacature-contentspecialist-in-kampen-at-b-s-media-internetmarketing-4157800318,https://nl.linkedin.com/company/b&amp;s-media-internetmarketing,4157800318
Baktotaal,Online marketeer Duits,Goor,2026-09-11,online marketeer webshop,nee,https://nl.linkedin.com/jobs/view/online-marketeer-duits-at-baktotaal-4466072603,https://nl.linkedin.com/company/baktotaal-bouwhuis-b.v.,4466072603
BAS,Category Manager Vans,Veghel,2026-08-26,webshop beheerder,nee,https://nl.linkedin.com/jobs/view/category-manager-vans-at-bas-4459184357,https://nl.linkedin.com/company/bas-holding,4459184357
BAS,Meewerkstage E-Commerce,Veghel,2026-09-22,webshop beheerder,nee,https://nl.linkedin.com/jobs/view/meewerkstage-e-commerce-at-bas-4470410953,https://nl.linkedin.com/company/bas-holding,4470410953
Bax Music,Technical Content Lead met productexpertise,Goes,2026-02-14,webshop beheerder,nee,https://nl.linkedin.com/jobs/view/technical-content-lead-met-productexpertise-at-bax-music-4372964475,https://nl.linkedin.com/company/baxmusic,4372964475
Bax Music,Warehouse Outbound Operator (16.00 – 01.00),Goes,2026-04-09,logistiek medewerker webshop,nee,https://nl.linkedin.com/jobs/view/warehouse-outbound-operator-16-00-%E2%80%93-01-00-at-bax-music-4398827621,https://nl.linkedin.com/company/baxmusic,4398827621
Bax Music,Warehouse Outbound Operator (16.00 – 01.00),Goes,2026-06-11,logistiek medewerker webshop,nee,https://nl.linkedin.com/jobs/view/warehouse-outbound-operator-16-00-%E2%80%93-01-00-at-bax-music-4423600484,https://nl.linkedin.com/company/baxmusic,4423600484
Bax Music,Marketplace-marketeer,Goes,2026-08-28,e-commerce medewerker,nee,https://nl.linkedin.com/jobs/view/marketplace-marketeer-at-bax-music-4458091991,https://nl.linkedin.com/company/baxmusic,4458091991
Bax Music,SEA / Performance Marketeer,Goes,2026-08-28,online marketeer webshop,nee,https://nl.linkedin.com/jobs/view/sea-performance-marketeer-at-bax-music-4458093958,https://nl.linkedin.com/company/baxmusic,4458093958
Beetronics BV,Country Manager Netherlands &amp; Belgium (E-Commerce &amp; Electronics),Amsterdam,2026-09-09,webshop beheerder,nee,https://nl.linkedin.com/jobs/view/country-manager-netherlands-belgium-e-commerce-electronics-at-beetronics-4465035070,https://nl.linkedin.com/company/beetronics,4465035070
Beko Europe,Team Lead Order Desk,Breda,2026-09-14,orderverwerking,nee,https://nl.linkedin.com/jobs/view/team-lead-order-desk-at-beko-europe-4467059037,https://www.linkedin.com/company/beko-europe,4467059037
Belsimpel,Commercieel Data Analist voor Gomibo.de,Groningen,2026-09-02,e-commerce medewerker,nee,https://nl.linkedin.com/jobs/view/commercieel-data-analist-voor-gomibo-de-at-gomibo-l-belsimpel-4442750204,https://nl.linkedin.com/company/gomibo-belsimpel,4442750204
Bever,E-commerce Specialist Germany,Pijnacker,2026-09-15,e-commerce medewerker,nee,https://nl.linkedin.com/jobs/view/e-commerce-specialist-germany-at-bever-4466505111,https://nl.linkedin.com/company/bever,4466505111
Bezos.AI,Graduate Business Operations Associate,Amsterdam,2026-07-05,e-commerce medewerker,nee,https://nl.linkedin.com/jobs/view/graduate-business-operations-associate-at-gonini-formerly-bezos-ai-4437127111,https://uk.linkedin.com/company/bezosai,4437127111
Bezos.AI,Business Operations Manager,Amsterdam,2026-07-05,webshop beheerder,nee,https://nl.linkedin.com/jobs/view/business-operations-manager-at-gonini-formerly-bezos-ai-4437109696,https://uk.linkedin.com/company/bezosai,4437109696
BFG Trading B.V.,ALLROUND LOGISTIEK MEDEWERKER,Dordrecht,2026-05-15,logistiek medewerker webshop,nee,https://nl.linkedin.com/jobs/view/allround-logistiek-medewerker-at-bfg-trading-4411566889,https://nl.linkedin.com/company/bfg-trading-b-v,4411566889
BI Amazed,Senior Marketplace Manager,Zwolle,2026-09-11,webshop beheerder,nee,https://nl.linkedin.com/jobs/view/senior-marketplace-manager-at-bi-amazed-4466087627,https://nl.linkedin.com/company/bi-amazed,4466087627
Big Bazar,Vulploegmedewerker in Waddinxveen,Waddinxveen,2023-05-03,webshop medewerker,nee,https://nl.linkedin.com/jobs/view/vulploegmedewerker-in-waddinxveen-at-big-bazar-3621010935,https://nl.linkedin.com/company/bigbazarwinkels,3621010935
Big Bazar,Vulploegmedewerker in Zierikzee,Zierikzee,2023-06-03,webshop medewerker,nee,https://nl.linkedin.com/jobs/view/vulploegmedewerker-in-zierikzee-at-big-bazar-3649984580,https://nl.linkedin.com/company/bigbazarwinkels,3649984580
Big Bazar,Vulploegmedewerker in Steenwijk,Steenwijk,2023-06-03,webshop medewerker,nee,https://nl.linkedin.com/jobs/view/vulploegmedewerker-in-steenwijk-at-big-bazar-3649988205,https://nl.linkedin.com/company/bigbazarwinkels,3649988205
Big Bazar,Verkoopmedewerker in Woerden,Woerden,2023-06-03,webshop medewerker,nee,https://nl.linkedin.com/jobs/view/verkoopmedewerker-in-woerden-at-big-bazar-3649986484,https://nl.linkedin.com/company/bigbazarwinkels,3649986484
Big Thinkers Online Marketing,Senior Online Marketing Consultant,Barendrecht,2026-08-05,online marketeer webshop,nee,https://nl.linkedin.com/jobs/view/senior-online-marketing-consultant-at-big-thinkers-online-marketing-4447308616,https://nl.linkedin.com/company/big-thinkers-online-marketing,4447308616
Blauwe Monsters (part of Conclusion),Copywriter,Haarlem,2025-07-31,content specialist webshop,nee,https://nl.linkedin.com/jobs/view/copywriter-at-blauwe-monsters-part-of-conclusion-4278615727,https://nl.linkedin.com/company/blauwe-monsters,4278615727
Blauwe Monsters (part of Conclusion),Online Marketeer,Haarlem,2026-06-23,online marketeer webshop,nee,https://nl.linkedin.com/jobs/view/online-marketeer-at-blauwe-monsters-part-of-conclusion-4432425079,https://nl.linkedin.com/company/blauwe-monsters,4432425079
Bloom &amp; Wolf,🌸 VACATURE: House-of-Rituals medewerker bij Bloom &amp; Wolf,Randstad,2026-07-06,webshop medewerker,nee,https://nl.linkedin.com/jobs/view/%F0%9F%8C%B8-vacature-house-of-rituals-medewerker-bij-bloom-wolf-at-bloom-wolf-4437410088,https://nl.linkedin.com/company/bloom-wolf,4437410088
blooming people,Junior Functioneel Beheerder,"Zuid-Holland, Nederland",2026-09-10,webshop beheerder,nee,https://nl.linkedin.com/jobs/view/junior-functioneel-beheerder-at-blooming-people-4463475428,https://nl.linkedin.com/company/blooming-peoplenl,4463475428
Bluebird Day. | B Corp,AI Commerce Front-end Engineer,Breda,2026-05-19,webshop medewerker,nee,https://nl.linkedin.com/jobs/view/ai-commerce-front-end-engineer-at-bluebird-day-4416675385,https://nl.linkedin.com/company/bluebirdday,4416675385
Bluebird Day. | B Corp,Product Owner,Breda,2026-09-08,webshop beheerder,nee,https://nl.linkedin.com/jobs/view/product-owner-at-bluebird-day-4462147233,https://nl.linkedin.com/company/bluebirdday,4462147233
Bode Scholten (opslag) B.V.,Logistiek Medewerker / Magazijnmedewerker (3-Ploegendienst),Zoetermeer,2026-06-13,logistiek medewerker webshop,nee,https://nl.linkedin.com/jobs/view/logistiek-medewerker-magazijnmedewerker-3-ploegendienst-at-bode-scholten-bv-4428341742,https://nl.linkedin.com/company/bode-scholten-b-v-,4428341742
Boermarke,Magazijnmedewerker / Orderpicker,Enschede,2026-04-24,orderverwerking,nee,https://nl.linkedin.com/jobs/view/magazijnmedewerker-orderpicker-at-boermarke-b-v-4403760996,https://nl.linkedin.com/company/boermarke,4403760996
bol,Digital Advertising Consultant,Utrecht,2026-09-04,online marketeer webshop,nee,https://nl.linkedin.com/jobs/view/digital-advertising-consultant-at-bol-4463343899,https://nl.linkedin.com/company/bol-com,4463343899
BONO,Media Buyer (META) | Paid Social Specialist,Amsterdam Area,2026-08-31,online marketeer webshop,nee,https://nl.linkedin.com/jobs/view/media-buyer-meta-paid-social-specialist-at-bono-4461051671,https://nl.linkedin.com/company/bonobv,4461051671
Booking Boosters,SEO &amp; Content Marketeer DACH,Enschede,2026-08-04,content specialist webshop,nee,https://nl.linkedin.com/jobs/view/seo-content-marketeer-dach-at-booking-boosters-4449094506,https://nl.linkedin.com/company/bookingboosters,4449094506
Booking Experts,Medior Social Media &amp; Content Marketeer,Enschede,2026-06-04,content specialist webshop,nee,https://nl.linkedin.com/jobs/view/medior-social-media-content-marketeer-at-booking-experts-b-v-4424275717,https://nl.linkedin.com/company/bookingexperts,4424275717
Booking Experts,SEO &amp; Content Marketeer DACH,Enschede,2026-07-16,content specialist webshop,nee,https://nl.linkedin.com/jobs/view/seo-content-marketeer-dach-at-booking-experts-b-v-4440793445,https://nl.linkedin.com/company/bookingexperts,4440793445
Booking Experts,SEO &amp; Content Marketer DACH,Enschede,2026-07-16,content specialist webshop,nee,https://nl.linkedin.com/jobs/view/seo-content-marketer-dach-at-booking-experts-b-v-4440795375,https://nl.linkedin.com/company/bookingexperts,4440795375
Booking Experts,Content &amp; Social Ads Marketeer DACH,Enschede,2026-07-16,content specialist webshop,nee,https://nl.linkedin.com/jobs/view/content-social-ads-marketeer-dach-at-booking-experts-b-v-4440783744,https://nl.linkedin.com/company/bookingexperts,4440783744
Booston.io,Logistiek medewerker,"Noord-Holland, Nederland",2026-09-21,logistiek medewerker webshop,nee,https://nl.linkedin.com/jobs/view/logistiek-medewerker-at-booston-io-4468740241,https://nl.linkedin.com/company/booston,4468740241
BOSKA Food Tools,Medewerker klantenservice,Bodegraven,2026-09-14,e-commerce medewerker,nee,https://nl.linkedin.com/jobs/view/medewerker-klantenservice-at-boska-food-tools-4467034939,https://nl.linkedin.com/company/boska-holland,4467034939
Bouwmaat,Medewerker Logistiek,Hilversum,2026-07-07,logistiek medewerker webshop,nee,https://nl.linkedin.com/jobs/view/medewerker-logistiek-at-bouwmaat-4436581659,https://nl.linkedin.com/company/bouwmaat,4436581659
Brandfirm,Medior Contentspecialist,Amsterdam,2026-09-21,content specialist webshop,nee,https://nl.linkedin.com/jobs/view/medior-contentspecialist-at-brandfirm-4468165889,https://nl.linkedin.com/company/brandfirm-nl,4468165889
BrandPit,"*vervuld* vacature website &amp; performance marketeer. theater, amsterdam.",Loenen,2026-04-16,webshop beheerder,nee,https://nl.linkedin.com/jobs/view/vervuld-vacature-website-performance-marketeer-theater-amsterdam-at-brandpit-4402677114,https://nl.linkedin.com/company/brandpit,4402677114
brandwebbing,Performance Marketeer (32-40 uur),"Utrecht, Nederland",2026-09-09,online marketeer webshop,nee,https://nl.linkedin.com/jobs/view/performance-marketeer-32-40-uur-at-brandwebbing-4464980866,https://nl.linkedin.com/company/brandwebbing,4464980866
Brandweer,Contentspecialist,Eindhoven,2026-09-20,content specialist webshop,nee,https://nl.linkedin.com/jobs/view/contentspecialist-at-brandweer-4470251378,https://nl.linkedin.com/company/brandweer,4470251378
Breville | Sage,Beanz EU Co-ordinator,Amsterdam,2026-08-26,e-commerce medewerker,nee,https://nl.linkedin.com/jobs/view/beanz-eu-co-ordinator-at-breville-sage-4459164905,https://au.linkedin.com/company/breville-group,4459164905
Brighteq,Medior frontend developer,Utrecht Area,2026-08-01,webshop medewerker,nee,https://nl.linkedin.com/jobs/view/medior-frontend-developer-at-brighteq-4447616074,https://nl.linkedin.com/company/brighteq,4447616074
Brighteq,Magento Backend Developer,Utrecht Area,2026-08-01,webshop beheerder,nee,https://nl.linkedin.com/jobs/view/magento-backend-developer-at-brighteq-4447604373,https://nl.linkedin.com/company/brighteq,4447604373
Brightways - Marketplace Accelerators,Marketplace Manager Amazon &amp; Bol Focused - Client Facing,Rotterdam,2026-09-15,e-commerce medewerker,nee,https://nl.linkedin.com/jobs/view/marketplace-manager-amazon-bol-focused-client-facing-at-brightways-marketplace-accelerators-4464543208,https://nl.linkedin.com/company/brightways-agency,4464543208
Brocacef,IT Business Product Support,"Utrecht, Nederland",2026-08-31,webshop beheerder,nee,https://nl.linkedin.com/jobs/view/it-business-product-support-at-brocacef-4449997983,https://nl.linkedin.com/company/brocacef,4449997983
Broekhuis,Online Marketeer,Putten,2026-07-15,online marketeer webshop,nee,https://nl.linkedin.com/jobs/view/online-marketeer-at-broekhuis-groep-4439267068,https://nl.linkedin.com/company/broekhuisnl,4439267068
Brooks Running,eCommerce EMEA Intern (Starting January 2027),Amsterdam,2026-09-15,webshop beheerder,nee,https://nl.linkedin.com/jobs/view/ecommerce-emea-intern-starting-january-2027-at-brooks-running-4458755662,https://www.linkedin.com/company/brooks-running-company,4458755662
Bugaboo Group,Growth Content &amp; Product Data Specialist,Amsterdam,2026-09-18,e-commerce medewerker,nee,https://nl.linkedin.com/jobs/view/growth-content-product-data-specialist-at-bugaboo-group-4466683442,https://www.linkedin.com/company/bugaboo-group,4466683442
Build in Amsterdam | Powered by Front Row,Digital Project Manager,Amsterdam,2026-09-01,webshop beheerder,nee,https://nl.linkedin.com/jobs/view/digital-project-manager-at-build-in-amsterdam-powered-by-front-row-4459274000,https://nl.linkedin.com/company/build-in-amsterdam,4459274000
Burger Support BV,Information Centre &amp; E-commerce Coördinator,Lelystad,2026-09-02,webshop beheerder,nee,https://nl.linkedin.com/jobs/view/information-centre-e-commerce-co%C3%B6rdinator-at-burger-support-bv-4462191006,https://nl.linkedin.com/company/burgersupport,4462191006
Burger Support BV,Teamleider Fulfilment,Lelystad,2026-09-10,orderverwerking,nee,https://nl.linkedin.com/jobs/view/teamleider-fulfilment-at-burger-support-bv-4465687683,https://nl.linkedin.com/company/burgersupport,4465687683
Burger Support BV,Technisch Sales Support Medewerker,Almere,2026-09-15,orderverwerking,nee,https://nl.linkedin.com/jobs/view/technisch-sales-support-medewerker-at-burger-support-bv-4467736566,https://nl.linkedin.com/company/burgersupport,4467736566
Burger Support BV,Sales &amp; Purchase Medewerker,"Flevoland, Nederland",2026-09-17,orderverwerking,nee,https://nl.linkedin.com/jobs/view/sales-purchase-medewerker-at-burger-support-bv-4468602932,https://nl.linkedin.com/company/burgersupport,4468602932
C Teleport,Marketing Content Specialist,Rotterdam,2026-09-03,content specialist webshop,nee,https://nl.linkedin.com/jobs/view/marketing-content-specialist-at-c-teleport-4461373339,https://nl.linkedin.com/company/c-teleport,4461373339
Cabau Lifestyle,CRO Specialist,Arnhem,2026-08-21,e-commerce medewerker,ja,https://nl.linkedin.com/jobs/view/cro-specialist-at-cabau-lifestyle-4457305819,https://nl.linkedin.com/company/cabau-lifestyle,4457305819
Cabau Lifestyle,Social Advertising Specialist,Arnhem,2026-08-25,online marketeer webshop,ja,https://nl.linkedin.com/jobs/view/social-advertising-specialist-at-cabau-lifestyle-4458739034,https://nl.linkedin.com/company/cabau-lifestyle,4458739034
Camfil Nederland,E-Commerce &amp; Digital Operations Specialist,Ede,2026-09-22,e-commerce medewerker,nee,https://nl.linkedin.com/jobs/view/e-commerce-digital-operations-specialist-at-camfil-nederland-4468577637,https://nl.linkedin.com/company/camfil-nederland,4468577637
Capisoft,Performance &amp; Growth Marketing Trainee,Amsterdam,2026-08-26,online marketeer webshop,nee,https://nl.linkedin.com/jobs/view/performance-growth-marketing-trainee-at-capisoft-4459310025,https://nl.linkedin.com/company/capisoftnl,4459310025
Carhartt EMEA/PAC,Customer Operations Associate,Amsterdam,2026-09-07,e-commerce medewerker,nee,https://nl.linkedin.com/jobs/view/customer-operations-associate-at-carhartt-emea-pac-4461885185,https://nl.linkedin.com/company/carhartt-emea-apac,4461885185
Carhartt EMEA/PAC,Ecommerce Manager,Amsterdam,2026-09-10,webshop beheerder,nee,https://nl.linkedin.com/jobs/view/ecommerce-manager-at-carhartt-emea-pac-4463477019,https://nl.linkedin.com/company/carhartt-emea-apac,4463477019
CAVALLARO NAPOLI,Online Merchandiser,Haarlem,2026-09-08,e-commerce medewerker,nee,https://nl.linkedin.com/jobs/view/online-merchandiser-at-cavallaro-napoli-4452705820,https://nl.linkedin.com/company/cavallaro-fashion,4452705820
CDA,Digital marketeer,Den Haag,2026-09-18,content specialist webshop,nee,https://nl.linkedin.com/jobs/view/digital-marketeer-at-cda-4251674255,https://nl.linkedin.com/company/cda,4251674255
CEVA Logistics,Customer Service Employee,Waalwijk,2026-09-15,e-commerce medewerker,nee,https://nl.linkedin.com/jobs/view/customer-service-employee-at-ceva-logistics-4465521742,https://fr.linkedin.com/company/ceva-logistics,4465521742
CEVA Logistics,Sales Support Executive,Nijmegen,2026-09-22,e-commerce medewerker,nee,https://nl.linkedin.com/jobs/view/sales-support-executive-at-ceva-logistics-4468572747,https://fr.linkedin.com/company/ceva-logistics,4468572747
Change,Klantenservice medewerker E-commerce (Duitstalig) - Change (20 Juli),Rotterdam,2026-08-13,e-commerce medewerker,nee,https://nl.linkedin.com/jobs/view/klantenservice-medewerker-e-commerce-duitstalig-change-20-juli-at-change-4462953158,https://nl.linkedin.com/company/change-cx,4462953158
Change,Klantenservice medewerker E-commerce Frans/Vlaams - Change,Rotterdam,2026-09-10,e-commerce medewerker,nee,https://nl.linkedin.com/jobs/view/klantenservice-medewerker-e-commerce-frans-vlaams-change-at-change-4462959103,https://nl.linkedin.com/company/change-cx,4462959103
Channable,Technical Customer Support - Nederlands sprekend,Utrecht,2026-09-14,e-commerce medewerker,nee,https://nl.linkedin.com/jobs/view/technical-customer-support-nederlands-sprekend-at-channable-4465793230,https://nl.linkedin.com/company/channable,4465793230
ChannelEngine,Implementation Specialist,Leiden,2026-08-24,e-commerce medewerker,nee,https://nl.linkedin.com/jobs/view/implementation-specialist-at-channelengine-4455857973,https://nl.linkedin.com/company/channelengine,4455857973
ChannelMojo,Marketplaces Specialist,Amsterdam,2026-07-27,e-commerce medewerker,nee,https://nl.linkedin.com/jobs/view/marketplaces-specialist-at-channelmojo-4442829773,https://nl.linkedin.com/company/channelmojo,4442829773
ChannelMojo,Marketplaces Content Specialist,Amsterdam,2026-07-27,e-commerce medewerker,nee,https://nl.linkedin.com/jobs/view/marketplaces-content-specialist-at-channelmojo-4442849613,https://nl.linkedin.com/company/channelmojo,4442849613
ChannelMojo,Marketplace Ads Specialist,Amsterdam,2026-07-27,e-commerce medewerker,nee,https://nl.linkedin.com/jobs/view/marketplace-ads-specialist-at-channelmojo-4442849612,https://nl.linkedin.com/company/channelmojo,4442849612
Chefs in het Bos,Grafisch ontwerper / Creative designer,Amsterdam,2026-09-07,content specialist webshop,nee,https://nl.linkedin.com/jobs/view/grafisch-ontwerper-creative-designer-at-chefs-in-het-bos-4464349543,https://www.linkedin.com/company/chefsinhetbos,4464349543
Cleopatra Enterprise,Content Specialist,Zwijndrecht,2026-08-25,content specialist webshop,nee,https://nl.linkedin.com/jobs/view/content-specialist-at-cleopatra-enterprise-4444103101,https://nl.linkedin.com/company/cleopatraenterprise,4444103101
Commaxx Group,ONLINE MARKETEER (WEBSHOP SPECIALIST) - COMMAXX KERKRADE,Kerkrade,2026-08-05,e-commerce medewerker,nee,https://nl.linkedin.com/jobs/view/online-marketeer-webshop-specialist-commaxx-kerkrade-at-commaxx-group-4449483048,https://nl.linkedin.com/company/commaxxgroup,4449483048
Commaxx Group,ONLINE MARKETEER (AMAZON SPECIALIST) - COMMAXX KERKRADE,Kerkrade,2026-08-05,e-commerce medewerker,nee,https://nl.linkedin.com/jobs/view/online-marketeer-amazon-specialist-commaxx-kerkrade-at-commaxx-group-4449463945,https://nl.linkedin.com/company/commaxxgroup,4449463945
Commaxx Group,ONLINE MARKETEER (32-40 UUR),Kerkrade,2026-08-05,e-commerce medewerker,nee,https://nl.linkedin.com/jobs/view/online-marketeer-32-40-uur-at-commaxx-group-4449472618,https://nl.linkedin.com/company/commaxxgroup,4449472618
Commaxx Group,LOGISTIEKE MEDEWERKERS / ORDER PICKERS TWEEPLOEGENDIENST (FULLTIME),Kerkrade,2026-08-05,logistiek medewerker webshop,nee,https://nl.linkedin.com/jobs/view/logistieke-medewerkers-order-pickers-tweeploegendienst-fulltime-at-commaxx-group-4449472617,https://nl.linkedin.com/company/commaxxgroup,4449472617
Coolblue,Product Journey Manager,Rotterdam,2026-06-04,e-commerce medewerker,nee,https://nl.linkedin.com/jobs/view/product-journey-manager-at-coolblue-4423506689,https://nl.linkedin.com/company/coolblue,4423506689
Coolblue,Magazijnmedewerker,Tilburg,2026-06-04,logistiek medewerker webshop,nee,https://nl.linkedin.com/jobs/view/magazijnmedewerker-at-coolblue-4423507681,https://nl.linkedin.com/company/coolblue,4423507681
Coolblue,Product Redacteur,Rotterdam,2026-08-12,content specialist webshop,nee,https://nl.linkedin.com/jobs/view/product-redacteur-at-coolblue-4452343357,https://nl.linkedin.com/company/coolblue,4452343357
Coolblue,Owner Marketplaces,Rotterdam,2026-09-11,e-commerce medewerker,nee,https://nl.linkedin.com/jobs/view/owner-marketplaces-at-coolblue-4466017537,https://nl.linkedin.com/company/coolblue,4466017537
Copaco,Online Marketeer,Eindhoven,2026-07-09,content specialist webshop,nee,https://nl.linkedin.com/jobs/view/online-marketeer-at-copaco-4448157368,https://nl.linkedin.com/company/copaco,4448157368
Copaco,E-commerce specialist,Eindhoven,2026-09-08,e-commerce medewerker,nee,https://nl.linkedin.com/jobs/view/e-commerce-specialist-at-copaco-4462296506,https://nl.linkedin.com/company/copaco,4462296506
CorporateTrailer | The Power of Storytelling,Creative Marketeer,Vught,2026-09-14,content specialist webshop,nee,https://nl.linkedin.com/jobs/view/creative-marketeer-at-corporatetrailer-the-power-of-storytelling-4467226243,https://nl.linkedin.com/company/corporatetrailer,4467226243
Cosmetique Totale BV,Paid Marketeer (Meta &amp; Google Ads),Alphen aan den Rijn,2026-09-21,online marketeer webshop,nee,https://nl.linkedin.com/jobs/view/paid-marketeer-meta-google-ads-at-cosmetique-totale-bv-4469843865,https://nl.linkedin.com/company/cosmetique-totale-bv,4469843865
CowNect Media B.V.,CONTENT CREATOR,Alkmaar,2026-08-05,content specialist webshop,nee,https://nl.linkedin.com/jobs/view/content-creator-at-cownect-media-b-v-4448996366,https://www.linkedin.com/company/cownect-media-b-v,4448996366
crossphase,AI-contentspecialist,Randstad,2026-09-14,content specialist webshop,nee,https://nl.linkedin.com/jobs/view/ai-contentspecialist-at-crossphase-4455572943,https://nl.linkedin.com/company/crossphase,4455572943
CroudX,Digital Strategy Consultant,Amsterdam Area,2026-08-04,online marketeer webshop,nee,https://nl.linkedin.com/jobs/view/digital-strategy-consultant-at-croudx-4448587669,https://nl.linkedin.com/company/croudx,4448587669
CroudX,Senior Digital Strategy Consultant,Amsterdam Area,2026-08-04,online marketeer webshop,nee,https://nl.linkedin.com/jobs/view/senior-digital-strategy-consultant-at-croudx-4448593565,https://nl.linkedin.com/company/croudx,4448593565
CroudX,SEO Specialist,Amsterdam Area,2026-08-04,content specialist webshop,nee,https://nl.linkedin.com/jobs/view/seo-specialist-at-croudx-4448585676,https://nl.linkedin.com/company/croudx,4448585676
CroudX,Head of Growth,Amsterdam Area,2026-08-05,online marketeer webshop,nee,https://nl.linkedin.com/jobs/view/head-of-growth-at-croudx-4448985895,https://nl.linkedin.com/company/croudx,4448985895
DAB Pumps,Product Owner E-Commerce,'s-Hertogenbosch,2026-09-14,webshop beheerder,nee,https://nl.linkedin.com/jobs/view/product-owner-e-commerce-at-dab-pumps-4467274563,https://it.linkedin.com/company/dab-pumps,4467274563
Dartshopper,Producteigenaar,Veldhoven,2026-09-22,webshop beheerder,nee,https://nl.linkedin.com/jobs/view/producteigenaar-at-dartshopper-4470295262,https://nl.linkedin.com/company/dartshopper,4470295262
Dartshopper,Online marketeer,Veldhoven,2026-09-22,online marketeer webshop,nee,https://nl.linkedin.com/jobs/view/online-marketeer-at-dartshopper-4470275814,https://nl.linkedin.com/company/dartshopper,4470275814
DB Keukens,Online marketing specialist,Nunspeet,2026-05-05,webshop beheerder,nee,https://nl.linkedin.com/jobs/view/online-marketing-specialist-at-db-keukengroep-4408453635,https://nl.linkedin.com/company/db-keukens,4408453635
DB Pelma Keukens,Contentmarketeer in Nunspeet,Nunspeet,2026-02-27,content specialist webshop,nee,https://nl.linkedin.com/jobs/view/contentmarketeer-in-nunspeet-at-db-pelma-keukens-4375945064,https://nl.linkedin.com/company/db-pelma-keukens,4375945064
DB Pelma Keukens,Online marketing specialist,Nunspeet,2026-05-05,online marketeer webshop,nee,https://nl.linkedin.com/jobs/view/online-marketing-specialist-at-db-pelma-keukens-4408458560,https://nl.linkedin.com/company/db-pelma-keukens,4408458560
de Bijenkorf,Data Entry Medewerker E-commerce,Amsterdam,2026-09-05,e-commerce medewerker,nee,https://nl.linkedin.com/jobs/view/data-entry-medewerker-e-commerce-at-de-bijenkorf-4463778700,https://nl.linkedin.com/company/de-bijenkorf,4463778700
de Bijenkorf,Sr. Digital Optimization Specialist,Amsterdam,2026-09-05,online marketeer webshop,nee,https://nl.linkedin.com/jobs/view/sr-digital-optimization-specialist-at-de-bijenkorf-4416276414,https://nl.linkedin.com/company/de-bijenkorf,4416276414
de Bijenkorf,Product Informatie Specialist,Amsterdam,2026-09-11,e-commerce medewerker,nee,https://nl.linkedin.com/jobs/view/product-informatie-specialist-at-de-bijenkorf-4466066465,https://nl.linkedin.com/company/de-bijenkorf,4466066465
De Klok Banden B.V.,Meewerkend Voorman E-commerce,Oud-Beijerland,2026-09-14,e-commerce medewerker,nee,https://nl.linkedin.com/jobs/view/meewerkend-voorman-e-commerce-at-de-klok-banden-b-v-4467059030,https://nl.linkedin.com/company/de-klok-banden-b-v-,4467059030
De Monnik Dranken,Magazijnmedewerker fulltime,Oldenzaal,2026-05-20,logistiek medewerker webshop,nee,https://nl.linkedin.com/jobs/view/magazijnmedewerker-fulltime-at-de-monnik-dranken-4417098209,https://nl.linkedin.com/company/de-monnik-dranken,4417098209
De Tegel BV,Content marketeer,Alkmaar,2026-08-25,online marketeer webshop,nee,https://nl.linkedin.com/jobs/view/content-marketeer-at-de-tegel-bv-4458728560,https://nl.linkedin.com/company/de-tegel-bv,4458728560
De Verfzaak,SEO-specialist,Venlo,2026-07-01,content specialist webshop,nee,https://nl.linkedin.com/jobs/view/seo-specialist-at-de-verfzaak-4435575497,https://nl.linkedin.com/company/de-verfzaak,4435575497
De Verfzaak,Meewerkend voorman￼,Blerick,2026-08-05,orderverwerking,nee,https://nl.linkedin.com/jobs/view/meewerkend-voorman%EF%BF%BC-at-de-verfzaak-4447325212,https://nl.linkedin.com/company/de-verfzaak,4447325212
De Wit B.V.,Administratief commercieel medewerker,Helmond,2026-09-22,webshop medewerker,nee,https://nl.linkedin.com/jobs/view/administratief-commercieel-medewerker-at-de-wit-b-v-4468707838,https://nl.linkedin.com/company/de-wit-b-v-,4468707838
Decent,Ecommerce Manager,Capelle aan den IJssel,2026-09-02,webshop beheerder,nee,https://nl.linkedin.com/jobs/view/ecommerce-manager-at-decent-4460962734,https://nl.linkedin.com/company/decentrecruitment,4460962734
Decent,Marketplace Manager,Dordrecht,2026-09-06,e-commerce medewerker,nee,https://nl.linkedin.com/jobs/view/marketplace-manager-at-decent-4462673285,https://nl.linkedin.com/company/decentrecruitment,4462673285
Decent,Campaign Manager,Rotterdam,2026-09-08,online marketeer webshop,nee,https://nl.linkedin.com/jobs/view/campaign-manager-at-decent-4463289084,https://nl.linkedin.com/company/decentrecruitment,4463289084
DeJong Cheese - Alphenaer,Medewerker Customer Service met een focus op planning en/of inkoop (40 uur),Alphen,2026-07-21,orderverwerking,nee,https://nl.linkedin.com/jobs/view/medewerker-customer-service-met-een-focus-op-planning-en-of-inkoop-40-uur-at-dejong-cheese-alphenaer-4440454450,https://nl.linkedin.com/company/dejong-cheese,4440454450
DeJong Cheese - Alphenaer,E-commerce Medewerker (24 uur),Alphen,2026-07-28,e-commerce medewerker,nee,https://nl.linkedin.com/jobs/view/e-commerce-medewerker-24-uur-at-dejong-cheese-alphenaer-4446156538,https://nl.linkedin.com/company/dejong-cheese,4446156538
DeMarktwijzer,Junior Accountmanager Online Marketing,Roermond,2026-09-09,online marketeer webshop,nee,https://nl.linkedin.com/jobs/view/junior-accountmanager-online-marketing-at-demarktwijzer-4465071039,https://nl.linkedin.com/company/demarktwijzer,4465071039
Den Eelder,VACATURE LOGISTIEK MEDEWERKER KOELCEL/ORDERPICKER,Hedel,2026-08-05,orderverwerking,nee,https://nl.linkedin.com/jobs/view/vacature-logistiek-medewerker-koelcel-orderpicker-at-den-eelder-4449439247,https://nl.linkedin.com/company/den-eelder,4449439247
Dentalair,MEDEWERKER WEBSHOP &amp; SUPPORT,Dordrecht,2026-09-04,e-commerce medewerker,nee,https://nl.linkedin.com/jobs/view/medewerker-webshop-support-at-dentalair-4461970298,https://nl.linkedin.com/company/dentalair,4461970298
DentalZorg Tandheelkunde,Medewerker Online Marketing,Amsterdam,2025-12-01,online marketeer webshop,nee,https://nl.linkedin.com/jobs/view/medewerker-online-marketing-at-dentalzorg-tandheelkunde-4324997576,https://nl.linkedin.com/company/dentalzorgnl,4324997576
Detailrs,E-commerce &amp; UX Lead,Oss,2026-08-31,online marketeer webshop,nee,https://nl.linkedin.com/jobs/view/e-commerce-ux-lead-at-detailrs-4434440735,https://nl.linkedin.com/company/detailrs,4434440735
DFDS,Logistiek Medewerker,Europoort,2026-09-20,logistiek medewerker webshop,nee,https://nl.linkedin.com/jobs/view/logistiek-medewerker-at-dfds-4441622146,https://dk.linkedin.com/company/dfds,4441622146
DHL eCommerce Nederland,PHP Developer E-Commerce,Utrecht,2026-08-06,webshop medewerker,nee,https://nl.linkedin.com/jobs/view/php-developer-e-commerce-at-dhl-ecommerce-nederland-4450281046,https://nl.linkedin.com/company/dhlecommercenederland,4450281046
DHL eCommerce Nederland,Sales Support Medewerker,Utrecht,2026-08-12,e-commerce medewerker,nee,https://nl.linkedin.com/jobs/view/sales-support-medewerker-at-dhl-ecommerce-nederland-4453344942,https://nl.linkedin.com/company/dhlecommercenederland,4453344942
DHL eCommerce Nederland,Operator Logistiek | DHL eCommerce | Arnhem,Arnhem,2026-09-16,logistiek medewerker webshop,nee,https://nl.linkedin.com/jobs/view/operator-logistiek-dhl-ecommerce-arnhem-at-dhl-ecommerce-nederland-4466517412,https://nl.linkedin.com/company/dhlecommercenederland,4466517412
DHL eCommerce Nederland,Operator Logistiek Ochtenddienst | DHL eCommerce | Arnhem,Arnhem,2026-09-16,logistiek medewerker webshop,nee,https://nl.linkedin.com/jobs/view/operator-logistiek-ochtenddienst-dhl-ecommerce-arnhem-at-dhl-ecommerce-nederland-4466528308,https://nl.linkedin.com/company/dhlecommercenederland,4466528308
Dibbes Online,Vacature: Copywriter bij Dibbes,Amsterdam,2026-08-01,content specialist webshop,nee,https://nl.linkedin.com/jobs/view/vacature-copywriter-bij-dibbes-at-dibbes-online-4445811935,https://nl.linkedin.com/company/dibbes-online,4445811935
Difrax baby and kids items,Magazijnmedewerker,Bilthoven,2026-09-22,logistiek medewerker webshop,nee,https://nl.linkedin.com/jobs/view/magazijnmedewerker-at-difrax-baby-and-kids-items-4469006302,https://nl.linkedin.com/company/difrax,4469006302
DigiSwift,WEBSITEBOUWER,Arnhem,2026-08-05,content specialist webshop,nee,https://nl.linkedin.com/jobs/view/websitebouwer-at-digiswift-4448945847,https://nl.linkedin.com/company/digiswift,4448945847
Dirk Rossmann GmbH,Operativer Einkäufer (m/w/d) eCommerce ROSSMANN-Apotheke B.V.,Emmen,2026-09-12,e-commerce medewerker,nee,https://nl.linkedin.com/jobs/view/operativer-eink%C3%A4ufer-m-w-d-ecommerce-rossmann-apotheke-b-v-at-dirk-rossmann-gmbh-4457339910,https://de.linkedin.com/company/dirk-rossmann-gmbh,4457339910
Dirk van den Broek,Logistiek Medewerker (fulltime),Bleiswijk,2026-09-08,logistiek medewerker webshop,nee,https://nl.linkedin.com/jobs/view/logistiek-medewerker-fulltime-at-dirk-van-den-broek-4463502769,https://nl.linkedin.com/company/dirk-van-den-broek,4463502769
Dirk van den Broek,Medewerker Expeditie,Bleiswijk,2026-09-09,logistiek medewerker webshop,nee,https://nl.linkedin.com/jobs/view/medewerker-expeditie-at-dirk-van-den-broek-4463832237,https://nl.linkedin.com/company/dirk-van-den-broek,4463832237
Dirk van den Broek,Medewerker Uitgaande Goederen,Bleiswijk,2026-09-09,logistiek medewerker webshop,nee,https://nl.linkedin.com/jobs/view/medewerker-uitgaande-goederen-at-dirk-van-den-broek-4463823987,https://nl.linkedin.com/company/dirk-van-den-broek,4463823987
Dirk van den Broek,Logistiek Medewerker (fulltime),Bleiswijk,2026-09-09,logistiek medewerker webshop,nee,https://nl.linkedin.com/jobs/view/logistiek-medewerker-fulltime-at-dirk-van-den-broek-4463831389,https://nl.linkedin.com/company/dirk-van-den-broek,4463831389
Dirk van den Broek,Logistiek Medewerker (fulltime),Bleiswijk,2026-09-09,logistiek medewerker webshop,nee,https://nl.linkedin.com/jobs/view/logistiek-medewerker-fulltime-at-dirk-van-den-broek-4463834271,https://nl.linkedin.com/company/dirk-van-den-broek,4463834271
Dirk van den Broek,Logistiek Medewerker (fulltime),Bleiswijk,2026-09-09,logistiek medewerker webshop,nee,https://nl.linkedin.com/jobs/view/logistiek-medewerker-fulltime-at-dirk-van-den-broek-4463839183,https://nl.linkedin.com/company/dirk-van-den-broek,4463839183
Do Good Ventures,Director of DTC Growth,Nederland,2026-09-19,webshop beheerder,nee,https://nl.linkedin.com/jobs/view/director-of-dtc-growth-at-do-good-ventures-4468406497,https://www.linkedin.com/company/do-good-ventures-llc,4468406497
DO IT Organic (B Corp™),Customer Service and Sales Assistant,Barneveld,2026-08-19,e-commerce medewerker,nee,https://nl.linkedin.com/jobs/view/customer-service-and-sales-assistant-at-do-it-organic-b-corp%E2%84%A2-4455460040,https://nl.linkedin.com/company/doitorganic,4455460040
DO IT Organic (B Corp™),Customer Service en Sales Assistant,Barneveld,2026-08-19,e-commerce medewerker,nee,https://nl.linkedin.com/jobs/view/customer-service-en-sales-assistant-at-do-it-organic-b-corp%E2%84%A2-4455466008,https://nl.linkedin.com/company/doitorganic,4455466008
DocMorris,Logistics Employee (M/F/D),Heerlen,2026-09-03,logistiek medewerker webshop,nee,https://nl.linkedin.com/jobs/view/logistics-employee-m-f-d-at-docmorris-4300875347,https://ch.linkedin.com/company/docmorris,4300875347
DogSuppy,Growth Associate,Amsterdam,2026-08-21,e-commerce medewerker,ja,https://nl.linkedin.com/jobs/view/growth-associate-at-dogsuppy-4457343940,https://nl.linkedin.com/company/dogsuppy,4457343940
Dorel Juvenile,Performance Marketeer (SEA &amp; Affiliates),Helmond,2026-09-08,online marketeer webshop,nee,https://nl.linkedin.com/jobs/view/performance-marketeer-sea-affiliates-at-dorel-juvenile-4449835641,https://ca.linkedin.com/company/dorel-juvenile,4449835641
DRIIVN,Online Marketeer (FT),Amsterdam,2025-08-28,online marketeer webshop,nee,https://nl.linkedin.com/jobs/view/online-marketeer-ft-at-driivn-4302306511,https://nl.linkedin.com/company/driivn-b.v.,4302306511
Dripps.ai,Online Marketeer,Utrecht,2026-07-21,online marketeer webshop,nee,https://nl.linkedin.com/jobs/view/online-marketeer-at-dripps-ai-4442676859,https://nl.linkedin.com/company/dripps-ai,4442676859
Drukwerkdeal,Channel Specialist,Deventer,2026-09-15,online marketeer webshop,nee,https://nl.linkedin.com/jobs/view/channel-specialist-at-drukwerkdeal-4430959048,https://nl.linkedin.com/company/drukwerkdeal,4430959048
Dutch Jerky,Customer &amp; Content Guru,Mierlo,2026-09-18,content specialist webshop,nee,https://nl.linkedin.com/jobs/view/customer-content-guru-at-dutch-jerky-4467862824,https://nl.linkedin.com/company/dutch-jerky,4467862824
Dutchwebdesign,Projectmanager e-commerce,Breda,2026-09-11,webshop medewerker,nee,https://nl.linkedin.com/jobs/view/projectmanager-e-commerce-at-dutchwebdesign-4466099708,https://nl.linkedin.com/company/dutchwebdesign,4466099708
Dutchwebdesign,Projectmanager e-commerce,Breda,2026-09-22,webshop medewerker,nee,https://nl.linkedin.com/jobs/view/projectmanager-e-commerce-at-dutchwebdesign-4470299147,https://nl.linkedin.com/company/dutchwebdesign,4470299147
Duyvenvoorde,Logistiek medewerker (40u),Honselersdijk,2026-08-03,logistiek medewerker webshop,nee,https://nl.linkedin.com/jobs/view/logistiek-medewerker-40u-at-duyvenvoorde-4448313083,https://www.linkedin.com/company/duyvenvoorde,4448313083
Duyvenvoorde,Logistiek Medewerker,Naaldwijk,2026-08-08,logistiek medewerker webshop,nee,https://nl.linkedin.com/jobs/view/logistiek-medewerker-at-duyvenvoorde-4451071614,https://www.linkedin.com/company/duyvenvoorde,4451071614
Duyvenvoorde,Logistiek Medewerker VDV Import,Naaldwijk,2026-09-02,logistiek medewerker webshop,nee,https://nl.linkedin.com/jobs/view/logistiek-medewerker-vdv-import-at-duyvenvoorde-4462180866,https://www.linkedin.com/company/duyvenvoorde,4462180866
E-Tales,Projectcoördinator E-commerce,"Groningen, Nederland",2026-09-09,webshop beheerder,nee,https://nl.linkedin.com/jobs/view/projectco%C3%B6rdinator-e-commerce-at-e-tales-4465034490,https://nl.linkedin.com/company/e-tales,4465034490
E-WISE Nederland,Commercieel Medewerker Binnendienst (Inside Sales),Utrecht,2026-03-10,e-commerce medewerker,nee,https://nl.linkedin.com/jobs/view/commercieel-medewerker-binnendienst-inside-sales-at-e-wise-nederland-4382027982,https://nl.linkedin.com/company/e-wise_nederland,4382027982
E-WISE Nederland,Contentmanager e-learning,Utrecht,2026-03-10,content specialist webshop,nee,https://nl.linkedin.com/jobs/view/contentmanager-e-learning-at-e-wise-nederland-4382030785,https://nl.linkedin.com/company/e-wise_nederland,4382030785
Economy,SEO Specialist / SEO Consultant | 24-32u p/w,Delft,2026-03-21,content specialist webshop,nee,https://nl.linkedin.com/jobs/view/seo-specialist-seo-consultant-24-32u-p-w-at-economy-4401458870,https://nl.linkedin.com/company/e-conomy,4401458870
Economy,Online marketeer in Delft,Delft,2026-06-06,e-commerce medewerker,nee,https://nl.linkedin.com/jobs/view/online-marketeer-in-delft-at-economy-4432302999,https://nl.linkedin.com/company/e-conomy,4432302999
Edelman BV,Logistiek Medewerker,Montfoort,2026-08-12,logistiek medewerker webshop,nee,https://nl.linkedin.com/jobs/view/logistiek-medewerker-at-edelman-bv-4443119190,https://nl.linkedin.com/company/edelman-bv,4443119190
Efulfilment Europe,Sales Support Medewerker,Almere,2026-05-08,e-commerce medewerker,nee,https://nl.linkedin.com/jobs/view/sales-support-medewerker-at-efulfilment-europe-4412126214,https://nl.linkedin.com/company/efulfilmenteu,4412126214
Efulfilment Europe,Customer Success Medewerker,Almere,2026-05-08,e-commerce medewerker,nee,https://nl.linkedin.com/jobs/view/customer-success-medewerker-at-efulfilment-europe-4412127084,https://nl.linkedin.com/company/efulfilmenteu,4412127084
Efulfilment Europe,Online Marketeer,Almere,2026-09-10,e-commerce medewerker,nee,https://nl.linkedin.com/jobs/view/online-marketeer-at-efulfilment-europe-4463494033,https://nl.linkedin.com/company/efulfilmenteu,4463494033
Electronic Logistics BV,Magazijnmedewerker middag/avond,Zeewolde,2026-09-01,logistiek medewerker webshop,nee,https://nl.linkedin.com/jobs/view/magazijnmedewerker-middag-avond-at-electronic-logistics-bv-4461738565,https://nl.linkedin.com/company/electronic-logistics-bv,4461738565
Elektramat B.V.,Klantenservice Medewerker,Almelo,2026-01-22,e-commerce medewerker,nee,https://nl.linkedin.com/jobs/view/klantenservice-medewerker-at-elektramat-b-v-4365287273,https://nl.linkedin.com/company/elektramat,4365287273
Elektramat B.V.,Logistiek Medewerker,Almelo,2026-03-07,logistiek medewerker webshop,nee,https://nl.linkedin.com/jobs/view/logistiek-medewerker-at-elektramat-b-v-4382318283,https://nl.linkedin.com/company/elektramat,4382318283
Elektramat B.V.,Merchandiser &amp; Search specialist,Enschede en omgeving,2026-03-28,e-commerce medewerker,nee,https://nl.linkedin.com/jobs/view/merchandiser-search-specialist-at-elektramat-b-v-4392006945,https://nl.linkedin.com/company/elektramat,4392006945
Elektramat B.V.,Medewerker Artikelbeheer,Enschede en omgeving,2026-09-22,e-commerce medewerker,nee,https://nl.linkedin.com/jobs/view/medewerker-artikelbeheer-at-elektramat-b-v-4470428800,https://nl.linkedin.com/company/elektramat,4470428800
ennovationHUB,Senior Google Ads Specialist | International E-commerce | Remote ASAP,Nederland,2026-09-18,e-commerce medewerker,nee,https://nl.linkedin.com/jobs/view/senior-google-ads-specialist-international-e-commerce-remote-asap-at-ennovationhub-4469156300,https://uk.linkedin.com/company/ennovationhub,4469156300
ERIKS Netherlands,Medewerker Order Service Team,Alkmaar,2026-09-22,orderverwerking,nee,https://nl.linkedin.com/jobs/view/medewerker-order-service-team-at-eriks-netherlands-4470402866,https://nl.linkedin.com/company/eriks-nederland,4470402866
Essity,Customer Facing &amp; Order Management Representative,Zeist,2026-08-28,orderverwerking,nee,https://nl.linkedin.com/jobs/view/customer-facing-order-management-representative-at-essity-4458075797,https://se.linkedin.com/company/essity,4458075797
Eve Curls,COO Fast Growing DTC/CPG Brand,Nederland,2026-09-21,webshop beheerder,nee,https://nl.linkedin.com/jobs/view/coo-fast-growing-dtc-cpg-brand-at-eve-curls-4469911975,https://nl.linkedin.com/company/eve-curls,4469911975
Everest,"Growth Lead, Cozy Heaven",Amsterdam,2026-09-15,online marketeer webshop,nee,https://nl.linkedin.com/jobs/view/growth-lead-cozy-heaven-at-everest-4467713906,https://nl.linkedin.com/company/everest-commerce-group,4467713906
Everyware - Expert recrutement tech,Responsable contenu marketing,Amsterdam,2026-09-15,content specialist webshop,nee,https://nl.linkedin.com/jobs/view/responsable-contenu-marketing-at-everyware-expert-recrutement-tech-4467739239,https://fr.linkedin.com/company/everyware-recrutement-tech,4467739239
Evoke,Customer Service Specialist,Geleen,2026-09-18,orderverwerking,nee,https://nl.linkedin.com/jobs/view/customer-service-specialist-at-evoke-4467898800,https://nl.linkedin.com/company/evokestaffing,4467898800
Evoke,Operationeel Inkoper,Echt,2026-09-18,orderverwerking,nee,https://nl.linkedin.com/jobs/view/operationeel-inkoper-at-evoke-4468004745,https://nl.linkedin.com/company/evokestaffing,4468004745
Firma Reinders B.V.,Coördinator Online Veilingen Hardenberg | Fulltime |,Hardenberg,2026-07-22,webshop beheerder,nee,https://nl.linkedin.com/jobs/view/co%C3%B6rdinator-online-veilingen-hardenberg-fulltime-at-firma-reinders-b-v-4443197710,https://nl.linkedin.com/company/firmareinders,4443197710
FITZ,Digital Marketing Specialist | Uitstekend Nederlands vereist,"Utrecht, Nederland",2026-08-31,content specialist webshop,nee,https://nl.linkedin.com/jobs/view/digital-marketing-specialist-uitstekend-nederlands-vereist-at-fitz-4438616024,https://nl.linkedin.com/company/fitz-company,4438616024
Fixami,SEO Specialist,Tilburg,2026-08-28,content specialist webshop,nee,https://nl.linkedin.com/jobs/view/seo-specialist-at-fixami-4459424181,https://nl.linkedin.com/company/fixami,4459424181
Flatline Agency ™️,Digital Marketing Consultant,Amsterdam,2026-02-05,online marketeer webshop,nee,https://nl.linkedin.com/jobs/view/digital-marketing-consultant-at-flatline-agency-%E2%84%A2%EF%B8%8F-4360540487,https://nl.linkedin.com/company/flatline-agency,4360540487
Flatline Agency ™️,eCommerce Manager,Amsterdam,2026-02-13,webshop beheerder,nee,https://nl.linkedin.com/jobs/view/ecommerce-manager-at-flatline-agency-%E2%84%A2%EF%B8%8F-4364123125,https://nl.linkedin.com/company/flatline-agency,4364123125
Flatline Agency ™️,Email Marketeer,Amsterdam,2026-07-03,online marketeer webshop,nee,https://nl.linkedin.com/jobs/view/email-marketeer-at-flatline-agency-%E2%84%A2%EF%B8%8F-4433132729,https://nl.linkedin.com/company/flatline-agency,4433132729
Flatline Agency ™️,Performance marketing consultant,Amsterdam,2026-07-21,online marketeer webshop,nee,https://nl.linkedin.com/jobs/view/performance-marketing-consultant-at-flatline-agency-%E2%84%A2%EF%B8%8F-4440193964,https://nl.linkedin.com/company/flatline-agency,4440193964
Flatline Agency ™️,Shopify Consultant,Amsterdam,2026-07-28,webshop beheerder,nee,https://nl.linkedin.com/jobs/view/shopify-consultant-at-flatline-agency-%E2%84%A2%EF%B8%8F-4445412861,https://nl.linkedin.com/company/flatline-agency,4445412861
Flywheel Netherlands (part of Omnicom Media),Junior Retail Media Specialist,Amsterdam,2026-09-08,online marketeer webshop,nee,https://nl.linkedin.com/jobs/view/junior-retail-media-specialist-at-flywheel-netherlands-part-of-omnicom-media-4462289249,https://nl.linkedin.com/company/flywheel-netherlands,4462289249
FLÂNEUR,Operations Lead,Amsterdam,2026-07-06,webshop beheerder,nee,https://nl.linkedin.com/jobs/view/operations-lead-at-fl%C3%A2neur-4437472534,https://nl.linkedin.com/company/flaneur-eu,4437472534
Foot Locker,"Associate Manager, Copy",Utrecht,2026-09-18,content specialist webshop,nee,https://nl.linkedin.com/jobs/view/associate-manager-copy-at-foot-locker-4466689697,https://www.linkedin.com/company/footlocker,4466689697
FOOX Bergsma Franeker BV,Binnendienst Medewerker Webshop Foods &amp; Goods - (fulltime),Franeker,2026-09-17,e-commerce medewerker,nee,https://nl.linkedin.com/jobs/view/binnendienst-medewerker-webshop-foods-goods-fulltime-at-foox-bergsma-franeker-bv-4468637112,https://nl.linkedin.com/company/foox-bergsma-franeker-bv,4468637112
Forbo Flooring Systems,Website Specialist,Assendelft,2026-09-09,webshop beheerder,nee,https://nl.linkedin.com/jobs/view/website-specialist-at-forbo-flooring-systems-4465015139,https://nl.linkedin.com/company/forbo,4465015139
Forbo Group,Website Specialist,Assendelft,2026-09-09,content specialist webshop,nee,https://nl.linkedin.com/jobs/view/website-specialist-at-forbo-group-4465066016,https://ch.linkedin.com/company/forbo-group,4465066016
Foxelli Group,Email Marketing Specialist| DTC E-commerce | 100% Remote EU,Amsterdam Area,2026-07-31,e-commerce medewerker,nee,https://nl.linkedin.com/jobs/view/email-marketing-specialist-dtc-e-commerce-100%25-remote-eu-at-foxelli-group-4447525692,https://nl.linkedin.com/company/foxelli-group,4447525692
Frankwatching Academy,Marketing &amp; Communicatie Medewerker (38 uur),Zeist,2026-09-10,content specialist webshop,nee,https://nl.linkedin.com/jobs/view/marketing-communicatie-medewerker-38-uur-at-frankwatching-academy-4464523325,https://nl.linkedin.com/school/frankwatching-academy/,4464523325
Fresh People,online merchandiser,Zaandam,2026-08-31,e-commerce medewerker,nee,https://nl.linkedin.com/jobs/view/online-merchandiser-at-fresh-people-4461205780,https://nl.linkedin.com/company/freshpeople,4461205780
FuturumShop,Magazijnmedewerker,Apeldoorn,2026-09-11,logistiek medewerker webshop,nee,https://nl.linkedin.com/jobs/view/magazijnmedewerker-at-futurumshop-4466066163,https://nl.linkedin.com/company/futurumshop-nl,4466066163
GAC Motor Europe,Digital Marketing &amp; Social Media Specialist,Amsterdam,2026-08-20,content specialist webshop,nee,https://nl.linkedin.com/jobs/view/digital-marketing-social-media-specialist-at-gac-motor-europe-4455474595,https://www.linkedin.com/company/gac-motor-europe,4455474595
Gall &amp; Gall,Specialist Online Merchandiser,Zaandam,2026-09-11,e-commerce medewerker,nee,https://nl.linkedin.com/jobs/view/specialist-online-merchandiser-at-gall-gall-4463962737,https://nl.linkedin.com/company/gall-&amp;-gall,4463962737
Gall &amp; Gall,Stage E-commerce Online,Zaandam,2026-09-18,webshop beheerder,nee,https://nl.linkedin.com/jobs/view/stage-e-commerce-online-at-gall-gall-4466696593,https://nl.linkedin.com/company/gall-&amp;-gall,4466696593
Gemeente Ede,Contentspecialist,Ede,2026-09-22,content specialist webshop,nee,https://nl.linkedin.com/jobs/view/contentspecialist-at-gemeente-ede-4468591530,https://nl.linkedin.com/company/gemeente-ede,4468591530
GENUINE,Growth Manager TikTok Shop - Netherlands (m/f/d),Arnhem,2026-09-04,online marketeer webshop,nee,https://nl.linkedin.com/jobs/view/growth-manager-tiktok-shop-netherlands-m-f-d-at-genuine-4461147732,https://de.linkedin.com/company/genuine-ecommerce,4461147732
Giga Meubel,Logistiek medewerker (BBL ook mogelijk),Barneveld,2026-08-29,logistiek medewerker webshop,nee,https://nl.linkedin.com/jobs/view/logistiek-medewerker-bbl-ook-mogelijk-at-giga-meubel-4458475981,https://nl.linkedin.com/company/giga-meubel,4458475981
Gilde-BT,ONLINE MARKETEER,Venlo,2026-09-08,online marketeer webshop,nee,https://nl.linkedin.com/jobs/view/online-marketeer-at-gilde-bt-4464446931,https://nl.linkedin.com/company/gildebt,4464446931
Glanbia,eCommerce Manager,Amsterdam,2026-09-01,webshop beheerder,nee,https://nl.linkedin.com/jobs/view/ecommerce-manager-at-glanbia-4461710019,https://ie.linkedin.com/company/glanbia,4461710019
Go Dutch Label,Buying &amp; Product Coordinator,'s-Hertogenbosch,2026-09-22,webshop beheerder,nee,https://nl.linkedin.com/jobs/view/buying-product-coordinator-at-go-dutch-label-4470287757,https://nl.linkedin.com/company/go-dutch-label,4470287757
Golazo Events NL,Medewerker Marketing &amp; Communicatie,Rotterdam,2026-09-15,content specialist webshop,nee,https://nl.linkedin.com/jobs/view/medewerker-marketing-communicatie-at-golazo-events-nl-4467716463,https://www.linkedin.com/company/golazo-events-nl,4467716463
Goldbergh,Email &amp; CRM Marketeer,Amsterdam,2026-08-27,e-commerce medewerker,nee,https://nl.linkedin.com/jobs/view/email-crm-marketeer-at-goldbergh-4459803918,https://nl.linkedin.com/company/goldbergh,4459803918
GoodHabitz,Content and Campaigns Specialist,Eindhoven,2026-08-21,content specialist webshop,nee,https://nl.linkedin.com/jobs/view/content-and-campaigns-specialist-at-goodhabitz-4467709109,https://nl.linkedin.com/company/goodhabitz,4467709109
GoodHabitz,Webflow Developer (Marketing),Eindhoven,2026-08-27,content specialist webshop,nee,https://nl.linkedin.com/jobs/view/webflow-developer-marketing-at-goodhabitz-4457754763,https://nl.linkedin.com/company/goodhabitz,4457754763
GoodHabitz,Content and Campaigns Specialist,'s-Hertogenbosch,2026-09-14,content specialist webshop,nee,https://nl.linkedin.com/jobs/view/content-and-campaigns-specialist-at-goodhabitz-4467499135,https://nl.linkedin.com/company/goodhabitz,4467499135
GoodHabitz,Content and Campaigns Specialist,Utrecht,2026-09-14,content specialist webshop,nee,https://nl.linkedin.com/jobs/view/content-and-campaigns-specialist-at-goodhabitz-4467711100,https://nl.linkedin.com/company/goodhabitz,4467711100
GoSpooky,TikTok Shop Manager,Amsterdam,2026-09-08,e-commerce medewerker,nee,https://nl.linkedin.com/jobs/view/tiktok-shop-manager-at-gospooky-4409438011,https://nl.linkedin.com/company/gospooky,4409438011
GoSpooky,Director of Social Commerce,Amsterdam,2026-09-08,webshop beheerder,nee,https://nl.linkedin.com/jobs/view/director-of-social-commerce-at-gospooky-4445992037,https://nl.linkedin.com/company/gospooky,4445992037
GoSpooky,Social Commerce Account Lead,Amsterdam,2026-09-15,online marketeer webshop,nee,https://nl.linkedin.com/jobs/view/social-commerce-account-lead-at-gospooky-4465599038,https://nl.linkedin.com/company/gospooky,4465599038
Goudwisselkantoor,Copy- en contentspecialist,Klaaswaal,2026-09-02,online marketeer webshop,nee,https://nl.linkedin.com/jobs/view/copy-en-contentspecialist-at-goudwisselkantoor-4452475555,https://nl.linkedin.com/company/goudwisselkantoor,4452475555
Green Qube Services,Warehouse Associate,Drunen,2026-09-21,logistiek medewerker webshop,nee,https://nl.linkedin.com/jobs/view/warehouse-associate-at-green-qube-services-4469910481,https://nl.linkedin.com/company/green-qube-services,4469910481
Greenchoice,Online Performance Marketeer,Rotterdam,2026-09-07,online marketeer webshop,nee,https://nl.linkedin.com/jobs/view/online-performance-marketeer-at-greenchoice-4464357958,https://nl.linkedin.com/company/greenchoice,4464357958
Greener Power Solutions,Content Specialist,Amsterdam Area,2026-08-31,content specialist webshop,nee,https://nl.linkedin.com/jobs/view/content-specialist-at-greener-power-solutions-4461084883,https://nl.linkedin.com/company/greenerpowersolutions,4461084883
Greener Power Solutions,Content Specialist,Amsterdam,2026-08-31,content specialist webshop,nee,https://nl.linkedin.com/jobs/view/content-specialist-at-greener-power-solutions-4461095001,https://nl.linkedin.com/company/greenerpowersolutions,4461095001
GreenV,Logistiek / Magazijn Medewerker | Fulltime | Wateringen,Wateringen,2026-05-07,logistiek medewerker webshop,nee,https://nl.linkedin.com/jobs/view/logistiek-magazijn-medewerker-fulltime-wateringen-at-greenv-4420932423,https://nl.linkedin.com/company/greenv-company,4420932423
Greyt,Digital (Content) Marketeer,Rotterdam,2026-09-02,content specialist webshop,nee,https://nl.linkedin.com/jobs/view/digital-content-marketeer-at-greyt-4462180528,https://nl.linkedin.com/company/greyt,4462180528
Growth Team,Growth Marketeer Medior (32-40 uur),Lelystad,2026-08-18,content specialist webshop,nee,https://nl.linkedin.com/jobs/view/growth-marketeer-medior-32-40-uur-at-growth-team-4455920796,https://nl.linkedin.com/company/growth-team-nl,4455920796
GS-Fulfilment,Magazijn Medewerker,Eindhoven,2026-07-17,logistiek medewerker webshop,nee,https://nl.linkedin.com/jobs/view/magazijn-medewerker-at-gs-fulfilment-4441130297,https://nl.linkedin.com/company/gs-fulfilment,4441130297
GTE,Conversion Specialist (E-commerce / Shopify / Performance),Nieuwegein,2026-04-04,webshop beheerder,nee,https://nl.linkedin.com/jobs/view/conversion-specialist-e-commerce-shopify-performance-at-gte-4394231015,https://www.linkedin.com/company/gte2018,4394231015
GTE,Junior Marketeer (Dutch speaker),Nieuwegein,2026-04-16,e-commerce medewerker,nee,https://nl.linkedin.com/jobs/view/junior-marketeer-dutch-speaker-at-gte-4402168963,https://www.linkedin.com/company/gte2018,4402168963
GTE,Shopify Marketing Virtual Assistant,Nieuwegein,2026-04-24,webshop beheerder,nee,https://nl.linkedin.com/jobs/view/shopify-marketing-virtual-assistant-at-gte-4404107176,https://www.linkedin.com/company/gte2018,4404107176
GTE,Shopify Conversion Specialist,Nieuwegein,2026-05-04,webshop beheerder,nee,https://nl.linkedin.com/jobs/view/shopify-conversion-specialist-at-gte-4408910853,https://www.linkedin.com/company/gte2018,4408910853
GTE,Shopify Growth Marketeer (Dutch Speaker),Nieuwegein,2026-05-04,online marketeer webshop,nee,https://nl.linkedin.com/jobs/view/shopify-growth-marketeer-dutch-speaker-at-gte-4408903985,https://www.linkedin.com/company/gte2018,4408903985
GTE,SEO &amp; Product Page Marketing Specialist for Supplement Brand,Nieuwegein,2026-05-14,e-commerce medewerker,nee,https://nl.linkedin.com/jobs/view/seo-product-page-marketing-specialist-for-supplement-brand-at-gte-4414745284,https://www.linkedin.com/company/gte2018,4414745284
GTE,eCom Product Page Designer,Nieuwegein,2026-07-14,e-commerce medewerker,nee,https://nl.linkedin.com/jobs/view/ecom-product-page-designer-at-gte-4439800194,https://www.linkedin.com/company/gte2018,4439800194
GTE,eCom Product Page Copywriter,Nieuwegein,2026-07-14,e-commerce medewerker,nee,https://nl.linkedin.com/jobs/view/ecom-product-page-copywriter-at-gte-4439489638,https://www.linkedin.com/company/gte2018,4439489638
GTE,Product Importer,Nieuwegein,2026-07-27,e-commerce medewerker,nee,https://nl.linkedin.com/jobs/view/product-importer-at-gte-4445185256,https://www.linkedin.com/company/gte2018,4445185256
GTE,E-commerce Marketeer,Nieuwegein,2026-08-11,e-commerce medewerker,nee,https://nl.linkedin.com/jobs/view/e-commerce-marketeer-at-gte-4452143236,https://www.linkedin.com/company/gte2018,4452143236
GTE,Shopify Store Builders 🛠️,Nieuwegein,2026-08-27,e-commerce medewerker,nee,https://nl.linkedin.com/jobs/view/shopify-store-builders-%F0%9F%9B%A0%EF%B8%8F-at-gte-4458659953,https://www.linkedin.com/company/gte2018,4458659953
GTE,E-mail Marketeer,Nieuwegein,2026-09-07,e-commerce medewerker,nee,https://nl.linkedin.com/jobs/view/e-mail-marketeer-at-gte-4462984203,https://www.linkedin.com/company/gte2018,4462984203
GTE,Senior AI-Native Shopify Developer,Nieuwegein,2026-09-10,webshop beheerder,nee,https://nl.linkedin.com/jobs/view/senior-ai-native-shopify-developer-at-gte-4464587173,https://www.linkedin.com/company/gte2018,4464587173
GUILLIN ESPAÑA,SERVICEMEDEWERKER - GUILLIN NEDERLAND - BUNSCHOTEN (NETHERLANDS),Bunschoten,2026-07-22,orderverwerking,nee,https://nl.linkedin.com/jobs/view/servicemedewerker-guillin-nederland-bunschoten-netherlands-at-guillin-espa%C3%B1a-4444214677,https://es.linkedin.com/company/guillin-espana,4444214677
HabitasConnects,Senior E-commerce &amp; Marketplace Medewerker | 24-32 uur | Oud-Beijerland,Oud-Beijerland,2026-09-14,e-commerce medewerker,nee,https://nl.linkedin.com/jobs/view/senior-e-commerce-marketplace-medewerker-24-32-uur-oud-beijerland-at-habitasconnects-4465220223,https://nl.linkedin.com/company/habitasconnects,4465220223
Hager Nederland,Medewerker Ordermanagement,'s-Hertogenbosch,2026-09-11,orderverwerking,nee,https://nl.linkedin.com/jobs/view/medewerker-ordermanagement-at-hager-netherlands-4466042094,https://nl.linkedin.com/company/hager-nederland,4466042094
Hallmark CE,Marketing Lead Digital,Capelle aan den IJssel,2026-09-09,online marketeer webshop,nee,https://nl.linkedin.com/jobs/view/marketing-lead-digital-at-hallmark-ce-4418259909,https://nl.linkedin.com/company/hallmark-cards-benelux,4418259909
Hammer IT Services B.V.,Allround Medewerker IT &amp; Klantenservice,Zevenaar,2026-08-26,webshop medewerker,nee,https://nl.linkedin.com/jobs/view/allround-medewerker-it-klantenservice-at-hammer-it-services-b-v-4459328254,https://nl.linkedin.com/company/hammerit,4459328254
Handpicked,Open sollicitatie - Handpicked,Eindhoven,2024-11-26,online marketeer webshop,nee,https://nl.linkedin.com/jobs/view/open-sollicitatie-handpicked-at-handpicked-4085645237,https://nl.linkedin.com/company/handpickedagencies,4085645237
Handpicked,Open sollicitatie - Handpicked,Rotterdam,2024-11-26,online marketeer webshop,nee,https://nl.linkedin.com/jobs/view/open-sollicitatie-handpicked-at-handpicked-4085643433,https://nl.linkedin.com/company/handpickedagencies,4085643433
HANOS Internationale Horeca Groothandel,Orderpicker (avond),Venlo,2026-09-01,orderverwerking,nee,https://nl.linkedin.com/jobs/view/orderpicker-avond-at-hanos-internationale-horeca-groothandel-4461751374,https://nl.linkedin.com/company/hanos-internationale-horecagroothandel,4461751374
HANOS Internationale Horeca Groothandel,Orderpicker AGF,Apeldoorn,2026-09-01,orderverwerking,nee,https://nl.linkedin.com/jobs/view/orderpicker-agf-at-hanos-internationale-horeca-groothandel-4461762000,https://nl.linkedin.com/company/hanos-internationale-horecagroothandel,4461762000
HANOS Internationale Horeca Groothandel,Orderpicker AGF,Heerenveen,2026-09-01,orderverwerking,nee,https://nl.linkedin.com/jobs/view/orderpicker-agf-at-hanos-internationale-horeca-groothandel-4461751379,https://nl.linkedin.com/company/hanos-internationale-horecagroothandel,4461751379
HANOS Internationale Horeca Groothandel,SEO &amp; Content Specialist,Apeldoorn,2026-09-03,content specialist webshop,nee,https://nl.linkedin.com/jobs/view/seo-content-specialist-at-hanos-internationale-horeca-groothandel-4462837161,https://nl.linkedin.com/company/hanos-internationale-horecagroothandel,4462837161
Happy Hair Service,E-commerce &amp; Content Specialist,Berkel en Rodenrijs,2026-09-15,e-commerce medewerker,nee,https://nl.linkedin.com/jobs/view/e-commerce-content-specialist-at-happy-hair-service-4467753157,https://nl.linkedin.com/company/happy-hair-service,4467753157
Happy Horizon,Digital Project Manager,Eindhoven,2026-07-24,webshop beheerder,nee,https://nl.linkedin.com/jobs/view/digital-project-manager-at-happy-horizon-4455749464,https://nl.linkedin.com/company/happy-horizon,4455749464
Happy On Web B.V.,Fulltime Klantenservice &amp; Webshop medewerker Eindhoven,Eindhoven Area,2026-08-05,e-commerce medewerker,nee,https://nl.linkedin.com/jobs/view/fulltime-klantenservice-webshop-medewerker-eindhoven-at-happy-on-web-b-v-4449629126,https://nl.linkedin.com/company/happy-on-web-bv,4449629126
Hart Beach,Website &amp; Webshop Beheerder,'s-Gravenhage,2026-09-19,e-commerce medewerker,nee,https://nl.linkedin.com/jobs/view/website-webshop-beheerder-at-hart-beach-4469525581,https://nl.linkedin.com/company/hartbeach,4469525581
Haystack People,Digital Marketeer,Randstad,2026-09-16,online marketeer webshop,nee,https://nl.linkedin.com/jobs/view/digital-marketeer-at-haystack-people-4466853622,https://nl.linkedin.com/company/haystack-people,4466853622
HB17 Werkt,Online marketeer,Goes,2026-09-03,online marketeer webshop,nee,https://nl.linkedin.com/jobs/view/online-marketeer-at-hb17-werkt-4434817800,https://nl.linkedin.com/company/hb17-werkt,4434817800
HBM Machines B.V.,Domein Lead Product to Market (32 - 40 uur),Waddinxveen,2026-09-03,webshop beheerder,nee,https://nl.linkedin.com/jobs/view/domein-lead-product-to-market-32-40-uur-at-hbm-machines-b-v-4461712718,https://nl.linkedin.com/company/hbm-machines,4461712718
HelloFresh,Junior Content Marketing specialist (f/m/x),Amsterdam,2026-09-16,content specialist webshop,nee,https://nl.linkedin.com/jobs/view/junior-content-marketing-specialist-f-m-x-at-hellofresh-4468251961,https://de.linkedin.com/company/hellofresh,4468251961
Hemelaer,Orderpicker (binnenland),Binnenland,2026-08-07,orderverwerking,nee,https://nl.linkedin.com/jobs/view/orderpicker-binnenland-at-hemelaer-4450301015,https://be.linkedin.com/company/hemelaer-nv,4450301015
Hems B.V.,Meewerkend voorman/Orderpicker Expeditie nacht,Doetinchem,2026-07-20,orderverwerking,nee,https://nl.linkedin.com/jobs/view/meewerkend-voorman-orderpicker-expeditie-nacht-at-hems-b-v-4442557709,https://nl.linkedin.com/company/hems-b-v-,4442557709
Heras Mobile Fencing &amp; Security,Content Performance Specialist,Best,2026-09-16,content specialist webshop,nee,https://nl.linkedin.com/jobs/view/content-performance-specialist-at-heras-mobile-fencing-security-4467979817,https://nl.linkedin.com/company/heras-mobile-fencing-&amp;-security,4467979817
Heuschen &amp; Schrouff Oriental Food,Assortimentmanager,Nederland,2026-05-22,webshop beheerder,nee,https://nl.linkedin.com/jobs/view/assortimentmanager-at-heuschen-schrouff-oriental-food-4429511856,https://www.linkedin.com/company/heuschenschrouff,4429511856
Heuschen &amp; Schrouff Oriental Food,(Junior) Commercieel Medewerker Binnendienst,Landgraaf,2026-06-15,orderverwerking,nee,https://nl.linkedin.com/jobs/view/junior-commercieel-medewerker-binnendienst-at-heuschen-schrouff-oriental-food-4430407283,https://www.linkedin.com/company/heuschenschrouff,4430407283
HG International,Digital Content &amp; E-commerce Intern,Almere,2026-09-18,content specialist webshop,nee,https://nl.linkedin.com/jobs/view/digital-content-e-commerce-intern-at-hg-international-4469139315,https://nl.linkedin.com/company/hg-international,4469139315
Hisense Benelux,Account Manager Online Retail,Duiven,2026-08-28,e-commerce medewerker,nee,https://nl.linkedin.com/jobs/view/account-manager-online-retail-at-hisense-benelux-4458072494,https://nl.linkedin.com/company/hisense-benelux,4458072494
Hofweb,Coördinator Orderpick,Biddinghuizen,2026-09-11,orderverwerking,nee,https://nl.linkedin.com/jobs/view/co%C3%B6rdinator-orderpick-at-hofweb-4466048349,https://nl.linkedin.com/company/hofweb,4466048349
Homefashion Group B.V.,Meewerkstage 3e jaar Shop &amp; Content Leen Bakker,Geertruidenberg,2026-05-22,webshop beheerder,nee,https://nl.linkedin.com/jobs/view/meewerkstage-3e-jaar-shop-content-leen-bakker-at-homefashion-group-b-v-4414384633,https://nl.linkedin.com/company/homefashion-group-b-v-,4414384633
Homefashion Group B.V.,E commerce Specialist - Merchandising &amp; Content,Geertruidenberg,2026-08-18,e-commerce medewerker,nee,https://nl.linkedin.com/jobs/view/e-commerce-specialist-merchandising-content-at-homefashion-group-b-v-4454176840,https://nl.linkedin.com/company/homefashion-group-b-v-,4454176840
Homefashion Group B.V.,Meewerkstage E-commerce bij Kwantum,Tilburg,2026-09-15,webshop medewerker,nee,https://nl.linkedin.com/jobs/view/meewerkstage-e-commerce-bij-kwantum-at-homefashion-group-b-v-4466943892,https://nl.linkedin.com/company/homefashion-group-b-v-,4466943892
Hoppenbrouwers,Functioneel Beheerder SharePoint en Teams,Udenhout,2026-05-04,webshop beheerder,nee,https://nl.linkedin.com/jobs/view/functioneel-beheerder-sharepoint-en-teams-at-hoppenbrouwers-4410035669,https://nl.linkedin.com/company/hoppenbrouwers-techniek,4410035669
Hostnet,Client Manager - Websites,Amsterdam,2026-09-15,webshop beheerder,nee,https://nl.linkedin.com/jobs/view/client-manager-websites-at-hostnet-bv-4454747392,https://nl.linkedin.com/company/hostnet-bv,4454747392
Hotelprofessionals,MARKETING &amp;amp; COMMUNICATIE SPECIALIST,Den Haag,2026-09-11,content specialist webshop,nee,https://nl.linkedin.com/jobs/view/marketing-amp-communicatie-specialist-at-hotelprofessionals-4464880391,https://nl.linkedin.com/company/hotelprofessionals,4464880391
Houthoff,Marketing- &amp; Communicatiemedewerker,Amsterdam,2026-09-01,content specialist webshop,nee,https://nl.linkedin.com/jobs/view/marketing-communicatiemedewerker-at-houthoff-4461708868,https://nl.linkedin.com/company/houthoff-,4461708868
Hubo,Campagne &amp; Content Marketeer,Amersfoort,2026-07-10,online marketeer webshop,nee,https://nl.linkedin.com/jobs/view/campagne-content-marketeer-at-hubo-4438329167,https://nl.linkedin.com/company/hubonl,4438329167
HUGO BOSS,Service &amp; Process Assistant - Commercial Operations (m/f) I Fulltime (40h),Amsterdam Area,2026-09-04,e-commerce medewerker,nee,https://nl.linkedin.com/jobs/view/service-process-assistant-commercial-operations-m-f-i-fulltime-40h-at-hugo-boss-4461195761,https://de.linkedin.com/company/hugo-boss,4461195761
HumanTotalCare,Content specialist,Utrecht,2026-09-08,content specialist webshop,nee,https://nl.linkedin.com/jobs/view/content-specialist-at-humantotalcare-4463295757,https://nl.linkedin.com/company/humantotalcare,4463295757
Hunkemöller,Ecommerce Business Analyst,Hilversum,2026-09-01,webshop beheerder,nee,https://nl.linkedin.com/jobs/view/ecommerce-business-analyst-at-hunkem%C3%B6ller-4459299165,https://nl.linkedin.com/company/hunkemoller,4459299165
Hunkemöller,Internship E-Commerce - Webshop Coordination,Hilversum,2026-09-18,webshop beheerder,nee,https://nl.linkedin.com/jobs/view/internship-e-commerce-webshop-coordination-at-hunkem%C3%B6ller-4469132778,https://nl.linkedin.com/company/hunkemoller,4469132778
Huren.nl,Customer Success Manager,Utrecht,2023-07-20,webshop beheerder,nee,https://nl.linkedin.com/jobs/view/customer-success-manager-at-huren-nl-3668383586,https://nl.linkedin.com/company/huren-nl,3668383586
Husol Zonwering,Commercieel Medewerker Binnendienst,Genemuiden,2026-09-18,orderverwerking,nee,https://nl.linkedin.com/jobs/view/commercieel-medewerker-binnendienst-at-husol-zonwering-4469150276,https://nl.linkedin.com/company/husol-zonwering-rolluiken,4469150276
i-Aspect B.V.,SEO- en contentspecialist,Utrecht,2026-08-26,content specialist webshop,nee,https://nl.linkedin.com/jobs/view/seo-en-contentspecialist-at-i-aspect-b-v-4457277027,https://nl.linkedin.com/company/i-aspect-b.v.,4457277027
i-Aspect B.V.,WordPress Developer,Utrecht,2026-08-26,content specialist webshop,nee,https://nl.linkedin.com/jobs/view/wordpress-developer-at-i-aspect-b-v-4457261993,https://nl.linkedin.com/company/i-aspect-b.v.,4457261993
iBOOD.com,Specialist Retouren &amp; Garanties,Amsterdam,2026-06-02,e-commerce medewerker,nee,https://nl.linkedin.com/jobs/view/specialist-retouren-garanties-at-ibood-com-4419282505,https://nl.linkedin.com/company/ibood.com,4419282505
Icetubs,Webflow &amp; Shopify Developer,Amsterdam-West,2026-07-13,webshop medewerker,nee,https://nl.linkedin.com/jobs/view/webflow-shopify-developer-at-icetubs-4440044522,https://nl.linkedin.com/company/icetubs,4440044522
ID-ware,Logistiek Medewerker,Den Haag,2026-09-14,webshop medewerker,nee,https://nl.linkedin.com/jobs/view/logistiek-medewerker-at-id-ware-4464773907,https://nl.linkedin.com/company/id-ware,4464773907
IFF,Logistiek Medewerker Shipping,Tilburg,2026-09-17,logistiek medewerker webshop,nee,https://nl.linkedin.com/jobs/view/logistiek-medewerker-shipping-at-iff-4459666630,https://www.linkedin.com/company/iff,4459666630
IGM,Contentcoördinator,Geldermalsen,2026-09-08,content specialist webshop,nee,https://nl.linkedin.com/jobs/view/contentco%C3%B6rdinator-at-igm-4439418323,https://nl.linkedin.com/company/igm-holding,4439418323
IGO Promo NL,Customer Service Medewerker,Helmond,2026-06-04,e-commerce medewerker,nee,https://nl.linkedin.com/jobs/view/customer-service-medewerker-at-igo-promo-4393526741,https://nl.linkedin.com/company/igo-promo-nl,4393526741
iHerb,Senior Vendor Manager,Amsterdam,2026-09-04,webshop beheerder,nee,https://nl.linkedin.com/jobs/view/senior-vendor-manager-at-iherb-4443197194,https://www.linkedin.com/company/iherb,4443197194
IMCD Benelux BV,Customer Service Representative,Rotterdam,2026-09-02,orderverwerking,nee,https://nl.linkedin.com/jobs/view/customer-service-representative-at-imcd-benelux-bv-4451501939,https://www.linkedin.com/company/imcd-benelux-bv,4451501939
Infento,❤️✨ Online Marketeer / Growth Hacker for World's Coolest Toy Company! 🛴🚀,Amsterdam,2026-04-10,online marketeer webshop,nee,https://nl.linkedin.com/jobs/view/%E2%9D%A4%EF%B8%8F%E2%9C%A8-online-marketeer-growth-hacker-for-world-s-coolest-toy-company%21-%F0%9F%9B%B4%F0%9F%9A%80-at-infento-4399005602,https://nl.linkedin.com/company/infento,4399005602
Inktweb.nl,E-commerce Marketing Specialist,Alkmaar,2026-08-07,e-commerce medewerker,nee,https://nl.linkedin.com/jobs/view/e-commerce-marketing-specialist-at-inktweb-nl-4450688495,https://nl.linkedin.com/company/inktweb,4450688495
Inktweb.nl,Product Manager / Assortimentsbeheerder,Alkmaar,2026-08-07,e-commerce medewerker,nee,https://nl.linkedin.com/jobs/view/product-manager-assortimentsbeheerder-at-inktweb-nl-4450696334,https://nl.linkedin.com/company/inktweb,4450696334
Inktweb.nl,Inkoper,Alkmaar,2026-08-07,e-commerce medewerker,nee,https://nl.linkedin.com/jobs/view/inkoper-at-inktweb-nl-4450703083,https://nl.linkedin.com/company/inktweb,4450703083
Inktweb.nl,Commercieel Medewerker,Alkmaar,2026-08-07,webshop medewerker,nee,https://nl.linkedin.com/jobs/view/commercieel-medewerker-at-inktweb-nl-4450688494,https://nl.linkedin.com/company/inktweb,4450688494
Inktweb.nl,Stagiair(e) (MBO/HBO) – Diverse afdelingen,Alkmaar,2026-08-07,webshop beheerder,nee,https://nl.linkedin.com/jobs/view/stagiair-e-mbo-hbo-%E2%80%93-diverse-afdelingen-at-inktweb-nl-4450693426,https://nl.linkedin.com/company/inktweb,4450693426
Inktweb.nl,Magazijnmanager / Senior Magazijnmedewerker,Alkmaar,2026-08-07,webshop beheerder,nee,https://nl.linkedin.com/jobs/view/magazijnmanager-senior-magazijnmedewerker-at-inktweb-nl-4450689521,https://nl.linkedin.com/company/inktweb,4450689521
Instabee,Partner Success Associate,Amsterdam,2026-09-04,e-commerce medewerker,nee,https://nl.linkedin.com/jobs/view/partner-success-associate-at-instabee-4462320033,https://se.linkedin.com/company/instabee-official,4462320033
Insulcon B.V. - Leader in High Temperature Solutions,Marketing &amp; Content Specialist,Steenbergen,2026-08-27,content specialist webshop,nee,https://nl.linkedin.com/jobs/view/marketing-content-specialist-at-insulcon-b-v-leader-in-high-temperature-solutions-4459806951,https://nl.linkedin.com/company/insulcon-b-v-,4459806951
Interieurwereld van de Belt,Verkoopmedewerker diverse afdelingen,Meppel,2026-09-21,webshop medewerker,nee,https://nl.linkedin.com/jobs/view/verkoopmedewerker-diverse-afdelingen-at-interieurwereld-van-de-belt-4468770119,https://nl.linkedin.com/company/interieurwereld-van-de-belt,4468770119
Intermontage,Marketingspecialist,Terwolde,2026-06-20,content specialist webshop,nee,https://nl.linkedin.com/jobs/view/marketingspecialist-at-intermontage-bv-wanden-maatwerk-plafonds-4440980249,https://nl.linkedin.com/company/intermontage,4440980249
INTERSPORT Group,E-COM Content Activation Manager,Amsterdam Area,2026-09-22,content specialist webshop,nee,https://nl.linkedin.com/jobs/view/e-com-content-activation-manager-at-intersport-group-4463863265,https://ch.linkedin.com/company/intersport-international-corporation,4463863265
Inventus,Online Marketeer Medior – Senior,Hengelo,2025-05-14,online marketeer webshop,nee,https://nl.linkedin.com/jobs/view/online-marketeer-medior-%E2%80%93-senior-at-inventus-4229800696,https://nl.linkedin.com/company/inventus-online-b.v.,4229800696
iO,Medior contentspecialist,Amsterdam,2026-07-04,content specialist webshop,nee,https://nl.linkedin.com/jobs/view/medior-contentspecialist-at-io-4446877573,https://be.linkedin.com/company/iodigital-com,4446877573
iO,Webredacteur (Rijks)overheid,Amsterdam,2026-09-21,content specialist webshop,nee,https://nl.linkedin.com/jobs/view/webredacteur-rijks-overheid-at-io-4294348340,https://be.linkedin.com/company/iodigital-com,4294348340
iO,Senior Contentmanager,Amsterdam,2026-09-22,webshop beheerder,nee,https://nl.linkedin.com/jobs/view/senior-contentmanager-at-io-4314163194,https://be.linkedin.com/company/iodigital-com,4314163194
Itility,Technical Content Specialist,Eindhoven,2026-09-16,content specialist webshop,nee,https://nl.linkedin.com/jobs/view/technical-content-specialist-at-itility-4449007948,https://nl.linkedin.com/company/itility,4449007948
itsme.,Marketingmedewerker,Raamsdonksveer,2026-08-28,content specialist webshop,nee,https://nl.linkedin.com/jobs/view/marketingmedewerker-at-itsme-4458948299,https://nl.linkedin.com/company/itsme-b-v,4458948299
itsme.,Verkoopassistent,Breda,2026-09-10,e-commerce medewerker,nee,https://nl.linkedin.com/jobs/view/verkoopassistent-at-itsme-4464529468,https://nl.linkedin.com/company/itsme-b-v,4464529468
itsme.,Commercieel medewerker,Rotterdam,2026-09-10,orderverwerking,nee,https://nl.linkedin.com/jobs/view/commercieel-medewerker-at-itsme-4464534095,https://nl.linkedin.com/company/itsme-b-v,4464534095
Jac Hensen,E-commerce &amp; Online-Marketing Specialist,Amersfoort,2026-09-21,e-commerce medewerker,nee,https://nl.linkedin.com/jobs/view/e-commerce-online-marketing-specialist-at-jac-hensen-4469885136,https://nl.linkedin.com/company/jac-hensen-mannenmode,4469885136
Jan Zandbergen Group,Online Marketeer The Meatlovers,Veenendaal,2026-09-06,online marketeer webshop,nee,https://nl.linkedin.com/jobs/view/online-marketeer-the-meatlovers-at-jan-zandbergen-group-4408501017,https://nl.linkedin.com/company/janzandbergen,4408501017
Jansen Totaal Wonen,Orderverwerker keukens,Huissen,2026-06-02,orderverwerking,nee,https://nl.linkedin.com/jobs/view/orderverwerker-keukens-at-jansen-totaal-wonen-b-v-4422362748,https://www.linkedin.com/company/jansen-totaal-wonen-b-v-,4422362748
JD.COM,Category Manager - Home Living,Rotterdam and The Hague,2026-09-07,e-commerce medewerker,nee,https://nl.linkedin.com/jobs/view/category-manager-home-living-at-jd-com-4417311792,https://cn.linkedin.com/company/jd.com,4417311792
JD.COM,Customer Service Specialist,Rotterdam and The Hague,2026-09-22,e-commerce medewerker,nee,https://nl.linkedin.com/jobs/view/customer-service-specialist-at-jd-com-4414673937,https://cn.linkedin.com/company/jd.com,4414673937
Jobster,Marketing &amp; E-commerce medewerker - van nes + plaisier,Etten-Leur,2026-09-21,e-commerce medewerker,nee,https://nl.linkedin.com/jobs/view/marketing-e-commerce-medewerker-van-nes-%2B-plaisier-at-jobster-4469994809,https://nl.linkedin.com/company/jobster-com,4469994809
Jobster,"Operativer Einkäufer (m/w/d) eCommerce ROSSMANN-Apotheke B.V. In Emmen, NL",Coevorden,2026-09-21,e-commerce medewerker,nee,https://nl.linkedin.com/jobs/view/operativer-eink%C3%A4ufer-m-w-d-ecommerce-rossmann-apotheke-b-v-in-emmen-nl-at-jobster-4468728985,https://nl.linkedin.com/company/jobster-com,4468728985
Jobster,"Operativer Einkäufer (m/w/d) eCommerce ROSSMANN-Apotheke B.V. In Emmen, NL",Beilen,2026-09-21,e-commerce medewerker,nee,https://nl.linkedin.com/jobs/view/operativer-eink%C3%A4ufer-m-w-d-ecommerce-rossmann-apotheke-b-v-in-emmen-nl-at-jobster-4468758014,https://nl.linkedin.com/company/jobster-com,4468758014
Jobster,"Operativer Einkäufer (m/w/d) eCommerce ROSSMANN-Apotheke B.V. In Emmen, NL",Hoogeveen,2026-09-21,e-commerce medewerker,nee,https://nl.linkedin.com/jobs/view/operativer-eink%C3%A4ufer-m-w-d-ecommerce-rossmann-apotheke-b-v-in-emmen-nl-at-jobster-4468748084,https://nl.linkedin.com/company/jobster-com,4468748084
Jobster,"Operativer Einkäufer (m/w/d) eCommerce ROSSMANN-Apotheke B.V. In Emmen, NL",Hoogeveen,2026-09-21,e-commerce medewerker,nee,https://nl.linkedin.com/jobs/view/operativer-eink%C3%A4ufer-m-w-d-ecommerce-rossmann-apotheke-b-v-in-emmen-nl-at-jobster-4468755061,https://nl.linkedin.com/company/jobster-com,4468755061
Jobster,"Operativer Einkäufer (m/w/d) eCommerce ROSSMANN-Apotheke B.V. In Emmen, NL",Musselkanaal,2026-09-21,e-commerce medewerker,nee,https://nl.linkedin.com/jobs/view/operativer-eink%C3%A4ufer-m-w-d-ecommerce-rossmann-apotheke-b-v-in-emmen-nl-at-jobster-4468765031,https://nl.linkedin.com/company/jobster-com,4468765031
Jobster,"Operativer Einkäufer (m/w/d) eCommerce ROSSMANN-Apotheke B.V. In Emmen, NL",Ter Apel,2026-09-21,e-commerce medewerker,nee,https://nl.linkedin.com/jobs/view/operativer-eink%C3%A4ufer-m-w-d-ecommerce-rossmann-apotheke-b-v-in-emmen-nl-at-jobster-4468748128,https://nl.linkedin.com/company/jobster-com,4468748128
Jobster,"Operativer Einkäufer (m/w/d) eCommerce ROSSMANN-Apotheke B.V. In Emmen, NL",Westerbork,2026-09-21,e-commerce medewerker,nee,https://nl.linkedin.com/jobs/view/operativer-eink%C3%A4ufer-m-w-d-ecommerce-rossmann-apotheke-b-v-in-emmen-nl-at-jobster-4468749619,https://nl.linkedin.com/company/jobster-com,4468749619
Jobster,"Operativer Einkäufer (m/w/d) eCommerce ROSSMANN-Apotheke B.V. In Emmen, NL",Gieten,2026-09-21,e-commerce medewerker,nee,https://nl.linkedin.com/jobs/view/operativer-eink%C3%A4ufer-m-w-d-ecommerce-rossmann-apotheke-b-v-in-emmen-nl-at-jobster-4468731963,https://nl.linkedin.com/company/jobster-com,4468731963
Jobster,"Operativer Einkäufer (m/w/d) eCommerce ROSSMANN-Apotheke B.V. In Emmen, NL",Nieuw-Amsterdam,2026-09-21,e-commerce medewerker,nee,https://nl.linkedin.com/jobs/view/operativer-eink%C3%A4ufer-m-w-d-ecommerce-rossmann-apotheke-b-v-in-emmen-nl-at-jobster-4468749635,https://nl.linkedin.com/company/jobster-com,4468749635
Jobster,E-commerce account support - ASA Talent,Nieuwegein,2026-09-21,e-commerce medewerker,nee,https://nl.linkedin.com/jobs/view/e-commerce-account-support-asa-talent-at-jobster-4468753248,https://nl.linkedin.com/company/jobster-com,4468753248
Jobster,Partnerspecialist E-Commerce - ASA Talent,'s-Hertogenbosch,2026-09-21,e-commerce medewerker,nee,https://nl.linkedin.com/jobs/view/partnerspecialist-e-commerce-asa-talent-at-jobster-4468750397,https://nl.linkedin.com/company/jobster-com,4468750397
Jobster,Technisch Klantenservice Medewerker - van nes + plaisier,Zwijndrecht,2026-09-21,e-commerce medewerker,nee,https://nl.linkedin.com/jobs/view/technisch-klantenservice-medewerker-van-nes-%2B-plaisier-at-jobster-4470201244,https://nl.linkedin.com/company/jobster-com,4470201244
Jobster,Sales support medewerker - Unique,Aalsmeer,2026-09-21,e-commerce medewerker,nee,https://nl.linkedin.com/jobs/view/sales-support-medewerker-unique-at-jobster-4468759061,https://nl.linkedin.com/company/jobster-com,4468759061
Jobster,Klantadviseur Zakelijk E-Commerce - ASA Talent,'s-Hertogenbosch,2026-09-21,e-commerce medewerker,nee,https://nl.linkedin.com/jobs/view/klantadviseur-zakelijk-e-commerce-asa-talent-at-jobster-4468741171,https://nl.linkedin.com/company/jobster-com,4468741171
Jobster,Zakelijke Klantenservice E-Commerce - ASA Talent,Utrecht,2026-09-21,e-commerce medewerker,nee,https://nl.linkedin.com/jobs/view/zakelijke-klantenservice-e-commerce-asa-talent-at-jobster-4468764580,https://nl.linkedin.com/company/jobster-com,4468764580
Jobster,Zakelijke klantenservice E-Commerce - ASA Talent,Arnhem,2026-09-21,e-commerce medewerker,nee,https://nl.linkedin.com/jobs/view/zakelijke-klantenservice-e-commerce-asa-talent-at-jobster-4468755682,https://nl.linkedin.com/company/jobster-com,4468755682
Jobster,"Operativer Einkäufer (m/w/d) eCommerce ROSSMANN-Apotheke B.V. In Emmen, NL - Jobbird.com",Coevorden,2026-09-21,e-commerce medewerker,nee,https://nl.linkedin.com/jobs/view/operativer-eink%C3%A4ufer-m-w-d-ecommerce-rossmann-apotheke-b-v-in-emmen-nl-jobbird-com-at-jobster-4468755301,https://nl.linkedin.com/company/jobster-com,4468755301
Jobster,Klantenservice medewerker b2b - ASA Talent,Utrecht,2026-09-21,e-commerce medewerker,nee,https://nl.linkedin.com/jobs/view/klantenservice-medewerker-b2b-asa-talent-at-jobster-4468755361,https://nl.linkedin.com/company/jobster-com,4468755361
Jobster,"Operativer Einkäufer (m/w/d) eCommerce ROSSMANN-Apotheke B.V. In Emmen, NL - Jobbird.com",Beilen,2026-09-21,e-commerce medewerker,nee,https://nl.linkedin.com/jobs/view/operativer-eink%C3%A4ufer-m-w-d-ecommerce-rossmann-apotheke-b-v-in-emmen-nl-jobbird-com-at-jobster-4468732811,https://nl.linkedin.com/company/jobster-com,4468732811
Jobster,"Operativer Einkäufer (m/w/d) eCommerce ROSSMANN-Apotheke B.V. In Emmen, NL - Jobbird.com",Hoogeveen,2026-09-21,e-commerce medewerker,nee,https://nl.linkedin.com/jobs/view/operativer-eink%C3%A4ufer-m-w-d-ecommerce-rossmann-apotheke-b-v-in-emmen-nl-jobbird-com-at-jobster-4468734678,https://nl.linkedin.com/company/jobster-com,4468734678
Jobster,"Operativer Einkäufer (m/w/d) eCommerce ROSSMANN-Apotheke B.V. In Emmen, NL - Jobbird.com",Westerbork,2026-09-21,e-commerce medewerker,nee,https://nl.linkedin.com/jobs/view/operativer-eink%C3%A4ufer-m-w-d-ecommerce-rossmann-apotheke-b-v-in-emmen-nl-jobbird-com-at-jobster-4468740876,https://nl.linkedin.com/company/jobster-com,4468740876
Jobster,Klantenservice medewerker b2b - ASA Talent,Arnhem,2026-09-21,e-commerce medewerker,nee,https://nl.linkedin.com/jobs/view/klantenservice-medewerker-b2b-asa-talent-at-jobster-4468749485,https://nl.linkedin.com/company/jobster-com,4468749485
Jobster,"Operativer Einkäufer (m/w/d) eCommerce ROSSMANN-Apotheke B.V. In Emmen, NL",Coevorden,2026-09-21,e-commerce medewerker,nee,https://nl.linkedin.com/jobs/view/operativer-eink%C3%A4ufer-m-w-d-ecommerce-rossmann-apotheke-b-v-in-emmen-nl-at-jobster-4468748554,https://nl.linkedin.com/company/jobster-com,4468748554
Jobster,Allround medewerker - Jobbird.com,Rotterdam,2026-09-21,webshop medewerker,nee,https://nl.linkedin.com/jobs/view/allround-medewerker-jobbird-com-at-jobster-4468744399,https://nl.linkedin.com/company/jobster-com,4468744399
Jobster,Medewerker Sales Support - Uitzendbureau.nl,Sprang-Capelle,2026-09-21,webshop medewerker,nee,https://nl.linkedin.com/jobs/view/medewerker-sales-support-uitzendbureau-nl-at-jobster-4468742332,https://nl.linkedin.com/company/jobster-com,4468742332
Jobster,Orderpicker - Attract,Ede,2026-09-21,orderverwerking,nee,https://nl.linkedin.com/jobs/view/orderpicker-attract-at-jobster-4468746456,https://nl.linkedin.com/company/jobster-com,4468746456
Jobster,Orderpicker - Uitzendbureau.nl,Apeldoorn,2026-09-21,orderverwerking,nee,https://nl.linkedin.com/jobs/view/orderpicker-uitzendbureau-nl-at-jobster-4468757249,https://nl.linkedin.com/company/jobster-com,4468757249
Jobster,Sales Medewerker Export - Uitzendbureau.nl,Eindhoven,2026-09-21,orderverwerking,nee,https://nl.linkedin.com/jobs/view/sales-medewerker-export-uitzendbureau-nl-at-jobster-4468751745,https://nl.linkedin.com/company/jobster-com,4468751745
Jobster,Orderpicker CEVA Logistics Venray - Uitzendbureau.nl,Oostrum,2026-09-21,orderverwerking,nee,https://nl.linkedin.com/jobs/view/orderpicker-ceva-logistics-venray-uitzendbureau-nl-at-jobster-4468756418,https://nl.linkedin.com/company/jobster-com,4468756418
Jobster,Junior Medewerker Backoffice in Apeldoorn - Uitzendbureau.nl,Apeldoorn,2026-09-21,orderverwerking,nee,https://nl.linkedin.com/jobs/view/junior-medewerker-backoffice-in-apeldoorn-uitzendbureau-nl-at-jobster-4468717676,https://nl.linkedin.com/company/jobster-com,4468717676
Jobster,"Orderpicken ROSSMANN-Apotheke B.V. In Emmen, NL",Coevorden,2026-09-21,orderverwerking,nee,https://nl.linkedin.com/jobs/view/orderpicken-rossmann-apotheke-b-v-in-emmen-nl-at-jobster-4468739908,https://nl.linkedin.com/company/jobster-com,4468739908
Jobster,Order Picker CEVA Logistics Venray - Uitzendbureau.nl,Oostrum,2026-09-21,orderverwerking,nee,https://nl.linkedin.com/jobs/view/order-picker-ceva-logistics-venray-uitzendbureau-nl-at-jobster-4468755602,https://nl.linkedin.com/company/jobster-com,4468755602
Jobster,Commercieel Medewerker Binnendienst - Start People,Apeldoorn,2026-09-21,orderverwerking,nee,https://nl.linkedin.com/jobs/view/commercieel-medewerker-binnendienst-start-people-at-jobster-4468753243,https://nl.linkedin.com/company/jobster-com,4468753243
Jobster,Manager orderafwikkeling &amp; logistiek - Start People,Sappemeer,2026-09-21,orderverwerking,nee,https://nl.linkedin.com/jobs/view/manager-orderafwikkeling-logistiek-start-people-at-jobster-4468745845,https://nl.linkedin.com/company/jobster-com,4468745845
Jobster,Medewerker bestellingen - Uitzendbureau.nl,Lelystad,2026-09-21,orderverwerking,nee,https://nl.linkedin.com/jobs/view/medewerker-bestellingen-uitzendbureau-nl-at-jobster-4468749702,https://nl.linkedin.com/company/jobster-com,4468749702
Jobster,"Orderpicken ROSSMANN-Apotheke B.V. In Emmen, NL",Beilen,2026-09-21,orderverwerking,nee,https://nl.linkedin.com/jobs/view/orderpicken-rossmann-apotheke-b-v-in-emmen-nl-at-jobster-4468734961,https://nl.linkedin.com/company/jobster-com,4468734961
Jobster,"Orderpicken ROSSMANN-Apotheke B.V. In Emmen, NL",Emmen,2026-09-21,orderverwerking,nee,https://nl.linkedin.com/jobs/view/orderpicken-rossmann-apotheke-b-v-in-emmen-nl-at-jobster-4468729904,https://nl.linkedin.com/company/jobster-com,4468729904
Jobster,"Orderpicken ROSSMANN-Apotheke B.V. In Emmen, NL",Emmen,2026-09-21,orderverwerking,nee,https://nl.linkedin.com/jobs/view/orderpicken-rossmann-apotheke-b-v-in-emmen-nl-at-jobster-4468740695,https://nl.linkedin.com/company/jobster-com,4468740695
Jobster,"Orderpicken ROSSMANN-Apotheke B.V. In Emmen, NL",Hoogeveen,2026-09-21,orderverwerking,nee,https://nl.linkedin.com/jobs/view/orderpicken-rossmann-apotheke-b-v-in-emmen-nl-at-jobster-4468761220,https://nl.linkedin.com/company/jobster-com,4468761220
Jobster,Orderpicker 2-ploegen (32 - 40 uur) - Uitzendbureau.nl,Vriezenveen,2026-09-21,orderverwerking,nee,https://nl.linkedin.com/jobs/view/orderpicker-2-ploegen-32-40-uur-uitzendbureau-nl-at-jobster-4468741307,https://nl.linkedin.com/company/jobster-com,4468741307
Jobster,"Orderpicken ROSSMANN-Apotheke B.V. In Emmen, NL",Westerbork,2026-09-21,orderverwerking,nee,https://nl.linkedin.com/jobs/view/orderpicken-rossmann-apotheke-b-v-in-emmen-nl-at-jobster-4468750176,https://nl.linkedin.com/company/jobster-com,4468750176
Jobster,"Orderpicken ROSSMANN-Apotheke B.V. In Emmen, NL",Gieten,2026-09-21,orderverwerking,nee,https://nl.linkedin.com/jobs/view/orderpicken-rossmann-apotheke-b-v-in-emmen-nl-at-jobster-4468747436,https://nl.linkedin.com/company/jobster-com,4468747436
Jobster,Commercieel medewerker binnendienst Zevenbergen - Uitzendbureau.nl,Zevenbergen,2026-09-21,orderverwerking,nee,https://nl.linkedin.com/jobs/view/commercieel-medewerker-binnendienst-zevenbergen-uitzendbureau-nl-at-jobster-4468761411,https://nl.linkedin.com/company/jobster-com,4468761411
Jobster,Orderpicker - Attract,Vriezenveen,2026-09-21,orderverwerking,nee,https://nl.linkedin.com/jobs/view/orderpicker-attract-at-jobster-4468735756,https://nl.linkedin.com/company/jobster-com,4468735756
Jobster,Verkoopmedewerker Binnendienst - Uitzendbureau.nl,Rotterdam,2026-09-21,orderverwerking,nee,https://nl.linkedin.com/jobs/view/verkoopmedewerker-binnendienst-uitzendbureau-nl-at-jobster-4468752724,https://nl.linkedin.com/company/jobster-com,4468752724
Jobster,"Orderpicken ROSSMANN-Apotheke B.V. In Emmen, NL",Ter Apel,2026-09-21,orderverwerking,nee,https://nl.linkedin.com/jobs/view/orderpicken-rossmann-apotheke-b-v-in-emmen-nl-at-jobster-4468745248,https://nl.linkedin.com/company/jobster-com,4468745248
Jobster,"Orderpicken ROSSMANN-Apotheke B.V. In Emmen, NL",Borger,2026-09-21,orderverwerking,nee,https://nl.linkedin.com/jobs/view/orderpicken-rossmann-apotheke-b-v-in-emmen-nl-at-jobster-4468747422,https://nl.linkedin.com/company/jobster-com,4468747422
Jobster,"Orderpicken ROSSMANN-Apotheke B.V. In Emmen, NL",Borger,2026-09-21,orderverwerking,nee,https://nl.linkedin.com/jobs/view/orderpicken-rossmann-apotheke-b-v-in-emmen-nl-at-jobster-4468751142,https://nl.linkedin.com/company/jobster-com,4468751142
Jobster,Orderpicker in Zwolle - Uitzendbureau.nl,Zwolle,2026-09-21,orderverwerking,nee,https://nl.linkedin.com/jobs/view/orderpicker-in-zwolle-uitzendbureau-nl-at-jobster-4468746038,https://nl.linkedin.com/company/jobster-com,4468746038
Jobster,"Orderpicken met aanvullende IT-kwalificatie ROSSMANN-Apotheke B.V. In Emmen, NL",Coevorden,2026-09-21,orderverwerking,nee,https://nl.linkedin.com/jobs/view/orderpicken-met-aanvullende-it-kwalificatie-rossmann-apotheke-b-v-in-emmen-nl-at-jobster-4468738370,https://nl.linkedin.com/company/jobster-com,4468738370
Jobster,"Orderpicken met aanvullende IT-kwalificatie ROSSMANN-Apotheke B.V. In Emmen, NL",Emmen,2026-09-21,orderverwerking,nee,https://nl.linkedin.com/jobs/view/orderpicken-met-aanvullende-it-kwalificatie-rossmann-apotheke-b-v-in-emmen-nl-at-jobster-4468743001,https://nl.linkedin.com/company/jobster-com,4468743001
Jobster,"Orderpicken met aanvullende IT-kwalificatie ROSSMANN-Apotheke B.V. In Emmen, NL",Emmen,2026-09-21,orderverwerking,nee,https://nl.linkedin.com/jobs/view/orderpicken-met-aanvullende-it-kwalificatie-rossmann-apotheke-b-v-in-emmen-nl-at-jobster-4468735695,https://nl.linkedin.com/company/jobster-com,4468735695
Jobster,"Orderpicken ROSSMANN-Apotheke B.V. In Emmen, NL",Musselkanaal,2026-09-21,orderverwerking,nee,https://nl.linkedin.com/jobs/view/orderpicken-rossmann-apotheke-b-v-in-emmen-nl-at-jobster-4468738907,https://nl.linkedin.com/company/jobster-com,4468738907
Jobster,Orderpicker - Attract,Barneveld,2026-09-21,orderverwerking,nee,https://nl.linkedin.com/jobs/view/orderpicker-attract-at-jobster-4468749410,https://nl.linkedin.com/company/jobster-com,4468749410
Jobster,"Orderpicken met aanvullende IT-kwalificatie ROSSMANN-Apotheke B.V. In Emmen, NL",Beilen,2026-09-21,orderverwerking,nee,https://nl.linkedin.com/jobs/view/orderpicken-met-aanvullende-it-kwalificatie-rossmann-apotheke-b-v-in-emmen-nl-at-jobster-4468740144,https://nl.linkedin.com/company/jobster-com,4468740144
Jobster,Medewerker Commerciële Binnendienst - van nes + plaisier,Waddinxveen,2026-09-21,orderverwerking,nee,https://nl.linkedin.com/jobs/view/medewerker-commerci%C3%ABle-binnendienst-van-nes-%2B-plaisier-at-jobster-4469991855,https://nl.linkedin.com/company/jobster-com,4469991855
Jobster,"Orderpicken met aanvullende IT-kwalificatie ROSSMANN-Apotheke B.V. In Emmen, NL",Hoogeveen,2026-09-21,orderverwerking,nee,https://nl.linkedin.com/jobs/view/orderpicken-met-aanvullende-it-kwalificatie-rossmann-apotheke-b-v-in-emmen-nl-at-jobster-4468718761,https://nl.linkedin.com/company/jobster-com,4468718761
Jobster,"Orderpicken met aanvullende IT-kwalificatie ROSSMANN-Apotheke B.V. In Emmen, NL",Gieten,2026-09-21,orderverwerking,nee,https://nl.linkedin.com/jobs/view/orderpicken-met-aanvullende-it-kwalificatie-rossmann-apotheke-b-v-in-emmen-nl-at-jobster-4468730477,https://nl.linkedin.com/company/jobster-com,4468730477
Jobster,Orderpicker - Attract,Barneveld,2026-09-21,orderverwerking,nee,https://nl.linkedin.com/jobs/view/orderpicker-attract-at-jobster-4468738693,https://nl.linkedin.com/company/jobster-com,4468738693
Jobster,"Orderpicken met aanvullende IT-kwalificatie ROSSMANN-Apotheke B.V. In Emmen, NL",Ter Apel,2026-09-21,orderverwerking,nee,https://nl.linkedin.com/jobs/view/orderpicken-met-aanvullende-it-kwalificatie-rossmann-apotheke-b-v-in-emmen-nl-at-jobster-4468731560,https://nl.linkedin.com/company/jobster-com,4468731560
Jobster,Orderpicker EPT - Westerduin,Tiel,2026-09-21,orderverwerking,nee,https://nl.linkedin.com/jobs/view/orderpicker-ept-westerduin-at-jobster-4468737178,https://nl.linkedin.com/company/jobster-com,4468737178
Jobster,Medewerker bestellingen - Jobbird.com,Lelystad,2026-09-21,orderverwerking,nee,https://nl.linkedin.com/jobs/view/medewerker-bestellingen-jobbird-com-at-jobster-4468764357,https://nl.linkedin.com/company/jobster-com,4468764357
Jobster,"Orderpicken met aanvullende IT-kwalificatie ROSSMANN-Apotheke B.V. In Emmen, NL",Borger,2026-09-21,orderverwerking,nee,https://nl.linkedin.com/jobs/view/orderpicken-met-aanvullende-it-kwalificatie-rossmann-apotheke-b-v-in-emmen-nl-at-jobster-4468726607,https://nl.linkedin.com/company/jobster-com,4468726607
Jobster,"Orderpicken met aanvullende IT-kwalificatie ROSSMANN-Apotheke B.V. In Emmen, NL",Borger,2026-09-21,orderverwerking,nee,https://nl.linkedin.com/jobs/view/orderpicken-met-aanvullende-it-kwalificatie-rossmann-apotheke-b-v-in-emmen-nl-at-jobster-4468717901,https://nl.linkedin.com/company/jobster-com,4468717901
Jobster,"Orderpicken met aanvullende IT-kwalificatie ROSSMANN-Apotheke B.V. In Emmen, NL",Westerbork,2026-09-21,orderverwerking,nee,https://nl.linkedin.com/jobs/view/orderpicken-met-aanvullende-it-kwalificatie-rossmann-apotheke-b-v-in-emmen-nl-at-jobster-4468734671,https://nl.linkedin.com/company/jobster-com,4468734671
Jobster,Commercieel medewerker binnendienst Hoogeveen - Uitzendbureau.nl,Hoogeveen,2026-09-21,orderverwerking,nee,https://nl.linkedin.com/jobs/view/commercieel-medewerker-binnendienst-hoogeveen-uitzendbureau-nl-at-jobster-4468727963,https://nl.linkedin.com/company/jobster-com,4468727963
Jobster,Export medewerker - Jobbird.com,Eindhoven,2026-09-21,orderverwerking,nee,https://nl.linkedin.com/jobs/view/export-medewerker-jobbird-com-at-jobster-4468732718,https://nl.linkedin.com/company/jobster-com,4468732718
Jobster,"Orderpicken met aanvullende IT-kwalificatie ROSSMANN-Apotheke B.V. In Emmen, NL",Musselkanaal,2026-09-21,orderverwerking,nee,https://nl.linkedin.com/jobs/view/orderpicken-met-aanvullende-it-kwalificatie-rossmann-apotheke-b-v-in-emmen-nl-at-jobster-4468719989,https://nl.linkedin.com/company/jobster-com,4468719989
Jobster,Orderpicker - van nes + plaisier,Ridderkerk,2026-09-21,orderverwerking,nee,https://nl.linkedin.com/jobs/view/orderpicker-van-nes-%2B-plaisier-at-jobster-4470203205,https://nl.linkedin.com/company/jobster-com,4470203205
Jobster,Customer Service Medewerker - Uitzendbureau.nl,Rotterdam,2026-09-21,orderverwerking,nee,https://nl.linkedin.com/jobs/view/customer-service-medewerker-uitzendbureau-nl-at-jobster-4468744472,https://nl.linkedin.com/company/jobster-com,4468744472
Jobster,Orderpicker dagdienst - van nes + plaisier,Katwijk aan de Rijn,2026-09-21,orderverwerking,nee,https://nl.linkedin.com/jobs/view/orderpicker-dagdienst-van-nes-%2B-plaisier-at-jobster-4469997556,https://nl.linkedin.com/company/jobster-com,4469997556
Jobster,Orderpicker - Uitzendbureau.nl,Elshout,2026-09-21,orderverwerking,nee,https://nl.linkedin.com/jobs/view/orderpicker-uitzendbureau-nl-at-jobster-4468741800,https://nl.linkedin.com/company/jobster-com,4468741800
Jobster,Orderpicken / inpakker fulltime - Uitzendbureau.nl,Almelo,2026-09-21,orderverwerking,nee,https://nl.linkedin.com/jobs/view/orderpicken-inpakker-fulltime-uitzendbureau-nl-at-jobster-4468742283,https://nl.linkedin.com/company/jobster-com,4468742283
Jobster,Orderpicker - Uitzendbureau.nl,Roosendaal,2026-09-21,orderverwerking,nee,https://nl.linkedin.com/jobs/view/orderpicker-uitzendbureau-nl-at-jobster-4468759381,https://nl.linkedin.com/company/jobster-com,4468759381
Jobster,Orderpicker (dagdienst) - Uitzendbureau.nl,Zeewolde,2026-09-21,orderverwerking,nee,https://nl.linkedin.com/jobs/view/orderpicker-dagdienst-uitzendbureau-nl-at-jobster-4468741938,https://nl.linkedin.com/company/jobster-com,4468741938
Jobster,Orderpicker EPT | Dagdienst - Uitzendbureau.nl,Borne,2026-09-21,orderverwerking,nee,https://nl.linkedin.com/jobs/view/orderpicker-ept-dagdienst-uitzendbureau-nl-at-jobster-4468721965,https://nl.linkedin.com/company/jobster-com,4468721965
Jobster,Medewerker goederenverwerking CEVA Logistics Venray - Uitzendbureau.nl,Oostrum,2026-09-21,orderverwerking,nee,https://nl.linkedin.com/jobs/view/medewerker-goederenverwerking-ceva-logistics-venray-uitzendbureau-nl-at-jobster-4468752582,https://nl.linkedin.com/company/jobster-com,4468752582
Jobster,Orderpicker Vleeswaren - Uitzendbureau.nl,Barendrecht,2026-09-21,orderverwerking,nee,https://nl.linkedin.com/jobs/view/orderpicker-vleeswaren-uitzendbureau-nl-at-jobster-4468756229,https://nl.linkedin.com/company/jobster-com,4468756229
Jobster,Orderpicker (avonddienst) - Jobbird.com,Amsterdam,2026-09-21,orderverwerking,nee,https://nl.linkedin.com/jobs/view/orderpicker-avonddienst-jobbird-com-at-jobster-4468758183,https://nl.linkedin.com/company/jobster-com,4468758183
Jobster,"Orderpicken ROSSMANN-Apotheke B.V. In Emmen, NL",Nieuw-Amsterdam,2026-09-21,orderverwerking,nee,https://nl.linkedin.com/jobs/view/orderpicken-rossmann-apotheke-b-v-in-emmen-nl-at-jobster-4468735732,https://nl.linkedin.com/company/jobster-com,4468735732
Jobster,Orderpicker - Uitzendbureau.nl,Spijkenisse,2026-09-21,orderverwerking,nee,https://nl.linkedin.com/jobs/view/orderpicker-uitzendbureau-nl-at-jobster-4468742247,https://nl.linkedin.com/company/jobster-com,4468742247
Jobster,Orderpicker Dagdienst - Uitzendbureau.nl,Lelystad,2026-09-21,orderverwerking,nee,https://nl.linkedin.com/jobs/view/orderpicker-dagdienst-uitzendbureau-nl-at-jobster-4468743214,https://nl.linkedin.com/company/jobster-com,4468743214
Jobster,Customer Service Medewerker - Uitzendbureau.nl,Bergschenhoek,2026-09-21,orderverwerking,nee,https://nl.linkedin.com/jobs/view/customer-service-medewerker-uitzendbureau-nl-at-jobster-4468764099,https://nl.linkedin.com/company/jobster-com,4468764099
Jobster,Orderpicker - Jobbird.com,Zaandam,2026-09-21,orderverwerking,nee,https://nl.linkedin.com/jobs/view/orderpicker-jobbird-com-at-jobster-4468749233,https://nl.linkedin.com/company/jobster-com,4468749233
Jobster,Orderpicker - Uitzendbureau.nl,Katwijk aan de Rijn,2026-09-21,orderverwerking,nee,https://nl.linkedin.com/jobs/view/orderpicker-uitzendbureau-nl-at-jobster-4468745591,https://nl.linkedin.com/company/jobster-com,4468745591
Jobster,Orderpicker - Jobbird.com,Bleiswijk,2026-09-21,orderverwerking,nee,https://nl.linkedin.com/jobs/view/orderpicker-jobbird-com-at-jobster-4468753170,https://nl.linkedin.com/company/jobster-com,4468753170
Jobster,Orderpicker export - Jobbird.com,Eindhoven,2026-09-21,orderverwerking,nee,https://nl.linkedin.com/jobs/view/orderpicker-export-jobbird-com-at-jobster-4468758578,https://nl.linkedin.com/company/jobster-com,4468758578
Jobster,Verkoop Medewerker Binnendienst - Uitzendbureau.nl,Veghel,2026-09-21,orderverwerking,nee,https://nl.linkedin.com/jobs/view/verkoop-medewerker-binnendienst-uitzendbureau-nl-at-jobster-4468744213,https://nl.linkedin.com/company/jobster-com,4468744213
Jobster,Orderpicker dagdienst - Jobbird.com,Alphen aan den Rijn,2026-09-21,orderverwerking,nee,https://nl.linkedin.com/jobs/view/orderpicker-dagdienst-jobbird-com-at-jobster-4468725911,https://nl.linkedin.com/company/jobster-com,4468725911
Jobster,Supply chain orderpicker (English) - Jobbird.com,Hoofddorp,2026-09-21,orderverwerking,nee,https://nl.linkedin.com/jobs/view/supply-chain-orderpicker-english-jobbird-com-at-jobster-4468759143,https://nl.linkedin.com/company/jobster-com,4468759143
Jobster,Clothing &amp; Accessories Worker - Start People,Roermond,2026-09-21,orderverwerking,nee,https://nl.linkedin.com/jobs/view/clothing-accessories-worker-start-people-at-jobster-4468756001,https://nl.linkedin.com/company/jobster-com,4468756001
Jobster,Administratief Medewerker Orderbeheer - Uitzendbureau.nl,Dordrecht,2026-09-21,orderverwerking,nee,https://nl.linkedin.com/jobs/view/administratief-medewerker-orderbeheer-uitzendbureau-nl-at-jobster-4468753639,https://nl.linkedin.com/company/jobster-com,4468753639
Jobster,"Orderpicken met aanvullende IT-kwalificatie ROSSMANN-Apotheke B.V. In Emmen, NL",Nieuw-Amsterdam,2026-09-21,orderverwerking,nee,https://nl.linkedin.com/jobs/view/orderpicken-met-aanvullende-it-kwalificatie-rossmann-apotheke-b-v-in-emmen-nl-at-jobster-4468741176,https://nl.linkedin.com/company/jobster-com,4468741176
Jobster,Orderpicker - Uitzendbureau.nl,De Lier,2026-09-21,orderverwerking,nee,https://nl.linkedin.com/jobs/view/orderpicker-uitzendbureau-nl-at-jobster-4468756091,https://nl.linkedin.com/company/jobster-com,4468756091
Jobster,Customer Service Representative B2B - Start People,Tilburg,2026-09-21,orderverwerking,nee,https://nl.linkedin.com/jobs/view/customer-service-representative-b2b-start-people-at-jobster-4468742938,https://nl.linkedin.com/company/jobster-com,4468742938
Jobster,Orderpicker Vlees | Ochtenddiensten - Jobbird.com,Montfoort,2026-09-21,orderverwerking,nee,https://nl.linkedin.com/jobs/view/orderpicker-vlees-ochtenddiensten-jobbird-com-at-jobster-4468745746,https://nl.linkedin.com/company/jobster-com,4468745746
Jobster,Orderpicker Dagdienst - Uitzendbureau.nl,Waalwijk,2026-09-21,orderverwerking,nee,https://nl.linkedin.com/jobs/view/orderpicker-dagdienst-uitzendbureau-nl-at-jobster-4468729755,https://nl.linkedin.com/company/jobster-com,4468729755
Jobster,Customer Service Medewerker - Uitzendbureau.nl,'s-Hertogenbosch,2026-09-21,orderverwerking,nee,https://nl.linkedin.com/jobs/view/customer-service-medewerker-uitzendbureau-nl-at-jobster-4468742114,https://nl.linkedin.com/company/jobster-com,4468742114
Jobster,Orderpicker bloemen - Jobbird.com,De Kwakel,2026-09-21,orderverwerking,nee,https://nl.linkedin.com/jobs/view/orderpicker-bloemen-jobbird-com-at-jobster-4468764436,https://nl.linkedin.com/company/jobster-com,4468764436
Jobster,Meewerkend voorman logistiek - Unique,De Kwakel,2026-09-21,orderverwerking,nee,https://nl.linkedin.com/jobs/view/meewerkend-voorman-logistiek-unique-at-jobster-4468764367,https://nl.linkedin.com/company/jobster-com,4468764367
Jobster,Orderpicker (dagdienst) - Jobbird.com,Zeewolde,2026-09-21,orderverwerking,nee,https://nl.linkedin.com/jobs/view/orderpicker-dagdienst-jobbird-com-at-jobster-4468738865,https://nl.linkedin.com/company/jobster-com,4468738865
Jobster,Orderpicker - Uitzendbureau.nl,Sliedrecht,2026-09-21,orderverwerking,nee,https://nl.linkedin.com/jobs/view/orderpicker-uitzendbureau-nl-at-jobster-4468754492,https://nl.linkedin.com/company/jobster-com,4468754492
Jobster,Orderpicker Kleingoed | Tweeploegendiensten - Jobbird.com,Eindhoven,2026-09-21,orderverwerking,nee,https://nl.linkedin.com/jobs/view/orderpicker-kleingoed-tweeploegendiensten-jobbird-com-at-jobster-4470204216,https://nl.linkedin.com/company/jobster-com,4470204216
Jobster,Orderpicker magazijn - Jobbird.com,Amsterdam,2026-09-21,orderverwerking,nee,https://nl.linkedin.com/jobs/view/orderpicker-magazijn-jobbird-com-at-jobster-4468758271,https://nl.linkedin.com/company/jobster-com,4468758271
Jobster,Orderpicker Dagdienst - Jobbird.com,Lelystad,2026-09-21,orderverwerking,nee,https://nl.linkedin.com/jobs/view/orderpicker-dagdienst-jobbird-com-at-jobster-4468738544,https://nl.linkedin.com/company/jobster-com,4468738544
Jobster,Commercieel Medewerker | Leusden | €3.500 - €4.000 - Start People,Leusden,2026-09-21,orderverwerking,nee,https://nl.linkedin.com/jobs/view/commercieel-medewerker-leusden-%E2%82%AC3-500-%E2%82%AC4-000-start-people-at-jobster-4468742584,https://nl.linkedin.com/company/jobster-com,4468742584
Jobster,Orderpicker magazijn - Jobbird.com,Amsterdam,2026-09-21,orderverwerking,nee,https://nl.linkedin.com/jobs/view/orderpicker-magazijn-jobbird-com-at-jobster-4468748236,https://nl.linkedin.com/company/jobster-com,4468748236
Jobster,Magazijnmedewerker - Genemuiden - Uitzendbureau.nl,Genemuiden,2026-09-21,orderverwerking,nee,https://nl.linkedin.com/jobs/view/magazijnmedewerker-genemuiden-uitzendbureau-nl-at-jobster-4468741340,https://nl.linkedin.com/company/jobster-com,4468741340
Jobster,Orderpicker Arvato Venlo - Uitzendbureau.nl,Venlo,2026-09-21,orderverwerking,nee,https://nl.linkedin.com/jobs/view/orderpicker-arvato-venlo-uitzendbureau-nl-at-jobster-4468744327,https://nl.linkedin.com/company/jobster-com,4468744327
Jobster,Commercieel Medewerker Binnendienst - van nes + plaisier,Ridderkerk,2026-09-21,orderverwerking,nee,https://nl.linkedin.com/jobs/view/commercieel-medewerker-binnendienst-van-nes-%2B-plaisier-at-jobster-4469998486,https://nl.linkedin.com/company/jobster-com,4469998486
Jobster,Commercieel Medewerker Binnendienst | Leusden | €3.500 - €4.000 - Start People,Leusden,2026-09-21,orderverwerking,nee,https://nl.linkedin.com/jobs/view/commercieel-medewerker-binnendienst-leusden-%E2%82%AC3-500-%E2%82%AC4-000-start-people-at-jobster-4468754278,https://nl.linkedin.com/company/jobster-com,4468754278
Jobster,Orderpicker - Jobbird.com,Eindhoven,2026-09-21,orderverwerking,nee,https://nl.linkedin.com/jobs/view/orderpicker-jobbird-com-at-jobster-4468764460,https://nl.linkedin.com/company/jobster-com,4468764460
Jobster,Supply Chain Medewerker (fulltime) - Uitzendbureau.nl,Alkmaar,2026-09-21,orderverwerking,nee,https://nl.linkedin.com/jobs/view/supply-chain-medewerker-fulltime-uitzendbureau-nl-at-jobster-4468742078,https://nl.linkedin.com/company/jobster-com,4468742078
Jobster,Outbound orderpicker Boston Scientific Kerkrade - Uitzendbureau.nl,Kerkrade,2026-09-21,orderverwerking,nee,https://nl.linkedin.com/jobs/view/outbound-orderpicker-boston-scientific-kerkrade-uitzendbureau-nl-at-jobster-4468759466,https://nl.linkedin.com/company/jobster-com,4468759466
Jobster,Orderpicker - Jobbird.com,Sint Willebrord,2026-09-21,orderverwerking,nee,https://nl.linkedin.com/jobs/view/orderpicker-jobbird-com-at-jobster-4469928642,https://nl.linkedin.com/company/jobster-com,4469928642
Jobster,Commercieel Medewerker Binnendienst - Start People,Borculo,2026-09-21,orderverwerking,nee,https://nl.linkedin.com/jobs/view/commercieel-medewerker-binnendienst-start-people-at-jobster-4469987976,https://nl.linkedin.com/company/jobster-com,4469987976
Jobster,Orderpicker Zwolle - Uitzendbureau.nl,Zwolle,2026-09-21,orderverwerking,nee,https://nl.linkedin.com/jobs/view/orderpicker-zwolle-uitzendbureau-nl-at-jobster-4468747680,https://nl.linkedin.com/company/jobster-com,4468747680
Jobster,Commercieel Medewerker Binnendienst - Unique,'s-Gravenpolder,2026-09-21,orderverwerking,nee,https://nl.linkedin.com/jobs/view/commercieel-medewerker-binnendienst-unique-at-jobster-4468746657,https://nl.linkedin.com/company/jobster-com,4468746657
Jobster,Commercieel Medewerker Binnendienst - Uitzendbureau.nl,Dongen,2026-09-21,orderverwerking,nee,https://nl.linkedin.com/jobs/view/commercieel-medewerker-binnendienst-uitzendbureau-nl-at-jobster-4468764236,https://nl.linkedin.com/company/jobster-com,4468764236
Jobster,Logistiek medewerker (fulltime) - Uitzendbureau.nl,Valkenswaard,2026-09-21,orderverwerking,nee,https://nl.linkedin.com/jobs/view/logistiek-medewerker-fulltime-uitzendbureau-nl-at-jobster-4468747521,https://nl.linkedin.com/company/jobster-com,4468747521
Jobster,Orderpicker - Jobbird.com,Berkel en Rodenrijs,2026-09-21,orderverwerking,nee,https://nl.linkedin.com/jobs/view/orderpicker-jobbird-com-at-jobster-4468761013,https://nl.linkedin.com/company/jobster-com,4468761013
Jobster,Orderpicker warehouse - Jobbird.com,Amsterdam,2026-09-21,orderverwerking,nee,https://nl.linkedin.com/jobs/view/orderpicker-warehouse-jobbird-com-at-jobster-4468725920,https://nl.linkedin.com/company/jobster-com,4468725920
Jobster,Orderpicker - Attract,Ede,2026-09-21,orderverwerking,nee,https://nl.linkedin.com/jobs/view/orderpicker-attract-at-jobster-4469925930,https://nl.linkedin.com/company/jobster-com,4469925930
Jobster,Online Marketing Specialist - ASA Talent,Schiphol,2026-09-21,webshop beheerder,nee,https://nl.linkedin.com/jobs/view/online-marketing-specialist-asa-talent-at-jobster-4468759581,https://nl.linkedin.com/company/jobster-com,4468759581
Jobster,Logistiek medewerker - Easy Way,Eindhoven,2026-09-21,logistiek medewerker webshop,nee,https://nl.linkedin.com/jobs/view/logistiek-medewerker-easy-way-at-jobster-4468750232,https://nl.linkedin.com/company/jobster-com,4468750232
Jobster,Expeditie medewerker - Jobbird.com,De Kwakel,2026-09-21,logistiek medewerker webshop,nee,https://nl.linkedin.com/jobs/view/expeditie-medewerker-jobbird-com-at-jobster-4468762256,https://nl.linkedin.com/company/jobster-com,4468762256
Jobster,Logistiek Medewerker | Direct Starten - Start People,Haps,2026-09-21,logistiek medewerker webshop,nee,https://nl.linkedin.com/jobs/view/logistiek-medewerker-direct-starten-start-people-at-jobster-4468729857,https://nl.linkedin.com/company/jobster-com,4468729857
Jobster,Logistiek medewerker (4 ploegen) - Uitzendbureau.nl,Zwolle,2026-09-21,logistiek medewerker webshop,nee,https://nl.linkedin.com/jobs/view/logistiek-medewerker-4-ploegen-uitzendbureau-nl-at-jobster-4468762282,https://nl.linkedin.com/company/jobster-com,4468762282
Jobster,Logistiek medewerker dagdienst - Attract,Vriezenveen,2026-09-21,logistiek medewerker webshop,nee,https://nl.linkedin.com/jobs/view/logistiek-medewerker-dagdienst-attract-at-jobster-4468754053,https://nl.linkedin.com/company/jobster-com,4468754053
Jobster,Allround Logistiek Medewerker (fulltime) - Jobbird.com,Hoofddorp,2026-09-21,logistiek medewerker webshop,nee,https://nl.linkedin.com/jobs/view/allround-logistiek-medewerker-fulltime-jobbird-com-at-jobster-4468758618,https://nl.linkedin.com/company/jobster-com,4468758618
Jobster,Allround Logistiek Medewerker - Jobbird.com,Hoofddorp,2026-09-21,logistiek medewerker webshop,nee,https://nl.linkedin.com/jobs/view/allround-logistiek-medewerker-jobbird-com-at-jobster-4468754303,https://nl.linkedin.com/company/jobster-com,4468754303
Jobster,Logistiek Medewerker Fashion - Start People,Roermond,2026-09-21,logistiek medewerker webshop,nee,https://nl.linkedin.com/jobs/view/logistiek-medewerker-fashion-start-people-at-jobster-4468728988,https://nl.linkedin.com/company/jobster-com,4468728988
Jobster,Warehouse Medewerker (fulltime) - Jobbird.com,Venray,2026-09-21,logistiek medewerker webshop,nee,https://nl.linkedin.com/jobs/view/warehouse-medewerker-fulltime-jobbird-com-at-jobster-4468753436,https://nl.linkedin.com/company/jobster-com,4468753436
Jobster,Warehouse Medewerker - Jobbird.com,Venray,2026-09-21,logistiek medewerker webshop,nee,https://nl.linkedin.com/jobs/view/warehouse-medewerker-jobbird-com-at-jobster-4468759580,https://nl.linkedin.com/company/jobster-com,4468759580
Jobster,Clothing &amp; Lingerie Logistiek Medewerker - Start People,Roermond,2026-09-21,logistiek medewerker webshop,nee,https://nl.linkedin.com/jobs/view/clothing-lingerie-logistiek-medewerker-start-people-at-jobster-4469939282,https://nl.linkedin.com/company/jobster-com,4469939282
Jobster,Logistiek Medewerker - Start People,Winterswijk,2026-09-21,logistiek medewerker webshop,nee,https://nl.linkedin.com/jobs/view/logistiek-medewerker-start-people-at-jobster-4468747454,https://nl.linkedin.com/company/jobster-com,4468747454
Jobster,Logistiek Medewerker (fulltime) - Jobbird.com,Leiden,2026-09-21,logistiek medewerker webshop,nee,https://nl.linkedin.com/jobs/view/logistiek-medewerker-fulltime-jobbird-com-at-jobster-4468731988,https://nl.linkedin.com/company/jobster-com,4468731988
Jobster,Allround Logistiek Medewerker - Uitzendbureau.nl,Zwolle,2026-09-21,logistiek medewerker webshop,nee,https://nl.linkedin.com/jobs/view/allround-logistiek-medewerker-uitzendbureau-nl-at-jobster-4468747116,https://nl.linkedin.com/company/jobster-com,4468747116
Jobster,Logistiek medewerker Zwolle - Uitzendbureau.nl,Zwolle,2026-09-21,logistiek medewerker webshop,nee,https://nl.linkedin.com/jobs/view/logistiek-medewerker-zwolle-uitzendbureau-nl-at-jobster-4468737515,https://nl.linkedin.com/company/jobster-com,4468737515
Jobster,Logistiek Medewerker bij de Bloemenveiling Naaldwijk voor de Avond/Nachtdienst (fulltime) - Jobbird.com,Honselersdijk,2026-09-21,logistiek medewerker webshop,nee,https://nl.linkedin.com/jobs/view/logistiek-medewerker-bij-de-bloemenveiling-naaldwijk-voor-de-avond-nachtdienst-fulltime-jobbird-com-at-jobster-4468747810,https://nl.linkedin.com/company/jobster-com,4468747810
Jobster,Logistiek Medewerker bij de Bloemenveiling Naaldwijk voor de Avond/Nachtdienst - Jobbird.com,Honselersdijk,2026-09-21,logistiek medewerker webshop,nee,https://nl.linkedin.com/jobs/view/logistiek-medewerker-bij-de-bloemenveiling-naaldwijk-voor-de-avond-nachtdienst-jobbird-com-at-jobster-4468746244,https://nl.linkedin.com/company/jobster-com,4468746244
Jobster,Logistiek medewerker / expeditie medewerker | 2-Ploegendienst - ProfMatch,Alkmaar,2026-09-21,logistiek medewerker webshop,nee,https://nl.linkedin.com/jobs/view/logistiek-medewerker-expeditie-medewerker-2-ploegendienst-profmatch-at-jobster-4468718989,https://nl.linkedin.com/company/jobster-com,4468718989
Jobster,Logistiek Medewerker in Regio Zwolle - Uitzendbureau.nl,Zwolle,2026-09-21,logistiek medewerker webshop,nee,https://nl.linkedin.com/jobs/view/logistiek-medewerker-in-regio-zwolle-uitzendbureau-nl-at-jobster-4468719973,https://nl.linkedin.com/company/jobster-com,4468719973
Jobster,Logistiek medewerker (fulltime) - Jobbird.com,Valkenswaard,2026-09-21,logistiek medewerker webshop,nee,https://nl.linkedin.com/jobs/view/logistiek-medewerker-fulltime-jobbird-com-at-jobster-4468744163,https://nl.linkedin.com/company/jobster-com,4468744163
Jobster,Logistiek Medewerker - Jobbird.com,Leiden,2026-09-21,logistiek medewerker webshop,nee,https://nl.linkedin.com/jobs/view/logistiek-medewerker-jobbird-com-at-jobster-4468758551,https://nl.linkedin.com/company/jobster-com,4468758551
Jobster,Allround Logistiek Medewerker (fulltime) - Uitzendbureau.nl,Hoofddorp,2026-09-21,logistiek medewerker webshop,nee,https://nl.linkedin.com/jobs/view/allround-logistiek-medewerker-fulltime-uitzendbureau-nl-at-jobster-4468734931,https://nl.linkedin.com/company/jobster-com,4468734931
Jobster,Logistiek medewerker nachtdienst - Attract,Vriezenveen,2026-09-21,logistiek medewerker webshop,nee,https://nl.linkedin.com/jobs/view/logistiek-medewerker-nachtdienst-attract-at-jobster-4468729913,https://nl.linkedin.com/company/jobster-com,4468729913
Jobster,Allround Logistiek Medewerker (Bloemen &amp; Planten) - Jobbird.com,Aalsmeer,2026-09-21,logistiek medewerker webshop,nee,https://nl.linkedin.com/jobs/view/allround-logistiek-medewerker-bloemen-planten-jobbird-com-at-jobster-4468757197,https://nl.linkedin.com/company/jobster-com,4468757197
Jobster,Logistiek medewerker - Jobbird.com,Valkenswaard,2026-09-21,logistiek medewerker webshop,nee,https://nl.linkedin.com/jobs/view/logistiek-medewerker-jobbird-com-at-jobster-4468759116,https://nl.linkedin.com/company/jobster-com,4468759116
Jobster,Logistiek medewerker - Jobbird.com,Noordwijk-Binnen,2026-09-21,logistiek medewerker webshop,nee,https://nl.linkedin.com/jobs/view/logistiek-medewerker-jobbird-com-at-jobster-4468758504,https://nl.linkedin.com/company/jobster-com,4468758504
Jobster,Logistiek Medewerker (fulltime) - Jobbird.com,Amstelveen,2026-09-21,logistiek medewerker webshop,nee,https://nl.linkedin.com/jobs/view/logistiek-medewerker-fulltime-jobbird-com-at-jobster-4468747676,https://nl.linkedin.com/company/jobster-com,4468747676
Jobster,Expeditie medewerker - Jobbird.com,Bleiswijk,2026-09-21,logistiek medewerker webshop,nee,https://nl.linkedin.com/jobs/view/expeditie-medewerker-jobbird-com-at-jobster-4468733855,https://nl.linkedin.com/company/jobster-com,4468733855
Jobster,Logistiek Medewerker (fulltime) - Jobbird.com,Amstelveen,2026-09-21,logistiek medewerker webshop,nee,https://nl.linkedin.com/jobs/view/logistiek-medewerker-fulltime-jobbird-com-at-jobster-4468742365,https://nl.linkedin.com/company/jobster-com,4468742365
Jobster,Allround logistiek medewerker - Jobbird.com,Veenendaal,2026-09-21,logistiek medewerker webshop,nee,https://nl.linkedin.com/jobs/view/allround-logistiek-medewerker-jobbird-com-at-jobster-4468741364,https://nl.linkedin.com/company/jobster-com,4468741364
Jobster,Allround Logistiek Medewerker (Bloemen &amp; Planten) (fulltime) - Jobbird.com,Aalsmeer,2026-09-21,logistiek medewerker webshop,nee,https://nl.linkedin.com/jobs/view/allround-logistiek-medewerker-bloemen-planten-fulltime-jobbird-com-at-jobster-4468746697,https://nl.linkedin.com/company/jobster-com,4468746697
Jobster,Logistiek medewerker (2-ploegendienst) - Jobbird.com,Alphen aan den Rijn,2026-09-21,logistiek medewerker webshop,nee,https://nl.linkedin.com/jobs/view/logistiek-medewerker-2-ploegendienst-jobbird-com-at-jobster-4468750627,https://nl.linkedin.com/company/jobster-com,4468750627
Jobster,Logistiek Medewerker - Start People,'s-Heerenberg,2026-09-21,logistiek medewerker webshop,nee,https://nl.linkedin.com/jobs/view/logistiek-medewerker-start-people-at-jobster-4468743691,https://nl.linkedin.com/company/jobster-com,4468743691
Jobster,Logistiek Medewerker - Uitzendbureau.nl,Amersfoort,2026-09-21,logistiek medewerker webshop,nee,https://nl.linkedin.com/jobs/view/logistiek-medewerker-uitzendbureau-nl-at-jobster-4468750646,https://nl.linkedin.com/company/jobster-com,4468750646
Jobster,Logistiek Medewerker - Jobbird.com,Amstelveen,2026-09-21,logistiek medewerker webshop,nee,https://nl.linkedin.com/jobs/view/logistiek-medewerker-jobbird-com-at-jobster-4468759566,https://nl.linkedin.com/company/jobster-com,4468759566
Jobster,Logistics Worker Clothing &amp; Lingerie - Start People,Roermond,2026-09-21,logistiek medewerker webshop,nee,https://nl.linkedin.com/jobs/view/logistics-worker-clothing-lingerie-start-people-at-jobster-4468734960,https://nl.linkedin.com/company/jobster-com,4468734960
Jobster,Magazijnmedewerker | Foot Locker Haps - Start People,Nijmegen,2026-09-21,logistiek medewerker webshop,nee,https://nl.linkedin.com/jobs/view/magazijnmedewerker-foot-locker-haps-start-people-at-jobster-4468753263,https://nl.linkedin.com/company/jobster-com,4468753263
Jobster,Logistics Employee | Foot Locker - Start People,Nijmegen,2026-09-21,logistiek medewerker webshop,nee,https://nl.linkedin.com/jobs/view/logistics-employee-foot-locker-start-people-at-jobster-4468753364,https://nl.linkedin.com/company/jobster-com,4468753364
Jobster,Logistiek Medewerker Dagdienst - Start People,Enschede,2026-09-21,logistiek medewerker webshop,nee,https://nl.linkedin.com/jobs/view/logistiek-medewerker-dagdienst-start-people-at-jobster-4468753777,https://nl.linkedin.com/company/jobster-com,4468753777
Jobster,Logistiek medewerker - Unique,Tilburg,2026-09-21,logistiek medewerker webshop,nee,https://nl.linkedin.com/jobs/view/logistiek-medewerker-unique-at-jobster-4468747597,https://nl.linkedin.com/company/jobster-com,4468747597
Jobster,Logistiek medewerker Hattemerbroek - Uitzendbureau.nl,Zwolle,2026-09-21,logistiek medewerker webshop,nee,https://nl.linkedin.com/jobs/view/logistiek-medewerker-hattemerbroek-uitzendbureau-nl-at-jobster-4468752082,https://nl.linkedin.com/company/jobster-com,4468752082
Jobster,Logistiek Medewerker - Jobbird.com,Amstelveen,2026-09-21,logistiek medewerker webshop,nee,https://nl.linkedin.com/jobs/view/logistiek-medewerker-jobbird-com-at-jobster-4468758567,https://nl.linkedin.com/company/jobster-com,4468758567
Jobster,Logistiek Medewerker (fulltime) - Jobbird.com,Alkmaar,2026-09-21,logistiek medewerker webshop,nee,https://nl.linkedin.com/jobs/view/logistiek-medewerker-fulltime-jobbird-com-at-jobster-4468745750,https://nl.linkedin.com/company/jobster-com,4468745750
Jobster,Logistiek Medewerker (fulltime) - Jobbird.com,Amstelveen,2026-09-21,logistiek medewerker webshop,nee,https://nl.linkedin.com/jobs/view/logistiek-medewerker-fulltime-jobbird-com-at-jobster-4468740556,https://nl.linkedin.com/company/jobster-com,4468740556
Jobster,Allround Logistiek Medewerker - Uitzendbureau.nl,Hoofddorp,2026-09-21,logistiek medewerker webshop,nee,https://nl.linkedin.com/jobs/view/allround-logistiek-medewerker-uitzendbureau-nl-at-jobster-4468747006,https://nl.linkedin.com/company/jobster-com,4468747006
Jobster,Logistiek medewerker - Westerduin,Apeldoorn,2026-09-21,logistiek medewerker webshop,nee,https://nl.linkedin.com/jobs/view/logistiek-medewerker-westerduin-at-jobster-4468745538,https://nl.linkedin.com/company/jobster-com,4468745538
Jobster,Logistiek medewerker Wapenveld - Uitzendbureau.nl,Zwolle,2026-09-21,logistiek medewerker webshop,nee,https://nl.linkedin.com/jobs/view/logistiek-medewerker-wapenveld-uitzendbureau-nl-at-jobster-4468738640,https://nl.linkedin.com/company/jobster-com,4468738640
Jobster,Logistiek Medewerker - Jobbird.com,Amstelveen,2026-09-21,logistiek medewerker webshop,nee,https://nl.linkedin.com/jobs/view/logistiek-medewerker-jobbird-com-at-jobster-4468739976,https://nl.linkedin.com/company/jobster-com,4468739976
Jobster,Expeditie medewerker (nacht) - Jobbird.com,Bleiswijk,2026-09-21,logistiek medewerker webshop,nee,https://nl.linkedin.com/jobs/view/expeditie-medewerker-nacht-jobbird-com-at-jobster-4468749348,https://nl.linkedin.com/company/jobster-com,4468749348
Jobster,Logistiek medewerker Wezep - Uitzendbureau.nl,Zwolle,2026-09-21,logistiek medewerker webshop,nee,https://nl.linkedin.com/jobs/view/logistiek-medewerker-wezep-uitzendbureau-nl-at-jobster-4468750385,https://nl.linkedin.com/company/jobster-com,4468750385
Jobster,Logistiek Medewerker (fulltime) - Jobbird.com,Amstelveen,2026-09-21,logistiek medewerker webshop,nee,https://nl.linkedin.com/jobs/view/logistiek-medewerker-fulltime-jobbird-com-at-jobster-4468763401,https://nl.linkedin.com/company/jobster-com,4468763401
Jobster,Logistiek medewerker Hattem - Uitzendbureau.nl,Zwolle,2026-09-21,logistiek medewerker webshop,nee,https://nl.linkedin.com/jobs/view/logistiek-medewerker-hattem-uitzendbureau-nl-at-jobster-4468740544,https://nl.linkedin.com/company/jobster-com,4468740544
Jobster,Logistiek Medewerker Ploegendienst - Word onmisbaar in het distributieproces! - Uitzendbureau.nl,Epe,2026-09-21,logistiek medewerker webshop,nee,https://nl.linkedin.com/jobs/view/logistiek-medewerker-ploegendienst-word-onmisbaar-in-het-distributieproces%21-uitzendbureau-nl-at-jobster-4468732699,https://nl.linkedin.com/company/jobster-com,4468732699
Jobster,Warehouse Employee | Clothing &amp; Lingerie - Start People,Roermond,2026-09-21,logistiek medewerker webshop,nee,https://nl.linkedin.com/jobs/view/warehouse-employee-clothing-lingerie-start-people-at-jobster-4468725946,https://nl.linkedin.com/company/jobster-com,4468725946
Jobster,Allround Logistiek Medewerker - Uitzendbureau.nl,Rosmalen,2026-09-21,logistiek medewerker webshop,nee,https://nl.linkedin.com/jobs/view/allround-logistiek-medewerker-uitzendbureau-nl-at-jobster-4468744775,https://nl.linkedin.com/company/jobster-com,4468744775
Jobster,Order Picker and Packer Healthcare UPS - Start People,Venlo,2026-09-21,logistiek medewerker webshop,nee,https://nl.linkedin.com/jobs/view/order-picker-and-packer-healthcare-ups-start-people-at-jobster-4468756204,https://nl.linkedin.com/company/jobster-com,4468756204
Jobster,Logistiek Medewerker bij de Bloemenveiling Naaldwijk voor de Avond/Nachtdienst (fulltime) - Uitzendbureau.nl,Honselersdijk,2026-09-21,logistiek medewerker webshop,nee,https://nl.linkedin.com/jobs/view/logistiek-medewerker-bij-de-bloemenveiling-naaldwijk-voor-de-avond-nachtdienst-fulltime-uitzendbureau-nl-at-jobster-4468740924,https://nl.linkedin.com/company/jobster-com,4468740924
Jobster,Logistiek medewerker Wijhe - Uitzendbureau.nl,Zwolle,2026-09-21,logistiek medewerker webshop,nee,https://nl.linkedin.com/jobs/view/logistiek-medewerker-wijhe-uitzendbureau-nl-at-jobster-4468745127,https://nl.linkedin.com/company/jobster-com,4468745127
Jobster,Logistiek Medewerker - Jobbird.com,Alkmaar,2026-09-21,logistiek medewerker webshop,nee,https://nl.linkedin.com/jobs/view/logistiek-medewerker-jobbird-com-at-jobster-4468761482,https://nl.linkedin.com/company/jobster-com,4468761482
Jobster,Logistiek medewerker - Start People,Dodewaard,2026-09-21,logistiek medewerker webshop,nee,https://nl.linkedin.com/jobs/view/logistiek-medewerker-start-people-at-jobster-4469940224,https://nl.linkedin.com/company/jobster-com,4469940224
Jobster,Logistiek Medewerker - Uitzendbureau.nl,Rotterdam,2026-09-21,logistiek medewerker webshop,nee,https://nl.linkedin.com/jobs/view/logistiek-medewerker-uitzendbureau-nl-at-jobster-4468757569,https://nl.linkedin.com/company/jobster-com,4468757569
Jobster,Logistiek medewerker Heino - Uitzendbureau.nl,Zwolle,2026-09-21,logistiek medewerker webshop,nee,https://nl.linkedin.com/jobs/view/logistiek-medewerker-heino-uitzendbureau-nl-at-jobster-4468746236,https://nl.linkedin.com/company/jobster-com,4468746236
Jobster,Warehouse Medewerker (fulltime) - Uitzendbureau.nl,Venray,2026-09-21,logistiek medewerker webshop,nee,https://nl.linkedin.com/jobs/view/warehouse-medewerker-fulltime-uitzendbureau-nl-at-jobster-4468746131,https://nl.linkedin.com/company/jobster-com,4468746131
Jobster,Logistiek Medewerker - Jobbird.com,Amstelveen,2026-09-21,logistiek medewerker webshop,nee,https://nl.linkedin.com/jobs/view/logistiek-medewerker-jobbird-com-at-jobster-4468744840,https://nl.linkedin.com/company/jobster-com,4468744840
Jobster,Logistiek medewerker - Attract,Harderwijk,2026-09-21,logistiek medewerker webshop,nee,https://nl.linkedin.com/jobs/view/logistiek-medewerker-attract-at-jobster-4468747496,https://nl.linkedin.com/company/jobster-com,4468747496
Jobster,Warehouse Medewerker (fulltime) - Jobbird.com,Gemert,2026-09-21,logistiek medewerker webshop,nee,https://nl.linkedin.com/jobs/view/warehouse-medewerker-fulltime-jobbird-com-at-jobster-4468749614,https://nl.linkedin.com/company/jobster-com,4468749614
Jobster,Logistiek medewerker - Unique,Winterswijk,2026-09-21,logistiek medewerker webshop,nee,https://nl.linkedin.com/jobs/view/logistiek-medewerker-unique-at-jobster-4468758453,https://nl.linkedin.com/company/jobster-com,4468758453
Jobster,Logistiek Medewerker bij de Bloemenveiling Naaldwijk voor de Avond/Nachtdienst - Uitzendbureau.nl,Honselersdijk,2026-09-21,logistiek medewerker webshop,nee,https://nl.linkedin.com/jobs/view/logistiek-medewerker-bij-de-bloemenveiling-naaldwijk-voor-de-avond-nachtdienst-uitzendbureau-nl-at-jobster-4468734703,https://nl.linkedin.com/company/jobster-com,4468734703
Jobster,Warehouse Medewerker - Uitzendbureau.nl,Venray,2026-09-21,logistiek medewerker webshop,nee,https://nl.linkedin.com/jobs/view/warehouse-medewerker-uitzendbureau-nl-at-jobster-4468738944,https://nl.linkedin.com/company/jobster-com,4468738944
Jobster,Content Marketeer ASA &amp; Easy Way,Nijmegen,2026-09-21,content specialist webshop,nee,https://nl.linkedin.com/jobs/view/content-marketeer-asa-easy-way-at-jobster-4468748133,https://nl.linkedin.com/company/jobster-com,4468748133
Jobster,Content Marketeer ASA &amp; Easy Way - ASA Talent,Nijmegen,2026-09-21,content specialist webshop,nee,https://nl.linkedin.com/jobs/view/content-marketeer-asa-easy-way-asa-talent-at-jobster-4468739902,https://nl.linkedin.com/company/jobster-com,4468739902
JOG Group,SEO/GEO Specialist,Alblasserdam,2026-09-11,content specialist webshop,nee,https://nl.linkedin.com/jobs/view/seo-geo-specialist-at-jog-group-4463963185,https://nl.linkedin.com/company/jog-group,4463963185
Joybuy,Category Manager-3C,Rotterdam,2026-08-31,webshop beheerder,nee,https://nl.linkedin.com/jobs/view/category-manager-3c-at-joybuy-4459217559,https://www.linkedin.com/company/joybuy-retail,4459217559
Jumbo Supermarkten,Medewerker Proces &amp; Goederenverwerking,Zwolle,2026-09-01,webshop medewerker,nee,https://nl.linkedin.com/jobs/view/medewerker-proces-goederenverwerking-at-jumbo-supermarkten-4433694971,https://nl.linkedin.com/company/jumbo-supermarkten,4433694971
Jumbo Supermarkten,Medewerker Proces &amp; Goederenverwerking,Boxtel,2026-09-01,webshop medewerker,nee,https://nl.linkedin.com/jobs/view/medewerker-proces-goederenverwerking-at-jumbo-supermarkten-4460267960,https://nl.linkedin.com/company/jumbo-supermarkten,4460267960
Jumbo Supermarkten,Medewerker Proces &amp; Goederenverwerking,Berg en Dal,2026-09-01,webshop medewerker,nee,https://nl.linkedin.com/jobs/view/medewerker-proces-goederenverwerking-at-jumbo-supermarkten-4460282662,https://nl.linkedin.com/company/jumbo-supermarkten,4460282662
Jumbo Supermarkten,Medewerker Proces &amp; Goederenverwerking,Den Ham,2026-09-01,webshop medewerker,nee,https://nl.linkedin.com/jobs/view/medewerker-proces-goederenverwerking-at-jumbo-supermarkten-4460636276,https://nl.linkedin.com/company/jumbo-supermarkten,4460636276
Jumbo Supermarkten,Vulploegmedewerker,Tilburg,2026-09-01,webshop medewerker,nee,https://nl.linkedin.com/jobs/view/vulploegmedewerker-at-jumbo-supermarkten-4460274843,https://nl.linkedin.com/company/jumbo-supermarkten,4460274843
Jumbo Supermarkten,Vulploegmedewerker,Den Haag,2026-09-01,webshop medewerker,nee,https://nl.linkedin.com/jobs/view/vulploegmedewerker-at-jumbo-supermarkten-4374656956,https://nl.linkedin.com/company/jumbo-supermarkten,4374656956
Jumbo Supermarkten,Versmedewerker,Breda,2026-09-01,webshop medewerker,nee,https://nl.linkedin.com/jobs/view/versmedewerker-at-jumbo-supermarkten-4231944582,https://nl.linkedin.com/company/jumbo-supermarkten,4231944582
Jumbo Supermarkten,Medewerker Proces &amp; Goederenverwerking,Amsterdam,2026-09-02,webshop medewerker,nee,https://nl.linkedin.com/jobs/view/medewerker-proces-goederenverwerking-at-jumbo-supermarkten-4451663953,https://nl.linkedin.com/company/jumbo-supermarkten,4451663953
Jumbo Supermarkten,Medewerker Proces &amp; Goederenverwerking,Bodegraven,2026-09-02,webshop medewerker,nee,https://nl.linkedin.com/jobs/view/medewerker-proces-goederenverwerking-at-jumbo-supermarkten-4366891590,https://nl.linkedin.com/company/jumbo-supermarkten,4366891590
Jumbo Supermarkten,Medewerker Proces &amp; Goederenverwerking,Zevenhuizen,2026-09-02,webshop medewerker,nee,https://nl.linkedin.com/jobs/view/medewerker-proces-goederenverwerking-at-jumbo-supermarkten-4451663954,https://nl.linkedin.com/company/jumbo-supermarkten,4451663954
Jumbo Supermarkten,Medewerker Proces &amp; Goederenverwerking,Rosmalen,2026-09-02,webshop medewerker,nee,https://nl.linkedin.com/jobs/view/medewerker-proces-goederenverwerking-at-jumbo-supermarkten-4374380517,https://nl.linkedin.com/company/jumbo-supermarkten,4374380517
Jumbo Supermarkten,Vulploegmedewerker,Veenendaal,2026-09-02,webshop medewerker,nee,https://nl.linkedin.com/jobs/view/vulploegmedewerker-at-jumbo-supermarkten-4442664809,https://nl.linkedin.com/company/jumbo-supermarkten,4442664809
Jumbo Supermarkten,Medewerker Proces &amp; Goederenverwerking,Rotterdam,2026-09-03,webshop medewerker,nee,https://nl.linkedin.com/jobs/view/medewerker-proces-goederenverwerking-at-jumbo-supermarkten-4434318029,https://nl.linkedin.com/company/jumbo-supermarkten,4434318029
Jumbo Supermarkten,Medewerker Proces &amp; Goederenverwerking,Tilburg,2026-09-03,webshop medewerker,nee,https://nl.linkedin.com/jobs/view/medewerker-proces-goederenverwerking-at-jumbo-supermarkten-4367496380,https://nl.linkedin.com/company/jumbo-supermarkten,4367496380
Jumbo Supermarkten,Medewerker Proces &amp; Goederenverwerking,Surhuisterveen,2026-09-03,webshop medewerker,nee,https://nl.linkedin.com/jobs/view/medewerker-proces-goederenverwerking-at-jumbo-supermarkten-4461685752,https://nl.linkedin.com/company/jumbo-supermarkten,4461685752
Jumbo Supermarkten,Vulploegmedewerker,Rotterdam,2026-09-03,webshop medewerker,nee,https://nl.linkedin.com/jobs/view/vulploegmedewerker-at-jumbo-supermarkten-4434353236,https://nl.linkedin.com/company/jumbo-supermarkten,4434353236
Jumbo Supermarkten,Medewerker Proces &amp; Goederenverwerking,Leusden,2026-09-04,webshop medewerker,nee,https://nl.linkedin.com/jobs/view/medewerker-proces-goederenverwerking-at-jumbo-supermarkten-4257996960,https://nl.linkedin.com/company/jumbo-supermarkten,4257996960
Jumbo Supermarkten,Medewerker Proces &amp; Goederenverwerking,Oss,2026-09-04,webshop medewerker,nee,https://nl.linkedin.com/jobs/view/medewerker-proces-goederenverwerking-at-jumbo-supermarkten-4425279561,https://nl.linkedin.com/company/jumbo-supermarkten,4425279561
Jumbo Supermarkten,Vulploegmedewerker,Amsterdam,2026-09-04,webshop medewerker,nee,https://nl.linkedin.com/jobs/view/vulploegmedewerker-at-jumbo-supermarkten-4426035455,https://nl.linkedin.com/company/jumbo-supermarkten,4426035455
Jumbo Supermarkten,Medewerker Proces &amp; Goederenverwerking,Belfeld,2026-09-04,webshop medewerker,nee,https://nl.linkedin.com/jobs/view/medewerker-proces-goederenverwerking-at-jumbo-supermarkten-4434345480,https://nl.linkedin.com/company/jumbo-supermarkten,4434345480
Jumbo Supermarkten,Versmedewerker,Rotterdam,2026-09-04,webshop medewerker,nee,https://nl.linkedin.com/jobs/view/versmedewerker-at-jumbo-supermarkten-4461969349,https://nl.linkedin.com/company/jumbo-supermarkten,4461969349
Jumbo Supermarkten,Vulploegmedewerker,Helmond,2026-09-04,webshop medewerker,nee,https://nl.linkedin.com/jobs/view/vulploegmedewerker-at-jumbo-supermarkten-4443898643,https://nl.linkedin.com/company/jumbo-supermarkten,4443898643
Jumbo Supermarkten,Medewerker Proces &amp; Goederenverwerking,Houten,2026-09-05,webshop medewerker,nee,https://nl.linkedin.com/jobs/view/medewerker-proces-goederenverwerking-at-jumbo-supermarkten-4462622284,https://nl.linkedin.com/company/jumbo-supermarkten,4462622284
Jumbo Supermarkten,Medewerker Proces &amp; Goederenverwerking,Valkenburg aan de Geul,2026-09-05,webshop medewerker,nee,https://nl.linkedin.com/jobs/view/medewerker-proces-goederenverwerking-at-jumbo-supermarkten-4443862764,https://nl.linkedin.com/company/jumbo-supermarkten,4443862764
Jumbo Supermarkten,Medewerker Proces &amp; Goederenverwerking,Nijmegen,2026-09-05,webshop medewerker,nee,https://nl.linkedin.com/jobs/view/medewerker-proces-goederenverwerking-at-jumbo-supermarkten-4406518836,https://nl.linkedin.com/company/jumbo-supermarkten,4406518836
Jumbo Supermarkten,Vulploegmedewerker,Maartensdijk,2026-09-05,webshop medewerker,nee,https://nl.linkedin.com/jobs/view/vulploegmedewerker-at-jumbo-supermarkten-4435237922,https://nl.linkedin.com/company/jumbo-supermarkten,4435237922
Jumbo Supermarkten,Medewerker Proces &amp; Goederenverwerking,Heemskerk,2026-09-06,webshop medewerker,nee,https://nl.linkedin.com/jobs/view/medewerker-proces-goederenverwerking-at-jumbo-supermarkten-4426650368,https://nl.linkedin.com/company/jumbo-supermarkten,4426650368
Jumbo Supermarkten,Vulploegmedewerker,Alkmaar,2026-09-06,webshop medewerker,nee,https://nl.linkedin.com/jobs/view/vulploegmedewerker-at-jumbo-supermarkten-4351812429,https://nl.linkedin.com/company/jumbo-supermarkten,4351812429
Jumbo Supermarkten,Versmedewerker,Boekel,2026-09-06,webshop medewerker,nee,https://nl.linkedin.com/jobs/view/versmedewerker-at-jumbo-supermarkten-4435237921,https://nl.linkedin.com/company/jumbo-supermarkten,4435237921
Jumbo Supermarkten,Medewerker Proces &amp; Goederenverwerking,Berkel en Rodenrijs,2026-09-07,webshop medewerker,nee,https://nl.linkedin.com/jobs/view/medewerker-proces-goederenverwerking-at-jumbo-supermarkten-4453974884,https://nl.linkedin.com/company/jumbo-supermarkten,4453974884
Jumbo Supermarkten,Medewerker Proces &amp; Goederenverwerking,Barneveld,2026-09-07,webshop medewerker,nee,https://nl.linkedin.com/jobs/view/medewerker-proces-goederenverwerking-at-jumbo-supermarkten-4357630824,https://nl.linkedin.com/company/jumbo-supermarkten,4357630824
Jumbo Supermarkten,Medewerker Proces &amp; Goederenverwerking,Zutphen,2026-09-07,webshop medewerker,nee,https://nl.linkedin.com/jobs/view/medewerker-proces-goederenverwerking-at-jumbo-supermarkten-4407947151,https://nl.linkedin.com/company/jumbo-supermarkten,4407947151
Jumbo Supermarkten,Vulploegmedewerker,Amstelveen,2026-09-07,webshop medewerker,nee,https://nl.linkedin.com/jobs/view/vulploegmedewerker-at-jumbo-supermarkten-4385006461,https://nl.linkedin.com/company/jumbo-supermarkten,4385006461
Jumbo Supermarkten,Vulploegmedewerker,Den Haag,2026-09-07,webshop medewerker,nee,https://nl.linkedin.com/jobs/view/vulploegmedewerker-at-jumbo-supermarkten-4398119423,https://nl.linkedin.com/company/jumbo-supermarkten,4398119423
Jumbo Supermarkten,Medewerker Proces &amp; Goederenverwerking,Hulst,2026-09-08,webshop medewerker,nee,https://nl.linkedin.com/jobs/view/medewerker-proces-goederenverwerking-at-jumbo-supermarkten-4454253944,https://nl.linkedin.com/company/jumbo-supermarkten,4454253944
Jumbo Supermarkten,Medewerker Proces &amp; Goederenverwerking,Wijchen,2026-09-08,webshop medewerker,nee,https://nl.linkedin.com/jobs/view/medewerker-proces-goederenverwerking-at-jumbo-supermarkten-4463529417,https://nl.linkedin.com/company/jumbo-supermarkten,4463529417
Jumbo Supermarkten,Medewerker Proces &amp; Goederenverwerking,Alphen aan den Rijn,2026-09-09,webshop medewerker,nee,https://nl.linkedin.com/jobs/view/medewerker-proces-goederenverwerking-at-jumbo-supermarkten-4445160890,https://nl.linkedin.com/company/jumbo-supermarkten,4445160890
Jumbo Supermarkten,Medewerker Proces &amp; Goederenverwerking,Horst,2026-09-09,webshop medewerker,nee,https://nl.linkedin.com/jobs/view/medewerker-proces-goederenverwerking-at-jumbo-supermarkten-4273283818,https://nl.linkedin.com/company/jumbo-supermarkten,4273283818
Jumbo Supermarkten,Vulploegmedewerker,Driebergen,2026-09-09,webshop medewerker,nee,https://nl.linkedin.com/jobs/view/vulploegmedewerker-at-jumbo-supermarkten-4454755254,https://nl.linkedin.com/company/jumbo-supermarkten,4454755254
Jumbo Supermarkten,Medewerker Proces &amp; Goederenverwerking,Eindhoven,2026-09-09,webshop medewerker,nee,https://nl.linkedin.com/jobs/view/medewerker-proces-goederenverwerking-at-jumbo-supermarkten-4436048027,https://nl.linkedin.com/company/jumbo-supermarkten,4436048027
Jumbo Supermarkten,Versmedewerker,Oudewater,2026-09-09,webshop medewerker,nee,https://nl.linkedin.com/jobs/view/versmedewerker-at-jumbo-supermarkten-4354817360,https://nl.linkedin.com/company/jumbo-supermarkten,4354817360
Jumbo Supermarkten,Medewerker Proces &amp; Goederenverwerking,Zoeterwoude,2026-09-10,webshop medewerker,nee,https://nl.linkedin.com/jobs/view/medewerker-proces-goederenverwerking-at-jumbo-supermarkten-4408374869,https://nl.linkedin.com/company/jumbo-supermarkten,4408374869
Jumbo Supermarkten,Medewerker Proces &amp; Goederenverwerking,Zwolle,2026-09-10,webshop medewerker,nee,https://nl.linkedin.com/jobs/view/medewerker-proces-goederenverwerking-at-jumbo-supermarkten-4464558830,https://nl.linkedin.com/company/jumbo-supermarkten,4464558830
Jumbo Supermarkten,Medewerker Proces &amp; Goederenverwerking,Zwolle,2026-09-10,webshop medewerker,nee,https://nl.linkedin.com/jobs/view/medewerker-proces-goederenverwerking-at-jumbo-supermarkten-4464557880,https://nl.linkedin.com/company/jumbo-supermarkten,4464557880
Jumbo Supermarkten,Medewerker Proces &amp; Goederenverwerking,Reusel,2026-09-10,webshop medewerker,nee,https://nl.linkedin.com/jobs/view/medewerker-proces-goederenverwerking-at-jumbo-supermarkten-4427739212,https://nl.linkedin.com/company/jumbo-supermarkten,4427739212
Jumbo Supermarkten,Medewerker Proces &amp; Goederenverwerking,Heerde,2026-09-10,webshop medewerker,nee,https://nl.linkedin.com/jobs/view/medewerker-proces-goederenverwerking-at-jumbo-supermarkten-4418201469,https://nl.linkedin.com/company/jumbo-supermarkten,4418201469
Jumbo Supermarkten,Vulploegmedewerker,'s-Hertogenbosch,2026-09-10,webshop medewerker,nee,https://nl.linkedin.com/jobs/view/vulploegmedewerker-at-jumbo-supermarkten-4464513645,https://nl.linkedin.com/company/jumbo-supermarkten,4464513645
Jumbo Supermarkten,Vulploegmedewerker,Sint-Oedenrode,2026-09-10,webshop medewerker,nee,https://nl.linkedin.com/jobs/view/vulploegmedewerker-at-jumbo-supermarkten-4428495073,https://nl.linkedin.com/company/jumbo-supermarkten,4428495073
Jumbo Supermarkten,Vulploegmedewerker,IJmuiden,2026-09-10,webshop medewerker,nee,https://nl.linkedin.com/jobs/view/vulploegmedewerker-at-jumbo-supermarkten-4445756284,https://nl.linkedin.com/company/jumbo-supermarkten,4445756284
Jumbo Supermarkten,Medewerker Proces &amp; Goederenverwerking,Oudewater,2026-09-11,webshop medewerker,nee,https://nl.linkedin.com/jobs/view/medewerker-proces-goederenverwerking-at-jumbo-supermarkten-4359128223,https://nl.linkedin.com/company/jumbo-supermarkten,4359128223
Jumbo Supermarkten,Medewerker Proces &amp; Goederenverwerking,Bergen op Zoom,2026-09-11,webshop medewerker,nee,https://nl.linkedin.com/jobs/view/medewerker-proces-goederenverwerking-at-jumbo-supermarkten-4399199755,https://nl.linkedin.com/company/jumbo-supermarkten,4399199755
Jumbo Supermarkten,Medewerker Proces &amp; Goederenverwerking,Zoetermeer,2026-09-11,webshop medewerker,nee,https://nl.linkedin.com/jobs/view/medewerker-proces-goederenverwerking-at-jumbo-supermarkten-4408449091,https://nl.linkedin.com/company/jumbo-supermarkten,4408449091
Jumbo Supermarkten,Medewerker Proces &amp; Goederenverwerking,Zwolle,2026-09-11,webshop medewerker,nee,https://nl.linkedin.com/jobs/view/medewerker-proces-goederenverwerking-at-jumbo-supermarkten-4437054081,https://nl.linkedin.com/company/jumbo-supermarkten,4437054081
Jumbo Supermarkten,Medewerker Proces &amp; Goederenverwerking,Coevorden,2026-09-11,webshop medewerker,nee,https://nl.linkedin.com/jobs/view/medewerker-proces-goederenverwerking-at-jumbo-supermarkten-4307632895,https://nl.linkedin.com/company/jumbo-supermarkten,4307632895
Jumbo Supermarkten,Medewerker Proces &amp; Goederenverwerking,Bladel,2026-09-11,webshop medewerker,nee,https://nl.linkedin.com/jobs/view/medewerker-proces-goederenverwerking-at-jumbo-supermarkten-4465109585,https://nl.linkedin.com/company/jumbo-supermarkten,4465109585
Jumbo Supermarkten,Medewerker Proces &amp; Goederenverwerking,Marknesse,2026-09-11,webshop medewerker,nee,https://nl.linkedin.com/jobs/view/medewerker-proces-goederenverwerking-at-jumbo-supermarkten-4418285517,https://nl.linkedin.com/company/jumbo-supermarkten,4418285517
Jumbo Supermarkten,Medewerker Proces &amp; Goederenverwerking,Arnhem,2026-09-11,webshop medewerker,nee,https://nl.linkedin.com/jobs/view/medewerker-proces-goederenverwerking-at-jumbo-supermarkten-4436205124,https://nl.linkedin.com/company/jumbo-supermarkten,4436205124
Jumbo Supermarkten,Medewerker Proces &amp; Goederenverwerking,Sint-Oedenrode,2026-09-11,webshop medewerker,nee,https://nl.linkedin.com/jobs/view/medewerker-proces-goederenverwerking-at-jumbo-supermarkten-4428703014,https://nl.linkedin.com/company/jumbo-supermarkten,4428703014
Jumbo Supermarkten,Medewerker Proces &amp; Goederenverwerking,Sint-Oedenrode,2026-09-11,webshop medewerker,nee,https://nl.linkedin.com/jobs/view/medewerker-proces-goederenverwerking-at-jumbo-supermarkten-4464875684,https://nl.linkedin.com/company/jumbo-supermarkten,4464875684
Jumbo Supermarkten,Vulploegmedewerker,Amerongen,2026-09-11,webshop medewerker,nee,https://nl.linkedin.com/jobs/view/vulploegmedewerker-at-jumbo-supermarkten-4465126416,https://nl.linkedin.com/company/jumbo-supermarkten,4465126416
Jumbo Supermarkten,Medewerker Proces &amp; Goederenverwerking,Geffen,2026-09-12,webshop medewerker,nee,https://nl.linkedin.com/jobs/view/medewerker-proces-goederenverwerking-at-jumbo-supermarkten-4322058276,https://nl.linkedin.com/company/jumbo-supermarkten,4322058276
Jumbo Supermarkten,Medewerker Proces &amp; Goederenverwerking,Leidschendam,2026-09-12,webshop medewerker,nee,https://nl.linkedin.com/jobs/view/medewerker-proces-goederenverwerking-at-jumbo-supermarkten-4400738599,https://nl.linkedin.com/company/jumbo-supermarkten,4400738599
Jumbo Supermarkten,Vulploegmedewerker,Tilburg,2026-09-12,webshop medewerker,nee,https://nl.linkedin.com/jobs/view/vulploegmedewerker-at-jumbo-supermarkten-4465408627,https://nl.linkedin.com/company/jumbo-supermarkten,4465408627
Jumbo Supermarkten,Medewerker Proces &amp; Goederenverwerking,Son en Breugel,2026-09-13,webshop medewerker,nee,https://nl.linkedin.com/jobs/view/medewerker-proces-goederenverwerking-at-jumbo-supermarkten-4329479062,https://nl.linkedin.com/company/jumbo-supermarkten,4329479062
Jumbo Supermarkten,Medewerker Proces &amp; Goederenverwerking,Terneuzen,2026-09-13,webshop medewerker,nee,https://nl.linkedin.com/jobs/view/medewerker-proces-goederenverwerking-at-jumbo-supermarkten-4437538516,https://nl.linkedin.com/company/jumbo-supermarkten,4437538516
Jumbo Supermarkten,Medewerker Proces &amp; Goederenverwerking,Krimpen aan den IJssel,2026-09-13,webshop medewerker,nee,https://nl.linkedin.com/jobs/view/medewerker-proces-goederenverwerking-at-jumbo-supermarkten-4435201745,https://nl.linkedin.com/company/jumbo-supermarkten,4435201745
Jumbo Supermarkten,Medewerker Proces &amp; Goederenverwerking,Delfzijl,2026-09-13,webshop medewerker,nee,https://nl.linkedin.com/jobs/view/medewerker-proces-goederenverwerking-at-jumbo-supermarkten-4360905472,https://nl.linkedin.com/company/jumbo-supermarkten,4360905472
Jumbo Supermarkten,Medewerker Proces &amp; Goederenverwerking,Nijmegen,2026-09-13,webshop medewerker,nee,https://nl.linkedin.com/jobs/view/medewerker-proces-goederenverwerking-at-jumbo-supermarkten-4409974183,https://nl.linkedin.com/company/jumbo-supermarkten,4409974183
Jumbo Supermarkten,Vulploegmedewerker,Den Haag,2026-09-13,webshop medewerker,nee,https://nl.linkedin.com/jobs/view/vulploegmedewerker-at-jumbo-supermarkten-4402108624,https://nl.linkedin.com/company/jumbo-supermarkten,4402108624
Jumbo Supermarkten,Medewerker Proces &amp; Goederenverwerking,Barendrecht,2026-09-14,webshop medewerker,nee,https://nl.linkedin.com/jobs/view/medewerker-proces-goederenverwerking-at-jumbo-supermarkten-4422526441,https://nl.linkedin.com/company/jumbo-supermarkten,4422526441
Jumbo Supermarkten,Medewerker Proces &amp; Goederenverwerking,Budel,2026-09-14,webshop medewerker,nee,https://nl.linkedin.com/jobs/view/medewerker-proces-goederenverwerking-at-jumbo-supermarkten-4401423733,https://nl.linkedin.com/company/jumbo-supermarkten,4401423733
Jumbo Supermarkten,Medewerker Proces &amp; Goederenverwerking,Zeist,2026-09-14,webshop medewerker,nee,https://nl.linkedin.com/jobs/view/medewerker-proces-goederenverwerking-at-jumbo-supermarkten-4466101698,https://nl.linkedin.com/company/jumbo-supermarkten,4466101698
Jumbo Supermarkten,Medewerker Proces &amp; Goederenverwerking,Purmerend,2026-09-14,webshop medewerker,nee,https://nl.linkedin.com/jobs/view/medewerker-proces-goederenverwerking-at-jumbo-supermarkten-4466106601,https://nl.linkedin.com/company/jumbo-supermarkten,4466106601
Jumbo Supermarkten,Medewerker Proces &amp; Goederenverwerking,Ulvenhout,2026-09-14,webshop medewerker,nee,https://nl.linkedin.com/jobs/view/medewerker-proces-goederenverwerking-at-jumbo-supermarkten-4430072683,https://nl.linkedin.com/company/jumbo-supermarkten,4430072683
Jumbo Supermarkten,Medewerker Proces &amp; Goederenverwerking,Emmen,2026-09-14,webshop medewerker,nee,https://nl.linkedin.com/jobs/view/medewerker-proces-goederenverwerking-at-jumbo-supermarkten-4465762321,https://nl.linkedin.com/company/jumbo-supermarkten,4465762321
Jumbo Supermarkten,Vulploegmedewerker,Son en Breugel,2026-09-14,webshop medewerker,nee,https://nl.linkedin.com/jobs/view/vulploegmedewerker-at-jumbo-supermarkten-4329469380,https://nl.linkedin.com/company/jumbo-supermarkten,4329469380
Jumbo Supermarkten,Medewerker Proces &amp; Goederenverwerking,'s-Hertogenbosch,2026-09-15,webshop medewerker,nee,https://nl.linkedin.com/jobs/view/medewerker-proces-goederenverwerking-at-jumbo-supermarkten-4379699218,https://nl.linkedin.com/company/jumbo-supermarkten,4379699218
Jumbo Supermarkten,Medewerker Proces &amp; Goederenverwerking,Veghel,2026-09-15,webshop medewerker,nee,https://nl.linkedin.com/jobs/view/medewerker-proces-goederenverwerking-at-jumbo-supermarkten-4390971484,https://nl.linkedin.com/company/jumbo-supermarkten,4390971484
Jumbo Supermarkten,Medewerker Proces &amp; Goederenverwerking,Barneveld,2026-09-15,webshop medewerker,nee,https://nl.linkedin.com/jobs/view/medewerker-proces-goederenverwerking-at-jumbo-supermarkten-4368028643,https://nl.linkedin.com/company/jumbo-supermarkten,4368028643
Jumbo Supermarkten,Medewerker Proces &amp; Goederenverwerking,Rosmalen,2026-09-15,webshop medewerker,nee,https://nl.linkedin.com/jobs/view/medewerker-proces-goederenverwerking-at-jumbo-supermarkten-4465901633,https://nl.linkedin.com/company/jumbo-supermarkten,4465901633
Jumbo Supermarkten,Senior Allround Medewerker,'s-Hertogenbosch,2026-09-15,logistiek medewerker webshop,nee,https://nl.linkedin.com/jobs/view/senior-allround-medewerker-at-jumbo-supermarkten-4457465156,https://nl.linkedin.com/company/jumbo-supermarkten,4457465156
Jumbo Supermarkten,Medewerker Proces &amp; Goederenverwerking,Sint-Michielsgestel,2026-09-16,webshop medewerker,nee,https://nl.linkedin.com/jobs/view/medewerker-proces-goederenverwerking-at-jumbo-supermarkten-4457468362,https://nl.linkedin.com/company/jumbo-supermarkten,4457468362
Jumbo Supermarkten,Medewerker Proces &amp; Goederenverwerking,Amersfoort,2026-09-17,webshop medewerker,nee,https://nl.linkedin.com/jobs/view/medewerker-proces-goederenverwerking-at-jumbo-supermarkten-4391680268,https://nl.linkedin.com/company/jumbo-supermarkten,4391680268
Jumbo Supermarkten,Medewerker Proces &amp; Goederenverwerking,Arnhem,2026-09-17,webshop medewerker,nee,https://nl.linkedin.com/jobs/view/medewerker-proces-goederenverwerking-at-jumbo-supermarkten-4467559133,https://nl.linkedin.com/company/jumbo-supermarkten,4467559133
Jumbo Supermarkten,Medewerker Proces &amp; Goederenverwerking,Venray,2026-09-17,webshop medewerker,nee,https://nl.linkedin.com/jobs/view/medewerker-proces-goederenverwerking-at-jumbo-supermarkten-4240225250,https://nl.linkedin.com/company/jumbo-supermarkten,4240225250
Jumbo Supermarkten,Medewerker Proces &amp; Goederenverwerking,Hengelo,2026-09-17,webshop medewerker,nee,https://nl.linkedin.com/jobs/view/medewerker-proces-goederenverwerking-at-jumbo-supermarkten-4281340660,https://nl.linkedin.com/company/jumbo-supermarkten,4281340660
Jumbo Supermarkten,Medewerker Proces &amp; Goederenverwerking,Geleen,2026-09-17,webshop medewerker,nee,https://nl.linkedin.com/jobs/view/medewerker-proces-goederenverwerking-at-jumbo-supermarkten-4391910462,https://nl.linkedin.com/company/jumbo-supermarkten,4391910462
Jumbo Supermarkten,Medewerker Proces &amp; Goederenverwerking,Enschede,2026-09-17,webshop medewerker,nee,https://nl.linkedin.com/jobs/view/medewerker-proces-goederenverwerking-at-jumbo-supermarkten-4467546337,https://nl.linkedin.com/company/jumbo-supermarkten,4467546337
Jumbo Supermarkten,Medewerker Proces &amp; Goederenverwerking,Nuenen,2026-09-17,webshop medewerker,nee,https://nl.linkedin.com/jobs/view/medewerker-proces-goederenverwerking-at-jumbo-supermarkten-4467582606,https://nl.linkedin.com/company/jumbo-supermarkten,4467582606
Jumbo Supermarkten,Versmedewerker,Weert,2026-09-17,webshop medewerker,nee,https://nl.linkedin.com/jobs/view/versmedewerker-at-jumbo-supermarkten-4457986375,https://nl.linkedin.com/company/jumbo-supermarkten,4457986375
Jumbo Supermarkten,Medewerker Proces &amp; Goederenverwerking,Geldrop,2026-09-18,webshop medewerker,nee,https://nl.linkedin.com/jobs/view/medewerker-proces-goederenverwerking-at-jumbo-supermarkten-4432249703,https://nl.linkedin.com/company/jumbo-supermarkten,4432249703
Jumbo Supermarkten,Vulploegmedewerker,Middelburg,2026-09-18,webshop medewerker,nee,https://nl.linkedin.com/jobs/view/vulploegmedewerker-at-jumbo-supermarkten-4422868387,https://nl.linkedin.com/company/jumbo-supermarkten,4422868387
Jumbo Supermarkten,Medewerker Proces &amp; Goederenverwerking,Drachten,2026-09-18,webshop medewerker,nee,https://nl.linkedin.com/jobs/view/medewerker-proces-goederenverwerking-at-jumbo-supermarkten-4413810386,https://nl.linkedin.com/company/jumbo-supermarkten,4413810386
Jumbo Supermarkten,Medewerker Proces &amp; Goederenverwerking,Bolsward,2026-09-18,webshop medewerker,nee,https://nl.linkedin.com/jobs/view/medewerker-proces-goederenverwerking-at-jumbo-supermarkten-4404201247,https://nl.linkedin.com/company/jumbo-supermarkten,4404201247
Jumbo Supermarkten,Vulploegmedewerker,Amersfoort,2026-09-18,webshop medewerker,nee,https://nl.linkedin.com/jobs/view/vulploegmedewerker-at-jumbo-supermarkten-4440254463,https://nl.linkedin.com/company/jumbo-supermarkten,4440254463
Jumbo Supermarkten,Medewerker Proces &amp; Goederenverwerking,Maarheeze,2026-09-19,webshop medewerker,nee,https://nl.linkedin.com/jobs/view/medewerker-proces-goederenverwerking-at-jumbo-supermarkten-4459410179,https://nl.linkedin.com/company/jumbo-supermarkten,4459410179
Jumbo Supermarkten,Medewerker Proces &amp; Goederenverwerking,Coevorden,2026-09-19,webshop medewerker,nee,https://nl.linkedin.com/jobs/view/medewerker-proces-goederenverwerking-at-jumbo-supermarkten-4265888463,https://nl.linkedin.com/company/jumbo-supermarkten,4265888463
Jumbo Supermarkten,Medewerker Proces &amp; Goederenverwerking,Leeuwarden,2026-09-19,webshop medewerker,nee,https://nl.linkedin.com/jobs/view/medewerker-proces-goederenverwerking-at-jumbo-supermarkten-4458954613,https://nl.linkedin.com/company/jumbo-supermarkten,4458954613
Jumbo Supermarkten,Vulploegmedewerker,Bodegraven,2026-09-19,webshop medewerker,nee,https://nl.linkedin.com/jobs/view/vulploegmedewerker-at-jumbo-supermarkten-4431825952,https://nl.linkedin.com/company/jumbo-supermarkten,4431825952
Jumbo Supermarkten,Vulploegmedewerker,Doorwerth,2026-09-19,webshop medewerker,nee,https://nl.linkedin.com/jobs/view/vulploegmedewerker-at-jumbo-supermarkten-4458968330,https://nl.linkedin.com/company/jumbo-supermarkten,4458968330
Jumbo Supermarkten,Medewerker Proces &amp; Goederenverwerking,Harderwijk,2026-09-20,webshop medewerker,nee,https://nl.linkedin.com/jobs/view/medewerker-proces-goederenverwerking-at-jumbo-supermarkten-4231944581,https://nl.linkedin.com/company/jumbo-supermarkten,4231944581
Jumbo Supermarkten,Medewerker Proces &amp; Goederenverwerking,Assen,2026-09-20,webshop medewerker,nee,https://nl.linkedin.com/jobs/view/medewerker-proces-goederenverwerking-at-jumbo-supermarkten-4459481438,https://nl.linkedin.com/company/jumbo-supermarkten,4459481438
Jumbo Supermarkten,Medewerker Proces &amp; Goederenverwerking,'s-Hertogenbosch,2026-09-20,webshop medewerker,nee,https://nl.linkedin.com/jobs/view/medewerker-proces-goederenverwerking-at-jumbo-supermarkten-4414163190,https://nl.linkedin.com/company/jumbo-supermarkten,4414163190
Jumbo Supermarkten,Medewerker Proces &amp; Goederenverwerking,Uden,2026-09-20,webshop medewerker,nee,https://nl.linkedin.com/jobs/view/medewerker-proces-goederenverwerking-at-jumbo-supermarkten-4413559519,https://nl.linkedin.com/company/jumbo-supermarkten,4413559519
Jumbo Supermarkten,Medewerker Proces &amp; Goederenverwerking,Bunde,2026-09-20,webshop medewerker,nee,https://nl.linkedin.com/jobs/view/medewerker-proces-goederenverwerking-at-jumbo-supermarkten-4256160174,https://nl.linkedin.com/company/jumbo-supermarkten,4256160174
Jumbo Supermarkten,Medewerker Proces &amp; Goederenverwerking,Bakel,2026-09-20,webshop medewerker,nee,https://nl.linkedin.com/jobs/view/medewerker-proces-goederenverwerking-at-jumbo-supermarkten-4459492285,https://nl.linkedin.com/company/jumbo-supermarkten,4459492285
Jumbo Supermarkten,Medewerker Proces &amp; Goederenverwerking,Noordwolde,2026-09-20,webshop medewerker,nee,https://nl.linkedin.com/jobs/view/medewerker-proces-goederenverwerking-at-jumbo-supermarkten-4448779437,https://nl.linkedin.com/company/jumbo-supermarkten,4448779437
Jumbo Supermarkten,Medewerker Proces &amp; Goederenverwerking,Enschede,2026-09-20,webshop medewerker,nee,https://nl.linkedin.com/jobs/view/medewerker-proces-goederenverwerking-at-jumbo-supermarkten-4415068465,https://nl.linkedin.com/company/jumbo-supermarkten,4415068465
Jumbo Supermarkten,Vulploegmedewerker,Den Haag,2026-09-20,webshop medewerker,nee,https://nl.linkedin.com/jobs/view/vulploegmedewerker-at-jumbo-supermarkten-4330455362,https://nl.linkedin.com/company/jumbo-supermarkten,4330455362
Jumbo Supermarkten,Medewerker Proces &amp; Goederenverwerking,Zwolle,2026-09-21,webshop medewerker,nee,https://nl.linkedin.com/jobs/view/medewerker-proces-goederenverwerking-at-jumbo-supermarkten-4468762696,https://nl.linkedin.com/company/jumbo-supermarkten,4468762696
Jumbo Supermarkten,Medewerker Proces &amp; Goederenverwerking,Panningen,2026-09-21,webshop medewerker,nee,https://nl.linkedin.com/jobs/view/medewerker-proces-goederenverwerking-at-jumbo-supermarkten-4382447390,https://nl.linkedin.com/company/jumbo-supermarkten,4382447390
Jumbo Supermarkten,Vulploegmedewerker,Weert,2026-09-21,webshop medewerker,nee,https://nl.linkedin.com/jobs/view/vulploegmedewerker-at-jumbo-supermarkten-3960753697,https://nl.linkedin.com/company/jumbo-supermarkten,3960753697
Jumbo Supermarkten,Versmedewerker,Veghel,2026-09-21,webshop medewerker,nee,https://nl.linkedin.com/jobs/view/versmedewerker-at-jumbo-supermarkten-4372560201,https://nl.linkedin.com/company/jumbo-supermarkten,4372560201
Jumbo Supermarkten,Medewerker Proces &amp; Goederenverwerking,Makkum,2026-09-21,webshop medewerker,nee,https://nl.linkedin.com/jobs/view/medewerker-proces-goederenverwerking-at-jumbo-supermarkten-4192701626,https://nl.linkedin.com/company/jumbo-supermarkten,4192701626
Jumbo Supermarkten,Medewerker Proces &amp; Goederenverwerking,Gorssel,2026-09-22,webshop medewerker,nee,https://nl.linkedin.com/jobs/view/medewerker-proces-goederenverwerking-at-jumbo-supermarkten-4411173482,https://nl.linkedin.com/company/jumbo-supermarkten,4411173482
Jumbo Supermarkten,Medewerker Proces &amp; Goederenverwerking,Loosdrecht,2026-09-22,webshop medewerker,nee,https://nl.linkedin.com/jobs/view/medewerker-proces-goederenverwerking-at-jumbo-supermarkten-4225020542,https://nl.linkedin.com/company/jumbo-supermarkten,4225020542
Jumbo Supermarkten,Medewerker Proces &amp; Goederenverwerking,Cuijk,2026-09-22,webshop medewerker,nee,https://nl.linkedin.com/jobs/view/medewerker-proces-goederenverwerking-at-jumbo-supermarkten-4460051555,https://nl.linkedin.com/company/jumbo-supermarkten,4460051555
Jumbo Supermarkten,Medewerker Proces &amp; Goederenverwerking,Nieuwerkerk aan den IJssel,2026-09-22,webshop medewerker,nee,https://nl.linkedin.com/jobs/view/medewerker-proces-goederenverwerking-at-jumbo-supermarkten-4460005913,https://nl.linkedin.com/company/jumbo-supermarkten,4460005913
Jumbo Supermarkten,Vulploegmedewerker,Zeist,2026-09-22,webshop medewerker,nee,https://nl.linkedin.com/jobs/view/vulploegmedewerker-at-jumbo-supermarkten-4469008047,https://nl.linkedin.com/company/jumbo-supermarkten,4469008047
Jumbo Supermarkten,Versmedewerker,Harderwijk,2026-09-22,webshop medewerker,nee,https://nl.linkedin.com/jobs/view/versmedewerker-at-jumbo-supermarkten-4136766222,https://nl.linkedin.com/company/jumbo-supermarkten,4136766222
Just Brands - Fashion &amp; Retail,ECOMMERCE PRODUCT LAUNCH SPECIALIST,Lijnden,2026-09-05,e-commerce medewerker,nee,https://nl.linkedin.com/jobs/view/ecommerce-product-launch-specialist-at-just-brands-fashion-retail-4444710321,https://nl.linkedin.com/company/just-brands,4444710321
JYSK,Logistiek Medewerker Retail,Brunssum,2026-03-30,logistiek medewerker webshop,nee,https://nl.linkedin.com/jobs/view/logistiek-medewerker-retail-at-jysk-4395054268,https://dk.linkedin.com/company/jysk,4395054268
JYSK,Logistiek Medewerker Retail,Capelle aan den IJssel,2026-04-22,logistiek medewerker webshop,nee,https://nl.linkedin.com/jobs/view/logistiek-medewerker-retail-at-jysk-4402429594,https://dk.linkedin.com/company/jysk,4402429594
JYSK,Logistiek Medewerker Retail,Venlo,2026-05-07,logistiek medewerker webshop,nee,https://nl.linkedin.com/jobs/view/logistiek-medewerker-retail-at-jysk-4409277758,https://dk.linkedin.com/company/jysk,4409277758
JYSK,Logistiek Medewerker,Dordrecht,2026-05-22,logistiek medewerker webshop,nee,https://nl.linkedin.com/jobs/view/logistiek-medewerker-at-jysk-4414302309,https://dk.linkedin.com/company/jysk,4414302309
JYSK,Logistiek Medewerker Retail,Bergen op Zoom,2026-06-15,logistiek medewerker webshop,nee,https://nl.linkedin.com/jobs/view/logistiek-medewerker-retail-at-jysk-4425769765,https://dk.linkedin.com/company/jysk,4425769765
JYSK,Logistiek Medewerker Retail,Vlaardingen,2026-06-29,logistiek medewerker webshop,nee,https://nl.linkedin.com/jobs/view/logistiek-medewerker-retail-at-jysk-4431075989,https://dk.linkedin.com/company/jysk,4431075989
JYSK,Logistiek Medewerker Retail,Utrecht,2026-07-15,logistiek medewerker webshop,nee,https://nl.linkedin.com/jobs/view/logistiek-medewerker-retail-at-jysk-4438074209,https://dk.linkedin.com/company/jysk,4438074209
JYSK,Logistiek Medewerker Retail,Gorinchem,2026-07-16,logistiek medewerker webshop,nee,https://nl.linkedin.com/jobs/view/logistiek-medewerker-retail-at-jysk-4438730125,https://dk.linkedin.com/company/jysk,4438730125
JYSK,Logistiek Medewerker Retail,Spijkenisse,2026-08-05,logistiek medewerker webshop,nee,https://nl.linkedin.com/jobs/view/logistiek-medewerker-retail-at-jysk-4447386367,https://dk.linkedin.com/company/jysk,4447386367
JYSK,Medewerker magazijn/verkoop,Helmond,2026-08-06,logistiek medewerker webshop,nee,https://nl.linkedin.com/jobs/view/medewerker-magazijn-verkoop%C2%A0-at-jysk-4448083488,https://dk.linkedin.com/company/jysk,4448083488
JYSK,Logistiek Medewerker Retail,Amsterdam,2026-08-07,logistiek medewerker webshop,nee,https://nl.linkedin.com/jobs/view/logistiek-medewerker-retail-at-jysk-4449207050,https://dk.linkedin.com/company/jysk,4449207050
JYSK,Logistiek Medewerker Retail,Den Haag,2026-08-13,logistiek medewerker webshop,nee,https://nl.linkedin.com/jobs/view/logistiek-medewerker-retail-at-jysk-4450495724,https://dk.linkedin.com/company/jysk,4450495724
JYSK,Logistiek Medewerker Retail,Aalsmeer,2026-08-13,logistiek medewerker webshop,nee,https://nl.linkedin.com/jobs/view/logistiek-medewerker-retail-at-jysk-4450479977,https://dk.linkedin.com/company/jysk,4450479977
JYSK,Logistiek Medewerker Retail,Gouda,2026-08-13,logistiek medewerker webshop,nee,https://nl.linkedin.com/jobs/view/logistiek-medewerker-retail-at-jysk-4450490490,https://dk.linkedin.com/company/jysk,4450490490
JYSK,Logistiek Medewerker Retail,Cruquius,2026-08-13,logistiek medewerker webshop,nee,https://nl.linkedin.com/jobs/view/logistiek-medewerker-retail-at-jysk-4450478456,https://dk.linkedin.com/company/jysk,4450478456
JYSK,Logistiek Medewerker Retail,Delft,2026-08-24,logistiek medewerker webshop,nee,https://nl.linkedin.com/jobs/view/logistiek-medewerker-retail-at-jysk-4455850639,https://dk.linkedin.com/company/jysk,4455850639
JYSK,Logistiek Medewerker Retail,Houten,2026-08-27,logistiek medewerker webshop,nee,https://nl.linkedin.com/jobs/view/logistiek-medewerker-retail-at-jysk-4457747409,https://dk.linkedin.com/company/jysk,4457747409
JYSK,Logistiek Medewerker Retail,Zoetermeer,2026-08-27,logistiek medewerker webshop,nee,https://nl.linkedin.com/jobs/view/logistiek-medewerker-retail-at-jysk-4458009037,https://dk.linkedin.com/company/jysk,4458009037
JYSK,Logistiek Medewerker Retail,Amersfoort,2026-08-31,logistiek medewerker webshop,nee,https://nl.linkedin.com/jobs/view/logistiek-medewerker-retail-at-jysk-4458879773,https://dk.linkedin.com/company/jysk,4458879773
JYSK,Logistiek Medewerker Retail,Capelle aan den IJssel,2026-09-01,logistiek medewerker webshop,nee,https://nl.linkedin.com/jobs/view/logistiek-medewerker-retail-at-jysk-4459542135,https://dk.linkedin.com/company/jysk,4459542135
JYSK,Logistiek Medewerker Retail,Purmerend,2026-09-01,logistiek medewerker webshop,nee,https://nl.linkedin.com/jobs/view/logistiek-medewerker-retail-at-jysk-4459299336,https://dk.linkedin.com/company/jysk,4459299336
JYSK,Medewerker magazijn/verkoop,Weert,2026-09-03,logistiek medewerker webshop,nee,https://nl.linkedin.com/jobs/view/medewerker-magazijn-verkoop%C2%A0-at-jysk-4460459730,https://dk.linkedin.com/company/jysk,4460459730
JYSK,Logistiek Medewerker,Middelburg,2026-09-05,logistiek medewerker webshop,nee,https://nl.linkedin.com/jobs/view/logistiek-medewerker-at-jysk-4461449808,https://dk.linkedin.com/company/jysk,4461449808
JYSK,Logistiek Medewerker Retail,Dronten,2026-09-07,logistiek medewerker webshop,nee,https://nl.linkedin.com/jobs/view/logistiek-medewerker-retail-at-jysk-4461883472,https://dk.linkedin.com/company/jysk,4461883472
JYSK,Logistiek Medewerker,Winterswijk,2026-09-07,logistiek medewerker webshop,nee,https://nl.linkedin.com/jobs/view/logistiek-medewerker-at-jysk-4462207834,https://dk.linkedin.com/company/jysk,4462207834
JYSK,Logistiek Medewerker Retail,Amsterdam,2026-09-07,logistiek medewerker webshop,nee,https://nl.linkedin.com/jobs/view/logistiek-medewerker-retail-at-jysk-4461897460,https://dk.linkedin.com/company/jysk,4461897460
JYSK,Logistiek Medewerker Retail,Venlo,2026-09-11,logistiek medewerker webshop,nee,https://nl.linkedin.com/jobs/view/logistiek-medewerker-retail-at-jysk-4463974050,https://dk.linkedin.com/company/jysk,4463974050
JYSK,Logistiek Medewerker Retail,Woerden,2026-09-18,logistiek medewerker webshop,nee,https://nl.linkedin.com/jobs/view/logistiek-medewerker-retail-at-jysk-4466684076,https://dk.linkedin.com/company/jysk,4466684076
JYSK,Logistiek Medewerker Retail,Hazerswoude Rijndijk,2026-09-18,logistiek medewerker webshop,nee,https://nl.linkedin.com/jobs/view/logistiek-medewerker-retail-at-jysk-4466680128,https://dk.linkedin.com/company/jysk,4466680128
JYSK,Logistiek Medewerker Retail,Leiderdorp,2026-09-18,logistiek medewerker webshop,nee,https://nl.linkedin.com/jobs/view/logistiek-medewerker-retail-at-jysk-4466664940,https://dk.linkedin.com/company/jysk,4466664940
JYSK,Logistiek Medewerker Retail,Waalwijk,2026-09-21,logistiek medewerker webshop,nee,https://nl.linkedin.com/jobs/view/logistiek-medewerker-retail-at-jysk-4467378207,https://dk.linkedin.com/company/jysk,4467378207
JYSK,Logistiek Medewerker Retail,Barendrecht,2026-09-21,logistiek medewerker webshop,nee,https://nl.linkedin.com/jobs/view/logistiek-medewerker-retail-at-jysk-4467363384,https://dk.linkedin.com/company/jysk,4467363384
Kamer van Koophandel,Senior online contentspecialist,Utrecht,2026-09-21,content specialist webshop,nee,https://nl.linkedin.com/jobs/view/senior-online-contentspecialist-at-kamer-van-koophandel-4469876001,https://nl.linkedin.com/company/kamer-van-koophandel,4469876001
Kamera Express,Medewerker Retouren &amp; Reparaties,Capelle aan den IJssel,2026-09-02,webshop medewerker,nee,https://nl.linkedin.com/jobs/view/medewerker-retouren-reparaties-at-kamera-express-4460998560,https://nl.linkedin.com/company/kamera-express,4460998560
Kamera Express,Content Specialist Tweedehands,Capelle aan den IJssel,2026-09-07,e-commerce medewerker,nee,https://nl.linkedin.com/jobs/view/content-specialist-tweedehands-at-kamera-express-4462941649,https://nl.linkedin.com/company/kamera-express,4462941649
Kao EMEA &amp; Americas,E-Commerce Intern,Amersfoort,2026-09-15,webshop beheerder,nee,https://nl.linkedin.com/jobs/view/e-commerce-intern-at-kao-emea-americas-4458523793,https://jp.linkedin.com/company/kao-usa-inc-,4458523793
KB nationale bibliotheek,Functioneel Beheerder Website as a Service,Den Haag,2026-09-11,webshop beheerder,nee,https://nl.linkedin.com/jobs/view/functioneel-beheerder-website-as-a-service-at-kb-nationale-bibliotheek-4464888947,https://nl.linkedin.com/company/koninklijke-bibliotheek,4464888947
Kelvion,Manager Order Management,Almere,2026-09-08,orderverwerking,nee,https://nl.linkedin.com/jobs/view/manager-order-management-at-kelvion-4464628809,https://de.linkedin.com/company/kelvionhx,4464628809
Kelvion,Manager Order Management,Doetinchem,2026-09-17,orderverwerking,nee,https://nl.linkedin.com/jobs/view/manager-order-management-at-kelvion-4455758980,https://de.linkedin.com/company/kelvionhx,4455758980
Keter,E-Commerce Specialist,Rijen,2026-07-23,e-commerce medewerker,nee,https://nl.linkedin.com/jobs/view/e-commerce-specialist-at-keter-4444439140,https://uk.linkedin.com/company/keter,4444439140
Keter,Specialist eCommerce,Rijen,2026-08-24,e-commerce medewerker,nee,https://nl.linkedin.com/jobs/view/specialist-ecommerce-at-keter-4456862711,https://uk.linkedin.com/company/keter,4456862711
"Kibidango, Inc.",ECマネージャー,Eindhoven,2026-08-05,e-commerce medewerker,nee,https://nl.linkedin.com/jobs/view/ec%E3%83%9E%E3%83%8D%E3%83%BC%E3%82%B8%E3%83%A3%E3%83%BC-at-kibidango-inc-4447370247,https://jp.linkedin.com/company/kibidango,4447370247
KickSo,ONLINE MARKETEER,Breda,2025-06-11,online marketeer webshop,nee,https://nl.linkedin.com/jobs/view/online-marketeer-at-kickso-4249093853,https://nl.linkedin.com/company/kickso,4249093853
KickSo,SENIOR E-COMMERCE STRATEEG,Breda,2026-05-18,online marketeer webshop,nee,https://nl.linkedin.com/jobs/view/senior-e-commerce-strateeg-at-kickso-4416271656,https://nl.linkedin.com/company/kickso,4416271656
KLG Europe,Allround Loodsmedewerker Warehouse (Logistiek Medewerker),Venlo,2026-07-24,logistiek medewerker webshop,nee,https://nl.linkedin.com/jobs/view/allround-loodsmedewerker-warehouse-logistiek-medewerker-at-klg-europe-4444389537,https://nl.linkedin.com/company/klg-europe-logistics,4444389537
KLG Europe,Loodsmedewerker Warehouse,Venlo,2026-08-19,logistiek medewerker webshop,nee,https://nl.linkedin.com/jobs/view/loodsmedewerker-warehouse-at-klg-europe-4456306690,https://nl.linkedin.com/company/klg-europe-logistics,4456306690
Knivesandtools,Performance Marketeer Internationale E-commerce,Apeldoorn,2026-06-01,e-commerce medewerker,nee,https://nl.linkedin.com/jobs/view/performance-marketeer-internationale-e-commerce-at-knivesandtools-4421895814,https://nl.linkedin.com/company/knivesandtools-kato,4421895814
Knivesandtools,Klantenservice medewerker e-commerce Apeldoorn (32-40 uur),Apeldoorn,2026-07-17,e-commerce medewerker,nee,https://nl.linkedin.com/jobs/view/klantenservice-medewerker-e-commerce-apeldoorn-32-40-uur-at-knivesandtools-4441984192,https://nl.linkedin.com/company/knivesandtools-kato,4441984192
Knivesandtools,Social Media Marketeer,Apeldoorn,2026-09-14,online marketeer webshop,nee,https://nl.linkedin.com/jobs/view/social-media-marketeer-at-knivesandtools-4467064099,https://nl.linkedin.com/company/knivesandtools-kato,4467064099
Koninklijke Rotra Groep,Content Marketeer,Doesburg,2026-09-18,content specialist webshop,nee,https://nl.linkedin.com/jobs/view/content-marketeer-at-koninklijke-rotra-groep-4469134377,https://nl.linkedin.com/company/koninklijke-rotra-groep,4469134377
Koopman International B.V.,Magazijnmedewerker Emmeloord,Emmeloord,2026-01-04,logistiek medewerker webshop,nee,https://nl.linkedin.com/jobs/view/magazijnmedewerker-emmeloord-at-koopman-international-b-v-4354371023,https://nl.linkedin.com/company/koopman-international-b-v-,4354371023
Koopman International B.V.,Magazijnmedewerker Amsterdam,Amsterdam,2026-07-09,logistiek medewerker webshop,nee,https://nl.linkedin.com/jobs/view/magazijnmedewerker-amsterdam-at-koopman-international-b-v-4438626771,https://nl.linkedin.com/company/koopman-international-b-v-,4438626771
Kroon-Oil,Export Medewerker Binnendienst,Almelo,2026-08-31,orderverwerking,nee,https://nl.linkedin.com/jobs/view/export-medewerker-binnendienst-at-kroon-oil-4461082328,https://nl.linkedin.com/company/kroonoil,4461082328
Kruidvat,Logistiek Medewerker,Ede,2026-09-16,logistiek medewerker webshop,nee,https://nl.linkedin.com/jobs/view/logistiek-medewerker-at-kruidvat-4110541057,https://nl.linkedin.com/company/kruidvat,4110541057
Kwantum,Meewerkstage 3e jaar Shop &amp; Content Leen Bakker,Geertruidenberg,2026-05-22,webshop beheerder,nee,https://nl.linkedin.com/jobs/view/meewerkstage-3e-jaar-shop-content-leen-bakker-at-kwantum-4414802441,https://nl.linkedin.com/company/kwantum,4414802441
Kwantum,E commerce Specialist - Merchandising &amp; Content,Geertruidenberg,2026-08-18,e-commerce medewerker,nee,https://nl.linkedin.com/jobs/view/e-commerce-specialist-merchandising-content-at-kwantum-4454181057,https://nl.linkedin.com/company/kwantum,4454181057
Kwantum,Meewerkstage E-commerce bij Kwantum,Tilburg,2026-09-15,webshop medewerker,nee,https://nl.linkedin.com/jobs/view/meewerkstage-e-commerce-bij-kwantum-at-kwantum-4466951786,https://nl.linkedin.com/company/kwantum,4466951786
L. ten Cate BV,Customer Service Medewerker,Enschede en omgeving,2026-09-11,e-commerce medewerker,nee,https://nl.linkedin.com/jobs/view/customer-service-medewerker-at-l-ten-cate-bv-4466347431,https://nl.linkedin.com/company/l.-ten-cate-bv,4466347431
La Souris,Performance Marketeer - Doetinchem,Doetinchem,2026-09-04,online marketeer webshop,nee,https://nl.linkedin.com/jobs/view/performance-marketeer-doetinchem-at-la-souris-4463392052,https://nl.linkedin.com/company/la-souris-scooter,4463392052
Lamb Weston EMEA,Logistiek Medewerker,Kruiningen,2026-07-21,logistiek medewerker webshop,nee,https://nl.linkedin.com/jobs/view/logistiek-medewerker-at-lamb-weston-emea-4402937978,https://nl.linkedin.com/company/lambwestonemea,4402937978
Landal,Content Specialist,Amsterdam,2026-07-30,content specialist webshop,nee,https://nl.linkedin.com/jobs/view/content-specialist-at-landal-4447061366,https://nl.linkedin.com/company/landal,4447061366
Lead Today,Content Marketeer,Rotterdam,2026-07-10,content specialist webshop,nee,https://nl.linkedin.com/jobs/view/content-marketeer-at-lead-today-4438335013,https://nl.linkedin.com/company/lead-today,4438335013
Leen Bakker,Meewerkstage 3e jaar Shop &amp; Content Leen Bakker,Geertruidenberg,2026-05-22,webshop beheerder,nee,https://nl.linkedin.com/jobs/view/meewerkstage-3e-jaar-shop-content-leen-bakker-at-leen-bakker-4414803426,https://nl.linkedin.com/company/leen-bakker,4414803426
Leen Bakker,E commerce Specialist - Merchandising &amp; Content,Geertruidenberg,2026-08-18,e-commerce medewerker,nee,https://nl.linkedin.com/jobs/view/e-commerce-specialist-merchandising-content-at-leen-bakker-4454170846,https://nl.linkedin.com/company/leen-bakker,4454170846
Leen Bakker,Meewerkstage E-commerce bij Kwantum,Tilburg,2026-09-15,webshop beheerder,nee,https://nl.linkedin.com/jobs/view/meewerkstage-e-commerce-bij-kwantum-at-leen-bakker-4466954750,https://nl.linkedin.com/company/leen-bakker,4466954750
Lekkerland Nederland B.V.,Webanalist,Son en Breugel,2026-09-18,webshop beheerder,nee,https://nl.linkedin.com/jobs/view/webanalist-at-lekkerland-nederland-b-v-4469128135,https://nl.linkedin.com/company/lekkerland-nederland-bv,4469128135
Lely,Manager Lely Store,Maassluis,2026-09-03,webshop beheerder,nee,https://nl.linkedin.com/jobs/view/manager-lely-store-at-lely-4462897549,https://nl.linkedin.com/company/lely-industries-nv,4462897549
Leolux Furniture Group,Online marketeer,Venlo,2026-09-10,online marketeer webshop,nee,https://nl.linkedin.com/jobs/view/online-marketeer-at-leolux-furniture-group-4465653313,https://nl.linkedin.com/company/leolux-furniture-group,4465653313
LG Electronics Benelux - Life's Good,Medewerker Salesondersteuning,Amstelveen,2026-08-26,e-commerce medewerker,nee,https://nl.linkedin.com/jobs/view/medewerker-salesondersteuning-at-lg-electronics-benelux-4457265943,https://nl.linkedin.com/company/lg-electronics-benelux,4457265943
LHS by Spot Group,CONTENT MARKETEER,Volendam,2026-09-12,content specialist webshop,nee,https://nl.linkedin.com/jobs/view/content-marketeer-at-lhs-global-4464280141,https://be.linkedin.com/company/lhs-by-spot-group,4464280141
Lidl Nederland,Orderpicker distributiecentrum Waddinxveen (24-40 uur).,Waddinxveen,2026-05-01,logistiek medewerker webshop,nee,https://nl.linkedin.com/jobs/view/orderpicker-distributiecentrum-waddinxveen-24-40-uur-at-lidl-nederland-4409185312,https://nl.linkedin.com/company/lidl-nederland,4409185312
Lidl Nederland,Orderpicker distributiecentrum Weert (Engelse variant).,Weert,2026-08-10,orderverwerking,nee,https://nl.linkedin.com/jobs/view/orderpicker-distributiecentrum-weert-engelse-variant-at-lidl-nederland-4451518623,https://nl.linkedin.com/company/lidl-nederland,4451518623
Lidl Nederland,Orderpicker distributiecentrum Weert.,Weert,2026-08-10,logistiek medewerker webshop,nee,https://nl.linkedin.com/jobs/view/orderpicker-distributiecentrum-weert-at-lidl-nederland-4451505954,https://nl.linkedin.com/company/lidl-nederland,4451505954
Lidl Nederland,Medewerker goederenontvangst distributiecentrum Waddinxveen (32-40 uur).,Waddinxveen,2026-08-10,logistiek medewerker webshop,nee,https://nl.linkedin.com/jobs/view/medewerker-goederenontvangst-distributiecentrum-waddinxveen-32-40-uur-at-lidl-nederland-4438623479,https://nl.linkedin.com/company/lidl-nederland,4438623479
Lidl Nederland,Orderpicker distributiecentrum Etten-Leur (16-40 uur).,Etten-Leur,2026-08-10,logistiek medewerker webshop,nee,https://nl.linkedin.com/jobs/view/orderpicker-distributiecentrum-etten-leur-16-40-uur-at-lidl-nederland-4451513831,https://nl.linkedin.com/company/lidl-nederland,4451513831
Lidl Nederland,Orderpicker distributiecentrum Almere (16-40 uur).,Almere,2026-08-17,logistiek medewerker webshop,nee,https://nl.linkedin.com/jobs/view/orderpicker-distributiecentrum-almere-16-40-uur-at-lidl-nederland-4455322967,https://nl.linkedin.com/company/lidl-nederland,4455322967
Lidl Nederland,Orderpicker avonddienst distributiecentrum Waddinxveen (24-40 uur).,Waddinxveen,2026-08-23,logistiek medewerker webshop,nee,https://nl.linkedin.com/jobs/view/orderpicker-avonddienst-distributiecentrum-waddinxveen-24-40-uur-at-lidl-nederland-4457881423,https://nl.linkedin.com/company/lidl-nederland,4457881423
Lidl Nederland,Orderpicker evening shift distributiecentrum Waddinxveen (24-40 hour).,Waddinxveen,2026-08-27,logistiek medewerker webshop,nee,https://nl.linkedin.com/jobs/view/orderpicker-evening-shift-distributiecentrum-waddinxveen-24-40-hour-at-lidl-nederland-4459862336,https://nl.linkedin.com/company/lidl-nederland,4459862336
Lidl Nederland,Orderpicker diepvries distributiecentrum Almere (24-40 uur).,Almere,2026-09-10,logistiek medewerker webshop,nee,https://nl.linkedin.com/jobs/view/orderpicker-diepvries-distributiecentrum-almere-24-40-uur-at-lidl-nederland-4465610368,https://nl.linkedin.com/company/lidl-nederland,4465610368
Lidl Nederland,Medewerker expeditie Etten-Leur (32-40 uur).,Etten-Leur,2026-09-15,logistiek medewerker webshop,nee,https://nl.linkedin.com/jobs/view/medewerker-expeditie-etten-leur-32-40-uur-at-lidl-nederland-4467070745,https://nl.linkedin.com/company/lidl-nederland,4467070745
Lidl Nederland,Orderpicker distributioncenter Almere.,Almere,2026-09-17,logistiek medewerker webshop,nee,https://nl.linkedin.com/jobs/view/orderpicker-distributioncenter-almere-at-lidl-nederland-4467186332,https://nl.linkedin.com/company/lidl-nederland,4467186332
LifeGoods Group,Marketplace Manager Bol,Almere,2026-09-08,e-commerce medewerker,nee,https://nl.linkedin.com/jobs/view/marketplace-manager-bol-at-lifegoods-group-4464466402,https://nl.linkedin.com/company/lifegoodsgroup,4464466402
Linkedtalent,Commercieel Medewerker Binnendienst,Zwolle,2026-07-31,e-commerce medewerker,nee,https://nl.linkedin.com/jobs/view/commercieel-medewerker-binnendienst-at-linkedtalent-4456927878,https://nl.linkedin.com/company/linkedtalent,4456927878
Linkedtalent,Medewerker Inside Sales,Zwartewaterland,2026-07-31,e-commerce medewerker,nee,https://nl.linkedin.com/jobs/view/medewerker-inside-sales-at-linkedtalent-4456931919,https://nl.linkedin.com/company/linkedtalent,4456931919
Linkedtalent,Logistiek Medewerker – Verkoper,Genemuiden,2026-07-31,orderverwerking,nee,https://nl.linkedin.com/jobs/view/logistiek-medewerker-%E2%80%93-verkoper-at-linkedtalent-4456920875,https://nl.linkedin.com/company/linkedtalent,4456920875
Linkedtalent,LOGISTIEK MEDEWERKER MET VERKOOPTALENT,Zwolle,2026-07-31,orderverwerking,nee,https://nl.linkedin.com/jobs/view/logistiek-medewerker-met-verkooptalent-at-linkedtalent-4456924964,https://nl.linkedin.com/company/linkedtalent,4456924964
Linkedtalent,MEDEWERKER KLANTENSERVICE VERKOOP,Zwolle,2026-07-31,orderverwerking,nee,https://nl.linkedin.com/jobs/view/medewerker-klantenservice-verkoop-at-linkedtalent-4456932867,https://nl.linkedin.com/company/linkedtalent,4456932867
Linkedtalent,Marketing Medewerker,Zwolle,2026-07-31,content specialist webshop,nee,https://nl.linkedin.com/jobs/view/marketing-medewerker-at-linkedtalent-4456934917,https://nl.linkedin.com/company/linkedtalent,4456934917
Linkedtalent,Medewerker Magazijn,Zwartewaterland,2026-08-06,logistiek medewerker webshop,nee,https://nl.linkedin.com/jobs/view/medewerker-magazijn-at-linkedtalent-4448098941,https://nl.linkedin.com/company/linkedtalent,4448098941
Linkedtalent,Orderpicker,Zwartewaterland,2026-08-11,orderverwerking,nee,https://nl.linkedin.com/jobs/view/orderpicker-at-linkedtalent-4456942791,https://nl.linkedin.com/company/linkedtalent,4456942791
Linkedtalent,Orderpicker Genemuiden,Genemuiden,2026-08-13,orderverwerking,nee,https://nl.linkedin.com/jobs/view/orderpicker-genemuiden-at-linkedtalent-4450488204,https://nl.linkedin.com/company/linkedtalent,4450488204
Linkedtalent,Customer Order Specialist,Etten-Leur,2026-08-14,e-commerce medewerker,nee,https://nl.linkedin.com/jobs/view/customer-order-specialist-at-linkedtalent-4456943823,https://nl.linkedin.com/company/linkedtalent,4456943823
Linkedtalent,Medewerker Inside Sales,Dronten,2026-08-15,e-commerce medewerker,nee,https://nl.linkedin.com/jobs/view/medewerker-inside-sales-at-linkedtalent-4464148228,https://nl.linkedin.com/company/linkedtalent,4464148228
Linkedtalent,Coördinator Commerciële Binnendienst,Zwartewaterland,2026-08-21,orderverwerking,nee,https://nl.linkedin.com/jobs/view/co%C3%B6rdinator-commerci%C3%ABle-binnendienst-at-linkedtalent-4464129530,https://nl.linkedin.com/company/linkedtalent,4464129530
Little Dutch,Digitaal ontwerper,Berkel en Rodenrijs,2026-09-08,webshop beheerder,nee,https://nl.linkedin.com/jobs/view/digitaal-ontwerper-at-little-dutch-4463258174,https://nl.linkedin.com/company/littledutch,4463258174
Loodgieters Veenstra,Vacature: SEO Specialist Tiel,Tiel,2026-09-02,content specialist webshop,nee,https://nl.linkedin.com/jobs/view/vacature-seo-specialist-tiel-at-loodgieters-veenstra-4460976113,https://www.linkedin.com/company/loodgieters-veenstra,4460976113
Loods 5,Magazijnmedewerker / Logistiek medewerker - Loods 5 Halfweg,Halfweg,2026-07-21,logistiek medewerker webshop,nee,https://nl.linkedin.com/jobs/view/magazijnmedewerker-logistiek-medewerker-loods-5-halfweg-at-loods-5-4440412118,https://nl.linkedin.com/company/loods-5,4440412118
LUMZ,Commercieel medewerker binnendienst,IJsselstein,2026-07-10,e-commerce medewerker,nee,https://nl.linkedin.com/jobs/view/commercieel-medewerker-binnendienst-at-lumz-4439023555,https://nl.linkedin.com/company/lumz-bv,4439023555
Lupo Recruitment,Customer Service Medewerker,Huizen,2026-09-21,orderverwerking,nee,https://nl.linkedin.com/jobs/view/customer-service-medewerker-at-lupo-recruitment-4469892301,https://nl.linkedin.com/company/lupo-recruitment,4469892301
MADA Connect,Medewerker verkoopondersteuning,Voorhout,2026-09-10,e-commerce medewerker,nee,https://nl.linkedin.com/jobs/view/medewerker-verkoopondersteuning-at-mada-connect-4465805056,https://nl.linkedin.com/company/mada-connect,4465805056
Maiburg,Online Performance Marketeer,Waalwijk,2026-08-26,e-commerce medewerker,nee,https://nl.linkedin.com/jobs/view/online-performance-marketeer-at-maiburg-4459308136,https://nl.linkedin.com/company/maiburg,4459308136
Mainfreight,Logistiek Team Member Warehousing - Mainfreight 's-Heerenberg,'s-Heerenberg,2026-09-13,logistiek medewerker webshop,nee,https://nl.linkedin.com/jobs/view/logistiek-team-member-warehousing-mainfreight-s-heerenberg-at-mainfreight-europe-4465486363,https://nl.linkedin.com/company/mainfreight-europe,4465486363
Mainfreight,Team Member Warehousing,Born,2026-09-13,logistiek medewerker webshop,nee,https://nl.linkedin.com/jobs/view/team-member-warehousing-at-mainfreight-europe-4465493312,https://nl.linkedin.com/company/mainfreight-europe,4465493312
MARC INBANE® Official,E-commerce Manager,Tilburg,2026-08-24,webshop beheerder,nee,https://nl.linkedin.com/jobs/view/e-commerce-manager-at-marc-inbane-b-v-4456893823,https://nl.linkedin.com/company/marc-inbane-b-v-,4456893823
Marie-Stella-Maris (B Corp),E-commerce Specialist,Amsterdam,2026-09-09,e-commerce medewerker,nee,https://nl.linkedin.com/jobs/view/e-commerce-specialist-at-marie-stella-maris-b-corp-4465099318,https://nl.linkedin.com/company/marie-stella-maris,4465099318
MarketPlace Expert,Project Manager,Koog aan de Zaan,2026-08-24,e-commerce medewerker,nee,https://nl.linkedin.com/jobs/view/project-manager-at-marketplace-expert-b-v-4456706850,https://nl.linkedin.com/company/mpexpert,4456706850
Mastermate,E-commerce Manager,Apeldoorn,2026-07-29,webshop beheerder,nee,https://nl.linkedin.com/jobs/view/e-commerce-manager-at-mastermate-4446581501,https://nl.linkedin.com/company/mastermate,4446581501
Matt Sleeps,E-commerce &amp; CRO specialist,Amsterdam,2026-05-29,e-commerce medewerker,ja,https://nl.linkedin.com/jobs/view/e-commerce-cro-specialist-at-matt-sleeps-4420925045,https://nl.linkedin.com/company/matt-sleeps,4420925045
Matt Sleeps,Designer,Amsterdam,2026-05-29,online marketeer webshop,ja,https://nl.linkedin.com/jobs/view/designer-at-matt-sleeps-4420928047,https://nl.linkedin.com/company/matt-sleeps,4420928047
Matt Sleeps,AI performance marketeer,Amsterdam,2026-06-03,online marketeer webshop,ja,https://nl.linkedin.com/jobs/view/ai-performance-marketeer-at-matt-sleeps-4422987876,https://nl.linkedin.com/company/matt-sleeps,4422987876
Matt Sleeps,Senior Customer Support Agent,Amsterdam,2026-07-23,e-commerce medewerker,ja,https://nl.linkedin.com/jobs/view/senior-customer-support-agent-at-matt-sleeps-4444459103,https://nl.linkedin.com/company/matt-sleeps,4444459103
Media Vacatures,Multi Ratio: Marketingmedewerker,Zutphen,2026-02-23,e-commerce medewerker,nee,https://nl.linkedin.com/jobs/view/multi-ratio-marketingmedewerker-at-media-vacatures-4377014816,https://nl.linkedin.com/company/mediavacatures,4377014816
MediaMarkt Benelux,Accountmanager Marketplace,Rotterdam,2026-09-01,e-commerce medewerker,nee,https://nl.linkedin.com/jobs/view/accountmanager-marketplace-at-mediamarkt-benelux-4337872786,https://nl.linkedin.com/company/mediamarkt-benelux,4337872786
MediaMarkt Benelux,SEO Specialist,Rotterdam,2026-09-03,content specialist webshop,nee,https://nl.linkedin.com/jobs/view/seo-specialist-at-mediamarkt-benelux-4450165409,https://nl.linkedin.com/company/mediamarkt-benelux,4450165409
MediaMarkt Benelux,Customer Care Specialist Marketplace,Rotterdam,2026-09-17,e-commerce medewerker,nee,https://nl.linkedin.com/jobs/view/customer-care-specialist-marketplace-at-mediamarkt-benelux-4448057233,https://nl.linkedin.com/company/mediamarkt-benelux,4448057233
MediaMarkt Benelux,CRO Manager,Rotterdam,2026-09-18,online marketeer webshop,nee,https://nl.linkedin.com/jobs/view/cro-manager-at-mediamarkt-benelux-4420126401,https://nl.linkedin.com/company/mediamarkt-benelux,4420126401
MediaMarkt Nederland,Verkoopmedewerker Retail Telecom &amp; IT Beek,Beek,2026-09-02,e-commerce medewerker,nee,https://nl.linkedin.com/jobs/view/verkoopmedewerker-retail-telecom-it-beek-at-mediamarkt-nederland-4451655983,https://nl.linkedin.com/company/media-markt-saturn-nederland,4451655983
MediaMarkt Nederland,Verkoopmedewerker Retail Hengelo,Hengelo,2026-09-02,webshop medewerker,nee,https://nl.linkedin.com/jobs/view/verkoopmedewerker-retail-hengelo-at-mediamarkt-nederland-4451666479,https://nl.linkedin.com/company/media-markt-saturn-nederland,4451666479
MediaMarkt Nederland,Verkoopmedewerker Apple (Shop-in-Shop) Zwolle,Zwolle,2026-09-04,webshop medewerker,nee,https://nl.linkedin.com/jobs/view/verkoopmedewerker-apple-shop-in-shop-zwolle-at-mediamarkt-nederland-4450492243,https://nl.linkedin.com/company/media-markt-saturn-nederland,4450492243
MediaMarkt Nederland,Verkoopmedewerker Retail Zwolle,Zwolle,2026-09-04,webshop medewerker,nee,https://nl.linkedin.com/jobs/view/verkoopmedewerker-retail-zwolle-at-mediamarkt-nederland-4450476482,https://nl.linkedin.com/company/media-markt-saturn-nederland,4450476482
MediaMarkt Nederland,Winkelmedewerker Kassa &amp; Service Amsterdam West,Amsterdam,2026-09-08,webshop medewerker,nee,https://nl.linkedin.com/jobs/view/winkelmedewerker-kassa-service-amsterdam-west-at-mediamarkt-nederland-4452272479,https://nl.linkedin.com/company/media-markt-saturn-nederland,4452272479
MediaMarkt Nederland,Verkoopmedewerker Retail Eindhoven,Eindhoven,2026-09-10,e-commerce medewerker,nee,https://nl.linkedin.com/jobs/view/verkoopmedewerker-retail-eindhoven-at-mediamarkt-nederland-4463930217,https://nl.linkedin.com/company/media-markt-saturn-nederland,4463930217
MediaMarkt Nederland,Verkoopmedewerker Retail Almere,Almere,2026-09-10,e-commerce medewerker,nee,https://nl.linkedin.com/jobs/view/verkoopmedewerker-retail-almere-at-mediamarkt-nederland-4463920284,https://nl.linkedin.com/company/media-markt-saturn-nederland,4463920284
MediaMarkt Nederland,Winkelmedewerker Kassa &amp; Service Amersfoort,Amersfoort,2026-09-10,webshop medewerker,nee,https://nl.linkedin.com/jobs/view/winkelmedewerker-kassa-service-amersfoort-at-mediamarkt-nederland-4434536086,https://nl.linkedin.com/company/media-markt-saturn-nederland,4434536086
MediaMarkt Nederland,Winkelmedewerker Kassa &amp; Service Middelburg,Middelburg,2026-09-10,webshop medewerker,nee,https://nl.linkedin.com/jobs/view/winkelmedewerker-kassa-service-middelburg-at-mediamarkt-nederland-4444141808,https://nl.linkedin.com/company/media-markt-saturn-nederland,4444141808
MediaMarkt Nederland,Winkelmedewerker Kassa &amp; Service Breda,Breda,2026-09-10,webshop medewerker,nee,https://nl.linkedin.com/jobs/view/winkelmedewerker-kassa-service-breda-at-mediamarkt-nederland-4453475197,https://nl.linkedin.com/company/media-markt-saturn-nederland,4453475197
MediaMarkt Nederland,Verkoopmedewerker Witgoed Heerhugowaard,Heerhugowaard,2026-09-13,webshop medewerker,nee,https://nl.linkedin.com/jobs/view/verkoopmedewerker-witgoed-heerhugowaard-at-mediamarkt-nederland-4445540035,https://nl.linkedin.com/company/media-markt-saturn-nederland,4445540035
MediaMarkt Nederland,Winkelmedewerker Kassa &amp; Service Zoetermeer,Zoetermeer,2026-09-14,webshop medewerker,nee,https://nl.linkedin.com/jobs/view/winkelmedewerker-kassa-service-zoetermeer-at-mediamarkt-nederland-4465229706,https://nl.linkedin.com/company/media-markt-saturn-nederland,4465229706
MediaMarkt Nederland,Logistiek &amp; Magazijnmedewerker Retail Cruquius,Hoofddorp,2026-09-19,logistiek medewerker webshop,nee,https://nl.linkedin.com/jobs/view/logistiek-magazijnmedewerker-retail-cruquius-at-mediamarkt-nederland-4439238946,https://nl.linkedin.com/company/media-markt-saturn-nederland,4439238946
MediaMarkt Nederland,Logistiek &amp; Magazijnmedewerker Retail Ekkersrijt,Eindhoven,2026-09-21,logistiek medewerker webshop,nee,https://nl.linkedin.com/jobs/view/logistiek-magazijnmedewerker-retail-ekkersrijt-at-mediamarkt-nederland-4467377834,https://nl.linkedin.com/company/media-markt-saturn-nederland,4467377834
Mediaworx,Digitaal Account Strateeg,'s-Hertogenbosch,2026-07-23,online marketeer webshop,nee,https://nl.linkedin.com/jobs/view/digitaal-account-strateeg-at-mediaworx-4443468442,https://nl.linkedin.com/company/mediaworx-advertising,4443468442
Medipoint,Logistiek medewerker,Arnhem,2026-06-26,logistiek medewerker webshop,nee,https://nl.linkedin.com/jobs/view/logistiek-medewerker-at-medipoint-4433865445,https://nl.linkedin.com/company/medipoint,4433865445
Medipoint,Logistiek medewerker,Vianen,2026-07-27,logistiek medewerker webshop,nee,https://nl.linkedin.com/jobs/view/logistiek-medewerker-at-medipoint-4445933923,https://nl.linkedin.com/company/medipoint,4445933923
Medipoint,Logistiek medewerker,De Goorn,2026-08-11,logistiek medewerker webshop,nee,https://nl.linkedin.com/jobs/view/logistiek-medewerker-at-medipoint-4452433840,https://nl.linkedin.com/company/medipoint,4452433840
Medipoint,Logistiek medewerker,Amsterdam,2026-08-31,logistiek medewerker webshop,nee,https://nl.linkedin.com/jobs/view/logistiek-medewerker-at-medipoint-4461208529,https://nl.linkedin.com/company/medipoint,4461208529
Mercantum Medical Care / Westender Pharmaceuticals,Sales Support and Logistics Specialist,Amsterdam,2026-08-27,orderverwerking,nee,https://nl.linkedin.com/jobs/view/sales-support-and-logistics-specialist-at-mercantum-medical-care-westender-pharmaceuticals-4459682904,https://nl.linkedin.com/company/mercantum-medical-care-bv,4459682904
Michael Page,Logistiek Medewerker Magazijn,Rotterdam,2026-09-15,logistiek medewerker webshop,nee,https://nl.linkedin.com/jobs/view/logistiek-medewerker-magazijn-at-michael-page-4467786772,https://uk.linkedin.com/company/michael-page,4467786772
Michael Page,Expeditie medewerker,Dordrecht,2026-09-21,logistiek medewerker webshop,nee,https://nl.linkedin.com/jobs/view/expeditie-medewerker-at-michael-page-4469982010,https://uk.linkedin.com/company/michael-page,4469982010
Midwich Benelux,Sales Support Employee,Ridderkerk,2026-06-19,orderverwerking,nee,https://nl.linkedin.com/jobs/view/sales-support-employee-at-midwich-benelux-4430953561,https://nl.linkedin.com/company/midwich-benelux,4430953561
MK Digital,Commercieel Medewerker Binnendienst,Amsterdam Area,2026-09-17,webshop medewerker,nee,https://nl.linkedin.com/jobs/view/commercieel-medewerker-binnendienst-at-mk-digital-4466631254,https://nl.linkedin.com/company/mkdigitalwervingenselectie,4466631254
Modexpress,Assistant Team Leader in Training (40 hours),Helmond,2026-08-05,e-commerce medewerker,nee,https://nl.linkedin.com/jobs/view/assistant-team-leader-in-training-40-hours-at-modexpress-4449427325,https://nl.linkedin.com/company/fashionmodexpress,4449427325
MOLANO,Magazijnmedewerker,Haarlem,2026-09-21,logistiek medewerker webshop,nee,https://nl.linkedin.com/jobs/view/magazijnmedewerker-at-molano-4469906009,https://nl.linkedin.com/company/molano,4469906009
Moma Beauty,STAGE – E-COMMERCE &amp; WEBSHOPBEHEER (VANAF FEBRUARI 2027),Groenlo,2025-11-10,webshop beheerder,nee,https://nl.linkedin.com/jobs/view/stage-%E2%80%93-e-commerce-webshopbeheer-vanaf-februari-2027-at-moma-beauty-4339673553,https://nl.linkedin.com/company/moma-beauty,4339673553
Moma Beauty,WEBSHOPMANAGER – DERMAROLLING,Groenlo,2026-08-26,webshop medewerker,nee,https://nl.linkedin.com/jobs/view/webshopmanager-%E2%80%93-dermarolling-at-moma-beauty-4457292097,https://nl.linkedin.com/company/moma-beauty,4457292097
Monday Merch,Technical Lead - Merch Platform &amp; ERP - Fast Growing Scale Up,Rotterdam,2026-07-11,webshop beheerder,nee,https://nl.linkedin.com/jobs/view/technical-lead-merch-platform-erp-fast-growing-scale-up-at-monday-merch-4449923388,https://nl.linkedin.com/company/mondaymerch,4449923388
Monday Merch,Warehouse Help | Picking &amp; Packing of Merchandise | Rotterdam,Rotterdam,2026-07-24,e-commerce medewerker,nee,https://nl.linkedin.com/jobs/view/warehouse-help-picking-packing-of-merchandise-rotterdam-at-monday-merch-4444921686,https://nl.linkedin.com/company/mondaymerch,4444921686
Monday Merch,Junior Graphic Designer | Scale-up | Centre of Rotterdam,Rotterdam,2026-07-24,webshop medewerker,nee,https://nl.linkedin.com/jobs/view/junior-graphic-designer-scale-up-centre-of-rotterdam-at-monday-merch-4444948183,https://nl.linkedin.com/company/mondaymerch,4444948183
Monta,Inside Sales Medewerker,Breda,2026-09-09,e-commerce medewerker,nee,https://nl.linkedin.com/jobs/view/inside-sales-medewerker-at-monta-4465019812,https://nl.linkedin.com/company/monta-bv,4465019812
Monta,Key Accountmanager Binnendienst,Breda,2026-09-09,e-commerce medewerker,nee,https://nl.linkedin.com/jobs/view/key-accountmanager-binnendienst-at-monta-4465056035,https://nl.linkedin.com/company/monta-bv,4465056035
Moonpig,Brand &amp; Campaign Marketer (Dutch &amp; English Speaking),Amsterdam,2026-08-19,online marketeer webshop,nee,https://nl.linkedin.com/jobs/view/brand-campaign-marketer-dutch-english-speaking-at-moonpig-4453468060,https://uk.linkedin.com/company/moonpig-com,4453468060
MR MARVIS,Performance Marketing Manager (PPC),Amsterdam,2026-09-17,online marketeer webshop,nee,https://nl.linkedin.com/jobs/view/performance-marketing-manager-ppc-at-mr-marvis-4467500004,https://nl.linkedin.com/company/mrmarvis,4467500004
MR MARVIS,Social Media &amp; Community Specialist,Amsterdam,2026-09-17,content specialist webshop,nee,https://nl.linkedin.com/jobs/view/social-media-community-specialist-at-mr-marvis-4467548665,https://nl.linkedin.com/company/mrmarvis,4467548665
MR MARVIS,CRM Specialist,Amsterdam,2026-09-22,e-commerce medewerker,nee,https://nl.linkedin.com/jobs/view/crm-specialist-at-mr-marvis-4468552827,https://nl.linkedin.com/company/mrmarvis,4468552827
My Jewellery,Performance Marketing Manager,'s-Hertogenbosch,2026-09-14,online marketeer webshop,nee,https://nl.linkedin.com/jobs/view/performance-marketing-manager-at-my-jewellery-4462693335,https://nl.linkedin.com/company/my-jewellery,4462693335
My Jewellery,Data analist e-commerce,'s-Hertogenbosch,2026-09-19,e-commerce medewerker,nee,https://nl.linkedin.com/jobs/view/data-analist-e-commerce-at-my-jewellery-4468094821,https://nl.linkedin.com/company/my-jewellery,4468094821
My Jewellery,SEA Specialist,'s-Hertogenbosch,2026-09-20,online marketeer webshop,nee,https://nl.linkedin.com/jobs/view/sea-specialist-at-my-jewellery-4468451677,https://nl.linkedin.com/company/my-jewellery,4468451677
My Jewellery,Junior Logistiek Medewerker,'s-Hertogenbosch,2026-09-21,logistiek medewerker webshop,nee,https://nl.linkedin.com/jobs/view/junior-logistiek-medewerker-at-my-jewellery-4468747827,https://nl.linkedin.com/company/my-jewellery,4468747827
My Jewellery,Verkoopmedewerker Bijenkorf Eindhoven,Eindhoven,2026-09-22,webshop medewerker,nee,https://nl.linkedin.com/jobs/view/verkoopmedewerker-bijenkorf-eindhoven-at-my-jewellery-4470253492,https://nl.linkedin.com/company/my-jewellery,4470253492
My Jewellery,Online Marketing Manager,'s-Hertogenbosch,2026-09-22,online marketeer webshop,nee,https://nl.linkedin.com/jobs/view/online-marketing-manager-at-my-jewellery-4470258263,https://nl.linkedin.com/company/my-jewellery,4470258263
My Jewellery,Senior Logistiek Medewerker,'s-Hertogenbosch,2026-09-22,logistiek medewerker webshop,nee,https://nl.linkedin.com/jobs/view/senior-logistiek-medewerker-at-my-jewellery-4470241980,https://nl.linkedin.com/company/my-jewellery,4470241980
Nature's Pride,Logistiek Medewerker Inbound,Maasdijk,2026-08-17,logistiek medewerker webshop,nee,https://nl.linkedin.com/jobs/view/logistiek-medewerker-inbound-at-nature-s-pride-4454029034,https://nl.linkedin.com/company/nature's-pride,4454029034
Nedelko,Performance Marketeer (B2B),Barendrecht,2026-09-04,online marketeer webshop,nee,https://nl.linkedin.com/jobs/view/performance-marketeer-b2b-at-nedelko-4463318935,https://nl.linkedin.com/company/nedelko,4463318935
Neele-Vat,Inbound Medewerker Shipspares,Hoofddorp,2026-09-07,orderverwerking,nee,https://nl.linkedin.com/jobs/view/inbound-medewerker-shipspares-at-neele-vat-4464343624,https://nl.linkedin.com/company/neelevat,4464343624
New Balance,Ecommerce Operations Specialist (6 month fixed term),Amsterdam,2026-09-09,webshop beheerder,nee,https://nl.linkedin.com/jobs/view/ecommerce-operations-specialist-6-month-fixed-term-at-new-balance-4465078427,https://www.linkedin.com/company/new-balance,4465078427
New Flag GmbH,Junior E-Commerce Manager,Haarlem,2026-09-01,e-commerce medewerker,nee,https://nl.linkedin.com/jobs/view/junior-e-commerce-manager-at-new-flag-gmbh-4460363795,https://de.linkedin.com/company/new-flag-gmbh,4460363795
New Story,Ervaren Online Marketeer,Noordwijk,2026-07-13,online marketeer webshop,nee,https://nl.linkedin.com/jobs/view/ervaren-online-marketeer-at-new-story-4450720658,https://nl.linkedin.com/company/new-story-agency,4450720658
Nieuwenhuijse Groep,Medewerker Verkoopadministratie bij Nieuwenhuijse (M/V),Apeldoorn,2026-07-17,orderverwerking,nee,https://nl.linkedin.com/jobs/view/medewerker-verkoopadministratie-bij-nieuwenhuijse-m-v-at-nieuwenhuijse-bv-4441977615,https://nl.linkedin.com/company/nieuwenhuijsegroep,4441977615
Nmbrs Payroll,Content Marketeer,Amsterdam,2026-09-17,content specialist webshop,nee,https://nl.linkedin.com/jobs/view/content-marketeer-at-nmbrs-payroll-4456164602,https://nl.linkedin.com/showcase/nmbrs-payroll/,4456164602
NOBEARS,Operational Lead,Heusden,2026-09-21,webshop beheerder,nee,https://nl.linkedin.com/jobs/view/operational-lead-at-nobears-4466305375,https://nl.linkedin.com/company/nobears,4466305375
Nodefy,E-commerce Marketeer,Amsterdam,2026-04-24,online marketeer webshop,nee,https://nl.linkedin.com/jobs/view/e-commerce-marketeer-at-nodefy-4406617891,https://nl.linkedin.com/company/nodefyio,4406617891
NORTVI,Head of Ecommerce,Amsterdam,2026-07-06,webshop beheerder,nee,https://nl.linkedin.com/jobs/view/head-of-ecommerce-at-nortvi-4437191862,https://nl.linkedin.com/company/nortvi,4437191862
NORTVI,Head of Growth,Amsterdam,2026-08-18,online marketeer webshop,nee,https://nl.linkedin.com/jobs/view/head-of-growth-at-nortvi-4455742220,https://nl.linkedin.com/company/nortvi,4455742220
O My Bag Amsterdam,Operations Lead,Amsterdam,2026-09-09,webshop beheerder,nee,https://nl.linkedin.com/jobs/view/operations-lead-at-o-my-bag-amsterdam-4464991556,https://nl.linkedin.com/company/o-my-bag-amsterdam,4464991556
Odido Nederland,Backoffice Medewerker,Den Haag,2026-09-11,orderverwerking,nee,https://nl.linkedin.com/jobs/view/backoffice-medewerker-at-odido-nederland-4447045248,https://nl.linkedin.com/company/odidonederland,4447045248
OGÉR,Creative,Amsterdam,2026-08-24,content specialist webshop,nee,https://nl.linkedin.com/jobs/view/creative-at-og%C3%A9r-4456862930,https://nl.linkedin.com/company/oger-fashion,4456862930
OH Solutions,Medewerker Inkoop &amp; Orderverwerking,Almere,2026-09-11,e-commerce medewerker,nee,https://nl.linkedin.com/jobs/view/medewerker-inkoop-orderverwerking-at-oh-solutions-4453138668,https://www.linkedin.com/company/oh-solutions-nl,4453138668
OH Solutions,Customer Experience Specialist,Almere,2026-09-11,e-commerce medewerker,nee,https://nl.linkedin.com/jobs/view/customer-experience-specialist-at-oh-solutions-4440950989,https://www.linkedin.com/company/oh-solutions-nl,4440950989
OKTOBER,(Senior) Retention Manager (gn) – Email Marketing | Dutch-speaking | Remote worldwide,Nederland,2026-06-29,online marketeer webshop,nee,https://nl.linkedin.com/jobs/view/senior-retention-manager-gn-%E2%80%93-email-marketing-dutch-speaking-remote-worldwide-at-oktober-4434496095,https://nl.linkedin.com/company/oktoberagencycom,4434496095
OKTOBER,(Senior) Retention Manager (gn) – Email Marketing | Dutch-speaking | Remote worldwide,Amsterdam,2026-06-29,online marketeer webshop,nee,https://nl.linkedin.com/jobs/view/senior-retention-manager-gn-%E2%80%93-email-marketing-dutch-speaking-remote-worldwide-at-oktober-4434483806,https://nl.linkedin.com/company/oktoberagencycom,4434483806
OKTOBER,Direct Response Copywriter | gn | Email Retention | Dutch-speaking | Remote,Nederland,2026-08-17,online marketeer webshop,nee,https://nl.linkedin.com/jobs/view/direct-response-copywriter-gn-email-retention-dutch-speaking-remote-at-oktober-4455374379,https://nl.linkedin.com/company/oktoberagencycom,4455374379
OKTOBER,Direct Response Copywriter | gn | Email Retention | Dutch-speaking | Remote,Amsterdam,2026-08-17,online marketeer webshop,nee,https://nl.linkedin.com/jobs/view/direct-response-copywriter-gn-email-retention-dutch-speaking-remote-at-oktober-4455352929,https://nl.linkedin.com/company/oktoberagencycom,4455352929
OKTOBER,Email Copywriter &amp; Account Coordinator | Dutch-speaking | gn | Remote,Nederland,2026-08-24,online marketeer webshop,nee,https://nl.linkedin.com/jobs/view/email-copywriter-account-coordinator-dutch-speaking-gn-remote-at-oktober-4458288496,https://nl.linkedin.com/company/oktoberagencycom,4458288496
OKTOBER,Email Copywriter &amp; Account Coordinator | Dutch-speaking | gn | Remote,Amsterdam,2026-08-24,online marketeer webshop,nee,https://nl.linkedin.com/jobs/view/email-copywriter-account-coordinator-dutch-speaking-gn-remote-at-oktober-4458295352,https://nl.linkedin.com/company/oktoberagencycom,4458295352
Olsam.,Avenir Collective - Account Manager (Bol.com),Utrecht,2026-09-15,e-commerce medewerker,nee,https://nl.linkedin.com/jobs/view/avenir-collective-account-manager-bol-com-at-olsam-4467781920,https://uk.linkedin.com/company/olsam,4467781920
ON THAT ASS,Junior Performance Marketeer,Rosmalen,2026-09-14,online marketeer webshop,nee,https://nl.linkedin.com/jobs/view/junior-performance-marketeer-at-on-that-ass-4437786345,https://nl.linkedin.com/company/onthatass,4437786345
ON THAT ASS,Junior Affiliate Marketeer,Rosmalen,2026-09-15,e-commerce medewerker,nee,https://nl.linkedin.com/jobs/view/junior-affiliate-marketeer-at-on-that-ass-4467499479,https://nl.linkedin.com/company/onthatass,4467499479
one2track B.V.,Digital Marketeer Duitsland,Noordwijkerhout,2026-09-22,online marketeer webshop,nee,https://nl.linkedin.com/jobs/view/digital-marketeer-duitsland-at-one2track-b-v-4470416560,https://nl.linkedin.com/company/one2track,4470416560
Onlineverf.nl,Medewerker klantenservice,Hengelo,2026-09-11,e-commerce medewerker,nee,https://nl.linkedin.com/jobs/view/medewerker-klantenservice-at-onlineverf-nl-4466058358,https://nl.linkedin.com/company/onlineverf,4466058358
Operai,Marketplace Seller Account Manager (English),Eindhoven Area,2026-07-12,e-commerce medewerker,nee,https://nl.linkedin.com/jobs/view/marketplace-seller-account-manager-english-at-operai-4438950843,https://nl.linkedin.com/company/operai,4438950843
Operai,Marketplace Business Developer (English),Eindhoven Area,2026-07-12,e-commerce medewerker,nee,https://nl.linkedin.com/jobs/view/marketplace-business-developer-english-at-operai-4438974083,https://nl.linkedin.com/company/operai,4438974083
Orange Juice,Online marketeer,Arnhem,2026-09-09,online marketeer webshop,nee,https://nl.linkedin.com/jobs/view/online-marketeer-at-orange-juice-4463873160,https://nl.linkedin.com/company/orangejuice-nl,4463873160
Orangebag.nl,Social Media &amp; Influencer Specialist,Rotterdam,2026-07-23,online marketeer webshop,nee,https://nl.linkedin.com/jobs/view/social-media-influencer-specialist-at-orangebag-nl-4443909803,https://nl.linkedin.com/company/orangebag-nl-b-v-,4443909803
Organic Assistance,Customer Service and Sales Assistant,Barneveld,2026-08-19,e-commerce medewerker,nee,https://nl.linkedin.com/jobs/view/customer-service-and-sales-assistant-at-organic-assistance-4454996102,https://www.linkedin.com/company/organic-assistance,4454996102
Organic Assistance,Customer Service en Sales Assistant,Barneveld,2026-08-19,e-commerce medewerker,nee,https://nl.linkedin.com/jobs/view/customer-service-en-sales-assistant-at-organic-assistance-4455414024,https://www.linkedin.com/company/organic-assistance,4455414024
ORTEC,"Digital Brand, Communications &amp; Performance Lead",Zoetermeer,2026-09-08,content specialist webshop,nee,https://nl.linkedin.com/jobs/view/digital-brand-communications-performance-lead-at-ortec-4463294597,https://nl.linkedin.com/company/ortec,4463294597
OT design BV,Junior accountmanager,Nieuwegein,2026-09-10,e-commerce medewerker,nee,https://nl.linkedin.com/jobs/view/junior-accountmanager-at-ot-design-bv-4465682951,https://nl.linkedin.com/company/ot-design-bv,4465682951
Outdoor Gigant,SEO &amp; Performance Marketeer (fulltime),Nijverdal,2026-09-01,online marketeer webshop,nee,https://nl.linkedin.com/jobs/view/seo-performance-marketeer-fulltime-at-outdoor-gigant-4459541838,https://nl.linkedin.com/company/outdoor-gigant,4459541838
OZ-Hami,Logistiek medewerker bloemenexport,Aalsmeer,2025-05-27,logistiek medewerker webshop,nee,https://nl.linkedin.com/jobs/view/logistiek-medewerker-bloemenexport-at-oz-hami-4235881740,https://nl.linkedin.com/company/oz-hami,4235881740
OZ-Hami,Logistiek medewerker bloemenexport,Uithoorn,2026-04-21,logistiek medewerker webshop,nee,https://nl.linkedin.com/jobs/view/logistiek-medewerker-bloemenexport-at-oz-hami-4404831495,https://nl.linkedin.com/company/oz-hami,4404831495
OZ-Hami,Medewerker logistiek Fust,Aalsmeer,2026-07-24,logistiek medewerker webshop,nee,https://nl.linkedin.com/jobs/view/medewerker-logistiek-fust-at-oz-hami-4444363223,https://nl.linkedin.com/company/oz-hami,4444363223
OZ-Hami,Medewerker logistiek Verdeling,Aalsmeer,2026-09-11,logistiek medewerker webshop,nee,https://nl.linkedin.com/jobs/view/medewerker-logistiek-verdeling-at-oz-hami-4465104041,https://nl.linkedin.com/company/oz-hami,4465104041
OZ-Hami,Medewerker logistiek Fust,Uithoorn,2026-09-11,logistiek medewerker webshop,nee,https://nl.linkedin.com/jobs/view/medewerker-logistiek-fust-at-oz-hami-4444939454,https://nl.linkedin.com/company/oz-hami,4444939454
OZ-Hami,Medewerker logistiek Verdeling,Uithoorn,2026-09-15,logistiek medewerker webshop,nee,https://nl.linkedin.com/jobs/view/medewerker-logistiek-verdeling-at-oz-hami-4466332498,https://nl.linkedin.com/company/oz-hami,4466332498
Pageking® - Full Swing Digital Agency,Front-End Developer (Junior/Starter),Breda,2025-09-02,webshop medewerker,nee,https://nl.linkedin.com/jobs/view/front-end-developer-junior-starter-at-pageking%C2%AE-full-swing-digital-agency-4306048978,https://nl.linkedin.com/company/pageking,4306048978
Pageking® - Full Swing Digital Agency,Open sollicitatie,Breda,2026-07-10,webshop beheerder,nee,https://nl.linkedin.com/jobs/view/open-sollicitatie-at-pageking%C2%AE-full-swing-digital-agency-4439006943,https://nl.linkedin.com/company/pageking,4439006943
Paperclicks,Full time Online Marketeer,Best,2026-08-04,online marketeer webshop,nee,https://nl.linkedin.com/jobs/view/full-time-online-marketeer-at-paperclicks-4448556728,https://nl.linkedin.com/company/paperclicksnl,4448556728
Parfumerie Douglas Nederland,Specialist Online Product Data,Nijmegen,2026-08-26,e-commerce medewerker,nee,https://nl.linkedin.com/jobs/view/specialist-online-product-data-at-parfumerie-douglas-nederland-4457222323,https://nl.linkedin.com/company/parfumerie-douglas-nederland,4457222323
ParfumWebshop,CRM &amp; Campagne Specialist (26–30 uur),Nieuw-Vennep,2026-09-01,webshop beheerder,nee,https://nl.linkedin.com/jobs/view/crm-campagne-specialist-26%E2%80%9330-uur-at-parfumwebshop-4462001872,https://nl.linkedin.com/company/parfumwebshop,4462001872
Paul Roescher,Hoofd orderbureau,Rijssen,2026-08-05,orderverwerking,nee,https://nl.linkedin.com/jobs/view/hoofd-orderbureau-at-paul-roescher-4448998249,https://nl.linkedin.com/company/paul-roescher,4448998249
Payt Nederland,Growth Marketeer,Groningen,2026-09-17,online marketeer webshop,nee,https://nl.linkedin.com/jobs/view/growth-marketeer-at-payt-nederland-4468628299,https://nl.linkedin.com/company/payt-nederland,4468628299
PCS Wireless,"Manager, Global Marketplace Operations",Rosmalen,2026-09-09,webshop beheerder,nee,https://nl.linkedin.com/jobs/view/manager-global-marketplace-operations-at-pcs-wireless-4463885911,https://www.linkedin.com/company/pcswireless,4463885911
Peple B.V.,Product Marketeer,Amersfoort,2026-08-27,content specialist webshop,nee,https://nl.linkedin.com/jobs/view/product-marketeer-at-peple-b-v-4446032982,https://nl.linkedin.com/company/peplenl,4446032982
Personato,Logistiek medewerker,Oostrum,2026-09-14,logistiek medewerker webshop,nee,https://nl.linkedin.com/jobs/view/logistiek-medewerker-at-personato-4467088156,https://nl.linkedin.com/company/personato,4467088156
Petite Amélie,Business Systems &amp; Automation Manager,Weesp,2026-09-08,webshop beheerder,nee,https://nl.linkedin.com/jobs/view/business-systems-automation-manager-at-petite-am%C3%A9lie-4462528803,https://nl.linkedin.com/company/petite-am%C3%A9lie,4462528803
Pets Place Boerenbond Retail B.V.,Category Assistent,Ede,2026-09-09,e-commerce medewerker,nee,https://nl.linkedin.com/jobs/view/category-assistent-at-pets-place-boerenbond-retail-b-v-4465085391,https://nl.linkedin.com/company/petsplace-boerenbond-retail-bv,4465085391
Picnic Technologies,Junior Digital Marketing Specialist,Amsterdam,2026-09-02,online marketeer webshop,nee,https://nl.linkedin.com/jobs/view/junior-digital-marketing-specialist-at-picnic-technologies-4452445380,https://nl.linkedin.com/company/picnictechnologies,4452445380
Picnic Technologies,Copy Editor,Amsterdam,2026-09-14,content specialist webshop,nee,https://nl.linkedin.com/jobs/view/copy-editor-at-picnic-technologies-4411369393,https://nl.linkedin.com/company/picnictechnologies,4411369393
Picnic Technologies,Performance Marketing Specialist,Amsterdam,2026-09-15,online marketeer webshop,nee,https://nl.linkedin.com/jobs/view/performance-marketing-specialist-at-picnic-technologies-4448862172,https://nl.linkedin.com/company/picnictechnologies,4448862172
Picnic Technologies,Working Student Content Editor,Amsterdam,2026-09-18,webshop beheerder,nee,https://nl.linkedin.com/jobs/view/working-student-content-editor-at-picnic-technologies-4450602285,https://nl.linkedin.com/company/picnictechnologies,4450602285
Pijper Media,Online redacteur Lekker500 en Kookfans,Groningen,2026-05-27,content specialist webshop,nee,https://nl.linkedin.com/jobs/view/online-redacteur-lekker500-en-kookfans-at-pijper-media-4417251567,https://nl.linkedin.com/company/pijper-media,4417251567
Pijper Media,Redacteur / marketeer koopkompas.nl en voordeelpas.nl,Groningen,2026-06-01,content specialist webshop,nee,https://nl.linkedin.com/jobs/view/redacteur-marketeer-koopkompas-nl-en-voordeelpas-nl-at-pijper-media-4418783831,https://nl.linkedin.com/company/pijper-media,4418783831
PINK,SEO Specialist,Groningen,2026-08-23,content specialist webshop,nee,https://nl.linkedin.com/jobs/view/seo-specialist-at-pink-4468391905,https://nl.linkedin.com/company/pinkagencynl,4468391905
Platform Control,Marketplace Manager | E-commerce specialist | bol &amp; Amazon - Full Time - 2+ jaar ervaring,Dordrecht,2026-09-15,e-commerce medewerker,nee,https://nl.linkedin.com/jobs/view/marketplace-manager-e-commerce-specialist-bol-amazon-full-time-2%2B-jaar-ervaring-at-platform-control-4467710827,https://nl.linkedin.com/company/platform-control,4467710827
Platform Control,Brand manager / Marketplace specialist | bol &amp; Amazon - Full Time,Dordrecht,2026-09-17,e-commerce medewerker,nee,https://nl.linkedin.com/jobs/view/brand-manager-marketplace-specialist-bol-amazon-full-time-at-platform-control-4468354731,https://nl.linkedin.com/company/platform-control,4468354731
Plato Group,CRO Specialist,Helmond,2026-08-31,online marketeer webshop,nee,https://nl.linkedin.com/jobs/view/cro-specialist-at-plato-group-4461064152,https://nl.linkedin.com/company/platogroup,4461064152
PM,BBL-leerling Logistiek medewerker,Dedemsvaart,2025-12-03,logistiek medewerker webshop,nee,https://nl.linkedin.com/jobs/view/bbl-leerling-logistiek-medewerker-at-pm-4325503324,https://nl.linkedin.com/company/pm-bv,4325503324
PositiveDigits,Online marketeer,Waalwijk,2026-07-28,online marketeer webshop,nee,https://nl.linkedin.com/jobs/view/online-marketeer-at-positivedigits-4446165779,https://nl.linkedin.com/company/positivedigits,4446165779
PowerKraut,Marketeer PowerKraut &amp; PowerLabs,Doetinchem,2026-09-08,content specialist webshop,nee,https://nl.linkedin.com/jobs/view/marketeer-powerkraut-powerlabs-at-powerkraut-4464602600,https://nl.linkedin.com/company/powerkrautnl,4464602600
Praxis,Marketplace Platform Specialist,Amsterdam,2026-08-25,webshop beheerder,nee,https://nl.linkedin.com/jobs/view/marketplace-platform-specialist-at-praxis-4458743287,https://nl.linkedin.com/company/praxis-diy,4458743287
Prijsvrij Vakanties,SEO Content Specialist,'s-Hertogenbosch,2026-09-02,content specialist webshop,nee,https://nl.linkedin.com/jobs/view/seo-content-specialist-at-prijsvrij-vakanties-4462177419,https://nl.linkedin.com/company/prijsvrij,4462177419
Print.com,Product Manager Merch,Deventer,2026-09-10,webshop beheerder,nee,https://nl.linkedin.com/jobs/view/product-manager-merch-at-print-com-4465621073,https://nl.linkedin.com/company/printdotcom,4465621073
Proforto®,Logistiek Medewerker bij Proforto,Oosterhout,2026-06-23,logistiek medewerker webshop,nee,https://nl.linkedin.com/jobs/view/logistiek-medewerker-bij-proforto-at-proforto%C2%AE-4431235377,https://nl.linkedin.com/company/proforto,4431235377
Prowise NL,Logistiek medewerker,Budel,2026-07-22,logistiek medewerker webshop,nee,https://nl.linkedin.com/jobs/view/logistiek-medewerker-at-prowise-nl-4441029064,https://nl.linkedin.com/company/prowise-nl,4441029064
Prénatal,SEO-specialist,Amersfoort,2026-09-22,webshop beheerder,nee,https://nl.linkedin.com/jobs/view/seo-specialist-at-prenatal-moeder-en-kind-b-v-4468548197,https://nl.linkedin.com/company/prenatal-moeder-en-kind-b.v.,4468548197
Puffy,Senior Director - Performance Marketing (Remote),Amsterdam,2026-09-17,online marketeer webshop,nee,https://nl.linkedin.com/jobs/view/senior-director-performance-marketing-remote-at-puffy-4454179616,https://www.linkedin.com/company/puffy,4454179616
"PurpleBird - webdesign, ontwikkeling &amp; online marketing",SEO &amp; GEO Marketeer (2–4 jaar ervaring),Utrecht,2026-09-14,online marketeer webshop,nee,https://nl.linkedin.com/jobs/view/seo-geo-marketeer-2%E2%80%934-jaar-ervaring-at-purplebird-webdesign-ontwikkeling-online-marketing-4467044975,https://nl.linkedin.com/company/purplebirdofficial,4467044975
PXR Media,Redacteur Autoblog,Amsterdam,2026-09-15,content specialist webshop,nee,https://nl.linkedin.com/jobs/view/redacteur-autoblog-at-pxr-media-4467497974,https://nl.linkedin.com/company/pxr-nl,4467497974
QING | Food Automation,Contentmarketeer B2B (tijdelijke functie),Arnhem,2026-09-14,content specialist webshop,nee,https://nl.linkedin.com/jobs/view/contentmarketeer-b2b-tijdelijke-functie-at-qing-food-automation-4467028755,https://nl.linkedin.com/company/qing-group,4467028755
QLS,Logistiek Medewerker,Alblasserdam,2025-06-24,logistiek medewerker webshop,nee,https://nl.linkedin.com/jobs/view/logistiek-medewerker-at-qls-4253945811,https://nl.linkedin.com/company/qls-nl,4253945811
QLS,Fashion Medewerker,Dordrecht,2026-06-19,orderverwerking,nee,https://nl.linkedin.com/jobs/view/fashion-medewerker-at-qls-4412024459,https://nl.linkedin.com/company/qls-nl,4412024459
Qogita,Senior Product Manager,Amsterdam,2026-07-29,webshop beheerder,nee,https://nl.linkedin.com/jobs/view/senior-product-manager-at-qogita-4446801093,https://uk.linkedin.com/company/qogita,4446801093
Qogita,Paid Social &amp; Creative Manager,Amsterdam,2026-09-21,online marketeer webshop,nee,https://nl.linkedin.com/jobs/view/paid-social-creative-manager-at-qogita-4458717142,https://uk.linkedin.com/company/qogita,4458717142
Qogita,Senior Performance Marketing Manager,Amsterdam,2026-09-21,online marketeer webshop,nee,https://nl.linkedin.com/jobs/view/senior-performance-marketing-manager-at-qogita-4459032030,https://uk.linkedin.com/company/qogita,4459032030
Quooker,Applicatiebeheerder,Ridderkerk,2026-09-01,webshop beheerder,nee,https://nl.linkedin.com/jobs/view/applicatiebeheerder-at-quooker-4461557867,https://nl.linkedin.com/company/quooker,4461557867
Quooker,Applicatie Manager Marketing &amp; Ecommerce,Ridderkerk,2026-09-01,webshop beheerder,nee,https://nl.linkedin.com/jobs/view/applicatie-manager-marketing-ecommerce-at-quooker-4461560850,https://nl.linkedin.com/company/quooker,4461560850
Quooker,Business Analyst,Ridderkerk,2026-09-16,webshop beheerder,nee,https://nl.linkedin.com/jobs/view/business-analyst-at-quooker-4430799961,https://nl.linkedin.com/company/quooker,4430799961
Qwello,Marketing Manager,Amersfoort,2026-08-11,online marketeer webshop,nee,https://nl.linkedin.com/jobs/view/marketing-manager-at-qwello-4451652358,https://de.linkedin.com/company/qwello,4451652358
Railtech BV,Logistiek Medewerker (32-38),Ouderkerk aan de Amstel,2026-09-07,logistiek medewerker webshop,nee,https://nl.linkedin.com/jobs/view/logistiek-medewerker-32-38-at-railtech-bv-4464303556,https://nl.linkedin.com/company/railtechbv,4464303556
Ravago,CUSTOMER ORDER &amp; EXPORT COORDINATOR ( DRI Rubber),Waalwijk,2026-08-24,orderverwerking,nee,https://nl.linkedin.com/jobs/view/customer-order-export-coordinator-dri-rubber-at-ravago-4456506207,https://be.linkedin.com/company/ravago,4456506207
Reach Digital,Digital Marketing &amp; Communicatie Specialist,Alphen aan den Rijn,2026-08-04,online marketeer webshop,nee,https://nl.linkedin.com/jobs/view/digital-marketing-communicatie-specialist-at-reach-digital-4449043024,https://nl.linkedin.com/company/reach-digital-ecommerce,4449043024
Rensa Family Company,E-Commerce Search &amp; Merchandising Specialist,Doetinchem,2026-09-08,e-commerce medewerker,nee,https://nl.linkedin.com/jobs/view/e-commerce-search-merchandising-specialist-at-rensa-family-company-4464454587,https://nl.linkedin.com/company/rensa-family-company,4464454587
Rensa Verwarming + Ventilatie,E-Commerce Search &amp; Merchandising Specialist,Doetinchem,2026-09-01,e-commerce medewerker,nee,https://nl.linkedin.com/jobs/view/e-commerce-search-merchandising-specialist-at-rensa-verwarming-%2B-ventilatie-4460236851,https://nl.linkedin.com/company/rensa,4460236851
Ridge,Senior Paid Media Buyer,Nederland,2026-06-05,online marketeer webshop,nee,https://nl.linkedin.com/jobs/view/senior-paid-media-buyer-at-ridge-4424755248,https://www.linkedin.com/company/the-ridge-wallet,4424755248
Rituals (B Corp™),Senior Digital Merchandiser,Amsterdam,2026-09-11,e-commerce medewerker,nee,https://nl.linkedin.com/jobs/view/senior-digital-merchandiser-at-rituals-b-corp%E2%84%A2-4446834690,https://nl.linkedin.com/company/rituals,4446834690
Rotero groep,SEO / SEA Specialist,Heerenveen,2026-06-29,content specialist webshop,nee,https://nl.linkedin.com/jobs/view/seo-sea-specialist-at-rotero-groep-4434155639,https://nl.linkedin.com/company/rotero-groep,4434155639
Rotom Nederland B.V.,Customer Service Medewerker Webshop,Eerbeek,2026-04-07,e-commerce medewerker,nee,https://nl.linkedin.com/jobs/view/customer-service-medewerker-webshop-at-rotom-nederland-b-v-4395476141,https://nl.linkedin.com/company/rotom-nederland-b.v.,4395476141
Royal A-ware,Medewerker Customer Care,Almere,2026-09-07,orderverwerking,nee,https://nl.linkedin.com/jobs/view/medewerker-customer-care-at-royal-a-ware-4337138666,https://nl.linkedin.com/company/a-ware-food-group-b-v-,4337138666
Royal A-ware,Medewerker Customer Care,Almere,2026-09-07,orderverwerking,nee,https://nl.linkedin.com/jobs/view/medewerker-customer-care-at-royal-a-ware-4425632190,https://nl.linkedin.com/company/a-ware-food-group-b-v-,4425632190
Royal A-ware,Medewerker Customer Care,Almere,2026-09-09,orderverwerking,nee,https://nl.linkedin.com/jobs/view/medewerker-customer-care-at-royal-a-ware-4465069656,https://nl.linkedin.com/company/a-ware-food-group-b-v-,4465069656
Royal A-ware,Customer Care Medewerker Logistics,Deventer,2026-09-15,orderverwerking,nee,https://nl.linkedin.com/jobs/view/customer-care-medewerker-logistics-at-royal-a-ware-4467715563,https://nl.linkedin.com/company/a-ware-food-group-b-v-,4467715563
Royal Avebe,Teamlead Ordermanagement,Veendam,2026-09-07,orderverwerking,nee,https://nl.linkedin.com/jobs/view/teamlead-ordermanagement-at-royal-avebe-4461898469,https://nl.linkedin.com/company/avebe,4461898469
Royal Brinkman,Traineeship E-commerce,'s-Gravenzande,2026-06-30,e-commerce medewerker,nee,https://nl.linkedin.com/jobs/view/traineeship-e-commerce-at-royal-brinkman-4431924589,https://nl.linkedin.com/company/brinkman-agro-b-v-,4431924589
Royal Swinkels,Global Marketplace Specialist,Lieshout,2026-09-08,e-commerce medewerker,nee,https://nl.linkedin.com/jobs/view/global-marketplace-specialist-at-royal-swinkels-4464474042,https://nl.linkedin.com/company/royalswinkels,4464474042
RX Group,MARKETPLACE SPECIALIST GEZOCHT,Gemert,2026-08-27,e-commerce medewerker,nee,https://nl.linkedin.com/jobs/view/marketplace-specialist-gezocht-at-rx-group-4459684973,https://nl.linkedin.com/company/rx-group,4459684973
S-Recruitment - Fashion &amp; Lifestyle,E-commercemanager,'s-Hertogenbosch,2026-09-04,e-commerce medewerker,nee,https://nl.linkedin.com/jobs/view/e-commercemanager-at-s-recruitment-4461184009,https://nl.linkedin.com/company/s-recruitment-fashion-&amp;-lifestyle-recruitment-,4461184009
s360,"Manager, Digital Growth",Amsterdam,2026-08-27,online marketeer webshop,nee,https://nl.linkedin.com/jobs/view/manager-digital-growth-at-s360-4457768463,https://dk.linkedin.com/company/s360digital,4457768463
Satechi,Order Fulfillment Specialist,Nederland,2026-08-24,e-commerce medewerker,nee,https://nl.linkedin.com/jobs/view/order-fulfillment-specialist-at-satechi-4458531021,https://www.linkedin.com/company/satechi,4458531021
Sawadee Reizen,Product Marketeer (39 uur p/w),Amsterdam,2026-08-26,content specialist webshop,nee,https://nl.linkedin.com/jobs/view/product-marketeer-39-uur-p-w-at-sawadee-reizen-4459150255,https://nl.linkedin.com/company/sawadee-reizen,4459150255
Sawiday,Senior online marketeer,Rosmalen,2026-09-17,online marketeer webshop,nee,https://nl.linkedin.com/jobs/view/senior-online-marketeer-at-sawiday-4468642022,https://nl.linkedin.com/company/sawiday,4468642022
ScaleJet | eCommerce Recruitment agency,Creative Director,Amsterdam,2026-08-13,online marketeer webshop,nee,https://nl.linkedin.com/jobs/view/creative-director-at-scalejet-ecommerce-recruitment-agency-4453239589,https://www.linkedin.com/company/scale-jet,4453239589
ScaleJet | eCommerce Recruitment agency,Head of Growth - DTC/eCommerce,Amsterdam,2026-09-01,online marketeer webshop,nee,https://nl.linkedin.com/jobs/view/head-of-growth-dtc-ecommerce-at-scalejet-ecommerce-recruitment-agency-4460293645,https://www.linkedin.com/company/scale-jet,4460293645
Schavemaker Logistics &amp; Transport,Logistiek Medewerker,Moerdijk,2024-09-20,logistiek medewerker webshop,nee,https://nl.linkedin.com/jobs/view/logistiek-medewerker-at-schavemaker-logistics-transport-4030894997,https://nl.linkedin.com/company/schavemaker-transport-&amp;-logistics-bv,4030894997
Scherp Online,Online Marketing Strateeg (32-40 uur) | Eindhoven,Eindhoven,2026-09-14,online marketeer webshop,nee,https://nl.linkedin.com/jobs/view/online-marketing-strateeg-32-40-uur-eindhoven-at-scherponline-nl-bv-4467092642,https://nl.linkedin.com/company/scherponline,4467092642
Schipper Accountants,Mede­werker Marke­ting &amp; Commu­nicatie,Goes,2026-09-02,content specialist webshop,nee,https://nl.linkedin.com/jobs/view/mede%C2%ADwerker-marke%C2%ADting-commu%C2%ADnicatie-at-schipper-accountants-4461325637,https://nl.linkedin.com/company/schipperaccountants,4461325637
Schoenfabriek Wed. J.P. van Bommel bv,Orderpicker / Allround Magazijn medewerker,Moergestel,2026-09-04,orderverwerking,nee,https://nl.linkedin.com/jobs/view/orderpicker-allround-magazijn-medewerker-at-schoenfabriek-wed-j-p-van-bommel-bv-4461172889,https://nl.linkedin.com/company/schoenfabriek-wed.-j.p.-van-bommel-bv,4461172889
Schoonderwoerd Vlees,Magazijnmedewerker,De Bilt,2024-12-05,orderverwerking,nee,https://nl.linkedin.com/jobs/view/magazijnmedewerker-at-schoonderwoerd-vlees-4091409238,https://www.linkedin.com/company/schoonderwoerd-vlees,4091409238
Schoot verhuur &amp; events bv,fulltime magazijnmedewerker,Budel-Schoot,2026-07-21,orderverwerking,nee,https://nl.linkedin.com/jobs/view/fulltime-magazijnmedewerker-at-schoot-verhuur-events-bv-4442601612,https://nl.linkedin.com/company/van-der-schoot-partyverhuur,4442601612
Schuit Totaal Wonen,Backofficemedewerker,Putten,2026-09-22,orderverwerking,nee,https://nl.linkedin.com/jobs/view/backofficemedewerker-at-schuit-totaal-wonen-1708382084,https://nl.linkedin.com/company/schuit-totaal-wonen,1708382084
Schuitemaker,Stage/afstuderen: E-commerce &amp; Digital Commerce (MBO/HBO),Rijssen,2026-08-11,webshop medewerker,nee,https://nl.linkedin.com/jobs/view/stage-afstuderen-e-commerce-digital-commerce-mbo-hbo-at-schuitemaker-4452106308,https://www.linkedin.com/company/schuitemaker-excellent-winter-management,4452106308
Schwalbe Benelux,Logistiek medewerker,Hoofddorp,2026-07-14,logistiek medewerker webshop,nee,https://nl.linkedin.com/jobs/view/logistiek-medewerker-at-schwalbe-benelux-4440579131,https://nl.linkedin.com/company/schwalbe-nederland-bv,4440579131
Sciential - Digital Marketing for Life Sciences Brands,WORDPRESS DEVELOPMENT SPECIALIST IN ROTTERDAM (36 HOURS/WEEK),Rotterdam,2026-08-05,content specialist webshop,nee,https://nl.linkedin.com/jobs/view/wordpress-development-specialist-in-rotterdam-36-hours-week-at-sciential-digital-marketing-for-life-sciences-brands-4448991025,https://nl.linkedin.com/company/scientialmarketing,4448991025
SD Guthrie International Zwijndrecht Refinery,Sales Support,Zwijndrecht,2026-09-11,orderverwerking,nee,https://nl.linkedin.com/jobs/view/sales-support-at-sd-guthrie-international-zwijndrecht-refinery-4466067810,https://nl.linkedin.com/company/sime-darby-oils-zwijndrecht,4466067810
SD Worx Jobs Nederland,Medewerker Customer Relations,Oss,2026-09-04,orderverwerking,nee,https://nl.linkedin.com/jobs/view/medewerker-customer-relations-at-sd-worx-jobs-nederland-4461989242,https://nl.linkedin.com/company/sd-worx-jobs-nederland,4461989242
SD Worx Jobs Nederland,Logistiek medewerker,Meppel,2026-09-07,logistiek medewerker webshop,nee,https://nl.linkedin.com/jobs/view/logistiek-medewerker-at-sd-worx-jobs-nederland-4462936932,https://nl.linkedin.com/company/sd-worx-jobs-nederland,4462936932
SD Worx Jobs Nederland,Klantenservicemedewerker,Hengelo,2026-09-21,orderverwerking,nee,https://nl.linkedin.com/jobs/view/klantenservicemedewerker-at-sd-worx-jobs-nederland-4468491998,https://nl.linkedin.com/company/sd-worx-jobs-nederland,4468491998
Sea Fresh B.V.,Orderpicker,Urk,2026-03-31,logistiek medewerker webshop,nee,https://nl.linkedin.com/jobs/view/orderpicker-at-sea-fresh-b-v-4395867834,https://nl.linkedin.com/company/sea-fresh-b-v-,4395867834
Search X Recruitment,Marketing Specialist,Leiden,2026-09-22,content specialist webshop,nee,https://nl.linkedin.com/jobs/view/marketing-specialist-at-search-x-recruitment-4468547459,https://nl.linkedin.com/company/search-x-recruitment,4468547459
Search-On B.V.,Category Manager E-commerce,"Noord-Holland, Nederland",2026-09-21,webshop beheerder,nee,https://nl.linkedin.com/jobs/view/category-manager-e-commerce-at-search-on-b-v-4469902784,https://nl.linkedin.com/company/search-on,4469902784
SECRID,Logistiek Allrounder,Den Haag,2026-09-12,orderverwerking,nee,https://nl.linkedin.com/jobs/view/logistiek-allrounder-at-secrid-4464249590,https://nl.linkedin.com/company/secrid,4464249590
Secure Design Webdevelopment,"Vacature online marketeer (hbo, 16-24 uur)",Leiden,2026-07-09,online marketeer webshop,nee,https://nl.linkedin.com/jobs/view/vacature-online-marketeer-hbo-16-24-uur-at-secure-design-webdevelopment-4448601209,https://nl.linkedin.com/company/secure-design-webdevelopment,4448601209
Secure Design Webdevelopment,"Vacature online marketeer (hbo, 32-36 uur)",Leiden,2026-07-09,online marketeer webshop,nee,https://nl.linkedin.com/jobs/view/vacature-online-marketeer-hbo-32-36-uur-at-secure-design-webdevelopment-4448604202,https://nl.linkedin.com/company/secure-design-webdevelopment,4448604202
Seed Valley,Customer Service Medewerker,Enkhuizen,2026-09-17,orderverwerking,nee,https://nl.linkedin.com/jobs/view/customer-service-medewerker-at-seed-valley-4467149651,https://nl.linkedin.com/company/seed-valley,4467149651
Share Logistics,Logistiek Medewerker (3208 LA Rotterdam),Rotterdam,2026-07-31,logistiek medewerker webshop,nee,https://nl.linkedin.com/jobs/view/logistiek-medewerker-3208-la-rotterdam-at-share-logistics-4447194112,https://nl.linkedin.com/company/sharelogistics,4447194112
SharkNinja,Ecommerce &amp; Merchandising Executive – Benelux,Amsterdam,2026-09-18,e-commerce medewerker,nee,https://nl.linkedin.com/jobs/view/ecommerce-merchandising-executive-%E2%80%93-benelux-at-sharkninja-4450230207,https://www.linkedin.com/company/sharkninja,4450230207
ShipBob,Operations Manager – Fulfillment,Waddinxveen,2026-09-13,webshop beheerder,nee,https://nl.linkedin.com/jobs/view/operations-manager-%E2%80%93-fulfillment-at-shipbob-4447148420,https://www.linkedin.com/company/shipbob,4447148420
ShipBob,Operations Support Manager,Rilland,2026-09-17,webshop beheerder,nee,https://nl.linkedin.com/jobs/view/operations-support-manager-at-shipbob-4467560533,https://www.linkedin.com/company/shipbob,4467560533
Shoeby,Technisch functioneel beheerder,Rosmalen,2026-09-10,webshop beheerder,nee,https://nl.linkedin.com/jobs/view/technisch-functioneel-beheerder-at-shoeby-4465689661,https://nl.linkedin.com/company/shoeby-franchise,4465689661
Shop4trac,Stage Marketing / Content / Social Media,Amsterdam,2026-09-01,content specialist webshop,nee,https://nl.linkedin.com/jobs/view/stage-marketing-content-social-media-at-shop4trac-4462066724,https://nl.linkedin.com/company/shop4trac,4462066724
ShopForward,Junior Online Marketeer,Boxtel,2026-04-21,online marketeer webshop,nee,https://nl.linkedin.com/jobs/view/junior-online-marketeer-at-shopforward-4404587839,https://nl.linkedin.com/company/shopforward,4404587839
ShopForward,Marketing Solutions Specialist,Boxtel,2026-04-27,online marketeer webshop,nee,https://nl.linkedin.com/jobs/view/marketing-solutions-specialist-at-shopforward-4418067712,https://nl.linkedin.com/company/shopforward,4418067712
ShopForward,Senior Campaign Manager,Boxtel,2026-06-18,online marketeer webshop,nee,https://nl.linkedin.com/jobs/view/senior-campaign-manager-at-shopforward-4429035003,https://nl.linkedin.com/company/shopforward,4429035003
ShopForward,Campaign Manager,Boxtel,2026-06-18,online marketeer webshop,nee,https://nl.linkedin.com/jobs/view/campaign-manager-at-shopforward-4429010965,https://nl.linkedin.com/company/shopforward,4429010965
Shoppartners B.V.,Logistiek medewerker,Heerhugowaard,2025-07-04,logistiek medewerker webshop,nee,https://nl.linkedin.com/jobs/view/logistiek-medewerker-at-shoppartners-b-v-4260696224,https://nl.linkedin.com/company/shoppartners,4260696224
Shoppartners B.V.,Magazijnmedewerker,Heerhugowaard,2026-07-13,logistiek medewerker webshop,nee,https://nl.linkedin.com/jobs/view/magazijnmedewerker-at-shoppartners-b-v-4439162245,https://nl.linkedin.com/company/shoppartners,4439162245
Shoppartners B.V.,Klantenservice medewerker - parttime/fulltime,Heerhugowaard,2026-08-20,e-commerce medewerker,nee,https://nl.linkedin.com/jobs/view/klantenservice-medewerker-parttime-fulltime-at-shoppartners-b-v-4455642292,https://nl.linkedin.com/company/shoppartners,4455642292
Shoppartners B.V.,Junior Content medewerker - 32 tot 40 uur per week,Heerhugowaard,2026-09-11,e-commerce medewerker,nee,https://nl.linkedin.com/jobs/view/junior-content-medewerker-32-tot-40-uur-per-week-at-shoppartners-b-v-4465148462,https://nl.linkedin.com/company/shoppartners,4465148462
Shoppartners B.V.,Medior Content medewerker - 32 tot 40 uur per week,Heerhugowaard,2026-09-11,e-commerce medewerker,nee,https://nl.linkedin.com/jobs/view/medior-content-medewerker-32-tot-40-uur-per-week-at-shoppartners-b-v-4465155507,https://nl.linkedin.com/company/shoppartners,4465155507
ShoreTension,Logistiek Medewerker,Rotterdam,2026-06-05,logistiek medewerker webshop,nee,https://nl.linkedin.com/jobs/view/logistiek-medewerker-at-shoretension-4424705930,https://nl.linkedin.com/company/shoretension,4424705930
Sidekix,ORDERPICKER E-FULFILMENT,Uden,2026-09-11,orderverwerking,nee,https://nl.linkedin.com/jobs/view/orderpicker-e-fulfilment-at-sidekix-4463996411,https://nl.linkedin.com/company/sidekixnl,4463996411
Siebert &amp; Wassink,Performance Marketeer,Venlo,2026-09-10,online marketeer webshop,nee,https://nl.linkedin.com/jobs/view/performance-marketeer-at-siebert-wassink-4464508197,https://nl.linkedin.com/company/siebertwassink,4464508197
Signify,Key Account Manager eCommerce,Eindhoven,2026-09-15,e-commerce medewerker,nee,https://nl.linkedin.com/jobs/view/key-account-manager-ecommerce-at-signify-4466524130,https://nl.linkedin.com/company/signifycompany,4466524130
Silk'n | Beautiful Technology,Global Content &amp; Copy Specialist (Omnichannel),Rotterdam,2026-08-27,content specialist webshop,nee,https://nl.linkedin.com/jobs/view/global-content-copy-specialist-omnichannel-at-silk-n-beautiful-technology-4458638058,https://nl.linkedin.com/company/silkn,4458638058
Simply Green,Operations Manager,Almere,2026-09-18,orderverwerking,nee,https://nl.linkedin.com/jobs/view/operations-manager-at-simply-green-4466686903,https://nl.linkedin.com/company/simply-green-trade,4466686903
Skil B.V.,E-Commerce Specialist (EMEA),Breda-Tilburg Area,2026-08-28,e-commerce medewerker,nee,https://nl.linkedin.com/jobs/view/e-commerce-specialist-emea-at-skil-b-v-4458085317,https://nl.linkedin.com/company/skil-b.v.,4458085317
Skil B.V.,E-Commerce Specialist (EMEA),Breda-Tilburg Area,2026-09-04,e-commerce medewerker,nee,https://nl.linkedin.com/jobs/view/e-commerce-specialist-emea-at-skil-b-v-4461166211,https://nl.linkedin.com/company/skil-b.v.,4461166211
Slaapwereld B.V.,Stagiair online marketing,Woerden,2026-07-23,online marketeer webshop,nee,https://nl.linkedin.com/jobs/view/stagiair-online-marketing-at-slaapwereld-b-v-4444025168,https://nl.linkedin.com/company/slaapwereld,4444025168
Smart Health,Online marketeer,Rotterdam,2026-04-07,online marketeer webshop,nee,https://nl.linkedin.com/jobs/view/online-marketeer-at-smart-health-4398376296,https://nl.linkedin.com/company/smarthealthnl,4398376296
Smartphonehoesjes.nl,Customer Journey Specialist,Leusden,2026-06-16,e-commerce medewerker,nee,https://nl.linkedin.com/jobs/view/customer-journey-specialist-at-smartphonehoesjes-nl-4429546635,https://nl.linkedin.com/company/smartphonehoesjes-nl,4429546635
Smartphonehoesjes.nl,E-mail Marketeer,Leusden,2026-06-23,online marketeer webshop,nee,https://nl.linkedin.com/jobs/view/e-mail-marketeer-at-smartphonehoesjes-nl-4432281767,https://nl.linkedin.com/company/smartphonehoesjes-nl,4432281767
Smartphonehoesjes.nl,Junior accountmanager,Leusden,2026-09-22,e-commerce medewerker,nee,https://nl.linkedin.com/jobs/view/junior-accountmanager-at-smartphonehoesjes-nl-4470277504,https://nl.linkedin.com/company/smartphonehoesjes-nl,4470277504
Smartwares Group,Sales Support Employee,Tilburg,2026-09-08,e-commerce medewerker,nee,https://nl.linkedin.com/jobs/view/sales-support-employee-at-smartwares-group-4462509609,https://nl.linkedin.com/company/smartwaresgroup,4462509609
Smartwares Group,Customer Contact Specialist (E-commerce),Tilburg,2026-09-08,e-commerce medewerker,nee,https://nl.linkedin.com/jobs/view/customer-contact-specialist-e-commerce-at-smartwares-group-4462505766,https://nl.linkedin.com/company/smartwaresgroup,4462505766
Smartwares Group,Marketplace specialist,Tilburg,2026-09-14,e-commerce medewerker,nee,https://nl.linkedin.com/jobs/view/marketplace-specialist-at-smartwares-group-4465203872,https://nl.linkedin.com/company/smartwaresgroup,4465203872
SMS Intermediair,Senior Order Manager Textiel (Order Processing &amp; Supply Chain),Haarlem,2026-09-07,orderverwerking,nee,https://nl.linkedin.com/jobs/view/senior-order-manager-textiel-order-processing-supply-chain-at-sms-intermediair-recruitment-specialist-4451504496,https://nl.linkedin.com/company/sms-intermediair,4451504496
Snowcountry,Logistiek Medewerker - Fulltime in Amersfoort,Amersfoort,2026-07-24,logistiek medewerker webshop,nee,https://nl.linkedin.com/jobs/view/logistiek-medewerker-fulltime-in-amersfoort-at-snowcountry-4444924601,https://nl.linkedin.com/company/snowcountry,4444924601
Spacewell,Sales Operations Specialist,Arnhem,2026-06-15,orderverwerking,nee,https://nl.linkedin.com/jobs/view/sales-operations-specialist-at-spacewell-4439095718,https://be.linkedin.com/company/spacewell-a-nemetschek-company,4439095718
Specialized Bicycle Components,Digital Merchandising Specialist EMEA,Arnhem,2026-09-17,e-commerce medewerker,nee,https://nl.linkedin.com/jobs/view/digital-merchandising-specialist-emea-at-specialized-bicycle-components-4459178706,https://www.linkedin.com/company/specialized-bicycle-components,4459178706
Sprints &amp; Sneakers | Growth Marketing Agency | Bcorp,Performance Marketeer (Paid Social),Groningen,2026-07-21,online marketeer webshop,nee,https://nl.linkedin.com/jobs/view/performance-marketeer-paid-social-at-sprints-sneakers-growth-marketing-agency-bcorp-4443354049,https://nl.linkedin.com/company/sprintsandsneakers,4443354049
Sprints &amp; Sneakers | Growth Marketing Agency | Bcorp,Performance Marketeer (Paid Social),Amsterdam,2026-07-21,online marketeer webshop,nee,https://nl.linkedin.com/jobs/view/performance-marketeer-paid-social-at-sprints-sneakers-growth-marketing-agency-bcorp-4443349198,https://nl.linkedin.com/company/sprintsandsneakers,4443349198
Sprints &amp; Sneakers | Growth Marketing Agency | Bcorp,Senior Content &amp; Campaign Marketeer B2B,Amsterdam,2026-07-21,content specialist webshop,nee,https://nl.linkedin.com/jobs/view/senior-content-campaign-marketeer-b2b-at-sprints-sneakers-growth-marketing-agency-bcorp-4442626273,https://nl.linkedin.com/company/sprintsandsneakers,4442626273
SPRNT,Marketing Content Specialist,Genemuiden,2026-09-03,content specialist webshop,nee,https://nl.linkedin.com/jobs/view/marketing-content-specialist-at-sprnt-4460482919,https://nl.linkedin.com/company/sprnt-nl,4460482919
Staay Food Group,ORDERPICKER,Venlo,2026-01-08,orderverwerking,nee,https://nl.linkedin.com/jobs/view/orderpicker-at-staay-food-group-4330778608,https://nl.linkedin.com/company/staay-food-group,4330778608
Stora Enso,Teamleider Commerciële Binnendienst,Roosendaal,2026-09-07,orderverwerking,nee,https://nl.linkedin.com/jobs/view/teamleider-commerci%C3%ABle-binnendienst-at-stora-enso-4436234199,https://fi.linkedin.com/company/stora-enso,4436234199
STOX Energy Socks,Customer Service Specialist,Amsterdam,2026-09-04,e-commerce medewerker,nee,https://nl.linkedin.com/jobs/view/customer-service-specialist-at-stox-energy-socks-4463382019,https://nl.linkedin.com/company/stox-energy-socks,4463382019
STOX Energy Socks,Performance Marketer,Amsterdam,2026-09-18,online marketeer webshop,nee,https://nl.linkedin.com/jobs/view/performance-marketer-at-stox-energy-socks-4465029662,https://nl.linkedin.com/company/stox-energy-socks,4465029662
Studenten.net,Zakelijke klantenservice medewerker Bol,Utrecht,2026-08-02,e-commerce medewerker,nee,https://nl.linkedin.com/jobs/view/zakelijke-klantenservice-medewerker-bol-at-studenten-net-4447881511,https://nl.linkedin.com/company/studenten-net,4447881511
Studenten.net,Content Marketeer ASA &amp; Easy Way,Nijmegen,2026-08-02,content specialist webshop,nee,https://nl.linkedin.com/jobs/view/content-marketeer-asa-easy-way-at-studenten-net-4447889439,https://nl.linkedin.com/company/studenten-net,4447889439
Studenten.net,Klantadviseur Zakelijk E-Commerce,'s-Hertogenbosch,2026-08-19,e-commerce medewerker,nee,https://nl.linkedin.com/jobs/view/klantadviseur-zakelijk-e-commerce-at-studenten-net-4456180800,https://nl.linkedin.com/company/studenten-net,4456180800
Studenten.net,Partnerspecialist E-Commerce,'s-Hertogenbosch,2026-08-19,e-commerce medewerker,nee,https://nl.linkedin.com/jobs/view/partnerspecialist-e-commerce-at-studenten-net-4456180824,https://nl.linkedin.com/company/studenten-net,4456180824
Studenten.net,Klantadviseur B2B BOL,Utrecht,2026-08-19,e-commerce medewerker,nee,https://nl.linkedin.com/jobs/view/klantadviseur-b2b-bol-at-studenten-net-4456172834,https://nl.linkedin.com/company/studenten-net,4456172834
Studenten.net,Zakelijke klantenservice E-Commerce,Arnhem,2026-08-19,e-commerce medewerker,nee,https://nl.linkedin.com/jobs/view/zakelijke-klantenservice-e-commerce-at-studenten-net-4456181838,https://nl.linkedin.com/company/studenten-net,4456181838
Studenten.net,Partnerspecialist Bol,Utrecht,2026-08-19,e-commerce medewerker,nee,https://nl.linkedin.com/jobs/view/partnerspecialist-bol-at-studenten-net-4456166904,https://nl.linkedin.com/company/studenten-net,4456166904
Studenten.net,Klantenservice medewerker B2B Bol,Arnhem,2026-08-19,e-commerce medewerker,nee,https://nl.linkedin.com/jobs/view/klantenservice-medewerker-b2b-bol-at-studenten-net-4456173913,https://nl.linkedin.com/company/studenten-net,4456173913
Studenten.net,Klantenservice medewerker b2b,Utrecht,2026-09-04,e-commerce medewerker,nee,https://nl.linkedin.com/jobs/view/klantenservice-medewerker-b2b-at-studenten-net-4461401872,https://nl.linkedin.com/company/studenten-net,4461401872
Studenten.net,Klantenservice medewerker b2b,Arnhem,2026-09-04,e-commerce medewerker,nee,https://nl.linkedin.com/jobs/view/klantenservice-medewerker-b2b-at-studenten-net-4461402787,https://nl.linkedin.com/company/studenten-net,4461402787
Studenten.net,e-commerce account support,Nieuwegein,2026-09-16,e-commerce medewerker,nee,https://nl.linkedin.com/jobs/view/e-commerce-account-support-at-studenten-net-4468312052,https://nl.linkedin.com/company/studenten-net,4468312052
Studenten.net,Zakelijke Klantenservice E-Commerce,Utrecht,2026-09-22,e-commerce medewerker,nee,https://nl.linkedin.com/jobs/view/zakelijke-klantenservice-e-commerce-at-studenten-net-4468567887,https://nl.linkedin.com/company/studenten-net,4468567887
Studenten.net,Partnerspecialist Zakelijk E-Commerce,'s-Hertogenbosch,2026-09-22,e-commerce medewerker,nee,https://nl.linkedin.com/jobs/view/partnerspecialist-zakelijk-e-commerce-at-studenten-net-4468567891,https://nl.linkedin.com/company/studenten-net,4468567891
Studio Noos,Performance Marketeer,Amsterdam,2026-09-17,online marketeer webshop,nee,https://nl.linkedin.com/jobs/view/performance-marketeer-at-studio-noos-4468611419,https://nl.linkedin.com/company/studio-noos,4468611419
STUDIOVEGTER,Wholesale Operations &amp; Customer Support Coördinator,Utrecht Area,2026-07-05,e-commerce medewerker,nee,https://nl.linkedin.com/jobs/view/wholesale-operations-customer-support-co%C3%B6rdinator-at-studiovegter-4436991174,https://nl.linkedin.com/company/studiovegter,4436991174
STUDIOVEGTER,Administratief Medewerker Finance &amp; E-commerce,Utrecht Area,2026-07-16,e-commerce medewerker,nee,https://nl.linkedin.com/jobs/view/administratief-medewerker-finance-e-commerce-at-studiovegter-4441642212,https://nl.linkedin.com/company/studiovegter,4441642212
SUITSUIT | Certified B Corp,Marketplace Specialist,Randstad,2026-09-02,e-commerce medewerker,nee,https://nl.linkedin.com/jobs/view/marketplace-specialist-at-suitsuit-certified-b-corp-4459969550,https://nl.linkedin.com/company/suitsuit,4459969550
Suitsupply,Tech Lead Webstore,Amsterdam,2026-09-14,webshop beheerder,nee,https://nl.linkedin.com/jobs/view/tech-lead-webstore-at-suitsupply-4465796864,https://nl.linkedin.com/company/suitsupply,4465796864
Sunware,Marketplace Specialist (32 - 40 uur),Tilburg,2026-09-14,e-commerce medewerker,nee,https://nl.linkedin.com/jobs/view/marketplace-specialist-32-40-uur-at-sunware-4467048859,https://nl.linkedin.com/company/sunware-perfectlyorganised,4467048859
Supermicro,eCommerce Product Specialist,'s-Hertogenbosch,2026-09-16,e-commerce medewerker,nee,https://nl.linkedin.com/jobs/view/ecommerce-product-specialist-at-supermicro-4432038155,https://www.linkedin.com/company/supermicro,4432038155
Superyoga,Social Media &amp; Performance Marketeer,Amstelveen,2026-09-01,online marketeer webshop,nee,https://nl.linkedin.com/jobs/view/social-media-performance-marketeer-at-superyoga-4461705564,https://nl.linkedin.com/company/superyoga,4461705564
SV.CO,Medewerker Logistiek,De Lier,2026-08-23,logistiek medewerker webshop,nee,https://nl.linkedin.com/jobs/view/medewerker-logistiek-at-sv-co-4466272331,https://nl.linkedin.com/company/sv-co,4466272331
swapwork,Logistiek medewerker bloemen Aalsmeer,Aalsmeer,2026-09-16,orderverwerking,nee,https://nl.linkedin.com/jobs/view/logistiek-medewerker-bloemen-aalsmeer-at-swapwork-4465995169,https://de.linkedin.com/company/swapwork,4465995169
swapwork,Logistiek medewerker / orderpicker dagdienst Alkmaar,Alkmaar,2026-09-16,orderverwerking,nee,https://nl.linkedin.com/jobs/view/logistiek-medewerker-orderpicker-dagdienst-alkmaar-at-swapwork-4465989167,https://de.linkedin.com/company/swapwork,4465989167
Table du Sud,Logistiek Medewerker,Heeze,2026-05-06,logistiek medewerker webshop,nee,https://nl.linkedin.com/jobs/view/logistiek-medewerker-at-table-du-sud-4410970419,https://nl.linkedin.com/company/table-du-sud,4410970419
TalentSpark by TSP,Performance Marketeer,Amsterdam,2026-09-22,online marketeer webshop,nee,https://nl.linkedin.com/jobs/view/performance-marketeer-at-talentspark-by-tsp-4470405140,https://nl.linkedin.com/company/talentspark-by-tsp,4470405140
Tarkett,Senior Carpet &amp; LVT Communication Specialist,Waalwijk,2026-08-05,content specialist webshop,nee,https://nl.linkedin.com/jobs/view/senior-carpet-lvt-communication-specialist-at-tarkett-4445972180,https://fr.linkedin.com/company/tarkett,4445972180
Technische Unie,Search and Merchandise E-commerce Specialist,Amstelveen,2026-08-27,e-commerce medewerker,nee,https://nl.linkedin.com/jobs/view/search-and-merchandise-e-commerce-specialist-at-technische-unie-4458456331,https://nl.linkedin.com/company/technische-unie,4458456331
Tegeltje.nl,Sales medewerker B2B (24-40 uur),Bodegraven,2026-09-18,e-commerce medewerker,nee,https://nl.linkedin.com/jobs/view/sales-medewerker-b2b-24-40-uur-at-tegeltje-nl-4469197217,https://www.linkedin.com/company/tegeltje.nl,4469197217
Telco Accessories Group,Contentspecialist,Houten,2026-09-14,content specialist webshop,nee,https://nl.linkedin.com/jobs/view/contentspecialist-at-telco-accessories-group-4464787743,https://nl.linkedin.com/company/telco-accessories-group,4464787743
Telco Accessories Group,Klantenservicemedewerker,Houten,2026-09-21,e-commerce medewerker,nee,https://nl.linkedin.com/jobs/view/klantenservicemedewerker-at-telco-accessories-group-4467395413,https://nl.linkedin.com/company/telco-accessories-group,4467395413
Telco Accessories Group,Klantenservicemedewerker,Lichtenvoorde,2026-09-21,e-commerce medewerker,nee,https://nl.linkedin.com/jobs/view/klantenservicemedewerker-at-telco-accessories-group-4467383708,https://nl.linkedin.com/company/telco-accessories-group,4467383708
Temu,Business Development Manager,Nederland,2026-09-02,e-commerce medewerker,nee,https://nl.linkedin.com/jobs/view/business-development-manager-at-temu-4460961550,https://www.linkedin.com/company/temuapp,4460961550
Temu,Business Development Manager,Nederland,2026-09-06,e-commerce medewerker,nee,https://nl.linkedin.com/jobs/view/business-development-manager-at-temu-4462685492,https://www.linkedin.com/company/temuapp,4462685492
Termeer Groep,Logistiek Medewerker Sissy-Boy,Tilburg,2026-09-07,logistiek medewerker webshop,nee,https://nl.linkedin.com/jobs/view/logistiek-medewerker-sissy-boy-at-termeer-groep-4400235781,https://nl.linkedin.com/company/termeergroep,4400235781
Termeer Groep,Logistiek Medewerker,Tilburg,2026-09-09,logistiek medewerker webshop,nee,https://nl.linkedin.com/jobs/view/logistiek-medewerker-at-termeer-groep-4465081856,https://nl.linkedin.com/company/termeergroep,4465081856
Termeer Groep,Webshopmedewerker (maandag),Tilburg,2026-09-16,e-commerce medewerker,nee,https://nl.linkedin.com/jobs/view/webshopmedewerker-maandag-at-termeer-groep-4371879320,https://nl.linkedin.com/company/termeergroep,4371879320
terStal,E-Commerce Manager,Almelo,2026-07-30,webshop beheerder,nee,https://nl.linkedin.com/jobs/view/e-commerce-manager-at-terstal-4447081089,https://nl.linkedin.com/company/ter-stal-textiel-bv,4447081089
The Brink Agency,Marketing Content Specialist,Amsterdam,2026-09-07,content specialist webshop,nee,https://nl.linkedin.com/jobs/view/marketing-content-specialist-at-the-brink-agency-4464347395,https://nl.linkedin.com/company/thebrinkagency,4464347395
The Cookware Company,Internship Amazon Content Coordinator,Wateringen,2026-09-15,webshop beheerder,nee,https://nl.linkedin.com/jobs/view/internship-amazon-content-coordinator-at-the-cookware-company-4465525596,https://be.linkedin.com/company/thecookwarecompany,4465525596
The Dare Company,Vacature online marketeer (junior/medior),Rotterdam,2026-07-10,online marketeer webshop,nee,https://nl.linkedin.com/jobs/view/vacature-online-marketeer-junior-medior-at-the-dare-company-4449069214,https://nl.linkedin.com/company/the-dare-company,4449069214
The Greenery Logistics,Logistiek Medewerker,Barendrecht,2026-08-27,logistiek medewerker webshop,nee,https://nl.linkedin.com/jobs/view/logistiek-medewerker-at-the-greenery-logistics-4422427546,https://nl.linkedin.com/company/the-greenery-logistics,4422427546
The Photo Company,Winkelmedewerker (8-38 uur),Amersfoort,2026-09-13,webshop medewerker,nee,https://nl.linkedin.com/jobs/view/winkelmedewerker-8-38-uur-at-the-photo-company-4466771175,https://www.linkedin.com/company/uwfotozaak,4466771175
The Pollinators,Social media strateeg &amp; Content creator,Amsterdam,2026-09-22,content specialist webshop,nee,https://nl.linkedin.com/jobs/view/social-media-strateeg-content-creator-at-the-pollinators-4470414045,https://nl.linkedin.com/company/the-pollinators,4470414045
The Schippers Group,E-Commerce Specialist,Hapert,2026-08-26,e-commerce medewerker,nee,https://nl.linkedin.com/jobs/view/e-commerce-specialist-at-the-schippers-group-4457922027,https://nl.linkedin.com/company/theschippersgroup,4457922027
The Schippers Group,Product Owner E-Commerce,Hapert,2026-09-08,webshop beheerder,nee,https://nl.linkedin.com/jobs/view/product-owner-e-commerce-at-the-schippers-group-4463253169,https://nl.linkedin.com/company/theschippersgroup,4463253169
Think Online,VACATURE: ONLINE MARKETEER,Breda-Tilburg Area,2026-06-27,online marketeer webshop,nee,https://nl.linkedin.com/jobs/view/vacature-%0Aonline-marketeer-at-think-online-4434214925,https://nl.linkedin.com/company/think-online-bv,4434214925
Three Birds Recruitment,Online marketeer,Amsterdam,2026-08-24,online marketeer webshop,nee,https://nl.linkedin.com/jobs/view/online-marketeer-at-three-birds-recruitment-4455870244,https://nl.linkedin.com/company/threebirdsrecruitment,4455870244
Three Birds Recruitment,Specialist eCommerce,Aalsmeer,2026-08-28,e-commerce medewerker,nee,https://nl.linkedin.com/jobs/view/specialist-ecommerce-at-three-birds-recruitment-4458065678,https://nl.linkedin.com/company/threebirdsrecruitment,4458065678
Tialda BV,Logistiek medewerker,Gorredijk,2026-09-01,logistiek medewerker webshop,nee,https://nl.linkedin.com/jobs/view/logistiek-medewerker-at-tialda-bv-4461556478,https://nl.linkedin.com/company/tialda-bv,4461556478
Timber and Building Supplies Holland N.V,Online Merchandiser,Zaandam,2026-09-04,e-commerce medewerker,nee,https://nl.linkedin.com/jobs/view/online-merchandiser-at-timber-and-building-supplies-holland-n-v-4410078937,https://nl.linkedin.com/company/timber-and-building-supplies-holland-n-v-,4410078937
ToExplore B.V.,COMMERCIËLE TEAMPLAYER,Amsterdam,2026-08-28,e-commerce medewerker,nee,https://nl.linkedin.com/jobs/view/commerci%C3%ABle-teamplayer-at-toexplore-b-v-4460365032,https://nl.linkedin.com/company/toexplore,4460365032
Tomorrowmen™,MARKETPLACE SPECIALIST,Groningen,2026-06-12,e-commerce medewerker,nee,https://nl.linkedin.com/jobs/view/marketplace-specialist-at-tomorrowmen%E2%84%A2-4424813927,https://nl.linkedin.com/company/tomorrowmen,4424813927
Toppy,E-commerce meewerkstage,Veghel,2026-04-07,webshop medewerker,nee,https://nl.linkedin.com/jobs/view/e-commerce-meewerkstage-at-toppy-4398365727,https://nl.linkedin.com/company/dastoppy,4398365727
Travyk - Online Marketing Bureau,Medior online marketeer - T shaped SEA specialist,Heerenveen,2026-09-07,online marketeer webshop,nee,https://nl.linkedin.com/jobs/view/medior-online-marketeer-t-shaped-sea-specialist-at-travyk-online-marketing-specialisten-4464323368,https://nl.linkedin.com/company/travyk-online-marketing,4464323368
Trigon Food BV,Vacature loods medewerker,Leeuwarden,2026-07-13,logistiek medewerker webshop,nee,,,4440045852
Triple A Internetshops GmbH,Store Assistant (alle genderidentiteiten welkom) – tot 34 € per uur - Satisfyer &amp; Geske Beauty Tech Store,'s-Hertogenbosch,2026-08-21,webshop medewerker,nee,https://nl.linkedin.com/jobs/view/store-assistant-alle-genderidentiteiten-welkom-%E2%80%93-tot-34-%E2%82%AC-per-uur-satisfyer-geske-beauty-tech-store-at-triple-a-internetshops-gmbh-4454602473,https://de.linkedin.com/company/aaa-internetshops,4454602473
TriplePro Online Marketing,SEO specialist,Groningen,2026-08-07,content specialist webshop,nee,https://nl.linkedin.com/jobs/view/seo-specialist-at-triplepro-online-marketing-bv-4450353503,https://nl.linkedin.com/company/triplepro-online-marketing,4450353503
Troostwijk Auctions,Performance Marketeer,Amsterdam,2026-09-17,online marketeer webshop,nee,https://nl.linkedin.com/jobs/view/performance-marketeer-at-troostwijk-auctions-4467577971,https://nl.linkedin.com/company/troostwijk-auctions,4467577971
TwoBirds Company,Head of Operations bij OKTOBER,Amsterdam,2026-09-17,webshop beheerder,nee,https://nl.linkedin.com/jobs/view/head-of-operations-bij-oktober-at-twobirds-company-4467565394,https://nl.linkedin.com/company/twobirdscompany,4467565394
Udea BV,Magazijnmedewerker fulltime,Veghel,2026-02-23,orderverwerking,nee,https://nl.linkedin.com/jobs/view/magazijnmedewerker-fulltime-at-udea-bv-4376590091,https://nl.linkedin.com/company/udea-bv,4376590091
Ultimesh,E-commerce Medewerker,Hellevoetsluis,2026-09-11,e-commerce medewerker,nee,https://nl.linkedin.com/jobs/view/e-commerce-medewerker-at-ultimesh-4466068170,https://nl.linkedin.com/company/ultimesh,4466068170
Under Armour,"Sr. Professional, Digital Marketplace Sales",Amsterdam,2026-09-03,e-commerce medewerker,nee,https://nl.linkedin.com/jobs/view/sr-professional-digital-marketplace-sales-at-under-armour-4453152174,https://www.linkedin.com/company/under-armour,4453152174
Unica,Marketeer,'s-Hertogenbosch,2026-06-04,content specialist webshop,nee,https://nl.linkedin.com/jobs/view/marketeer-at-unica-4423510484,https://nl.linkedin.com/company/unicanl,4423510484
Unidex,Orderpicker Warehouse,Noordwijk-Binnen,2025-06-19,logistiek medewerker webshop,nee,https://nl.linkedin.com/jobs/view/orderpicker-warehouse-at-unidex-4253245120,https://nl.linkedin.com/company/unidexholland,4253245120
Unilin,Logistiek medewerker,Ede,2026-09-08,logistiek medewerker webshop,nee,https://nl.linkedin.com/jobs/view/logistiek-medewerker-at-unilin-4454290802,https://be.linkedin.com/company/unilin,4454290802
United Petfood,Internal Sales Medewerker,Coevorden,2026-01-08,e-commerce medewerker,nee,https://nl.linkedin.com/jobs/view/internal-sales-medewerker-at-united-petfood-4359380644,https://be.linkedin.com/company/united-petfood,4359380644
United Petfood,Commercieel Medewerker Binnendienst,Waalwijk,2026-08-14,e-commerce medewerker,nee,https://nl.linkedin.com/jobs/view/commercieel-medewerker-binnendienst-at-united-petfood-4454526510,https://be.linkedin.com/company/united-petfood,4454526510
Vadobag Europe BV,Senior Marketeer,Tilburg,2026-07-10,online marketeer webshop,nee,https://nl.linkedin.com/jobs/view/senior-marketeer-at-vadobag-europe-bv-4435928204,https://nl.linkedin.com/company/vadobag-bv,4435928204
valantic NL,E-commerce Solution Consultant,Rotterdam,2026-08-27,webshop beheerder,nee,https://nl.linkedin.com/jobs/view/e-commerce-solution-consultant-at-valantic-nl-4431659692,https://nl.linkedin.com/company/valanticnl,4431659692
Valk Design,Customer Service &amp; Operations Medewerker | Valk at Home,Eemnes,2026-09-08,e-commerce medewerker,nee,https://nl.linkedin.com/jobs/view/customer-service-operations-medewerker-valk-at-home-at-valk-design-4464472421,https://nl.linkedin.com/company/valk-design,4464472421
VAMAT,Medewerker Customer Service,"Utrecht, Nederland",2026-09-08,orderverwerking,nee,https://nl.linkedin.com/jobs/view/medewerker-customer-service-at-vamat-4464449514,https://nl.linkedin.com/company/vamat,4464449514
Van Cranenbroek,SEO Specialist – GEO &amp; AI Search (32–40 uur) | Budel,Budel,2026-08-13,content specialist webshop,nee,https://nl.linkedin.com/jobs/view/seo-specialist-%E2%80%93-geo-ai-search-32%E2%80%9340-uur-budel-at-van-cranenbroek-4454081977,https://nl.linkedin.com/company/van-cranenbroek,4454081977
Van der Let &amp; Partners - marketing en webdevelopment,Senior Online Marketeer,Heerenveen,2026-08-13,online marketeer webshop,nee,https://nl.linkedin.com/jobs/view/senior-online-marketeer-at-van-der-let-partners-marketing-en-webdevelopment-4450823447,https://nl.linkedin.com/company/van-der-let-en-partners,4450823447
Van der Wal,Administratief Customer Service Medewerker,Utrecht,2026-09-11,orderverwerking,nee,https://nl.linkedin.com/jobs/view/administratief-customer-service-medewerker-at-van-der-wal-4464851986,https://nl.linkedin.com/company/van-der-wal-transport,4464851986
Van Happen Containers,Orderinvoer,Eindhoven,2026-08-25,orderverwerking,nee,https://nl.linkedin.com/jobs/view/orderinvoer-at-van-happen-containers-4458717105,https://nl.linkedin.com/company/van-happen-containers,4458717105
Van Herk Kaas,"Vacature: Backoffice medewerker – klantcontact, inkoop &amp; verkoop (Fulltime)",Bodegraven,2026-08-26,orderverwerking,nee,https://nl.linkedin.com/jobs/view/vacature-backoffice-medewerker-%E2%80%93-klantcontact-inkoop-verkoop-fulltime-at-van-herk-kaas-4459316365,https://nl.linkedin.com/company/van-herk-kaas,4459316365
Van Leeuwen Stainless,Inside Sales Medewerker,Beesd,2026-06-12,orderverwerking,nee,https://nl.linkedin.com/jobs/view/inside-sales-medewerker-at-van-leeuwen-stainless-4425967935,https://nl.linkedin.com/company/van-leeuwen-stainless,4425967935
Van Mierlo BV Technische Handelsonderneming,E-Commerce Coördinator,Helmond,2026-08-27,e-commerce medewerker,nee,https://nl.linkedin.com/jobs/view/e-commerce-co%C3%B6rdinator-at-van-mierlo-bv-technische-handelsonderneming-4459677154,https://nl.linkedin.com/company/van-mierlo-bv-technische-handelsonderneming,4459677154
Van Mossel Automotive Group,Medewerker verkoopadministratie,Amsterdam-Zuid,2026-07-23,orderverwerking,nee,https://nl.linkedin.com/jobs/view/medewerker-verkoopadministratie-at-van-mossel-automotive-group-4455302817,https://nl.linkedin.com/company/van-mossel-group,4455302817
van Spreuwel Transport B.V.,Magazijnmedewerker nacht,Eindhoven,2026-09-11,logistiek medewerker webshop,nee,https://nl.linkedin.com/jobs/view/magazijnmedewerker-nacht-at-van-spreuwel-transport-b-v-4466301084,https://nl.linkedin.com/company/van-spreuwel-transport-b.v.,4466301084
Van Tol Retail,Orderpicker Diepvries,Heerhugowaard,2026-06-16,orderverwerking,nee,https://nl.linkedin.com/jobs/view/orderpicker-diepvries-at-van-tol-versunie-4429508941,https://nl.linkedin.com/company/vantolversunie,4429508941
Van Walraven,Magazijnmedewerker,Bussum,2026-02-11,orderverwerking,nee,https://nl.linkedin.com/jobs/view/magazijnmedewerker-at-van-walraven-4371416276,https://nl.linkedin.com/company/walraven,4371416276
Van Walraven,Oproepkracht algemeen,Mijdrecht,2026-04-15,orderverwerking,nee,https://nl.linkedin.com/jobs/view/oproepkracht-algemeen-at-van-walraven-4402277713,https://nl.linkedin.com/company/walraven,4402277713
Van Walraven,Medewerker Verkoopbalie,Mijdrecht,2026-06-03,webshop medewerker,nee,https://nl.linkedin.com/jobs/view/medewerker-verkoopbalie-at-van-walraven-4422929633,https://nl.linkedin.com/company/walraven,4422929633
Van Walraven,Logistiek Medewerker,Mijdrecht,2026-06-10,logistiek medewerker webshop,nee,https://nl.linkedin.com/jobs/view/logistiek-medewerker-at-van-walraven-4426792889,https://nl.linkedin.com/company/walraven,4426792889
Vandersterre,Verkoopondersteuning,Bodegraven,2026-09-21,orderverwerking,nee,https://nl.linkedin.com/jobs/view/verkoopondersteuning-at-vandersterre-4469874021,https://nl.linkedin.com/company/vandersterre,4469874021
vanHaren Schoenen BV,Logistiek Medewerker,Waalwijk,2026-02-06,logistiek medewerker webshop,nee,https://nl.linkedin.com/jobs/view/logistiek-medewerker-at-vanharen-schoenen-bv-4369770193,https://nl.linkedin.com/company/vanharenschoenen,4369770193
vanHaren Schoenen BV,Logistiek Medewerker Online Shop,Waalwijk,2026-07-30,e-commerce medewerker,nee,https://nl.linkedin.com/jobs/view/logistiek-medewerker-online-shop-at-vanharen-schoenen-bv-4447020222,https://nl.linkedin.com/company/vanharenschoenen,4447020222
vanHaren Schoenen BV,Logistiek Medewerker Online Shop (avonddienst),Waalwijk,2026-07-30,e-commerce medewerker,nee,https://nl.linkedin.com/jobs/view/logistiek-medewerker-online-shop-avonddienst-at-vanharen-schoenen-bv-4447015362,https://nl.linkedin.com/company/vanharenschoenen,4447015362
VAST.,E‑commerce Specialist,'s-Heerenberg,2026-07-14,e-commerce medewerker,nee,https://nl.linkedin.com/jobs/view/e%E2%80%91commerce-specialist-at-vast-4440568385,https://nl.linkedin.com/company/vastnu,4440568385
VDL Agrotech,Commercieel Medewerker Binnendienst,Eindhoven,2026-09-07,orderverwerking,nee,https://nl.linkedin.com/jobs/view/commercieel-medewerker-binnendienst-at-vdl-agrotech-4464370174,https://nl.linkedin.com/company/vdlagrotech,4464370174
Vedder &amp; Vedder,E-Commerce Merchandiser,Amsterdam,2026-09-18,webshop beheerder,nee,https://nl.linkedin.com/jobs/view/e-commerce-merchandiser-at-vedder-vedder-4456461654,https://nl.linkedin.com/company/vedder-vedder,4456461654
Vedder &amp; Vedder,E-Commerce Merchandiser,Amsterdam,2026-09-20,webshop beheerder,nee,https://nl.linkedin.com/jobs/view/e-commerce-merchandiser-at-vedder-vedder-4467318309,https://nl.linkedin.com/company/vedder-vedder,4467318309
Veiligheidsregio Brabant-Zuidoost (VRBZO),Contentspecialist,Eindhoven,2026-09-21,content specialist webshop,nee,https://nl.linkedin.com/jobs/view/contentspecialist-at-veiligheidsregio-brabant-zuidoost-vrbzo-4469876096,https://nl.linkedin.com/company/veiligheidsregio-brabant-zuidoost,4469876096
VELORETTI,Logistiek medewerker | 32 - 40 uur,Almelo,2026-06-15,logistiek medewerker webshop,ja,https://nl.linkedin.com/jobs/view/logistiek-medewerker-32-40-uur-at-veloretti-4428804958,https://nl.linkedin.com/company/veloretti,4428804958
VELORETTI,Logistiek medewerker | 16 - 24 uur,Almelo,2026-06-26,logistiek medewerker webshop,ja,https://nl.linkedin.com/jobs/view/logistiek-medewerker-16-24-uur-at-veloretti-4432967447,https://nl.linkedin.com/company/veloretti,4432967447
VELORETTI,Product Owner Core Systems,Amsterdam,2026-07-22,orderverwerking,ja,https://nl.linkedin.com/jobs/view/product-owner-core-systems-at-veloretti-4443115017,https://nl.linkedin.com/company/veloretti,4443115017
Verano®,Commercieel medewerker binnendienst export,Best,2026-06-27,orderverwerking,nee,https://nl.linkedin.com/jobs/view/commercieel-medewerker-binnendienst-export-at-verano-b-v-4434223397,https://nl.linkedin.com/company/verano-b.v.,4434223397
versAlert B.V.,Logistiek medewerker bij versAlert,Utrecht,2026-09-02,orderverwerking,nee,https://nl.linkedin.com/jobs/view/logistiek-medewerker-bij-versalert-at-versalert-b-v-4459942391,https://www.linkedin.com/company/versalert-b.v.,4459942391
versAlert B.V.,Klantsupport medewerker,Utrecht,2026-09-10,e-commerce medewerker,nee,https://nl.linkedin.com/jobs/view/klantsupport-medewerker-at-versalert-b-v-4463455293,https://www.linkedin.com/company/versalert-b.v.,4463455293
VHC Jongens BV,"Orderpicker, nacht AGF",Oostzaan,2025-01-31,orderverwerking,nee,https://nl.linkedin.com/jobs/view/orderpicker-nacht-agf-at-vhc-jongens-bv-4139178338,https://nl.linkedin.com/company/vhc-jongens-bv,4139178338
VHC Jongens BV,"Orderpicker, nacht diepvries",Oostzaan,2025-01-31,orderverwerking,nee,https://nl.linkedin.com/jobs/view/orderpicker-nacht-diepvries-at-vhc-jongens-bv-4139170988,https://nl.linkedin.com/company/vhc-jongens-bv,4139170988
VHC Jongens BV,"Medewerker Expeditie, nacht",Oostzaan,2025-03-04,orderverwerking,nee,https://nl.linkedin.com/jobs/view/medewerker-expeditie-nacht-at-vhc-jongens-bv-4173615367,https://nl.linkedin.com/company/vhc-jongens-bv,4173615367
Videojet Technologies,Orderpicker / Logistiek Medewerker (m/f/d),De Meern,2026-09-02,logistiek medewerker webshop,nee,https://nl.linkedin.com/jobs/view/orderpicker-logistiek-medewerker-m-f-d-at-videojet-technologies-4434785939,https://www.linkedin.com/company/videojet,4434785939
Viking Europe,Local Commercial Web Manager NLD,Venlo,2026-09-16,e-commerce medewerker,nee,https://nl.linkedin.com/jobs/view/local-commercial-web-manager-nld-at-viking-europe-4468262157,https://nl.linkedin.com/company/viking-europe,4468262157
Viking Nederland,Local Commercial Web Manager NLD,Venlo,2026-09-16,e-commerce medewerker,nee,https://nl.linkedin.com/jobs/view/local-commercial-web-manager-nld-at-viking-nederland-4468261625,https://nl.linkedin.com/company/vikingnederland,4468261625
Vintage.com,German Customer Experience Agent,Duiven,2026-09-09,e-commerce medewerker,nee,https://nl.linkedin.com/jobs/view/german-customer-experience-agent-at-vintage-com-4464128593,https://nl.linkedin.com/company/vintage-com,4464128593
Vintage.com,Logistics Operative,Duiven,2026-09-09,logistiek medewerker webshop,nee,https://nl.linkedin.com/jobs/view/logistics-operative-at-vintage-com-4457104396,https://nl.linkedin.com/company/vintage-com,4457104396
Vintage.com,Junior Product Assessor - Watches,Dieren,2026-09-10,e-commerce medewerker,nee,https://nl.linkedin.com/jobs/view/junior-product-assessor-watches-at-vintage-com-4461915477,https://nl.linkedin.com/company/vintage-com,4461915477
Vintage.com,Junior Product Assessor - Jewellery,Arnhem,2026-09-15,e-commerce medewerker,nee,https://nl.linkedin.com/jobs/view/junior-product-assessor-jewellery-at-vintage-com-4465819603,https://nl.linkedin.com/company/vintage-com,4465819603
Vintage.com,Junior Product Assessor - Jewellery,Dieren,2026-09-15,e-commerce medewerker,nee,https://nl.linkedin.com/jobs/view/junior-product-assessor-jewellery-at-vintage-com-4457995378,https://nl.linkedin.com/company/vintage-com,4457995378
Vintage.com,French Customer Experience Agent,Duiven,2026-09-15,e-commerce medewerker,nee,https://nl.linkedin.com/jobs/view/french-customer-experience-agent-at-vintage-com-4464134036,https://nl.linkedin.com/company/vintage-com,4464134036
Vintage.com,French Customer Experience Agent,Arnhem,2026-09-15,e-commerce medewerker,nee,https://nl.linkedin.com/jobs/view/french-customer-experience-agent-at-vintage-com-4465596031,https://nl.linkedin.com/company/vintage-com,4465596031
Vintage.com,Junior Jewellery Product Assessor,"Gelderland, Nederland",2026-09-15,e-commerce medewerker,nee,https://nl.linkedin.com/jobs/view/junior-jewellery-product-assessor-at-vintage-com-4459671284,https://nl.linkedin.com/company/vintage-com,4459671284
VINVIN Wines,Commercieel medewerker binnendienst,Rotterdam,2026-09-17,orderverwerking,nee,https://nl.linkedin.com/jobs/view/commercieel-medewerker-binnendienst-at-vinvin-wines-4468693688,https://nl.linkedin.com/company/vinvin-wines,4468693688
Vion Food Group,Medewerker Backoffice,Leeuwarden,2026-08-18,orderverwerking,nee,https://nl.linkedin.com/jobs/view/medewerker-backoffice-at-vion-food-group-4454710561,https://nl.linkedin.com/company/vion,4454710561
Vion Food Group,Medewerker Backoffice Verkoop,Enschede,2026-09-22,orderverwerking,nee,https://nl.linkedin.com/jobs/view/medewerker-backoffice-verkoop-at-vion-food-group-4463509690,https://nl.linkedin.com/company/vion,4463509690
Virtual Assistant Team,Digital Marketer with Click Funnels,Est,2025-04-03,online marketeer webshop,nee,https://nl.linkedin.com/jobs/view/digital-marketer-with-click-funnels-at-virtual-assistant-team-4197787540,https://au.linkedin.com/company/virtualassistantteam,4197787540
Vlaaibaar,Vacature Shopify developer.,Panningen,2026-08-02,webshop beheerder,nee,https://nl.linkedin.com/jobs/view/vacature-shopify-developer-at-vlaaibaar-4447651357,https://nl.linkedin.com/company/vlaaibaar,4447651357
Vogelaar Vredehof,Expeditiemedewerker,Kruiningen,2026-07-07,logistiek medewerker webshop,nee,https://nl.linkedin.com/jobs/view/expeditiemedewerker-at-vogelaar-vredehof-4437780848,https://nl.linkedin.com/company/vogelaar-vredehof,4437780848
Volkswagen Pon Financial Services,Online marketeer,Amersfoort,2026-08-25,content specialist webshop,nee,https://nl.linkedin.com/jobs/view/online-marketeer-at-volkswagen-pon-financial-services-4458723238,https://nl.linkedin.com/company/volkswagen-pon-financial-services,4458723238
Voomy,E-commerce manager,Capelle aan den IJssel,2026-07-30,webshop beheerder,nee,https://nl.linkedin.com/jobs/view/e-commerce-manager-at-voomy-4447036033,https://nl.linkedin.com/company/voomyofficial,4447036033
Voortman Steel Group,Digital Marketeer,Rijssen,2026-08-28,online marketeer webshop,nee,https://nl.linkedin.com/jobs/view/digital-marketeer-at-voortman-steel-group-4458092850,https://nl.linkedin.com/company/voortman-careers,4458092850
Vos Logistics,Orderpicker,Oss,2026-01-07,orderverwerking,nee,https://nl.linkedin.com/jobs/view/orderpicker-at-vos-logistics-4351796359,https://nl.linkedin.com/company/vos-logistics,4351796359
Vos Logistics,Warehousemedewerker Value Added Logistics,Oss,2026-02-09,logistiek medewerker webshop,nee,https://nl.linkedin.com/jobs/view/warehousemedewerker-value-added-logistics-at-vos-logistics-4361841773,https://nl.linkedin.com/company/vos-logistics,4361841773
Vos Logistics,Allround Warehouse Medewerker,Kerkrade,2026-09-15,logistiek medewerker webshop,nee,https://nl.linkedin.com/jobs/view/allround-warehouse-medewerker-at-vos-logistics-4465515544,https://nl.linkedin.com/company/vos-logistics,4465515544
Vos Marketing,Senior Performance Marketeer,Nederland,2026-09-07,online marketeer webshop,nee,https://nl.linkedin.com/jobs/view/senior-performance-marketeer-at-vos-marketing-4464359173,https://nl.linkedin.com/company/vos-marketing,4464359173
VP Textile,(Sr.) Campaign &amp; Content Marketeer,Goirle,2026-09-08,content specialist webshop,nee,https://nl.linkedin.com/jobs/view/sr-campaign-content-marketeer-at-vp-textile-4464478325,https://www.linkedin.com/company/vp-textile,4464478325
Vulpes Goods,Customer Experience Specialist,Bunnik,2026-08-25,e-commerce medewerker,ja,https://nl.linkedin.com/jobs/view/customer-experience-specialist-at-vulpes-goods-4458599796,https://nl.linkedin.com/company/vulpes-goods,4458599796
Walraven Nederland,Medewerker Internal Sales,Mijdrecht,2026-09-01,orderverwerking,nee,https://nl.linkedin.com/jobs/view/medewerker-internal-sales-at-walraven-nederland-4461743440,https://nl.linkedin.com/company/walraven-nl,4461743440
Wannet Sports Insurance,Marketing Specialist,Arnhem,2026-06-29,content specialist webshop,nee,https://nl.linkedin.com/jobs/view/marketing-specialist-at-wannet-sports-insurance-4433647808,https://www.linkedin.com/company/wannet-sports-insurance,4433647808
Wasco B.V.,Medewerker Productmanagement,Apeldoorn,2026-09-08,orderverwerking,nee,https://nl.linkedin.com/jobs/view/medewerker-productmanagement-at-wasco-4459837543,https://nl.linkedin.com/company/wasco,4459837543
waterdrop®,Sales Assistant - Hydrista (w/m/d),Roermond,2026-08-28,webshop medewerker,nee,https://nl.linkedin.com/jobs/view/sales-assistant-hydrista-w-m-d-at-waterdrop%C2%AE-4455346916,https://at.linkedin.com/company/waterdrop-official,4455346916
"Waterschap Amstel, Gooi en Vecht",Medewerker Inkoopsupport &amp; Contractbeheer,Amsterdam,2026-09-17,orderverwerking,nee,https://nl.linkedin.com/jobs/view/medewerker-inkoopsupport-contractbeheer-at-waterschap-amstel-gooi-en-vecht-4466256827,https://nl.linkedin.com/company/waterschap-amstel-gooi-en-vecht,4466256827
WE Fashion,Marketing Manager,"Utrecht, Nederland",2026-09-07,online marketeer webshop,nee,https://nl.linkedin.com/jobs/view/marketing-manager-at-we-fashion-4453057853,https://nl.linkedin.com/company/wefashion,4453057853
WE Fashion,Studio &amp; Content Production Manager,"Utrecht, Nederland",2026-09-14,webshop beheerder,nee,https://nl.linkedin.com/jobs/view/studio-content-production-manager-at-we-fashion-4430460823,https://nl.linkedin.com/company/wefashion,4430460823
WE Fashion,Online Category Manager,"Utrecht, Nederland",2026-09-16,webshop beheerder,nee,https://nl.linkedin.com/jobs/view/online-category-manager-at-we-fashion-4467966994,https://nl.linkedin.com/company/wefashion,4467966994
WebElephant,Open sollicitatie,Breda,2025-05-24,webshop medewerker,nee,https://nl.linkedin.com/jobs/view/open-sollicitatie-at-webelephant-4234647037,https://nl.linkedin.com/company/webelephant,4234647037
WebElephant,SEA / Paid Advertising Specialist,Breda,2025-06-07,online marketeer webshop,nee,https://nl.linkedin.com/jobs/view/sea-paid-advertising-specialist-at-webelephant-4244385122,https://nl.linkedin.com/company/webelephant,4244385122
WebElephant,SEO / AIO specialist,Breda,2026-06-29,content specialist webshop,nee,https://nl.linkedin.com/jobs/view/seo-aio-specialist-at-webelephant-4434132837,https://nl.linkedin.com/company/webelephant,4434132837
Webgrade,WordPress Developer,Den Haag,2026-08-12,webshop medewerker,nee,https://nl.linkedin.com/jobs/view/wordpress-developer-at-webgrade-4450196396,https://nl.linkedin.com/company/webgradenl,4450196396
WebNL creative studios,Online marketeer,Zwolle,2025-10-23,online marketeer webshop,nee,https://nl.linkedin.com/jobs/view/online-marketeer-at-webnl-creative-studios-4318780705,https://nl.linkedin.com/company/webnl,4318780705
WebNL creative studios,Social marketeer,"Utrecht, Nederland",2026-09-09,online marketeer webshop,nee,https://nl.linkedin.com/jobs/view/social-marketeer-at-webnl-creative-studios-4465013771,https://nl.linkedin.com/company/webnl,4465013771
Webstijl B.V.,Traineeship/junior medewerker online marketing bij Webstijl,Alphen aan den Rijn,2026-07-03,online marketeer webshop,nee,https://nl.linkedin.com/jobs/view/traineeship-junior-medewerker-online-marketing-bij-webstijl-at-webstijl-b-v-4436904592,https://nl.linkedin.com/company/webstijl-b-v-,4436904592
Webstijl B.V.,"Enthousiaste ervaren Online Marketeer die wil adviseren, uitvoeren, coachen én groeien",Alphen aan den Rijn,2026-07-03,online marketeer webshop,nee,https://nl.linkedin.com/jobs/view/enthousiaste-ervaren-online-marketeer-die-wil-adviseren-uitvoeren-coachen-%C3%A9n-groeien-at-webstijl-b-v-4436796858,https://nl.linkedin.com/company/webstijl-b-v-,4436796858
WeGrow,Warehouse Supervisor,Vianen,2026-09-01,orderverwerking,nee,https://nl.linkedin.com/jobs/view/warehouse-supervisor-at-wegrow-4461595850,https://nl.linkedin.com/company/wegrowecommercelogistics,4461595850
Weidmüller Benelux,Inside Sales Specialist,Hilversum,2026-08-26,orderverwerking,nee,https://nl.linkedin.com/jobs/view/inside-sales-specialist-at-weidm%C3%BCller-benelux-4457251392,https://nl.linkedin.com/company/weidmuller-benelux,4457251392
Weir,Customer Service &amp; Logistics medewerker,Nederweert,2026-09-10,orderverwerking,nee,https://nl.linkedin.com/jobs/view/customer-service-logistics-medewerker-at-weir-4463474507,https://uk.linkedin.com/company/weir-plc,4463474507
Wellis Health,Logistiek Manager,Hapert,2026-07-09,orderverwerking,nee,https://nl.linkedin.com/jobs/view/logistiek-manager-at-wellis-health-4438575898,https://nl.linkedin.com/company/wellis-health,4438575898
Wellis Health,Website &amp; SEO Marketeer,Rotterdam,2026-09-04,webshop beheerder,nee,https://nl.linkedin.com/jobs/view/website-seo-marketeer-at-wellis-health-4463377250,https://nl.linkedin.com/company/wellis-health,4463377250
Welzorg Nederland BV,Klantenservice Medewerker Levering,Raamsdonksveer,2026-09-01,orderverwerking,nee,https://nl.linkedin.com/jobs/view/klantenservice-medewerker-levering-at-welzorg-nederland-4460249223,https://nl.linkedin.com/company/welzorg,4460249223
WerfSelect,Online marketeer,Amsterdam,2026-08-24,online marketeer webshop,nee,https://nl.linkedin.com/jobs/view/online-marketeer-at-werfselect-4458227699,https://nl.linkedin.com/company/werfselect,4458227699
Werken bij Dewulf Winsum,Magazijnmedewerker,Winsum,2026-08-17,orderverwerking,nee,https://nl.linkedin.com/jobs/view/magazijnmedewerker-at-werken-bij-dewulf-winsum-4466074177,https://nl.linkedin.com/company/werken-bij-dewulf,4466074177
Werken bij Technische Unie,Verkoopmedewerker (winkel),Utrecht,2026-09-02,webshop medewerker,nee,https://nl.linkedin.com/jobs/view/verkoopmedewerker-winkel-at-werken-bij-technische-unie-4443322775,https://www.linkedin.com/company/werken-bij-technische-unie,4443322775
Werken bij Technische Unie,Commercieel Medewerker,Gouda,2026-09-09,orderverwerking,nee,https://nl.linkedin.com/jobs/view/commercieel-medewerker-at-werken-bij-technische-unie-4455755527,https://www.linkedin.com/company/werken-bij-technische-unie,4455755527
Werken bij Technische Unie,Verkoopmedewerker (winkel),Alkmaar,2026-09-10,webshop medewerker,nee,https://nl.linkedin.com/jobs/view/verkoopmedewerker-winkel-at-werken-bij-technische-unie-4465693990,https://www.linkedin.com/company/werken-bij-technische-unie,4465693990
Werken bij Technische Unie,Verkoopmedewerker (winkel),Venlo,2026-09-15,webshop medewerker,nee,https://nl.linkedin.com/jobs/view/verkoopmedewerker-winkel-at-werken-bij-technische-unie-4458208969,https://www.linkedin.com/company/werken-bij-technische-unie,4458208969
Werken bij Technische Unie,Search and Merchandise E-commerce Specialist,Amstelveen,2026-09-18,e-commerce medewerker,nee,https://nl.linkedin.com/jobs/view/search-and-merchandise-e-commerce-specialist-at-werken-bij-technische-unie-4459841269,https://www.linkedin.com/company/werken-bij-technische-unie,4459841269
Werken in Gelderland,Web- en contentspecialist,Zwolle,2026-09-17,content specialist webshop,nee,https://nl.linkedin.com/jobs/view/web-en-contentspecialist-at-werken-in-gelderland-4467543315,https://nl.linkedin.com/company/werkeningelderland,4467543315
Wesco,Associate - Operations,Amsterdam,2026-09-18,orderverwerking,nee,https://nl.linkedin.com/jobs/view/associate-operations-at-wesco-4450291288,https://www.linkedin.com/company/wesco,4450291288
Wesseling Logistics,Starter in de logistiek,Sassenheim,2026-07-13,logistiek medewerker webshop,nee,https://nl.linkedin.com/jobs/view/starter-in-de-logistiek-at-wesseling-logistics-4440016717,https://nl.linkedin.com/company/wesseling-logistics-nl,4440016717
Wesseling Logistics,Logistiek Medewerker Avond/Nacht,Sassenheim,2026-08-12,logistiek medewerker webshop,nee,https://nl.linkedin.com/jobs/view/logistiek-medewerker-avond-nacht-at-wesseling-logistics-4453120063,https://nl.linkedin.com/company/wesseling-logistics-nl,4453120063
Westfalen Medical BV,Medewerker logistiek (40 uren/ week),Deventer,2026-08-28,logistiek medewerker webshop,nee,https://nl.linkedin.com/jobs/view/medewerker-logistiek-40-uren-week-at-westfalen-medical-bv-4460349078,https://nl.linkedin.com/company/westfalen-medical-bv,4460349078
WeTravel,Knowledge and Help Center Manager - Amsterdam Office,Amsterdam,2026-08-31,content specialist webshop,nee,https://nl.linkedin.com/jobs/view/knowledge-and-help-center-manager-amsterdam-office-at-wetravel-4415370854,https://www.linkedin.com/company/wetravel,4415370854
Whiskybase,Content Producer,Rotterdam,2026-09-17,webshop medewerker,nee,https://nl.linkedin.com/jobs/view/content-producer-at-whiskybase-4467206587,https://nl.linkedin.com/company/whiskybase,4467206587
Wibra,Senior Campagne Manager,Epe,2026-08-26,online marketeer webshop,nee,https://nl.linkedin.com/jobs/view/senior-campagne-manager-at-wibra-4459181599,https://nl.linkedin.com/company/wibra,4459181599
Wielervoeding.nl,Allround Medewerker bij Wielervoeding.nl - Veghel,Uden-Veghel en omgeving,2026-08-04,logistiek medewerker webshop,nee,https://nl.linkedin.com/jobs/view/allround-medewerker-bij-wielervoeding-nl-veghel-at-wielervoeding-nl-4449083338,https://nl.linkedin.com/company/wielervoeding-nl,4449083338
wienerberger Nederland,Medewerker Binnendienst | Customer Service | 32 tot 40 uur | Elst,Elst,2026-09-10,orderverwerking,nee,https://nl.linkedin.com/jobs/view/medewerker-binnendienst-customer-service-32-tot-40-uur-elst-at-wienerberger-nederland-4463477410,https://nl.linkedin.com/company/wienerberger-nederland,4463477410
Willem Dijk AGF,Loodsmedewerker,Enschede,2026-04-09,logistiek medewerker webshop,nee,https://nl.linkedin.com/jobs/view/loodsmedewerker-at-willem-dijk-agf-4399861654,https://www.linkedin.com/company/willem-dijk-agf,4399861654
Wiltec BV,Logistiek Medewerker Uitgaande Goederen,Uden,2026-05-25,logistiek medewerker webshop,nee,https://nl.linkedin.com/jobs/view/logistiek-medewerker-uitgaande-goederen-at-wiltec-bv-4429646503,https://nl.linkedin.com/company/wiltec-bv,4429646503
WILVO,Logistiek Medewerker,Bergeyk,2026-09-07,logistiek medewerker webshop,nee,https://nl.linkedin.com/jobs/view/logistiek-medewerker-at-wilvo-4461781958,https://nl.linkedin.com/company/wilvo-metaalbewerking-b-v-,4461781958
WILVO,Logistiek Medewerker,Bergeyk,2026-09-07,logistiek medewerker webshop,nee,https://nl.linkedin.com/jobs/view/logistiek-medewerker-at-wilvo-4455329543,https://nl.linkedin.com/company/wilvo-metaalbewerking-b-v-,4455329543
WILVO,Logistiek Medewerker,Bergeyk,2026-09-09,logistiek medewerker webshop,nee,https://nl.linkedin.com/jobs/view/logistiek-medewerker-at-wilvo-4465085608,https://nl.linkedin.com/company/wilvo-metaalbewerking-b-v-,4465085608
Winkelstraat.nl,Stage Product Content Upload,Vianen,2025-01-20,content specialist webshop,nee,https://nl.linkedin.com/jobs/view/stage-product-content-upload-at-winkelstraat-nl-4129236085,https://nl.linkedin.com/company/winkelstraat-nl,4129236085
Winparts,SEA specialist,Groningen,2026-05-26,online marketeer webshop,nee,https://nl.linkedin.com/jobs/view/sea-specialist-at-winparts-4419192835,https://nl.linkedin.com/company/winpartsautomotive,4419192835
WINSEARCH Netherlands,Commercieel medewerker,Zwaag,2026-09-14,orderverwerking,nee,https://nl.linkedin.com/jobs/view/commercieel-medewerker-at-winsearch-netherlands-4464786207,https://nl.linkedin.com/company/winsearch-netherlands,4464786207
WINSEARCH Netherlands,Magazijnmedewerker,Rilland,2026-09-21,orderverwerking,nee,https://nl.linkedin.com/jobs/view/magazijnmedewerker-at-winsearch-netherlands-4467391920,https://nl.linkedin.com/company/winsearch-netherlands,4467391920
WJ Projects B.V.,Marketing &amp; Communicatie Medewerker,Amsterdam,2026-09-08,content specialist webshop,nee,https://nl.linkedin.com/jobs/view/marketing-communicatie-medewerker-at-wj-projects-b-v-4463545500,https://nl.linkedin.com/company/wj-projects-bv,4463545500
Woertman Nederland B.V.,Backoffice &amp; Operations Coördinator,Nieuwegein,2026-09-10,orderverwerking,nee,https://nl.linkedin.com/jobs/view/backoffice-operations-co%C3%B6rdinator-at-woertman-nederland-b-v-4464095561,https://nl.linkedin.com/company/woertman-nederland-b.v.,4464095561
Woertman Nederland B.V.,Junior/Medior Marketeer,Nieuwegein,2026-09-10,online marketeer webshop,nee,https://nl.linkedin.com/jobs/view/junior-medior-marketeer-at-woertman-nederland-b-v-4464095478,https://nl.linkedin.com/company/woertman-nederland-b.v.,4464095478
WordPress bureau Sowmedia Rotterdam,WordPress lead developer,Rotterdam and The Hague,2026-07-17,webshop beheerder,nee,https://nl.linkedin.com/jobs/view/wordpress-lead-developer-at-wordpress-bureau-sowmedia-4441310930,https://nl.linkedin.com/company/sowmedia,4441310930
WorkingED - (Inter)national Recruitment Germany &amp; Netherlands,Customer Service Export Representative,Urmond,2026-08-31,orderverwerking,nee,https://nl.linkedin.com/jobs/view/customer-service-export-representative-at-workinged-inter-national-recruitment-germany-netherlands-4459759940,https://de.linkedin.com/company/workinged---recruitment-for-the-industry,4459759940
Workodo,Content marketeer,Amsterdam,2026-07-22,online marketeer webshop,nee,https://nl.linkedin.com/jobs/view/content-marketeer-at-workodo-4443433325,https://nl.linkedin.com/company/workodo,4443433325
Workwize,"Manager, Operations | Amsterdam Hybrid",Amsterdam,2026-09-11,orderverwerking,nee,https://nl.linkedin.com/jobs/view/manager-operations-amsterdam-hybrid-at-workwize-4447074732,https://nl.linkedin.com/company/work-wize,4447074732
World of Eichholtz,Assistent Inkoper,Noordwijkerhout,2026-09-11,orderverwerking,nee,https://nl.linkedin.com/jobs/view/assistent-inkoper-at-world-of-eichholtz-4416888362,https://nl.linkedin.com/company/eichholtz,4416888362
World Wide Technology,Warehouse Associate,Oude Meer,2026-09-03,logistiek medewerker webshop,nee,https://nl.linkedin.com/jobs/view/warehouse-associate-at-world-wide-technology-4461650322,https://www.linkedin.com/company/world-wide-technology,4461650322
WP Brothers,Digital Consultant (Web),"Utrecht, Nederland",2026-09-04,webshop beheerder,nee,https://nl.linkedin.com/jobs/view/digital-consultant-web-at-wp-brothers-4461148980,https://nl.linkedin.com/company/wordpress-brothers,4461148980
WP Masters,SEO Specialist (junior),Amsterdam,2026-08-05,online marketeer webshop,nee,https://nl.linkedin.com/jobs/view/seo-specialist-junior-at-wp-masters-4448906732,https://nl.linkedin.com/company/wp-masters,4448906732
WP Masters,SEO Specialist (medior/ senior),Amsterdam,2026-08-05,content specialist webshop,nee,https://nl.linkedin.com/jobs/view/seo-specialist-medior-senior-at-wp-masters-4448927372,https://nl.linkedin.com/company/wp-masters,4448927372
WP SEO AI,Wordpress Developer (German/Dutch Speaking),Amsterdam,2026-08-31,webshop medewerker,nee,https://nl.linkedin.com/jobs/view/wordpress-developer-german-dutch-speaking-at-wp-seo-ai-4461201969,https://nl.linkedin.com/company/seoai,4461201969
WPP Media,Retail Media Specialist,Eindhoven,2026-07-20,online marketeer webshop,nee,https://nl.linkedin.com/jobs/view/retail-media-specialist-at-wpp-media-4437682309,https://www.linkedin.com/company/wpp-media,4437682309
WPP Media,Online Marketeer,Eindhoven,2026-07-21,online marketeer webshop,nee,https://nl.linkedin.com/jobs/view/online-marketeer-at-wpp-media-4438084786,https://www.linkedin.com/company/wpp-media,4438084786
WPP Media,Senior Digital Performance Manager,Eindhoven,2026-09-11,online marketeer webshop,nee,https://nl.linkedin.com/jobs/view/senior-digital-performance-manager-at-wpp-media-4463989277,https://www.linkedin.com/company/wpp-media,4463989277
WTB Zuid,Productiemedewerker / Allround magazijnmedewerker,Hansweert,2026-07-28,logistiek medewerker webshop,nee,https://nl.linkedin.com/jobs/view/productiemedewerker-allround-magazijnmedewerker-at-wtb-zuid-4445787222,https://nl.linkedin.com/company/wtb-zuid,4445787222
Yex B.V.,Commercial Support Medewerker,Naaldwijk,2025-08-14,e-commerce medewerker,nee,https://nl.linkedin.com/jobs/view/commercial-support-medewerker-at-yex-b-v-4282866294,https://nl.linkedin.com/company/yex-b-v-,4282866294
Yielder,Sales Support Medewerker/ Inside Sales Specialist,Rijswijk,2026-07-18,orderverwerking,nee,https://nl.linkedin.com/jobs/view/sales-support-medewerker-inside-sales-specialist-at-yielder-4453136212,https://nl.linkedin.com/company/yieldergroup,4453136212
Ynvolve,Logistiek medewerker,Arnhem-Nijmegen en omgeving,2026-09-18,logistiek medewerker webshop,nee,https://nl.linkedin.com/jobs/view/logistiek-medewerker-at-ynvolve-4469106939,https://nl.linkedin.com/company/ynvolve-b-v-,4469106939
Youvia,Website &amp; Service Specialist,Amsterdam,2026-07-17,webshop medewerker,nee,https://nl.linkedin.com/jobs/view/website-service-specialist-at-youvia-4451630881,https://nl.linkedin.com/company/youvia,4451630881
Zelesta,E-commerce Specialist,Soesterberg,2026-09-21,e-commerce medewerker,nee,https://nl.linkedin.com/jobs/view/e-commerce-specialist-at-zelesta-4469874193,https://nl.linkedin.com/company/zelesta,4469874193
Zelesta,Senior Performance Marketeer,Soesterberg,2026-09-21,online marketeer webshop,nee,https://nl.linkedin.com/jobs/view/senior-performance-marketeer-at-zelesta-4469867350,https://nl.linkedin.com/company/zelesta,4469867350
Zelesta,Copywriter,Soesterberg,2026-09-21,content specialist webshop,nee,https://nl.linkedin.com/jobs/view/copywriter-at-zelesta-4469869316,https://nl.linkedin.com/company/zelesta,4469869316
ZENGGI,Digital Marketing Growth Specialist,Amsterdam,2026-08-29,e-commerce medewerker,ja,https://nl.linkedin.com/jobs/view/digital-marketing-growth-specialist-at-zenggi-4460856187,https://nl.linkedin.com/company/zenggi.com,4460856187
Zitmaxx Wonen,Assistent Manager Photoshop,Ter Aar,2026-07-09,webshop beheerder,nee,https://nl.linkedin.com/jobs/view/assistent-manager-photoshop-at-zitmaxx-wonen-4438588827,https://nl.linkedin.com/company/zitmaxx-wonen,4438588827
Zitmaxx Wonen,Logistiek Medewerker,Ter Aar,2026-07-09,logistiek medewerker webshop,nee,https://nl.linkedin.com/jobs/view/logistiek-medewerker-at-zitmaxx-wonen-4438590804,https://nl.linkedin.com/company/zitmaxx-wonen,4438590804
Zitmaxx Wonen,Verkoopmedewerker Outlet / Logistiek Medewerker Outlet,Ter Aar,2026-07-15,webshop medewerker,nee,https://nl.linkedin.com/jobs/view/verkoopmedewerker-outlet-logistiek-medewerker-outlet-at-zitmaxx-wonen-4441256859,https://nl.linkedin.com/company/zitmaxx-wonen,4441256859
Zitmaxx Wonen,Product Content Specialist,Ter Aar,2026-08-11,e-commerce medewerker,nee,https://nl.linkedin.com/jobs/view/product-content-specialist-at-zitmaxx-wonen-4452686271,https://nl.linkedin.com/company/zitmaxx-wonen,4452686271
Zitmaxx Wonen,Medewerker Productcontent en Prijsbeheer,Ter Aar,2026-08-20,e-commerce medewerker,nee,https://nl.linkedin.com/jobs/view/medewerker-productcontent-en-prijsbeheer-at-zitmaxx-wonen-4457013131,https://nl.linkedin.com/company/zitmaxx-wonen,4457013131
Zitmaxx Wonen,Photoshopper / Beeldbewerker,Ter Aar,2026-09-15,webshop medewerker,nee,https://nl.linkedin.com/jobs/view/photoshopper-beeldbewerker-at-zitmaxx-wonen-4467778899,https://nl.linkedin.com/company/zitmaxx-wonen,4467778899
Zitmaxx Wonen,Photoshop &amp; AI-Specialist,Ter Aar,2026-09-18,webshop beheerder,nee,https://nl.linkedin.com/jobs/view/photoshop-ai-specialist-at-zitmaxx-wonen-4469139262,https://nl.linkedin.com/company/zitmaxx-wonen,4469139262
zvoove Germany,Medewerker Debiteurenadministratie (m/v/d),Ede,2026-07-29,orderverwerking,nee,https://nl.linkedin.com/jobs/view/medewerker-debiteurenadministratie-m-v-d-at-zvoove-4444125495,https://de.linkedin.com/company/zvoove-germany,4444125495
ZwolleDoet!,Word onze nieuwe Winkelmedewerker in Zwolle!,Zwolle,2026-08-05,webshop medewerker,nee,https://nl.linkedin.com/jobs/view/word-onze-nieuwe-winkelmedewerker-in-zwolle%21-at-zwolledoet%21-4447333272,https://nl.linkedin.com/company/zwolledoet,4447333272
ZwolleDoet!,Webredacteur voor IVN Zwolle,Zwolle,2026-09-13,content specialist webshop,nee,https://nl.linkedin.com/jobs/view/webredacteur-voor-ivn-zwolle-at-zwolledoet%21-4466765993,https://nl.linkedin.com/company/zwolledoet,4466765993
